# .PCD v0.7 - Point Cloud Data file format
VERSION 0.7
FIELDS x y z
SIZE 4 4 4
TYPE F F F
COUNT 1 1 1
WIDTH 14400
HEIGHT 1
VIEWPOINT 0 0 0 1 0 0 0
POINTS 14400
DATA ascii
8.1000004 -10 -0.44999999
8.1000004 -10 -0.34999999
8.1000004 -10 -0.25
8.1000004 -10 -0.15000001
8.1000004 -10 -0.050000001
8.1000004 -10 0.050000001
8.1000004 -10 0.15000001
8.1000004 -10 0.25
8.1000004 -10 0.34999999
8.1000004 -10 0.44999999
8.1000004 -10 0.55000001
8.1000004 -10 0.64999998
8.1000004 -10 0.75
8.1000004 -10 0.85000002
8.1000004 -10 0.94999999
8.1000004 -10 1.05
8.1000004 -10 1.15
8.1000004 -10 1.25
8.1000004 -10 1.35
8.1000004 -10 1.45
8.1000004 -10 1.55
8.1000004 -10 1.65
8.1000004 -10 1.75
8.1000004 -10 1.85
8.1000004 -10 1.95
8.1000004 -10 2.05
8.1000004 -10 2.1500001
8.1000004 -10 2.25
8.1000004 -10 2.3499999
8.1000004 -10 2.45
8 -10 -0.44999999
8 -10 -0.34999999
8 -10 -0.25
8 -10 -0.15000001
8 -10 -0.050000001
8 -10 0.050000001
8 -10 0.15000001
8 -10 0.25
8 -10 0.34999999
8 -10 0.44999999
8 -10 0.55000001
8 -10 0.64999998
8 -10 0.75
8 -10 0.85000002
8 -10 0.94999999
8 -10 1.05
8 -10 1.15
8 -10 1.25
8 -10 1.35
8 -10 1.45
8 -10 1.55
8 -10 1.65
8 -10 1.75
8 -10 1.85
8 -10 1.95
8 -10 2.05
8 -10 2.1500001
8 -10 2.25
8 -10 2.3499999
8 -10 2.45
7.9000001 -10 -0.44999999
7.9000001 -10 -0.34999999
7.9000001 -10 -0.25
7.9000001 -10 -0.15000001
7.9000001 -10 -0.050000001
7.9000001 -10 0.050000001
7.9000001 -10 0.15000001
7.9000001 -10 0.25
7.9000001 -10 0.34999999
7.9000001 -10 0.44999999
7.9000001 -10 0.55000001
7.9000001 -10 0.64999998
7.9000001 -10 0.75
7.9000001 -10 0.85000002
7.9000001 -10 0.94999999
7.9000001 -10 1.05
7.9000001 -10 1.15
7.9000001 -10 1.25
7.9000001 -10 1.35
7.9000001 -10 1.45
7.9000001 -10 1.55
7.9000001 -10 1.65
7.9000001 -10 1.75
7.9000001 -10 1.85
7.9000001 -10 1.95
7.9000001 -10 2.05
7.9000001 -10 2.1500001
7.9000001 -10 2.25
7.9000001 -10 2.3499999
7.9000001 -10 2.45
8.1000004 -9.8999996 -0.44999999
8.1000004 -9.8999996 -0.34999999
8.1000004 -9.8999996 -0.25
8.1000004 -9.8999996 -0.15000001
8.1000004 -9.8999996 -0.050000001
8.1000004 -9.8999996 0.050000001
8.1000004 -9.8999996 0.15000001
8.1000004 -9.8999996 0.25
8.1000004 -9.8999996 0.34999999
8.1000004 -9.8999996 0.44999999
8.1000004 -9.8999996 0.55000001
8.1000004 -9.8999996 0.64999998
8.1000004 -9.8999996 0.75
8.1000004 -9.8999996 0.85000002
8.1000004 -9.8999996 0.94999999
8.1000004 -9.8999996 1.05
8.1000004 -9.8999996 1.15
8.1000004 -9.8999996 1.25
8.1000004 -9.8999996 1.35
8.1000004 -9.8999996 1.45
8.1000004 -9.8999996 1.55
8.1000004 -9.8999996 1.65
8.1000004 -9.8999996 1.75
8.1000004 -9.8999996 1.85
8.1000004 -9.8999996 1.95
8.1000004 -9.8999996 2.05
8.1000004 -9.8999996 2.1500001
8.1000004 -9.8999996 2.25
8.1000004 -9.8999996 2.3499999
8.1000004 -9.8999996 2.45
8 -9.8999996 -0.44999999
8 -9.8999996 -0.34999999
8 -9.8999996 -0.25
8 -9.8999996 -0.15000001
8 -9.8999996 -0.050000001
8 -9.8999996 0.050000001
8 -9.8999996 0.15000001
8 -9.8999996 0.25
8 -9.8999996 0.34999999
8 -9.8999996 0.44999999
8 -9.8999996 0.55000001
8 -9.8999996 0.64999998
8 -9.8999996 0.75
8 -9.8999996 0.85000002
8 -9.8999996 0.94999999
8 -9.8999996 1.05
8 -9.8999996 1.15
8 -9.8999996 1.25
8 -9.8999996 1.35
8 -9.8999996 1.45
8 -9.8999996 1.55
8 -9.8999996 1.65
8 -9.8999996 1.75
8 -9.8999996 1.85
8 -9.8999996 1.95
8 -9.8999996 2.05
8 -9.8999996 2.1500001
8 -9.8999996 2.25
8 -9.8999996 2.3499999
8 -9.8999996 2.45
7.9000001 -9.8999996 -0.44999999
7.9000001 -9.8999996 -0.34999999
7.9000001 -9.8999996 -0.25
7.9000001 -9.8999996 -0.15000001
7.9000001 -9.8999996 -0.050000001
7.9000001 -9.8999996 0.050000001
7.9000001 -9.8999996 0.15000001
7.9000001 -9.8999996 0.25
7.9000001 -9.8999996 0.34999999
7.9000001 -9.8999996 0.44999999
7.9000001 -9.8999996 0.55000001
7.9000001 -9.8999996 0.64999998
7.9000001 -9.8999996 0.75
7.9000001 -9.8999996 0.85000002
7.9000001 -9.8999996 0.94999999
7.9000001 -9.8999996 1.05
7.9000001 -9.8999996 1.15
7.9000001 -9.8999996 1.25
7.9000001 -9.8999996 1.35
7.9000001 -9.8999996 1.45
7.9000001 -9.8999996 1.55
7.9000001 -9.8999996 1.65
7.9000001 -9.8999996 1.75
7.9000001 -9.8999996 1.85
7.9000001 -9.8999996 1.95
7.9000001 -9.8999996 2.05
7.9000001 -9.8999996 2.1500001
7.9000001 -9.8999996 2.25
7.9000001 -9.8999996 2.3499999
7.9000001 -9.8999996 2.45
8.1000004 -9.8000002 -0.44999999
8.1000004 -9.8000002 -0.34999999
8.1000004 -9.8000002 -0.25
8.1000004 -9.8000002 -0.15000001
8.1000004 -9.8000002 -0.050000001
8.1000004 -9.8000002 0.050000001
8.1000004 -9.8000002 0.15000001
8.1000004 -9.8000002 0.25
8.1000004 -9.8000002 0.34999999
8.1000004 -9.8000002 0.44999999
8.1000004 -9.8000002 0.55000001
8.1000004 -9.8000002 0.64999998
8.1000004 -9.8000002 0.75
8.1000004 -9.8000002 0.85000002
8.1000004 -9.8000002 0.94999999
8.1000004 -9.8000002 1.05
8.1000004 -9.8000002 1.15
8.1000004 -9.8000002 1.25
8.1000004 -9.8000002 1.35
8.1000004 -9.8000002 1.45
8.1000004 -9.8000002 1.55
8.1000004 -9.8000002 1.65
8.1000004 -9.8000002 1.75
8.1000004 -9.8000002 1.85
8.1000004 -9.8000002 1.95
8.1000004 -9.8000002 2.05
8.1000004 -9.8000002 2.1500001
8.1000004 -9.8000002 2.25
8.1000004 -9.8000002 2.3499999
8.1000004 -9.8000002 2.45
8 -9.8000002 -0.44999999
8 -9.8000002 -0.34999999
8 -9.8000002 -0.25
8 -9.8000002 -0.15000001
8 -9.8000002 -0.050000001
8 -9.8000002 0.050000001
8 -9.8000002 0.15000001
8 -9.8000002 0.25
8 -9.8000002 0.34999999
8 -9.8000002 0.44999999
8 -9.8000002 0.55000001
8 -9.8000002 0.64999998
8 -9.8000002 0.75
8 -9.8000002 0.85000002
8 -9.8000002 0.94999999
8 -9.8000002 1.05
8 -9.8000002 1.15
8 -9.8000002 1.25
8 -9.8000002 1.35
8 -9.8000002 1.45
8 -9.8000002 1.55
8 -9.8000002 1.65
8 -9.8000002 1.75
8 -9.8000002 1.85
8 -9.8000002 1.95
8 -9.8000002 2.05
8 -9.8000002 2.1500001
8 -9.8000002 2.25
8 -9.8000002 2.3499999
8 -9.8000002 2.45
7.9000001 -9.8000002 -0.44999999
7.9000001 -9.8000002 -0.34999999
7.9000001 -9.8000002 -0.25
7.9000001 -9.8000002 -0.15000001
7.9000001 -9.8000002 -0.050000001
7.9000001 -9.8000002 0.050000001
7.9000001 -9.8000002 0.15000001
7.9000001 -9.8000002 0.25
7.9000001 -9.8000002 0.34999999
7.9000001 -9.8000002 0.44999999
7.9000001 -9.8000002 0.55000001
7.9000001 -9.8000002 0.64999998
7.9000001 -9.8000002 0.75
7.9000001 -9.8000002 0.85000002
7.9000001 -9.8000002 0.94999999
7.9000001 -9.8000002 1.05
7.9000001 -9.8000002 1.15
7.9000001 -9.8000002 1.25
7.9000001 -9.8000002 1.35
7.9000001 -9.8000002 1.45
7.9000001 -9.8000002 1.55
7.9000001 -9.8000002 1.65
7.9000001 -9.8000002 1.75
7.9000001 -9.8000002 1.85
7.9000001 -9.8000002 1.95
7.9000001 -9.8000002 2.05
7.9000001 -9.8000002 2.1500001
7.9000001 -9.8000002 2.25
7.9000001 -9.8000002 2.3499999
7.9000001 -9.8000002 2.45
8.1000004 -9.6999998 -0.44999999
8.1000004 -9.6999998 -0.34999999
8.1000004 -9.6999998 -0.25
8.1000004 -9.6999998 -0.15000001
8.1000004 -9.6999998 -0.050000001
8.1000004 -9.6999998 0.050000001
8.1000004 -9.6999998 0.15000001
8.1000004 -9.6999998 0.25
8.1000004 -9.6999998 0.34999999
8.1000004 -9.6999998 0.44999999
8.1000004 -9.6999998 0.55000001
8.1000004 -9.6999998 0.64999998
8.1000004 -9.6999998 0.75
8.1000004 -9.6999998 0.85000002
8.1000004 -9.6999998 0.94999999
8.1000004 -9.6999998 1.05
8.1000004 -9.6999998 1.15
8.1000004 -9.6999998 1.25
8.1000004 -9.6999998 1.35
8.1000004 -9.6999998 1.45
8.1000004 -9.6999998 1.55
8.1000004 -9.6999998 1.65
8.1000004 -9.6999998 1.75
8.1000004 -9.6999998 1.85
8.1000004 -9.6999998 1.95
8.1000004 -9.6999998 2.05
8.1000004 -9.6999998 2.1500001
8.1000004 -9.6999998 2.25
8.1000004 -9.6999998 2.3499999
8.1000004 -9.6999998 2.45
8 -9.6999998 -0.44999999
8 -9.6999998 -0.34999999
8 -9.6999998 -0.25
8 -9.6999998 -0.15000001
8 -9.6999998 -0.050000001
8 -9.6999998 0.050000001
8 -9.6999998 0.15000001
8 -9.6999998 0.25
8 -9.6999998 0.34999999
8 -9.6999998 0.44999999
8 -9.6999998 0.55000001
8 -9.6999998 0.64999998
8 -9.6999998 0.75
8 -9.6999998 0.85000002
8 -9.6999998 0.94999999
8 -9.6999998 1.05
8 -9.6999998 1.15
8 -9.6999998 1.25
8 -9.6999998 1.35
8 -9.6999998 1.45
8 -9.6999998 1.55
8 -9.6999998 1.65
8 -9.6999998 1.75
8 -9.6999998 1.85
8 -9.6999998 1.95
8 -9.6999998 2.05
8 -9.6999998 2.1500001
8 -9.6999998 2.25
8 -9.6999998 2.3499999
8 -9.6999998 2.45
7.9000001 -9.6999998 -0.44999999
7.9000001 -9.6999998 -0.34999999
7.9000001 -9.6999998 -0.25
7.9000001 -9.6999998 -0.15000001
7.9000001 -9.6999998 -0.050000001
7.9000001 -9.6999998 0.050000001
7.9000001 -9.6999998 0.15000001
7.9000001 -9.6999998 0.25
7.9000001 -9.6999998 0.34999999
7.9000001 -9.6999998 0.44999999
7.9000001 -9.6999998 0.55000001
7.9000001 -9.6999998 0.64999998
7.9000001 -9.6999998 0.75
7.9000001 -9.6999998 0.85000002
7.9000001 -9.6999998 0.94999999
7.9000001 -9.6999998 1.05
7.9000001 -9.6999998 1.15
7.9000001 -9.6999998 1.25
7.9000001 -9.6999998 1.35
7.9000001 -9.6999998 1.45
7.9000001 -9.6999998 1.55
7.9000001 -9.6999998 1.65
7.9000001 -9.6999998 1.75
7.9000001 -9.6999998 1.85
7.9000001 -9.6999998 1.95
7.9000001 -9.6999998 2.05
7.9000001 -9.6999998 2.1500001
7.9000001 -9.6999998 2.25
7.9000001 -9.6999998 2.3499999
7.9000001 -9.6999998 2.45
8.1000004 -9.6000004 -0.44999999
8.1000004 -9.6000004 -0.34999999
8.1000004 -9.6000004 -0.25
8.1000004 -9.6000004 -0.15000001
8.1000004 -9.6000004 -0.050000001
8.1000004 -9.6000004 0.050000001
8.1000004 -9.6000004 0.15000001
8.1000004 -9.6000004 0.25
8.1000004 -9.6000004 0.34999999
8.1000004 -9.6000004 0.44999999
8.1000004 -9.6000004 0.55000001
8.1000004 -9.6000004 0.64999998
8.1000004 -9.6000004 0.75
8.1000004 -9.6000004 0.85000002
8.1000004 -9.6000004 0.94999999
8.1000004 -9.6000004 1.05
8.1000004 -9.6000004 1.15
8.1000004 -9.6000004 1.25
8.1000004 -9.6000004 1.35
8.1000004 -9.6000004 1.45
8.1000004 -9.6000004 1.55
8.1000004 -9.6000004 1.65
8.1000004 -9.6000004 1.75
8.1000004 -9.6000004 1.85
8.1000004 -9.6000004 1.95
8.1000004 -9.6000004 2.05
8.1000004 -9.6000004 2.1500001
8.1000004 -9.6000004 2.25
8.1000004 -9.6000004 2.3499999
8.1000004 -9.6000004 2.45
8 -9.6000004 -0.44999999
8 -9.6000004 -0.34999999
8 -9.6000004 -0.25
8 -9.6000004 -0.15000001
8 -9.6000004 -0.050000001
8 -9.6000004 0.050000001
8 -9.6000004 0.15000001
8 -9.6000004 0.25
8 -9.6000004 0.34999999
8 -9.6000004 0.44999999
8 -9.6000004 0.55000001
8 -9.6000004 0.64999998
8 -9.6000004 0.75
8 -9.6000004 0.85000002
8 -9.6000004 0.94999999
8 -9.6000004 1.05
8 -9.6000004 1.15
8 -9.6000004 1.25
8 -9.6000004 1.35
8 -9.6000004 1.45
8 -9.6000004 1.55
8 -9.6000004 1.65
8 -9.6000004 1.75
8 -9.6000004 1.85
8 -9.6000004 1.95
8 -9.6000004 2.05
8 -9.6000004 2.1500001
8 -9.6000004 2.25
8 -9.6000004 2.3499999
8 -9.6000004 2.45
7.9000001 -9.6000004 -0.44999999
7.9000001 -9.6000004 -0.34999999
7.9000001 -9.6000004 -0.25
7.9000001 -9.6000004 -0.15000001
7.9000001 -9.6000004 -0.050000001
7.9000001 -9.6000004 0.050000001
7.9000001 -9.6000004 0.15000001
7.9000001 -9.6000004 0.25
7.9000001 -9.6000004 0.34999999
7.9000001 -9.6000004 0.44999999
7.9000001 -9.6000004 0.55000001
7.9000001 -9.6000004 0.64999998
7.9000001 -9.6000004 0.75
7.9000001 -9.6000004 0.85000002
7.9000001 -9.6000004 0.94999999
7.9000001 -9.6000004 1.05
7.9000001 -9.6000004 1.15
7.9000001 -9.6000004 1.25
7.9000001 -9.6000004 1.35
7.9000001 -9.6000004 1.45
7.9000001 -9.6000004 1.55
7.9000001 -9.6000004 1.65
7.9000001 -9.6000004 1.75
7.9000001 -9.6000004 1.85
7.9000001 -9.6000004 1.95
7.9000001 -9.6000004 2.05
7.9000001 -9.6000004 2.1500001
7.9000001 -9.6000004 2.25
7.9000001 -9.6000004 2.3499999
7.9000001 -9.6000004 2.45
8.1000004 -9.5 -0.44999999
8.1000004 -9.5 -0.34999999
8.1000004 -9.5 -0.25
8.1000004 -9.5 -0.15000001
8.1000004 -9.5 -0.050000001
8.1000004 -9.5 0.050000001
8.1000004 -9.5 0.15000001
8.1000004 -9.5 0.25
8.1000004 -9.5 0.34999999
8.1000004 -9.5 0.44999999
8.1000004 -9.5 0.55000001
8.1000004 -9.5 0.64999998
8.1000004 -9.5 0.75
8.1000004 -9.5 0.85000002
8.1000004 -9.5 0.94999999
8.1000004 -9.5 1.05
8.1000004 -9.5 1.15
8.1000004 -9.5 1.25
8.1000004 -9.5 1.35
8.1000004 -9.5 1.45
8.1000004 -9.5 1.55
8.1000004 -9.5 1.65
8.1000004 -9.5 1.75
8.1000004 -9.5 1.85
8.1000004 -9.5 1.95
8.1000004 -9.5 2.05
8.1000004 -9.5 2.1500001
8.1000004 -9.5 2.25
8.1000004 -9.5 2.3499999
8.1000004 -9.5 2.45
8 -9.5 -0.44999999
8 -9.5 -0.34999999
8 -9.5 -0.25
8 -9.5 -0.15000001
8 -9.5 -0.050000001
8 -9.5 0.050000001
8 -9.5 0.15000001
8 -9.5 0.25
8 -9.5 0.34999999
8 -9.5 0.44999999
8 -9.5 0.55000001
8 -9.5 0.64999998
8 -9.5 0.75
8 -9.5 0.85000002
8 -9.5 0.94999999
8 -9.5 1.05
8 -9.5 1.15
8 -9.5 1.25
8 -9.5 1.35
8 -9.5 1.45
8 -9.5 1.55
8 -9.5 1.65
8 -9.5 1.75
8 -9.5 1.85
8 -9.5 1.95
8 -9.5 2.05
8 -9.5 2.1500001
8 -9.5 2.25
8 -9.5 2.3499999
8 -9.5 2.45
7.9000001 -9.5 -0.44999999
7.9000001 -9.5 -0.34999999
7.9000001 -9.5 -0.25
7.9000001 -9.5 -0.15000001
7.9000001 -9.5 -0.050000001
7.9000001 -9.5 0.050000001
7.9000001 -9.5 0.15000001
7.9000001 -9.5 0.25
7.9000001 -9.5 0.34999999
7.9000001 -9.5 0.44999999
7.9000001 -9.5 0.55000001
7.9000001 -9.5 0.64999998
7.9000001 -9.5 0.75
7.9000001 -9.5 0.85000002
7.9000001 -9.5 0.94999999
7.9000001 -9.5 1.05
7.9000001 -9.5 1.15
7.9000001 -9.5 1.25
7.9000001 -9.5 1.35
7.9000001 -9.5 1.45
7.9000001 -9.5 1.55
7.9000001 -9.5 1.65
7.9000001 -9.5 1.75
7.9000001 -9.5 1.85
7.9000001 -9.5 1.95
7.9000001 -9.5 2.05
7.9000001 -9.5 2.1500001
7.9000001 -9.5 2.25
7.9000001 -9.5 2.3499999
7.9000001 -9.5 2.45
8.1000004 -9.3999996 -0.44999999
8.1000004 -9.3999996 -0.34999999
8.1000004 -9.3999996 -0.25
8.1000004 -9.3999996 -0.15000001
8.1000004 -9.3999996 -0.050000001
8.1000004 -9.3999996 0.050000001
8.1000004 -9.3999996 0.15000001
8.1000004 -9.3999996 0.25
8.1000004 -9.3999996 0.34999999
8.1000004 -9.3999996 0.44999999
8.1000004 -9.3999996 0.55000001
8.1000004 -9.3999996 0.64999998
8.1000004 -9.3999996 0.75
8.1000004 -9.3999996 0.85000002
8.1000004 -9.3999996 0.94999999
8.1000004 -9.3999996 1.05
8.1000004 -9.3999996 1.15
8.1000004 -9.3999996 1.25
8.1000004 -9.3999996 1.35
8.1000004 -9.3999996 1.45
8.1000004 -9.3999996 1.55
8.1000004 -9.3999996 1.65
8.1000004 -9.3999996 1.75
8.1000004 -9.3999996 1.85
8.1000004 -9.3999996 1.95
8.1000004 -9.3999996 2.05
8.1000004 -9.3999996 2.1500001
8.1000004 -9.3999996 2.25
8.1000004 -9.3999996 2.3499999
8.1000004 -9.3999996 2.45
8 -9.3999996 -0.44999999
8 -9.3999996 -0.34999999
8 -9.3999996 -0.25
8 -9.3999996 -0.15000001
8 -9.3999996 -0.050000001
8 -9.3999996 0.050000001
8 -9.3999996 0.15000001
8 -9.3999996 0.25
8 -9.3999996 0.34999999
8 -9.3999996 0.44999999
8 -9.3999996 0.55000001
8 -9.3999996 0.64999998
8 -9.3999996 0.75
8 -9.3999996 0.85000002
8 -9.3999996 0.94999999
8 -9.3999996 1.05
8 -9.3999996 1.15
8 -9.3999996 1.25
8 -9.3999996 1.35
8 -9.3999996 1.45
8 -9.3999996 1.55
8 -9.3999996 1.65
8 -9.3999996 1.75
8 -9.3999996 1.85
8 -9.3999996 1.95
8 -9.3999996 2.05
8 -9.3999996 2.1500001
8 -9.3999996 2.25
8 -9.3999996 2.3499999
8 -9.3999996 2.45
7.9000001 -9.3999996 -0.44999999
7.9000001 -9.3999996 -0.34999999
7.9000001 -9.3999996 -0.25
7.9000001 -9.3999996 -0.15000001
7.9000001 -9.3999996 -0.050000001
7.9000001 -9.3999996 0.050000001
7.9000001 -9.3999996 0.15000001
7.9000001 -9.3999996 0.25
7.9000001 -9.3999996 0.34999999
7.9000001 -9.3999996 0.44999999
7.9000001 -9.3999996 0.55000001
7.9000001 -9.3999996 0.64999998
7.9000001 -9.3999996 0.75
7.9000001 -9.3999996 0.85000002
7.9000001 -9.3999996 0.94999999
7.9000001 -9.3999996 1.05
7.9000001 -9.3999996 1.15
7.9000001 -9.3999996 1.25
7.9000001 -9.3999996 1.35
7.9000001 -9.3999996 1.45
7.9000001 -9.3999996 1.55
7.9000001 -9.3999996 1.65
7.9000001 -9.3999996 1.75
7.9000001 -9.3999996 1.85
7.9000001 -9.3999996 1.95
7.9000001 -9.3999996 2.05
7.9000001 -9.3999996 2.1500001
7.9000001 -9.3999996 2.25
7.9000001 -9.3999996 2.3499999
7.9000001 -9.3999996 2.45
8.1000004 -9.3000002 -0.44999999
8.1000004 -9.3000002 -0.34999999
8.1000004 -9.3000002 -0.25
8.1000004 -9.3000002 -0.15000001
8.1000004 -9.3000002 -0.050000001
8.1000004 -9.3000002 0.050000001
8.1000004 -9.3000002 0.15000001
8.1000004 -9.3000002 0.25
8.1000004 -9.3000002 0.34999999
8.1000004 -9.3000002 0.44999999
8.1000004 -9.3000002 0.55000001
8.1000004 -9.3000002 0.64999998
8.1000004 -9.3000002 0.75
8.1000004 -9.3000002 0.85000002
8.1000004 -9.3000002 0.94999999
8.1000004 -9.3000002 1.05
8.1000004 -9.3000002 1.15
8.1000004 -9.3000002 1.25
8.1000004 -9.3000002 1.35
8.1000004 -9.3000002 1.45
8.1000004 -9.3000002 1.55
8.1000004 -9.3000002 1.65
8.1000004 -9.3000002 1.75
8.1000004 -9.3000002 1.85
8.1000004 -9.3000002 1.95
8.1000004 -9.3000002 2.05
8.1000004 -9.3000002 2.1500001
8.1000004 -9.3000002 2.25
8.1000004 -9.3000002 2.3499999
8.1000004 -9.3000002 2.45
8 -9.3000002 -0.44999999
8 -9.3000002 -0.34999999
8 -9.3000002 -0.25
8 -9.3000002 -0.15000001
8 -9.3000002 -0.050000001
8 -9.3000002 0.050000001
8 -9.3000002 0.15000001
8 -9.3000002 0.25
8 -9.3000002 0.34999999
8 -9.3000002 0.44999999
8 -9.3000002 0.55000001
8 -9.3000002 0.64999998
8 -9.3000002 0.75
8 -9.3000002 0.85000002
8 -9.3000002 0.94999999
8 -9.3000002 1.05
8 -9.3000002 1.15
8 -9.3000002 1.25
8 -9.3000002 1.35
8 -9.3000002 1.45
8 -9.3000002 1.55
8 -9.3000002 1.65
8 -9.3000002 1.75
8 -9.3000002 1.85
8 -9.3000002 1.95
8 -9.3000002 2.05
8 -9.3000002 2.1500001
8 -9.3000002 2.25
8 -9.3000002 2.3499999
8 -9.3000002 2.45
7.9000001 -9.3000002 -0.44999999
7.9000001 -9.3000002 -0.34999999
7.9000001 -9.3000002 -0.25
7.9000001 -9.3000002 -0.15000001
7.9000001 -9.3000002 -0.050000001
7.9000001 -9.3000002 0.050000001
7.9000001 -9.3000002 0.15000001
7.9000001 -9.3000002 0.25
7.9000001 -9.3000002 0.34999999
7.9000001 -9.3000002 0.44999999
7.9000001 -9.3000002 0.55000001
7.9000001 -9.3000002 0.64999998
7.9000001 -9.3000002 0.75
7.9000001 -9.3000002 0.85000002
7.9000001 -9.3000002 0.94999999
7.9000001 -9.3000002 1.05
7.9000001 -9.3000002 1.15
7.9000001 -9.3000002 1.25
7.9000001 -9.3000002 1.35
7.9000001 -9.3000002 1.45
7.9000001 -9.3000002 1.55
7.9000001 -9.3000002 1.65
7.9000001 -9.3000002 1.75
7.9000001 -9.3000002 1.85
7.9000001 -9.3000002 1.95
7.9000001 -9.3000002 2.05
7.9000001 -9.3000002 2.1500001
7.9000001 -9.3000002 2.25
7.9000001 -9.3000002 2.3499999
7.9000001 -9.3000002 2.45
8.1000004 -9.1999998 -0.44999999
8.1000004 -9.1999998 -0.34999999
8.1000004 -9.1999998 -0.25
8.1000004 -9.1999998 -0.15000001
8.1000004 -9.1999998 -0.050000001
8.1000004 -9.1999998 0.050000001
8.1000004 -9.1999998 0.15000001
8.1000004 -9.1999998 0.25
8.1000004 -9.1999998 0.34999999
8.1000004 -9.1999998 0.44999999
8.1000004 -9.1999998 0.55000001
8.1000004 -9.1999998 0.64999998
8.1000004 -9.1999998 0.75
8.1000004 -9.1999998 0.85000002
8.1000004 -9.1999998 0.94999999
8.1000004 -9.1999998 1.05
8.1000004 -9.1999998 1.15
8.1000004 -9.1999998 1.25
8.1000004 -9.1999998 1.35
8.1000004 -9.1999998 1.45
8.1000004 -9.1999998 1.55
8.1000004 -9.1999998 1.65
8.1000004 -9.1999998 1.75
8.1000004 -9.1999998 1.85
8.1000004 -9.1999998 1.95
8.1000004 -9.1999998 2.05
8.1000004 -9.1999998 2.1500001
8.1000004 -9.1999998 2.25
8.1000004 -9.1999998 2.3499999
8.1000004 -9.1999998 2.45
8 -9.1999998 -0.44999999
8 -9.1999998 -0.34999999
8 -9.1999998 -0.25
8 -9.1999998 -0.15000001
8 -9.1999998 -0.050000001
8 -9.1999998 0.050000001
8 -9.1999998 0.15000001
8 -9.1999998 0.25
8 -9.1999998 0.34999999
8 -9.1999998 0.44999999
8 -9.1999998 0.55000001
8 -9.1999998 0.64999998
8 -9.1999998 0.75
8 -9.1999998 0.85000002
8 -9.1999998 0.94999999
8 -9.1999998 1.05
8 -9.1999998 1.15
8 -9.1999998 1.25
8 -9.1999998 1.35
8 -9.1999998 1.45
8 -9.1999998 1.55
8 -9.1999998 1.65
8 -9.1999998 1.75
8 -9.1999998 1.85
8 -9.1999998 1.95
8 -9.1999998 2.05
8 -9.1999998 2.1500001
8 -9.1999998 2.25
8 -9.1999998 2.3499999
8 -9.1999998 2.45
7.9000001 -9.1999998 -0.44999999
7.9000001 -9.1999998 -0.34999999
7.9000001 -9.1999998 -0.25
7.9000001 -9.1999998 -0.15000001
7.9000001 -9.1999998 -0.050000001
7.9000001 -9.1999998 0.050000001
7.9000001 -9.1999998 0.15000001
7.9000001 -9.1999998 0.25
7.9000001 -9.1999998 0.34999999
7.9000001 -9.1999998 0.44999999
7.9000001 -9.1999998 0.55000001
7.9000001 -9.1999998 0.64999998
7.9000001 -9.1999998 0.75
7.9000001 -9.1999998 0.85000002
7.9000001 -9.1999998 0.94999999
7.9000001 -9.1999998 1.05
7.9000001 -9.1999998 1.15
7.9000001 -9.1999998 1.25
7.9000001 -9.1999998 1.35
7.9000001 -9.1999998 1.45
7.9000001 -9.1999998 1.55
7.9000001 -9.1999998 1.65
7.9000001 -9.1999998 1.75
7.9000001 -9.1999998 1.85
7.9000001 -9.1999998 1.95
7.9000001 -9.1999998 2.05
7.9000001 -9.1999998 2.1500001
7.9000001 -9.1999998 2.25
7.9000001 -9.1999998 2.3499999
7.9000001 -9.1999998 2.45
8.1000004 -9.1000004 -0.44999999
8.1000004 -9.1000004 -0.34999999
8.1000004 -9.1000004 -0.25
8.1000004 -9.1000004 -0.15000001
8.1000004 -9.1000004 -0.050000001
8.1000004 -9.1000004 0.050000001
8.1000004 -9.1000004 0.15000001
8.1000004 -9.1000004 0.25
8.1000004 -9.1000004 0.34999999
8.1000004 -9.1000004 0.44999999
8.1000004 -9.1000004 0.55000001
8.1000004 -9.1000004 0.64999998
8.1000004 -9.1000004 0.75
8.1000004 -9.1000004 0.85000002
8.1000004 -9.1000004 0.94999999
8.1000004 -9.1000004 1.05
8.1000004 -9.1000004 1.15
8.1000004 -9.1000004 1.25
8.1000004 -9.1000004 1.35
8.1000004 -9.1000004 1.45
8.1000004 -9.1000004 1.55
8.1000004 -9.1000004 1.65
8.1000004 -9.1000004 1.75
8.1000004 -9.1000004 1.85
8.1000004 -9.1000004 1.95
8.1000004 -9.1000004 2.05
8.1000004 -9.1000004 2.1500001
8.1000004 -9.1000004 2.25
8.1000004 -9.1000004 2.3499999
8.1000004 -9.1000004 2.45
8 -9.1000004 -0.44999999
8 -9.1000004 -0.34999999
8 -9.1000004 -0.25
8 -9.1000004 -0.15000001
8 -9.1000004 -0.050000001
8 -9.1000004 0.050000001
8 -9.1000004 0.15000001
8 -9.1000004 0.25
8 -9.1000004 0.34999999
8 -9.1000004 0.44999999
8 -9.1000004 0.55000001
8 -9.1000004 0.64999998
8 -9.1000004 0.75
8 -9.1000004 0.85000002
8 -9.1000004 0.94999999
8 -9.1000004 1.05
8 -9.1000004 1.15
8 -9.1000004 1.25
8 -9.1000004 1.35
8 -9.1000004 1.45
8 -9.1000004 1.55
8 -9.1000004 1.65
8 -9.1000004 1.75
8 -9.1000004 1.85
8 -9.1000004 1.95
8 -9.1000004 2.05
8 -9.1000004 2.1500001
8 -9.1000004 2.25
8 -9.1000004 2.3499999
8 -9.1000004 2.45
7.9000001 -9.1000004 -0.44999999
7.9000001 -9.1000004 -0.34999999
7.9000001 -9.1000004 -0.25
7.9000001 -9.1000004 -0.15000001
7.9000001 -9.1000004 -0.050000001
7.9000001 -9.1000004 0.050000001
7.9000001 -9.1000004 0.15000001
7.9000001 -9.1000004 0.25
7.9000001 -9.1000004 0.34999999
7.9000001 -9.1000004 0.44999999
7.9000001 -9.1000004 0.55000001
7.9000001 -9.1000004 0.64999998
7.9000001 -9.1000004 0.75
7.9000001 -9.1000004 0.85000002
7.9000001 -9.1000004 0.94999999
7.9000001 -9.1000004 1.05
7.9000001 -9.1000004 1.15
7.9000001 -9.1000004 1.25
7.9000001 -9.1000004 1.35
7.9000001 -9.1000004 1.45
7.9000001 -9.1000004 1.55
7.9000001 -9.1000004 1.65
7.9000001 -9.1000004 1.75
7.9000001 -9.1000004 1.85
7.9000001 -9.1000004 1.95
7.9000001 -9.1000004 2.05
7.9000001 -9.1000004 2.1500001
7.9000001 -9.1000004 2.25
7.9000001 -9.1000004 2.3499999
7.9000001 -9.1000004 2.45
8.1000004 -9 -0.44999999
8.1000004 -9 -0.34999999
8.1000004 -9 -0.25
8.1000004 -9 -0.15000001
8.1000004 -9 -0.050000001
8.1000004 -9 0.050000001
8.1000004 -9 0.15000001
8.1000004 -9 0.25
8.1000004 -9 0.34999999
8.1000004 -9 0.44999999
8.1000004 -9 0.55000001
8.1000004 -9 0.64999998
8.1000004 -9 0.75
8.1000004 -9 0.85000002
8.1000004 -9 0.94999999
8.1000004 -9 1.05
8.1000004 -9 1.15
8.1000004 -9 1.25
8.1000004 -9 1.35
8.1000004 -9 1.45
8.1000004 -9 1.55
8.1000004 -9 1.65
8.1000004 -9 1.75
8.1000004 -9 1.85
8.1000004 -9 1.95
8.1000004 -9 2.05
8.1000004 -9 2.1500001
8.1000004 -9 2.25
8.1000004 -9 2.3499999
8.1000004 -9 2.45
8 -9 -0.44999999
8 -9 -0.34999999
8 -9 -0.25
8 -9 -0.15000001
8 -9 -0.050000001
8 -9 0.050000001
8 -9 0.15000001
8 -9 0.25
8 -9 0.34999999
8 -9 0.44999999
8 -9 0.55000001
8 -9 0.64999998
8 -9 0.75
8 -9 0.85000002
8 -9 0.94999999
8 -9 1.05
8 -9 1.15
8 -9 1.25
8 -9 1.35
8 -9 1.45
8 -9 1.55
8 -9 1.65
8 -9 1.75
8 -9 1.85
8 -9 1.95
8 -9 2.05
8 -9 2.1500001
8 -9 2.25
8 -9 2.3499999
8 -9 2.45
7.9000001 -9 -0.44999999
7.9000001 -9 -0.34999999
7.9000001 -9 -0.25
7.9000001 -9 -0.15000001
7.9000001 -9 -0.050000001
7.9000001 -9 0.050000001
7.9000001 -9 0.15000001
7.9000001 -9 0.25
7.9000001 -9 0.34999999
7.9000001 -9 0.44999999
7.9000001 -9 0.55000001
7.9000001 -9 0.64999998
7.9000001 -9 0.75
7.9000001 -9 0.85000002
7.9000001 -9 0.94999999
7.9000001 -9 1.05
7.9000001 -9 1.15
7.9000001 -9 1.25
7.9000001 -9 1.35
7.9000001 -9 1.45
7.9000001 -9 1.55
7.9000001 -9 1.65
7.9000001 -9 1.75
7.9000001 -9 1.85
7.9000001 -9 1.95
7.9000001 -9 2.05
7.9000001 -9 2.1500001
7.9000001 -9 2.25
7.9000001 -9 2.3499999
7.9000001 -9 2.45
8.1000004 -8.8999996 -0.44999999
8.1000004 -8.8999996 -0.34999999
8.1000004 -8.8999996 -0.25
8.1000004 -8.8999996 -0.15000001
8.1000004 -8.8999996 -0.050000001
8.1000004 -8.8999996 0.050000001
8.1000004 -8.8999996 0.15000001
8.1000004 -8.8999996 0.25
8.1000004 -8.8999996 0.34999999
8.1000004 -8.8999996 0.44999999
8.1000004 -8.8999996 0.55000001
8.1000004 -8.8999996 0.64999998
8.1000004 -8.8999996 0.75
8.1000004 -8.8999996 0.85000002
8.1000004 -8.8999996 0.94999999
8.1000004 -8.8999996 1.05
8.1000004 -8.8999996 1.15
8.1000004 -8.8999996 1.25
8.1000004 -8.8999996 1.35
8.1000004 -8.8999996 1.45
8.1000004 -8.8999996 1.55
8.1000004 -8.8999996 1.65
8.1000004 -8.8999996 1.75
8.1000004 -8.8999996 1.85
8.1000004 -8.8999996 1.95
8.1000004 -8.8999996 2.05
8.1000004 -8.8999996 2.1500001
8.1000004 -8.8999996 2.25
8.1000004 -8.8999996 2.3499999
8.1000004 -8.8999996 2.45
8 -8.8999996 -0.44999999
8 -8.8999996 -0.34999999
8 -8.8999996 -0.25
8 -8.8999996 -0.15000001
8 -8.8999996 -0.050000001
8 -8.8999996 0.050000001
8 -8.8999996 0.15000001
8 -8.8999996 0.25
8 -8.8999996 0.34999999
8 -8.8999996 0.44999999
8 -8.8999996 0.55000001
8 -8.8999996 0.64999998
8 -8.8999996 0.75
8 -8.8999996 0.85000002
8 -8.8999996 0.94999999
8 -8.8999996 1.05
8 -8.8999996 1.15
8 -8.8999996 1.25
8 -8.8999996 1.35
8 -8.8999996 1.45
8 -8.8999996 1.55
8 -8.8999996 1.65
8 -8.8999996 1.75
8 -8.8999996 1.85
8 -8.8999996 1.95
8 -8.8999996 2.05
8 -8.8999996 2.1500001
8 -8.8999996 2.25
8 -8.8999996 2.3499999
8 -8.8999996 2.45
7.9000001 -8.8999996 -0.44999999
7.9000001 -8.8999996 -0.34999999
7.9000001 -8.8999996 -0.25
7.9000001 -8.8999996 -0.15000001
7.9000001 -8.8999996 -0.050000001
7.9000001 -8.8999996 0.050000001
7.9000001 -8.8999996 0.15000001
7.9000001 -8.8999996 0.25
7.9000001 -8.8999996 0.34999999
7.9000001 -8.8999996 0.44999999
7.9000001 -8.8999996 0.55000001
7.9000001 -8.8999996 0.64999998
7.9000001 -8.8999996 0.75
7.9000001 -8.8999996 0.85000002
7.9000001 -8.8999996 0.94999999
7.9000001 -8.8999996 1.05
7.9000001 -8.8999996 1.15
7.9000001 -8.8999996 1.25
7.9000001 -8.8999996 1.35
7.9000001 -8.8999996 1.45
7.9000001 -8.8999996 1.55
7.9000001 -8.8999996 1.65
7.9000001 -8.8999996 1.75
7.9000001 -8.8999996 1.85
7.9000001 -8.8999996 1.95
7.9000001 -8.8999996 2.05
7.9000001 -8.8999996 2.1500001
7.9000001 -8.8999996 2.25
7.9000001 -8.8999996 2.3499999
7.9000001 -8.8999996 2.45
8.1000004 -8.8000002 -0.44999999
8.1000004 -8.8000002 -0.34999999
8.1000004 -8.8000002 -0.25
8.1000004 -8.8000002 -0.15000001
8.1000004 -8.8000002 -0.050000001
8.1000004 -8.8000002 0.050000001
8.1000004 -8.8000002 0.15000001
8.1000004 -8.8000002 0.25
8.1000004 -8.8000002 0.34999999
8.1000004 -8.8000002 0.44999999
8.1000004 -8.8000002 0.55000001
8.1000004 -8.8000002 0.64999998
8.1000004 -8.8000002 0.75
8.1000004 -8.8000002 0.85000002
8.1000004 -8.8000002 0.94999999
8.1000004 -8.8000002 1.05
8.1000004 -8.8000002 1.15
8.1000004 -8.8000002 1.25
8.1000004 -8.8000002 1.35
8.1000004 -8.8000002 1.45
8.1000004 -8.8000002 1.55
8.1000004 -8.8000002 1.65
8.1000004 -8.8000002 1.75
8.1000004 -8.8000002 1.85
8.1000004 -8.8000002 1.95
8.1000004 -8.8000002 2.05
8.1000004 -8.8000002 2.1500001
8.1000004 -8.8000002 2.25
8.1000004 -8.8000002 2.3499999
8.1000004 -8.8000002 2.45
8 -8.8000002 -0.44999999
8 -8.8000002 -0.34999999
8 -8.8000002 -0.25
8 -8.8000002 -0.15000001
8 -8.8000002 -0.050000001
8 -8.8000002 0.050000001
8 -8.8000002 0.15000001
8 -8.8000002 0.25
8 -8.8000002 0.34999999
8 -8.8000002 0.44999999
8 -8.8000002 0.55000001
8 -8.8000002 0.64999998
8 -8.8000002 0.75
8 -8.8000002 0.85000002
8 -8.8000002 0.94999999
8 -8.8000002 1.05
8 -8.8000002 1.15
8 -8.8000002 1.25
8 -8.8000002 1.35
8 -8.8000002 1.45
8 -8.8000002 1.55
8 -8.8000002 1.65
8 -8.8000002 1.75
8 -8.8000002 1.85
8 -8.8000002 1.95
8 -8.8000002 2.05
8 -8.8000002 2.1500001
8 -8.8000002 2.25
8 -8.8000002 2.3499999
8 -8.8000002 2.45
7.9000001 -8.8000002 -0.44999999
7.9000001 -8.8000002 -0.34999999
7.9000001 -8.8000002 -0.25
7.9000001 -8.8000002 -0.15000001
7.9000001 -8.8000002 -0.050000001
7.9000001 -8.8000002 0.050000001
7.9000001 -8.8000002 0.15000001
7.9000001 -8.8000002 0.25
7.9000001 -8.8000002 0.34999999
7.9000001 -8.8000002 0.44999999
7.9000001 -8.8000002 0.55000001
7.9000001 -8.8000002 0.64999998
7.9000001 -8.8000002 0.75
7.9000001 -8.8000002 0.85000002
7.9000001 -8.8000002 0.94999999
7.9000001 -8.8000002 1.05
7.9000001 -8.8000002 1.15
7.9000001 -8.8000002 1.25
7.9000001 -8.8000002 1.35
7.9000001 -8.8000002 1.45
7.9000001 -8.8000002 1.55
7.9000001 -8.8000002 1.65
7.9000001 -8.8000002 1.75
7.9000001 -8.8000002 1.85
7.9000001 -8.8000002 1.95
7.9000001 -8.8000002 2.05
7.9000001 -8.8000002 2.1500001
7.9000001 -8.8000002 2.25
7.9000001 -8.8000002 2.3499999
7.9000001 -8.8000002 2.45
8.1000004 -8.6999998 -0.44999999
8.1000004 -8.6999998 -0.34999999
8.1000004 -8.6999998 -0.25
8.1000004 -8.6999998 -0.15000001
8.1000004 -8.6999998 -0.050000001
8.1000004 -8.6999998 0.050000001
8.1000004 -8.6999998 0.15000001
8.1000004 -8.6999998 0.25
8.1000004 -8.6999998 0.34999999
8.1000004 -8.6999998 0.44999999
8.1000004 -8.6999998 0.55000001
8.1000004 -8.6999998 0.64999998
8.1000004 -8.6999998 0.75
8.1000004 -8.6999998 0.85000002
8.1000004 -8.6999998 0.94999999
8.1000004 -8.6999998 1.05
8.1000004 -8.6999998 1.15
8.1000004 -8.6999998 1.25
8.1000004 -8.6999998 1.35
8.1000004 -8.6999998 1.45
8.1000004 -8.6999998 1.55
8.1000004 -8.6999998 1.65
8.1000004 -8.6999998 1.75
8.1000004 -8.6999998 1.85
8.1000004 -8.6999998 1.95
8.1000004 -8.6999998 2.05
8.1000004 -8.6999998 2.1500001
8.1000004 -8.6999998 2.25
8.1000004 -8.6999998 2.3499999
8.1000004 -8.6999998 2.45
8 -8.6999998 -0.44999999
8 -8.6999998 -0.34999999
8 -8.6999998 -0.25
8 -8.6999998 -0.15000001
8 -8.6999998 -0.050000001
8 -8.6999998 0.050000001
8 -8.6999998 0.15000001
8 -8.6999998 0.25
8 -8.6999998 0.34999999
8 -8.6999998 0.44999999
8 -8.6999998 0.55000001
8 -8.6999998 0.64999998
8 -8.6999998 0.75
8 -8.6999998 0.85000002
8 -8.6999998 0.94999999
8 -8.6999998 1.05
8 -8.6999998 1.15
8 -8.6999998 1.25
8 -8.6999998 1.35
8 -8.6999998 1.45
8 -8.6999998 1.55
8 -8.6999998 1.65
8 -8.6999998 1.75
8 -8.6999998 1.85
8 -8.6999998 1.95
8 -8.6999998 2.05
8 -8.6999998 2.1500001
8 -8.6999998 2.25
8 -8.6999998 2.3499999
8 -8.6999998 2.45
7.9000001 -8.6999998 -0.44999999
7.9000001 -8.6999998 -0.34999999
7.9000001 -8.6999998 -0.25
7.9000001 -8.6999998 -0.15000001
7.9000001 -8.6999998 -0.050000001
7.9000001 -8.6999998 0.050000001
7.9000001 -8.6999998 0.15000001
7.9000001 -8.6999998 0.25
7.9000001 -8.6999998 0.34999999
7.9000001 -8.6999998 0.44999999
7.9000001 -8.6999998 0.55000001
7.9000001 -8.6999998 0.64999998
7.9000001 -8.6999998 0.75
7.9000001 -8.6999998 0.85000002
7.9000001 -8.6999998 0.94999999
7.9000001 -8.6999998 1.05
7.9000001 -8.6999998 1.15
7.9000001 -8.6999998 1.25
7.9000001 -8.6999998 1.35
7.9000001 -8.6999998 1.45
7.9000001 -8.6999998 1.55
7.9000001 -8.6999998 1.65
7.9000001 -8.6999998 1.75
7.9000001 -8.6999998 1.85
7.9000001 -8.6999998 1.95
7.9000001 -8.6999998 2.05
7.9000001 -8.6999998 2.1500001
7.9000001 -8.6999998 2.25
7.9000001 -8.6999998 2.3499999
7.9000001 -8.6999998 2.45
8.1000004 -8.6000004 -0.44999999
8.1000004 -8.6000004 -0.34999999
8.1000004 -8.6000004 -0.25
8.1000004 -8.6000004 -0.15000001
8.1000004 -8.6000004 -0.050000001
8.1000004 -8.6000004 0.050000001
8.1000004 -8.6000004 0.15000001
8.1000004 -8.6000004 0.25
8.1000004 -8.6000004 0.34999999
8.1000004 -8.6000004 0.44999999
8.1000004 -8.6000004 0.55000001
8.1000004 -8.6000004 0.64999998
8.1000004 -8.6000004 0.75
8.1000004 -8.6000004 0.85000002
8.1000004 -8.6000004 0.94999999
8.1000004 -8.6000004 1.05
8.1000004 -8.6000004 1.15
8.1000004 -8.6000004 1.25
8.1000004 -8.6000004 1.35
8.1000004 -8.6000004 1.45
8.1000004 -8.6000004 1.55
8.1000004 -8.6000004 1.65
8.1000004 -8.6000004 1.75
8.1000004 -8.6000004 1.85
8.1000004 -8.6000004 1.95
8.1000004 -8.6000004 2.05
8.1000004 -8.6000004 2.1500001
8.1000004 -8.6000004 2.25
8.1000004 -8.6000004 2.3499999
8.1000004 -8.6000004 2.45
8 -8.6000004 -0.44999999
8 -8.6000004 -0.34999999
8 -8.6000004 -0.25
8 -8.6000004 -0.15000001
8 -8.6000004 -0.050000001
8 -8.6000004 0.050000001
8 -8.6000004 0.15000001
8 -8.6000004 0.25
8 -8.6000004 0.34999999
8 -8.6000004 0.44999999
8 -8.6000004 0.55000001
8 -8.6000004 0.64999998
8 -8.6000004 0.75
8 -8.6000004 0.85000002
8 -8.6000004 0.94999999
8 -8.6000004 1.05
8 -8.6000004 1.15
8 -8.6000004 1.25
8 -8.6000004 1.35
8 -8.6000004 1.45
8 -8.6000004 1.55
8 -8.6000004 1.65
8 -8.6000004 1.75
8 -8.6000004 1.85
8 -8.6000004 1.95
8 -8.6000004 2.05
8 -8.6000004 2.1500001
8 -8.6000004 2.25
8 -8.6000004 2.3499999
8 -8.6000004 2.45
7.9000001 -8.6000004 -0.44999999
7.9000001 -8.6000004 -0.34999999
7.9000001 -8.6000004 -0.25
7.9000001 -8.6000004 -0.15000001
7.9000001 -8.6000004 -0.050000001
7.9000001 -8.6000004 0.050000001
7.9000001 -8.6000004 0.15000001
7.9000001 -8.6000004 0.25
7.9000001 -8.6000004 0.34999999
7.9000001 -8.6000004 0.44999999
7.9000001 -8.6000004 0.55000001
7.9000001 -8.6000004 0.64999998
7.9000001 -8.6000004 0.75
7.9000001 -8.6000004 0.85000002
7.9000001 -8.6000004 0.94999999
7.9000001 -8.6000004 1.05
7.9000001 -8.6000004 1.15
7.9000001 -8.6000004 1.25
7.9000001 -8.6000004 1.35
7.9000001 -8.6000004 1.45
7.9000001 -8.6000004 1.55
7.9000001 -8.6000004 1.65
7.9000001 -8.6000004 1.75
7.9000001 -8.6000004 1.85
7.9000001 -8.6000004 1.95
7.9000001 -8.6000004 2.05
7.9000001 -8.6000004 2.1500001
7.9000001 -8.6000004 2.25
7.9000001 -8.6000004 2.3499999
7.9000001 -8.6000004 2.45
8.1000004 -8.5 -0.44999999
8.1000004 -8.5 -0.34999999
8.1000004 -8.5 -0.25
8.1000004 -8.5 -0.15000001
8.1000004 -8.5 -0.050000001
8.1000004 -8.5 0.050000001
8.1000004 -8.5 0.15000001
8.1000004 -8.5 0.25
8.1000004 -8.5 0.34999999
8.1000004 -8.5 0.44999999
8.1000004 -8.5 0.55000001
8.1000004 -8.5 0.64999998
8.1000004 -8.5 0.75
8.1000004 -8.5 0.85000002
8.1000004 -8.5 0.94999999
8.1000004 -8.5 1.05
8.1000004 -8.5 1.15
8.1000004 -8.5 1.25
8.1000004 -8.5 1.35
8.1000004 -8.5 1.45
8.1000004 -8.5 1.55
8.1000004 -8.5 1.65
8.1000004 -8.5 1.75
8.1000004 -8.5 1.85
8.1000004 -8.5 1.95
8.1000004 -8.5 2.05
8.1000004 -8.5 2.1500001
8.1000004 -8.5 2.25
8.1000004 -8.5 2.3499999
8.1000004 -8.5 2.45
8 -8.5 -0.44999999
8 -8.5 -0.34999999
8 -8.5 -0.25
8 -8.5 -0.15000001
8 -8.5 -0.050000001
8 -8.5 0.050000001
8 -8.5 0.15000001
8 -8.5 0.25
8 -8.5 0.34999999
8 -8.5 0.44999999
8 -8.5 0.55000001
8 -8.5 0.64999998
8 -8.5 0.75
8 -8.5 0.85000002
8 -8.5 0.94999999
8 -8.5 1.05
8 -8.5 1.15
8 -8.5 1.25
8 -8.5 1.35
8 -8.5 1.45
8 -8.5 1.55
8 -8.5 1.65
8 -8.5 1.75
8 -8.5 1.85
8 -8.5 1.95
8 -8.5 2.05
8 -8.5 2.1500001
8 -8.5 2.25
8 -8.5 2.3499999
8 -8.5 2.45
7.9000001 -8.5 -0.44999999
7.9000001 -8.5 -0.34999999
7.9000001 -8.5 -0.25
7.9000001 -8.5 -0.15000001
7.9000001 -8.5 -0.050000001
7.9000001 -8.5 0.050000001
7.9000001 -8.5 0.15000001
7.9000001 -8.5 0.25
7.9000001 -8.5 0.34999999
7.9000001 -8.5 0.44999999
7.9000001 -8.5 0.55000001
7.9000001 -8.5 0.64999998
7.9000001 -8.5 0.75
7.9000001 -8.5 0.85000002
7.9000001 -8.5 0.94999999
7.9000001 -8.5 1.05
7.9000001 -8.5 1.15
7.9000001 -8.5 1.25
7.9000001 -8.5 1.35
7.9000001 -8.5 1.45
7.9000001 -8.5 1.55
7.9000001 -8.5 1.65
7.9000001 -8.5 1.75
7.9000001 -8.5 1.85
7.9000001 -8.5 1.95
7.9000001 -8.5 2.05
7.9000001 -8.5 2.1500001
7.9000001 -8.5 2.25
7.9000001 -8.5 2.3499999
7.9000001 -8.5 2.45
8.1000004 -8.3999996 -0.44999999
8.1000004 -8.3999996 -0.34999999
8.1000004 -8.3999996 -0.25
8.1000004 -8.3999996 -0.15000001
8.1000004 -8.3999996 -0.050000001
8.1000004 -8.3999996 0.050000001
8.1000004 -8.3999996 0.15000001
8.1000004 -8.3999996 0.25
8.1000004 -8.3999996 0.34999999
8.1000004 -8.3999996 0.44999999
8.1000004 -8.3999996 0.55000001
8.1000004 -8.3999996 0.64999998
8.1000004 -8.3999996 0.75
8.1000004 -8.3999996 0.85000002
8.1000004 -8.3999996 0.94999999
8.1000004 -8.3999996 1.05
8.1000004 -8.3999996 1.15
8.1000004 -8.3999996 1.25
8.1000004 -8.3999996 1.35
8.1000004 -8.3999996 1.45
8.1000004 -8.3999996 1.55
8.1000004 -8.3999996 1.65
8.1000004 -8.3999996 1.75
8.1000004 -8.3999996 1.85
8.1000004 -8.3999996 1.95
8.1000004 -8.3999996 2.05
8.1000004 -8.3999996 2.1500001
8.1000004 -8.3999996 2.25
8.1000004 -8.3999996 2.3499999
8.1000004 -8.3999996 2.45
8 -8.3999996 -0.44999999
8 -8.3999996 -0.34999999
8 -8.3999996 -0.25
8 -8.3999996 -0.15000001
8 -8.3999996 -0.050000001
8 -8.3999996 0.050000001
8 -8.3999996 0.15000001
8 -8.3999996 0.25
8 -8.3999996 0.34999999
8 -8.3999996 0.44999999
8 -8.3999996 0.55000001
8 -8.3999996 0.64999998
8 -8.3999996 0.75
8 -8.3999996 0.85000002
8 -8.3999996 0.94999999
8 -8.3999996 1.05
8 -8.3999996 1.15
8 -8.3999996 1.25
8 -8.3999996 1.35
8 -8.3999996 1.45
8 -8.3999996 1.55
8 -8.3999996 1.65
8 -8.3999996 1.75
8 -8.3999996 1.85
8 -8.3999996 1.95
8 -8.3999996 2.05
8 -8.3999996 2.1500001
8 -8.3999996 2.25
8 -8.3999996 2.3499999
8 -8.3999996 2.45
7.9000001 -8.3999996 -0.44999999
7.9000001 -8.3999996 -0.34999999
7.9000001 -8.3999996 -0.25
7.9000001 -8.3999996 -0.15000001
7.9000001 -8.3999996 -0.050000001
7.9000001 -8.3999996 0.050000001
7.9000001 -8.3999996 0.15000001
7.9000001 -8.3999996 0.25
7.9000001 -8.3999996 0.34999999
7.9000001 -8.3999996 0.44999999
7.9000001 -8.3999996 0.55000001
7.9000001 -8.3999996 0.64999998
7.9000001 -8.3999996 0.75
7.9000001 -8.3999996 0.85000002
7.9000001 -8.3999996 0.94999999
7.9000001 -8.3999996 1.05
7.9000001 -8.3999996 1.15
7.9000001 -8.3999996 1.25
7.9000001 -8.3999996 1.35
7.9000001 -8.3999996 1.45
7.9000001 -8.3999996 1.55
7.9000001 -8.3999996 1.65
7.9000001 -8.3999996 1.75
7.9000001 -8.3999996 1.85
7.9000001 -8.3999996 1.95
7.9000001 -8.3999996 2.05
7.9000001 -8.3999996 2.1500001
7.9000001 -8.3999996 2.25
7.9000001 -8.3999996 2.3499999
7.9000001 -8.3999996 2.45
8.1000004 -8.3000002 -0.44999999
8.1000004 -8.3000002 -0.34999999
8.1000004 -8.3000002 -0.25
8.1000004 -8.3000002 -0.15000001
8.1000004 -8.3000002 -0.050000001
8.1000004 -8.3000002 0.050000001
8.1000004 -8.3000002 0.15000001
8.1000004 -8.3000002 0.25
8.1000004 -8.3000002 0.34999999
8.1000004 -8.3000002 0.44999999
8.1000004 -8.3000002 0.55000001
8.1000004 -8.3000002 0.64999998
8.1000004 -8.3000002 0.75
8.1000004 -8.3000002 0.85000002
8.1000004 -8.3000002 0.94999999
8.1000004 -8.3000002 1.05
8.1000004 -8.3000002 1.15
8.1000004 -8.3000002 1.25
8.1000004 -8.3000002 1.35
8.1000004 -8.3000002 1.45
8.1000004 -8.3000002 1.55
8.1000004 -8.3000002 1.65
8.1000004 -8.3000002 1.75
8.1000004 -8.3000002 1.85
8.1000004 -8.3000002 1.95
8.1000004 -8.3000002 2.05
8.1000004 -8.3000002 2.1500001
8.1000004 -8.3000002 2.25
8.1000004 -8.3000002 2.3499999
8.1000004 -8.3000002 2.45
8 -8.3000002 -0.44999999
8 -8.3000002 -0.34999999
8 -8.3000002 -0.25
8 -8.3000002 -0.15000001
8 -8.3000002 -0.050000001
8 -8.3000002 0.050000001
8 -8.3000002 0.15000001
8 -8.3000002 0.25
8 -8.3000002 0.34999999
8 -8.3000002 0.44999999
8 -8.3000002 0.55000001
8 -8.3000002 0.64999998
8 -8.3000002 0.75
8 -8.3000002 0.85000002
8 -8.3000002 0.94999999
8 -8.3000002 1.05
8 -8.3000002 1.15
8 -8.3000002 1.25
8 -8.3000002 1.35
8 -8.3000002 1.45
8 -8.3000002 1.55
8 -8.3000002 1.65
8 -8.3000002 1.75
8 -8.3000002 1.85
8 -8.3000002 1.95
8 -8.3000002 2.05
8 -8.3000002 2.1500001
8 -8.3000002 2.25
8 -8.3000002 2.3499999
8 -8.3000002 2.45
7.9000001 -8.3000002 -0.44999999
7.9000001 -8.3000002 -0.34999999
7.9000001 -8.3000002 -0.25
7.9000001 -8.3000002 -0.15000001
7.9000001 -8.3000002 -0.050000001
7.9000001 -8.3000002 0.050000001
7.9000001 -8.3000002 0.15000001
7.9000001 -8.3000002 0.25
7.9000001 -8.3000002 0.34999999
7.9000001 -8.3000002 0.44999999
7.9000001 -8.3000002 0.55000001
7.9000001 -8.3000002 0.64999998
7.9000001 -8.3000002 0.75
7.9000001 -8.3000002 0.85000002
7.9000001 -8.3000002 0.94999999
7.9000001 -8.3000002 1.05
7.9000001 -8.3000002 1.15
7.9000001 -8.3000002 1.25
7.9000001 -8.3000002 1.35
7.9000001 -8.3000002 1.45
7.9000001 -8.3000002 1.55
7.9000001 -8.3000002 1.65
7.9000001 -8.3000002 1.75
7.9000001 -8.3000002 1.85
7.9000001 -8.3000002 1.95
7.9000001 -8.3000002 2.05
7.9000001 -8.3000002 2.1500001
7.9000001 -8.3000002 2.25
7.9000001 -8.3000002 2.3499999
7.9000001 -8.3000002 2.45
8.1000004 -8.1999998 -0.44999999
8.1000004 -8.1999998 -0.34999999
8.1000004 -8.1999998 -0.25
8.1000004 -8.1999998 -0.15000001
8.1000004 -8.1999998 -0.050000001
8.1000004 -8.1999998 0.050000001
8.1000004 -8.1999998 0.15000001
8.1000004 -8.1999998 0.25
8.1000004 -8.1999998 0.34999999
8.1000004 -8.1999998 0.44999999
8.1000004 -8.1999998 0.55000001
8.1000004 -8.1999998 0.64999998
8.1000004 -8.1999998 0.75
8.1000004 -8.1999998 0.85000002
8.1000004 -8.1999998 0.94999999
8.1000004 -8.1999998 1.05
8.1000004 -8.1999998 1.15
8.1000004 -8.1999998 1.25
8.1000004 -8.1999998 1.35
8.1000004 -8.1999998 1.45
8.1000004 -8.1999998 1.55
8.1000004 -8.1999998 1.65
8.1000004 -8.1999998 1.75
8.1000004 -8.1999998 1.85
8.1000004 -8.1999998 1.95
8.1000004 -8.1999998 2.05
8.1000004 -8.1999998 2.1500001
8.1000004 -8.1999998 2.25
8.1000004 -8.1999998 2.3499999
8.1000004 -8.1999998 2.45
8 -8.1999998 -0.44999999
8 -8.1999998 -0.34999999
8 -8.1999998 -0.25
8 -8.1999998 -0.15000001
8 -8.1999998 -0.050000001
8 -8.1999998 0.050000001
8 -8.1999998 0.15000001
8 -8.1999998 0.25
8 -8.1999998 0.34999999
8 -8.1999998 0.44999999
8 -8.1999998 0.55000001
8 -8.1999998 0.64999998
8 -8.1999998 0.75
8 -8.1999998 0.85000002
8 -8.1999998 0.94999999
8 -8.1999998 1.05
8 -8.1999998 1.15
8 -8.1999998 1.25
8 -8.1999998 1.35
8 -8.1999998 1.45
8 -8.1999998 1.55
8 -8.1999998 1.65
8 -8.1999998 1.75
8 -8.1999998 1.85
8 -8.1999998 1.95
8 -8.1999998 2.05
8 -8.1999998 2.1500001
8 -8.1999998 2.25
8 -8.1999998 2.3499999
8 -8.1999998 2.45
7.9000001 -8.1999998 -0.44999999
7.9000001 -8.1999998 -0.34999999
7.9000001 -8.1999998 -0.25
7.9000001 -8.1999998 -0.15000001
7.9000001 -8.1999998 -0.050000001
7.9000001 -8.1999998 0.050000001
7.9000001 -8.1999998 0.15000001
7.9000001 -8.1999998 0.25
7.9000001 -8.1999998 0.34999999
7.9000001 -8.1999998 0.44999999
7.9000001 -8.1999998 0.55000001
7.9000001 -8.1999998 0.64999998
7.9000001 -8.1999998 0.75
7.9000001 -8.1999998 0.85000002
7.9000001 -8.1999998 0.94999999
7.9000001 -8.1999998 1.05
7.9000001 -8.1999998 1.15
7.9000001 -8.1999998 1.25
7.9000001 -8.1999998 1.35
7.9000001 -8.1999998 1.45
7.9000001 -8.1999998 1.55
7.9000001 -8.1999998 1.65
7.9000001 -8.1999998 1.75
7.9000001 -8.1999998 1.85
7.9000001 -8.1999998 1.95
7.9000001 -8.1999998 2.05
7.9000001 -8.1999998 2.1500001
7.9000001 -8.1999998 2.25
7.9000001 -8.1999998 2.3499999
7.9000001 -8.1999998 2.45
8.1000004 -8.1000004 -0.44999999
8.1000004 -8.1000004 -0.34999999
8.1000004 -8.1000004 -0.25
8.1000004 -8.1000004 -0.15000001
8.1000004 -8.1000004 -0.050000001
8.1000004 -8.1000004 0.050000001
8.1000004 -8.1000004 0.15000001
8.1000004 -8.1000004 0.25
8.1000004 -8.1000004 0.34999999
8.1000004 -8.1000004 0.44999999
8.1000004 -8.1000004 0.55000001
8.1000004 -8.1000004 0.64999998
8.1000004 -8.1000004 0.75
8.1000004 -8.1000004 0.85000002
8.1000004 -8.1000004 0.94999999
8.1000004 -8.1000004 1.05
8.1000004 -8.1000004 1.15
8.1000004 -8.1000004 1.25
8.1000004 -8.1000004 1.35
8.1000004 -8.1000004 1.45
8.1000004 -8.1000004 1.55
8.1000004 -8.1000004 1.65
8.1000004 -8.1000004 1.75
8.1000004 -8.1000004 1.85
8.1000004 -8.1000004 1.95
8.1000004 -8.1000004 2.05
8.1000004 -8.1000004 2.1500001
8.1000004 -8.1000004 2.25
8.1000004 -8.1000004 2.3499999
8.1000004 -8.1000004 2.45
8 -8.1000004 -0.44999999
8 -8.1000004 -0.34999999
8 -8.1000004 -0.25
8 -8.1000004 -0.15000001
8 -8.1000004 -0.050000001
8 -8.1000004 0.050000001
8 -8.1000004 0.15000001
8 -8.1000004 0.25
8 -8.1000004 0.34999999
8 -8.1000004 0.44999999
8 -8.1000004 0.55000001
8 -8.1000004 0.64999998
8 -8.1000004 0.75
8 -8.1000004 0.85000002
8 -8.1000004 0.94999999
8 -8.1000004 1.05
8 -8.1000004 1.15
8 -8.1000004 1.25
8 -8.1000004 1.35
8 -8.1000004 1.45
8 -8.1000004 1.55
8 -8.1000004 1.65
8 -8.1000004 1.75
8 -8.1000004 1.85
8 -8.1000004 1.95
8 -8.1000004 2.05
8 -8.1000004 2.1500001
8 -8.1000004 2.25
8 -8.1000004 2.3499999
8 -8.1000004 2.45
7.9000001 -8.1000004 -0.44999999
7.9000001 -8.1000004 -0.34999999
7.9000001 -8.1000004 -0.25
7.9000001 -8.1000004 -0.15000001
7.9000001 -8.1000004 -0.050000001
7.9000001 -8.1000004 0.050000001
7.9000001 -8.1000004 0.15000001
7.9000001 -8.1000004 0.25
7.9000001 -8.1000004 0.34999999
7.9000001 -8.1000004 0.44999999
7.9000001 -8.1000004 0.55000001
7.9000001 -8.1000004 0.64999998
7.9000001 -8.1000004 0.75
7.9000001 -8.1000004 0.85000002
7.9000001 -8.1000004 0.94999999
7.9000001 -8.1000004 1.05
7.9000001 -8.1000004 1.15
7.9000001 -8.1000004 1.25
7.9000001 -8.1000004 1.35
7.9000001 -8.1000004 1.45
7.9000001 -8.1000004 1.55
7.9000001 -8.1000004 1.65
7.9000001 -8.1000004 1.75
7.9000001 -8.1000004 1.85
7.9000001 -8.1000004 1.95
7.9000001 -8.1000004 2.05
7.9000001 -8.1000004 2.1500001
7.9000001 -8.1000004 2.25
7.9000001 -8.1000004 2.3499999
7.9000001 -8.1000004 2.45
8.1000004 -8 -0.44999999
8.1000004 -8 -0.34999999
8.1000004 -8 -0.25
8.1000004 -8 -0.15000001
8.1000004 -8 -0.050000001
8.1000004 -8 0.050000001
8.1000004 -8 0.15000001
8.1000004 -8 0.25
8.1000004 -8 0.34999999
8.1000004 -8 0.44999999
8.1000004 -8 0.55000001
8.1000004 -8 0.64999998
8.1000004 -8 0.75
8.1000004 -8 0.85000002
8.1000004 -8 0.94999999
8.1000004 -8 1.05
8.1000004 -8 1.15
8.1000004 -8 1.25
8.1000004 -8 1.35
8.1000004 -8 1.45
8.1000004 -8 1.55
8.1000004 -8 1.65
8.1000004 -8 1.75
8.1000004 -8 1.85
8.1000004 -8 1.95
8.1000004 -8 2.05
8.1000004 -8 2.1500001
8.1000004 -8 2.25
8.1000004 -8 2.3499999
8.1000004 -8 2.45
8 -8 -0.44999999
8 -8 -0.34999999
8 -8 -0.25
8 -8 -0.15000001
8 -8 -0.050000001
8 -8 0.050000001
8 -8 0.15000001
8 -8 0.25
8 -8 0.34999999
8 -8 0.44999999
8 -8 0.55000001
8 -8 0.64999998
8 -8 0.75
8 -8 0.85000002
8 -8 0.94999999
8 -8 1.05
8 -8 1.15
8 -8 1.25
8 -8 1.35
8 -8 1.45
8 -8 1.55
8 -8 1.65
8 -8 1.75
8 -8 1.85
8 -8 1.95
8 -8 2.05
8 -8 2.1500001
8 -8 2.25
8 -8 2.3499999
8 -8 2.45
7.9000001 -8 -0.44999999
7.9000001 -8 -0.34999999
7.9000001 -8 -0.25
7.9000001 -8 -0.15000001
7.9000001 -8 -0.050000001
7.9000001 -8 0.050000001
7.9000001 -8 0.15000001
7.9000001 -8 0.25
7.9000001 -8 0.34999999
7.9000001 -8 0.44999999
7.9000001 -8 0.55000001
7.9000001 -8 0.64999998
7.9000001 -8 0.75
7.9000001 -8 0.85000002
7.9000001 -8 0.94999999
7.9000001 -8 1.05
7.9000001 -8 1.15
7.9000001 -8 1.25
7.9000001 -8 1.35
7.9000001 -8 1.45
7.9000001 -8 1.55
7.9000001 -8 1.65
7.9000001 -8 1.75
7.9000001 -8 1.85
7.9000001 -8 1.95
7.9000001 -8 2.05
7.9000001 -8 2.1500001
7.9000001 -8 2.25
7.9000001 -8 2.3499999
7.9000001 -8 2.45
8.1000004 -7.9000001 -0.44999999
8.1000004 -7.9000001 -0.34999999
8.1000004 -7.9000001 -0.25
8.1000004 -7.9000001 -0.15000001
8.1000004 -7.9000001 -0.050000001
8.1000004 -7.9000001 0.050000001
8.1000004 -7.9000001 0.15000001
8.1000004 -7.9000001 0.25
8.1000004 -7.9000001 0.34999999
8.1000004 -7.9000001 0.44999999
8.1000004 -7.9000001 0.55000001
8.1000004 -7.9000001 0.64999998
8.1000004 -7.9000001 0.75
8.1000004 -7.9000001 0.85000002
8.1000004 -7.9000001 0.94999999
8.1000004 -7.9000001 1.05
8.1000004 -7.9000001 1.15
8.1000004 -7.9000001 1.25
8.1000004 -7.9000001 1.35
8.1000004 -7.9000001 1.45
8.1000004 -7.9000001 1.55
8.1000004 -7.9000001 1.65
8.1000004 -7.9000001 1.75
8.1000004 -7.9000001 1.85
8.1000004 -7.9000001 1.95
8.1000004 -7.9000001 2.05
8.1000004 -7.9000001 2.1500001
8.1000004 -7.9000001 2.25
8.1000004 -7.9000001 2.3499999
8.1000004 -7.9000001 2.45
8 -7.9000001 -0.44999999
8 -7.9000001 -0.34999999
8 -7.9000001 -0.25
8 -7.9000001 -0.15000001
8 -7.9000001 -0.050000001
8 -7.9000001 0.050000001
8 -7.9000001 0.15000001
8 -7.9000001 0.25
8 -7.9000001 0.34999999
8 -7.9000001 0.44999999
8 -7.9000001 0.55000001
8 -7.9000001 0.64999998
8 -7.9000001 0.75
8 -7.9000001 0.85000002
8 -7.9000001 0.94999999
8 -7.9000001 1.05
8 -7.9000001 1.15
8 -7.9000001 1.25
8 -7.9000001 1.35
8 -7.9000001 1.45
8 -7.9000001 1.55
8 -7.9000001 1.65
8 -7.9000001 1.75
8 -7.9000001 1.85
8 -7.9000001 1.95
8 -7.9000001 2.05
8 -7.9000001 2.1500001
8 -7.9000001 2.25
8 -7.9000001 2.3499999
8 -7.9000001 2.45
7.9000001 -7.9000001 -0.44999999
7.9000001 -7.9000001 -0.34999999
7.9000001 -7.9000001 -0.25
7.9000001 -7.9000001 -0.15000001
7.9000001 -7.9000001 -0.050000001
7.9000001 -7.9000001 0.050000001
7.9000001 -7.9000001 0.15000001
7.9000001 -7.9000001 0.25
7.9000001 -7.9000001 0.34999999
7.9000001 -7.9000001 0.44999999
7.9000001 -7.9000001 0.55000001
7.9000001 -7.9000001 0.64999998
7.9000001 -7.9000001 0.75
7.9000001 -7.9000001 0.85000002
7.9000001 -7.9000001 0.94999999
7.9000001 -7.9000001 1.05
7.9000001 -7.9000001 1.15
7.9000001 -7.9000001 1.25
7.9000001 -7.9000001 1.35
7.9000001 -7.9000001 1.45
7.9000001 -7.9000001 1.55
7.9000001 -7.9000001 1.65
7.9000001 -7.9000001 1.75
7.9000001 -7.9000001 1.85
7.9000001 -7.9000001 1.95
7.9000001 -7.9000001 2.05
7.9000001 -7.9000001 2.1500001
7.9000001 -7.9000001 2.25
7.9000001 -7.9000001 2.3499999
7.9000001 -7.9000001 2.45
8.1000004 -7.8000002 -0.44999999
8.1000004 -7.8000002 -0.34999999
8.1000004 -7.8000002 -0.25
8.1000004 -7.8000002 -0.15000001
8.1000004 -7.8000002 -0.050000001
8.1000004 -7.8000002 0.050000001
8.1000004 -7.8000002 0.15000001
8.1000004 -7.8000002 0.25
8.1000004 -7.8000002 0.34999999
8.1000004 -7.8000002 0.44999999
8.1000004 -7.8000002 0.55000001
8.1000004 -7.8000002 0.64999998
8.1000004 -7.8000002 0.75
8.1000004 -7.8000002 0.85000002
8.1000004 -7.8000002 0.94999999
8.1000004 -7.8000002 1.05
8.1000004 -7.8000002 1.15
8.1000004 -7.8000002 1.25
8.1000004 -7.8000002 1.35
8.1000004 -7.8000002 1.45
8.1000004 -7.8000002 1.55
8.1000004 -7.8000002 1.65
8.1000004 -7.8000002 1.75
8.1000004 -7.8000002 1.85
8.1000004 -7.8000002 1.95
8.1000004 -7.8000002 2.05
8.1000004 -7.8000002 2.1500001
8.1000004 -7.8000002 2.25
8.1000004 -7.8000002 2.3499999
8.1000004 -7.8000002 2.45
8 -7.8000002 -0.44999999
8 -7.8000002 -0.34999999
8 -7.8000002 -0.25
8 -7.8000002 -0.15000001
8 -7.8000002 -0.050000001
8 -7.8000002 0.050000001
8 -7.8000002 0.15000001
8 -7.8000002 0.25
8 -7.8000002 0.34999999
8 -7.8000002 0.44999999
8 -7.8000002 0.55000001
8 -7.8000002 0.64999998
8 -7.8000002 0.75
8 -7.8000002 0.85000002
8 -7.8000002 0.94999999
8 -7.8000002 1.05
8 -7.8000002 1.15
8 -7.8000002 1.25
8 -7.8000002 1.35
8 -7.8000002 1.45
8 -7.8000002 1.55
8 -7.8000002 1.65
8 -7.8000002 1.75
8 -7.8000002 1.85
8 -7.8000002 1.95
8 -7.8000002 2.05
8 -7.8000002 2.1500001
8 -7.8000002 2.25
8 -7.8000002 2.3499999
8 -7.8000002 2.45
7.9000001 -7.8000002 -0.44999999
7.9000001 -7.8000002 -0.34999999
7.9000001 -7.8000002 -0.25
7.9000001 -7.8000002 -0.15000001
7.9000001 -7.8000002 -0.050000001
7.9000001 -7.8000002 0.050000001
7.9000001 -7.8000002 0.15000001
7.9000001 -7.8000002 0.25
7.9000001 -7.8000002 0.34999999
7.9000001 -7.8000002 0.44999999
7.9000001 -7.8000002 0.55000001
7.9000001 -7.8000002 0.64999998
7.9000001 -7.8000002 0.75
7.9000001 -7.8000002 0.85000002
7.9000001 -7.8000002 0.94999999
7.9000001 -7.8000002 1.05
7.9000001 -7.8000002 1.15
7.9000001 -7.8000002 1.25
7.9000001 -7.8000002 1.35
7.9000001 -7.8000002 1.45
7.9000001 -7.8000002 1.55
7.9000001 -7.8000002 1.65
7.9000001 -7.8000002 1.75
7.9000001 -7.8000002 1.85
7.9000001 -7.8000002 1.95
7.9000001 -7.8000002 2.05
7.9000001 -7.8000002 2.1500001
7.9000001 -7.8000002 2.25
7.9000001 -7.8000002 2.3499999
7.9000001 -7.8000002 2.45
8.1000004 -7.6999998 -0.44999999
8.1000004 -7.6999998 -0.34999999
8.1000004 -7.6999998 -0.25
8.1000004 -7.6999998 -0.15000001
8.1000004 -7.6999998 -0.050000001
8.1000004 -7.6999998 0.050000001
8.1000004 -7.6999998 0.15000001
8.1000004 -7.6999998 0.25
8.1000004 -7.6999998 0.34999999
8.1000004 -7.6999998 0.44999999
8.1000004 -7.6999998 0.55000001
8.1000004 -7.6999998 0.64999998
8.1000004 -7.6999998 0.75
8.1000004 -7.6999998 0.85000002
8.1000004 -7.6999998 0.94999999
8.1000004 -7.6999998 1.05
8.1000004 -7.6999998 1.15
8.1000004 -7.6999998 1.25
8.1000004 -7.6999998 1.35
8.1000004 -7.6999998 1.45
8.1000004 -7.6999998 1.55
8.1000004 -7.6999998 1.65
8.1000004 -7.6999998 1.75
8.1000004 -7.6999998 1.85
8.1000004 -7.6999998 1.95
8.1000004 -7.6999998 2.05
8.1000004 -7.6999998 2.1500001
8.1000004 -7.6999998 2.25
8.1000004 -7.6999998 2.3499999
8.1000004 -7.6999998 2.45
8 -7.6999998 -0.44999999
8 -7.6999998 -0.34999999
8 -7.6999998 -0.25
8 -7.6999998 -0.15000001
8 -7.6999998 -0.050000001
8 -7.6999998 0.050000001
8 -7.6999998 0.15000001
8 -7.6999998 0.25
8 -7.6999998 0.34999999
8 -7.6999998 0.44999999
8 -7.6999998 0.55000001
8 -7.6999998 0.64999998
8 -7.6999998 0.75
8 -7.6999998 0.85000002
8 -7.6999998 0.94999999
8 -7.6999998 1.05
8 -7.6999998 1.15
8 -7.6999998 1.25
8 -7.6999998 1.35
8 -7.6999998 1.45
8 -7.6999998 1.55
8 -7.6999998 1.65
8 -7.6999998 1.75
8 -7.6999998 1.85
8 -7.6999998 1.95
8 -7.6999998 2.05
8 -7.6999998 2.1500001
8 -7.6999998 2.25
8 -7.6999998 2.3499999
8 -7.6999998 2.45
7.9000001 -7.6999998 -0.44999999
7.9000001 -7.6999998 -0.34999999
7.9000001 -7.6999998 -0.25
7.9000001 -7.6999998 -0.15000001
7.9000001 -7.6999998 -0.050000001
7.9000001 -7.6999998 0.050000001
7.9000001 -7.6999998 0.15000001
7.9000001 -7.6999998 0.25
7.9000001 -7.6999998 0.34999999
7.9000001 -7.6999998 0.44999999
7.9000001 -7.6999998 0.55000001
7.9000001 -7.6999998 0.64999998
7.9000001 -7.6999998 0.75
7.9000001 -7.6999998 0.85000002
7.9000001 -7.6999998 0.94999999
7.9000001 -7.6999998 1.05
7.9000001 -7.6999998 1.15
7.9000001 -7.6999998 1.25
7.9000001 -7.6999998 1.35
7.9000001 -7.6999998 1.45
7.9000001 -7.6999998 1.55
7.9000001 -7.6999998 1.65
7.9000001 -7.6999998 1.75
7.9000001 -7.6999998 1.85
7.9000001 -7.6999998 1.95
7.9000001 -7.6999998 2.05
7.9000001 -7.6999998 2.1500001
7.9000001 -7.6999998 2.25
7.9000001 -7.6999998 2.3499999
7.9000001 -7.6999998 2.45
8.1000004 -7.5999999 -0.44999999
8.1000004 -7.5999999 -0.34999999
8.1000004 -7.5999999 -0.25
8.1000004 -7.5999999 -0.15000001
8.1000004 -7.5999999 -0.050000001
8.1000004 -7.5999999 0.050000001
8.1000004 -7.5999999 0.15000001
8.1000004 -7.5999999 0.25
8.1000004 -7.5999999 0.34999999
8.1000004 -7.5999999 0.44999999
8.1000004 -7.5999999 0.55000001
8.1000004 -7.5999999 0.64999998
8.1000004 -7.5999999 0.75
8.1000004 -7.5999999 0.85000002
8.1000004 -7.5999999 0.94999999
8.1000004 -7.5999999 1.05
8.1000004 -7.5999999 1.15
8.1000004 -7.5999999 1.25
8.1000004 -7.5999999 1.35
8.1000004 -7.5999999 1.45
8.1000004 -7.5999999 1.55
8.1000004 -7.5999999 1.65
8.1000004 -7.5999999 1.75
8.1000004 -7.5999999 1.85
8.1000004 -7.5999999 1.95
8.1000004 -7.5999999 2.05
8.1000004 -7.5999999 2.1500001
8.1000004 -7.5999999 2.25
8.1000004 -7.5999999 2.3499999
8.1000004 -7.5999999 2.45
8 -7.5999999 -0.44999999
8 -7.5999999 -0.34999999
8 -7.5999999 -0.25
8 -7.5999999 -0.15000001
8 -7.5999999 -0.050000001
8 -7.5999999 0.050000001
8 -7.5999999 0.15000001
8 -7.5999999 0.25
8 -7.5999999 0.34999999
8 -7.5999999 0.44999999
8 -7.5999999 0.55000001
8 -7.5999999 0.64999998
8 -7.5999999 0.75
8 -7.5999999 0.85000002
8 -7.5999999 0.94999999
8 -7.5999999 1.05
8 -7.5999999 1.15
8 -7.5999999 1.25
8 -7.5999999 1.35
8 -7.5999999 1.45
8 -7.5999999 1.55
8 -7.5999999 1.65
8 -7.5999999 1.75
8 -7.5999999 1.85
8 -7.5999999 1.95
8 -7.5999999 2.05
8 -7.5999999 2.1500001
8 -7.5999999 2.25
8 -7.5999999 2.3499999
8 -7.5999999 2.45
7.9000001 -7.5999999 -0.44999999
7.9000001 -7.5999999 -0.34999999
7.9000001 -7.5999999 -0.25
7.9000001 -7.5999999 -0.15000001
7.9000001 -7.5999999 -0.050000001
7.9000001 -7.5999999 0.050000001
7.9000001 -7.5999999 0.15000001
7.9000001 -7.5999999 0.25
7.9000001 -7.5999999 0.34999999
7.9000001 -7.5999999 0.44999999
7.9000001 -7.5999999 0.55000001
7.9000001 -7.5999999 0.64999998
7.9000001 -7.5999999 0.75
7.9000001 -7.5999999 0.85000002
7.9000001 -7.5999999 0.94999999
7.9000001 -7.5999999 1.05
7.9000001 -7.5999999 1.15
7.9000001 -7.5999999 1.25
7.9000001 -7.5999999 1.35
7.9000001 -7.5999999 1.45
7.9000001 -7.5999999 1.55
7.9000001 -7.5999999 1.65
7.9000001 -7.5999999 1.75
7.9000001 -7.5999999 1.85
7.9000001 -7.5999999 1.95
7.9000001 -7.5999999 2.05
7.9000001 -7.5999999 2.1500001
7.9000001 -7.5999999 2.25
7.9000001 -7.5999999 2.3499999
7.9000001 -7.5999999 2.45
8.1000004 -7.5 -0.44999999
8.1000004 -7.5 -0.34999999
8.1000004 -7.5 -0.25
8.1000004 -7.5 -0.15000001
8.1000004 -7.5 -0.050000001
8.1000004 -7.5 0.050000001
8.1000004 -7.5 0.15000001
8.1000004 -7.5 0.25
8.1000004 -7.5 0.34999999
8.1000004 -7.5 0.44999999
8.1000004 -7.5 0.55000001
8.1000004 -7.5 0.64999998
8.1000004 -7.5 0.75
8.1000004 -7.5 0.85000002
8.1000004 -7.5 0.94999999
8.1000004 -7.5 1.05
8.1000004 -7.5 1.15
8.1000004 -7.5 1.25
8.1000004 -7.5 1.35
8.1000004 -7.5 1.45
8.1000004 -7.5 1.55
8.1000004 -7.5 1.65
8.1000004 -7.5 1.75
8.1000004 -7.5 1.85
8.1000004 -7.5 1.95
8.1000004 -7.5 2.05
8.1000004 -7.5 2.1500001
8.1000004 -7.5 2.25
8.1000004 -7.5 2.3499999
8.1000004 -7.5 2.45
8 -7.5 -0.44999999
8 -7.5 -0.34999999
8 -7.5 -0.25
8 -7.5 -0.15000001
8 -7.5 -0.050000001
8 -7.5 0.050000001
8 -7.5 0.15000001
8 -7.5 0.25
8 -7.5 0.34999999
8 -7.5 0.44999999
8 -7.5 0.55000001
8 -7.5 0.64999998
8 -7.5 0.75
8 -7.5 0.85000002
8 -7.5 0.94999999
8 -7.5 1.05
8 -7.5 1.15
8 -7.5 1.25
8 -7.5 1.35
8 -7.5 1.45
8 -7.5 1.55
8 -7.5 1.65
8 -7.5 1.75
8 -7.5 1.85
8 -7.5 1.95
8 -7.5 2.05
8 -7.5 2.1500001
8 -7.5 2.25
8 -7.5 2.3499999
8 -7.5 2.45
7.9000001 -7.5 -0.44999999
7.9000001 -7.5 -0.34999999
7.9000001 -7.5 -0.25
7.9000001 -7.5 -0.15000001
7.9000001 -7.5 -0.050000001
7.9000001 -7.5 0.050000001
7.9000001 -7.5 0.15000001
7.9000001 -7.5 0.25
7.9000001 -7.5 0.34999999
7.9000001 -7.5 0.44999999
7.9000001 -7.5 0.55000001
7.9000001 -7.5 0.64999998
7.9000001 -7.5 0.75
7.9000001 -7.5 0.85000002
7.9000001 -7.5 0.94999999
7.9000001 -7.5 1.05
7.9000001 -7.5 1.15
7.9000001 -7.5 1.25
7.9000001 -7.5 1.35
7.9000001 -7.5 1.45
7.9000001 -7.5 1.55
7.9000001 -7.5 1.65
7.9000001 -7.5 1.75
7.9000001 -7.5 1.85
7.9000001 -7.5 1.95
7.9000001 -7.5 2.05
7.9000001 -7.5 2.1500001
7.9000001 -7.5 2.25
7.9000001 -7.5 2.3499999
7.9000001 -7.5 2.45
8.1000004 -7.4000001 -0.44999999
8.1000004 -7.4000001 -0.34999999
8.1000004 -7.4000001 -0.25
8.1000004 -7.4000001 -0.15000001
8.1000004 -7.4000001 -0.050000001
8.1000004 -7.4000001 0.050000001
8.1000004 -7.4000001 0.15000001
8.1000004 -7.4000001 0.25
8.1000004 -7.4000001 0.34999999
8.1000004 -7.4000001 0.44999999
8.1000004 -7.4000001 0.55000001
8.1000004 -7.4000001 0.64999998
8.1000004 -7.4000001 0.75
8.1000004 -7.4000001 0.85000002
8.1000004 -7.4000001 0.94999999
8.1000004 -7.4000001 1.05
8.1000004 -7.4000001 1.15
8.1000004 -7.4000001 1.25
8.1000004 -7.4000001 1.35
8.1000004 -7.4000001 1.45
8.1000004 -7.4000001 1.55
8.1000004 -7.4000001 1.65
8.1000004 -7.4000001 1.75
8.1000004 -7.4000001 1.85
8.1000004 -7.4000001 1.95
8.1000004 -7.4000001 2.05
8.1000004 -7.4000001 2.1500001
8.1000004 -7.4000001 2.25
8.1000004 -7.4000001 2.3499999
8.1000004 -7.4000001 2.45
8 -7.4000001 -0.44999999
8 -7.4000001 -0.34999999
8 -7.4000001 -0.25
8 -7.4000001 -0.15000001
8 -7.4000001 -0.050000001
8 -7.4000001 0.050000001
8 -7.4000001 0.15000001
8 -7.4000001 0.25
8 -7.4000001 0.34999999
8 -7.4000001 0.44999999
8 -7.4000001 0.55000001
8 -7.4000001 0.64999998
8 -7.4000001 0.75
8 -7.4000001 0.85000002
8 -7.4000001 0.94999999
8 -7.4000001 1.05
8 -7.4000001 1.15
8 -7.4000001 1.25
8 -7.4000001 1.35
8 -7.4000001 1.45
8 -7.4000001 1.55
8 -7.4000001 1.65
8 -7.4000001 1.75
8 -7.4000001 1.85
8 -7.4000001 1.95
8 -7.4000001 2.05
8 -7.4000001 2.1500001
8 -7.4000001 2.25
8 -7.4000001 2.3499999
8 -7.4000001 2.45
7.9000001 -7.4000001 -0.44999999
7.9000001 -7.4000001 -0.34999999
7.9000001 -7.4000001 -0.25
7.9000001 -7.4000001 -0.15000001
7.9000001 -7.4000001 -0.050000001
7.9000001 -7.4000001 0.050000001
7.9000001 -7.4000001 0.15000001
7.9000001 -7.4000001 0.25
7.9000001 -7.4000001 0.34999999
7.9000001 -7.4000001 0.44999999
7.9000001 -7.4000001 0.55000001
7.9000001 -7.4000001 0.64999998
7.9000001 -7.4000001 0.75
7.9000001 -7.4000001 0.85000002
7.9000001 -7.4000001 0.94999999
7.9000001 -7.4000001 1.05
7.9000001 -7.4000001 1.15
7.9000001 -7.4000001 1.25
7.9000001 -7.4000001 1.35
7.9000001 -7.4000001 1.45
7.9000001 -7.4000001 1.55
7.9000001 -7.4000001 1.65
7.9000001 -7.4000001 1.75
7.9000001 -7.4000001 1.85
7.9000001 -7.4000001 1.95
7.9000001 -7.4000001 2.05
7.9000001 -7.4000001 2.1500001
7.9000001 -7.4000001 2.25
7.9000001 -7.4000001 2.3499999
7.9000001 -7.4000001 2.45
8.1000004 -7.3000002 -0.44999999
8.1000004 -7.3000002 -0.34999999
8.1000004 -7.3000002 -0.25
8.1000004 -7.3000002 -0.15000001
8.1000004 -7.3000002 -0.050000001
8.1000004 -7.3000002 0.050000001
8.1000004 -7.3000002 0.15000001
8.1000004 -7.3000002 0.25
8.1000004 -7.3000002 0.34999999
8.1000004 -7.3000002 0.44999999
8.1000004 -7.3000002 0.55000001
8.1000004 -7.3000002 0.64999998
8.1000004 -7.3000002 0.75
8.1000004 -7.3000002 0.85000002
8.1000004 -7.3000002 0.94999999
8.1000004 -7.3000002 1.05
8.1000004 -7.3000002 1.15
8.1000004 -7.3000002 1.25
8.1000004 -7.3000002 1.35
8.1000004 -7.3000002 1.45
8.1000004 -7.3000002 1.55
8.1000004 -7.3000002 1.65
8.1000004 -7.3000002 1.75
8.1000004 -7.3000002 1.85
8.1000004 -7.3000002 1.95
8.1000004 -7.3000002 2.05
8.1000004 -7.3000002 2.1500001
8.1000004 -7.3000002 2.25
8.1000004 -7.3000002 2.3499999
8.1000004 -7.3000002 2.45
8 -7.3000002 -0.44999999
8 -7.3000002 -0.34999999
8 -7.3000002 -0.25
8 -7.3000002 -0.15000001
8 -7.3000002 -0.050000001
8 -7.3000002 0.050000001
8 -7.3000002 0.15000001
8 -7.3000002 0.25
8 -7.3000002 0.34999999
8 -7.3000002 0.44999999
8 -7.3000002 0.55000001
8 -7.3000002 0.64999998
8 -7.3000002 0.75
8 -7.3000002 0.85000002
8 -7.3000002 0.94999999
8 -7.3000002 1.05
8 -7.3000002 1.15
8 -7.3000002 1.25
8 -7.3000002 1.35
8 -7.3000002 1.45
8 -7.3000002 1.55
8 -7.3000002 1.65
8 -7.3000002 1.75
8 -7.3000002 1.85
8 -7.3000002 1.95
8 -7.3000002 2.05
8 -7.3000002 2.1500001
8 -7.3000002 2.25
8 -7.3000002 2.3499999
8 -7.3000002 2.45
7.9000001 -7.3000002 -0.44999999
7.9000001 -7.3000002 -0.34999999
7.9000001 -7.3000002 -0.25
7.9000001 -7.3000002 -0.15000001
7.9000001 -7.3000002 -0.050000001
7.9000001 -7.3000002 0.050000001
7.9000001 -7.3000002 0.15000001
7.9000001 -7.3000002 0.25
7.9000001 -7.3000002 0.34999999
7.9000001 -7.3000002 0.44999999
7.9000001 -7.3000002 0.55000001
7.9000001 -7.3000002 0.64999998
7.9000001 -7.3000002 0.75
7.9000001 -7.3000002 0.85000002
7.9000001 -7.3000002 0.94999999
7.9000001 -7.3000002 1.05
7.9000001 -7.3000002 1.15
7.9000001 -7.3000002 1.25
7.9000001 -7.3000002 1.35
7.9000001 -7.3000002 1.45
7.9000001 -7.3000002 1.55
7.9000001 -7.3000002 1.65
7.9000001 -7.3000002 1.75
7.9000001 -7.3000002 1.85
7.9000001 -7.3000002 1.95
7.9000001 -7.3000002 2.05
7.9000001 -7.3000002 2.1500001
7.9000001 -7.3000002 2.25
7.9000001 -7.3000002 2.3499999
7.9000001 -7.3000002 2.45
8.1000004 -7.1999998 -0.44999999
8.1000004 -7.1999998 -0.34999999
8.1000004 -7.1999998 -0.25
8.1000004 -7.1999998 -0.15000001
8.1000004 -7.1999998 -0.050000001
8.1000004 -7.1999998 0.050000001
8.1000004 -7.1999998 0.15000001
8.1000004 -7.1999998 0.25
8.1000004 -7.1999998 0.34999999
8.1000004 -7.1999998 0.44999999
8.1000004 -7.1999998 0.55000001
8.1000004 -7.1999998 0.64999998
8.1000004 -7.1999998 0.75
8.1000004 -7.1999998 0.85000002
8.1000004 -7.1999998 0.94999999
8.1000004 -7.1999998 1.05
8.1000004 -7.1999998 1.15
8.1000004 -7.1999998 1.25
8.1000004 -7.1999998 1.35
8.1000004 -7.1999998 1.45
8.1000004 -7.1999998 1.55
8.1000004 -7.1999998 1.65
8.1000004 -7.1999998 1.75
8.1000004 -7.1999998 1.85
8.1000004 -7.1999998 1.95
8.1000004 -7.1999998 2.05
8.1000004 -7.1999998 2.1500001
8.1000004 -7.1999998 2.25
8.1000004 -7.1999998 2.3499999
8.1000004 -7.1999998 2.45
8 -7.1999998 -0.44999999
8 -7.1999998 -0.34999999
8 -7.1999998 -0.25
8 -7.1999998 -0.15000001
8 -7.1999998 -0.050000001
8 -7.1999998 0.050000001
8 -7.1999998 0.15000001
8 -7.1999998 0.25
8 -7.1999998 0.34999999
8 -7.1999998 0.44999999
8 -7.1999998 0.55000001
8 -7.1999998 0.64999998
8 -7.1999998 0.75
8 -7.1999998 0.85000002
8 -7.1999998 0.94999999
8 -7.1999998 1.05
8 -7.1999998 1.15
8 -7.1999998 1.25
8 -7.1999998 1.35
8 -7.1999998 1.45
8 -7.1999998 1.55
8 -7.1999998 1.65
8 -7.1999998 1.75
8 -7.1999998 1.85
8 -7.1999998 1.95
8 -7.1999998 2.05
8 -7.1999998 2.1500001
8 -7.1999998 2.25
8 -7.1999998 2.3499999
8 -7.1999998 2.45
7.9000001 -7.1999998 -0.44999999
7.9000001 -7.1999998 -0.34999999
7.9000001 -7.1999998 -0.25
7.9000001 -7.1999998 -0.15000001
7.9000001 -7.1999998 -0.050000001
7.9000001 -7.1999998 0.050000001
7.9000001 -7.1999998 0.15000001
7.9000001 -7.1999998 0.25
7.9000001 -7.1999998 0.34999999
7.9000001 -7.1999998 0.44999999
7.9000001 -7.1999998 0.55000001
7.9000001 -7.1999998 0.64999998
7.9000001 -7.1999998 0.75
7.9000001 -7.1999998 0.85000002
7.9000001 -7.1999998 0.94999999
7.9000001 -7.1999998 1.05
7.9000001 -7.1999998 1.15
7.9000001 -7.1999998 1.25
7.9000001 -7.1999998 1.35
7.9000001 -7.1999998 1.45
7.9000001 -7.1999998 1.55
7.9000001 -7.1999998 1.65
7.9000001 -7.1999998 1.75
7.9000001 -7.1999998 1.85
7.9000001 -7.1999998 1.95
7.9000001 -7.1999998 2.05
7.9000001 -7.1999998 2.1500001
7.9000001 -7.1999998 2.25
7.9000001 -7.1999998 2.3499999
7.9000001 -7.1999998 2.45
8.1000004 -7.0999999 -0.44999999
8.1000004 -7.0999999 -0.34999999
8.1000004 -7.0999999 -0.25
8.1000004 -7.0999999 -0.15000001
8.1000004 -7.0999999 -0.050000001
8.1000004 -7.0999999 0.050000001
8.1000004 -7.0999999 0.15000001
8.1000004 -7.0999999 0.25
8.1000004 -7.0999999 0.34999999
8.1000004 -7.0999999 0.44999999
8.1000004 -7.0999999 0.55000001
8.1000004 -7.0999999 0.64999998
8.1000004 -7.0999999 0.75
8.1000004 -7.0999999 0.85000002
8.1000004 -7.0999999 0.94999999
8.1000004 -7.0999999 1.05
8.1000004 -7.0999999 1.15
8.1000004 -7.0999999 1.25
8.1000004 -7.0999999 1.35
8.1000004 -7.0999999 1.45
8.1000004 -7.0999999 1.55
8.1000004 -7.0999999 1.65
8.1000004 -7.0999999 1.75
8.1000004 -7.0999999 1.85
8.1000004 -7.0999999 1.95
8.1000004 -7.0999999 2.05
8.1000004 -7.0999999 2.1500001
8.1000004 -7.0999999 2.25
8.1000004 -7.0999999 2.3499999
8.1000004 -7.0999999 2.45
8 -7.0999999 -0.44999999
8 -7.0999999 -0.34999999
8 -7.0999999 -0.25
8 -7.0999999 -0.15000001
8 -7.0999999 -0.050000001
8 -7.0999999 0.050000001
8 -7.0999999 0.15000001
8 -7.0999999 0.25
8 -7.0999999 0.34999999
8 -7.0999999 0.44999999
8 -7.0999999 0.55000001
8 -7.0999999 0.64999998
8 -7.0999999 0.75
8 -7.0999999 0.85000002
8 -7.0999999 0.94999999
8 -7.0999999 1.05
8 -7.0999999 1.15
8 -7.0999999 1.25
8 -7.0999999 1.35
8 -7.0999999 1.45
8 -7.0999999 1.55
8 -7.0999999 1.65
8 -7.0999999 1.75
8 -7.0999999 1.85
8 -7.0999999 1.95
8 -7.0999999 2.05
8 -7.0999999 2.1500001
8 -7.0999999 2.25
8 -7.0999999 2.3499999
8 -7.0999999 2.45
7.9000001 -7.0999999 -0.44999999
7.9000001 -7.0999999 -0.34999999
7.9000001 -7.0999999 -0.25
7.9000001 -7.0999999 -0.15000001
7.9000001 -7.0999999 -0.050000001
7.9000001 -7.0999999 0.050000001
7.9000001 -7.0999999 0.15000001
7.9000001 -7.0999999 0.25
7.9000001 -7.0999999 0.34999999
7.9000001 -7.0999999 0.44999999
7.9000001 -7.0999999 0.55000001
7.9000001 -7.0999999 0.64999998
7.9000001 -7.0999999 0.75
7.9000001 -7.0999999 0.85000002
7.9000001 -7.0999999 0.94999999
7.9000001 -7.0999999 1.05
7.9000001 -7.0999999 1.15
7.9000001 -7.0999999 1.25
7.9000001 -7.0999999 1.35
7.9000001 -7.0999999 1.45
7.9000001 -7.0999999 1.55
7.9000001 -7.0999999 1.65
7.9000001 -7.0999999 1.75
7.9000001 -7.0999999 1.85
7.9000001 -7.0999999 1.95
7.9000001 -7.0999999 2.05
7.9000001 -7.0999999 2.1500001
7.9000001 -7.0999999 2.25
7.9000001 -7.0999999 2.3499999
7.9000001 -7.0999999 2.45
8.1000004 -7 -0.44999999
8.1000004 -7 -0.34999999
8.1000004 -7 -0.25
8.1000004 -7 -0.15000001
8.1000004 -7 -0.050000001
8.1000004 -7 0.050000001
8.1000004 -7 0.15000001
8.1000004 -7 0.25
8.1000004 -7 0.34999999
8.1000004 -7 0.44999999
8.1000004 -7 0.55000001
8.1000004 -7 0.64999998
8.1000004 -7 0.75
8.1000004 -7 0.85000002
8.1000004 -7 0.94999999
8.1000004 -7 1.05
8.1000004 -7 1.15
8.1000004 -7 1.25
8.1000004 -7 1.35
8.1000004 -7 1.45
8.1000004 -7 1.55
8.1000004 -7 1.65
8.1000004 -7 1.75
8.1000004 -7 1.85
8.1000004 -7 1.95
8.1000004 -7 2.05
8.1000004 -7 2.1500001
8.1000004 -7 2.25
8.1000004 -7 2.3499999
8.1000004 -7 2.45
8 -7 -0.44999999
8 -7 -0.34999999
8 -7 -0.25
8 -7 -0.15000001
8 -7 -0.050000001
8 -7 0.050000001
8 -7 0.15000001
8 -7 0.25
8 -7 0.34999999
8 -7 0.44999999
8 -7 0.55000001
8 -7 0.64999998
8 -7 0.75
8 -7 0.85000002
8 -7 0.94999999
8 -7 1.05
8 -7 1.15
8 -7 1.25
8 -7 1.35
8 -7 1.45
8 -7 1.55
8 -7 1.65
8 -7 1.75
8 -7 1.85
8 -7 1.95
8 -7 2.05
8 -7 2.1500001
8 -7 2.25
8 -7 2.3499999
8 -7 2.45
7.9000001 -7 -0.44999999
7.9000001 -7 -0.34999999
7.9000001 -7 -0.25
7.9000001 -7 -0.15000001
7.9000001 -7 -0.050000001
7.9000001 -7 0.050000001
7.9000001 -7 0.15000001
7.9000001 -7 0.25
7.9000001 -7 0.34999999
7.9000001 -7 0.44999999
7.9000001 -7 0.55000001
7.9000001 -7 0.64999998
7.9000001 -7 0.75
7.9000001 -7 0.85000002
7.9000001 -7 0.94999999
7.9000001 -7 1.05
7.9000001 -7 1.15
7.9000001 -7 1.25
7.9000001 -7 1.35
7.9000001 -7 1.45
7.9000001 -7 1.55
7.9000001 -7 1.65
7.9000001 -7 1.75
7.9000001 -7 1.85
7.9000001 -7 1.95
7.9000001 -7 2.05
7.9000001 -7 2.1500001
7.9000001 -7 2.25
7.9000001 -7 2.3499999
7.9000001 -7 2.45
8.1000004 -6.9000001 -0.44999999
8.1000004 -6.9000001 -0.34999999
8.1000004 -6.9000001 -0.25
8.1000004 -6.9000001 -0.15000001
8.1000004 -6.9000001 -0.050000001
8.1000004 -6.9000001 0.050000001
8.1000004 -6.9000001 0.15000001
8.1000004 -6.9000001 0.25
8.1000004 -6.9000001 0.34999999
8.1000004 -6.9000001 0.44999999
8.1000004 -6.9000001 0.55000001
8.1000004 -6.9000001 0.64999998
8.1000004 -6.9000001 0.75
8.1000004 -6.9000001 0.85000002
8.1000004 -6.9000001 0.94999999
8.1000004 -6.9000001 1.05
8.1000004 -6.9000001 1.15
8.1000004 -6.9000001 1.25
8.1000004 -6.9000001 1.35
8.1000004 -6.9000001 1.45
8.1000004 -6.9000001 1.55
8.1000004 -6.9000001 1.65
8.1000004 -6.9000001 1.75
8.1000004 -6.9000001 1.85
8.1000004 -6.9000001 1.95
8.1000004 -6.9000001 2.05
8.1000004 -6.9000001 2.1500001
8.1000004 -6.9000001 2.25
8.1000004 -6.9000001 2.3499999
8.1000004 -6.9000001 2.45
8 -6.9000001 -0.44999999
8 -6.9000001 -0.34999999
8 -6.9000001 -0.25
8 -6.9000001 -0.15000001
8 -6.9000001 -0.050000001
8 -6.9000001 0.050000001
8 -6.9000001 0.15000001
8 -6.9000001 0.25
8 -6.9000001 0.34999999
8 -6.9000001 0.44999999
8 -6.9000001 0.55000001
8 -6.9000001 0.64999998
8 -6.9000001 0.75
8 -6.9000001 0.85000002
8 -6.9000001 0.94999999
8 -6.9000001 1.05
8 -6.9000001 1.15
8 -6.9000001 1.25
8 -6.9000001 1.35
8 -6.9000001 1.45
8 -6.9000001 1.55
8 -6.9000001 1.65
8 -6.9000001 1.75
8 -6.9000001 1.85
8 -6.9000001 1.95
8 -6.9000001 2.05
8 -6.9000001 2.1500001
8 -6.9000001 2.25
8 -6.9000001 2.3499999
8 -6.9000001 2.45
7.9000001 -6.9000001 -0.44999999
7.9000001 -6.9000001 -0.34999999
7.9000001 -6.9000001 -0.25
7.9000001 -6.9000001 -0.15000001
7.9000001 -6.9000001 -0.050000001
7.9000001 -6.9000001 0.050000001
7.9000001 -6.9000001 0.15000001
7.9000001 -6.9000001 0.25
7.9000001 -6.9000001 0.34999999
7.9000001 -6.9000001 0.44999999
7.9000001 -6.9000001 0.55000001
7.9000001 -6.9000001 0.64999998
7.9000001 -6.9000001 0.75
7.9000001 -6.9000001 0.85000002
7.9000001 -6.9000001 0.94999999
7.9000001 -6.9000001 1.05
7.9000001 -6.9000001 1.15
7.9000001 -6.9000001 1.25
7.9000001 -6.9000001 1.35
7.9000001 -6.9000001 1.45
7.9000001 -6.9000001 1.55
7.9000001 -6.9000001 1.65
7.9000001 -6.9000001 1.75
7.9000001 -6.9000001 1.85
7.9000001 -6.9000001 1.95
7.9000001 -6.9000001 2.05
7.9000001 -6.9000001 2.1500001
7.9000001 -6.9000001 2.25
7.9000001 -6.9000001 2.3499999
7.9000001 -6.9000001 2.45
8.1000004 -6.8000002 -0.44999999
8.1000004 -6.8000002 -0.34999999
8.1000004 -6.8000002 -0.25
8.1000004 -6.8000002 -0.15000001
8.1000004 -6.8000002 -0.050000001
8.1000004 -6.8000002 0.050000001
8.1000004 -6.8000002 0.15000001
8.1000004 -6.8000002 0.25
8.1000004 -6.8000002 0.34999999
8.1000004 -6.8000002 0.44999999
8.1000004 -6.8000002 0.55000001
8.1000004 -6.8000002 0.64999998
8.1000004 -6.8000002 0.75
8.1000004 -6.8000002 0.85000002
8.1000004 -6.8000002 0.94999999
8.1000004 -6.8000002 1.05
8.1000004 -6.8000002 1.15
8.1000004 -6.8000002 1.25
8.1000004 -6.8000002 1.35
8.1000004 -6.8000002 1.45
8.1000004 -6.8000002 1.55
8.1000004 -6.8000002 1.65
8.1000004 -6.8000002 1.75
8.1000004 -6.8000002 1.85
8.1000004 -6.8000002 1.95
8.1000004 -6.8000002 2.05
8.1000004 -6.8000002 2.1500001
8.1000004 -6.8000002 2.25
8.1000004 -6.8000002 2.3499999
8.1000004 -6.8000002 2.45
8 -6.8000002 -0.44999999
8 -6.8000002 -0.34999999
8 -6.8000002 -0.25
8 -6.8000002 -0.15000001
8 -6.8000002 -0.050000001
8 -6.8000002 0.050000001
8 -6.8000002 0.15000001
8 -6.8000002 0.25
8 -6.8000002 0.34999999
8 -6.8000002 0.44999999
8 -6.8000002 0.55000001
8 -6.8000002 0.64999998
8 -6.8000002 0.75
8 -6.8000002 0.85000002
8 -6.8000002 0.94999999
8 -6.8000002 1.05
8 -6.8000002 1.15
8 -6.8000002 1.25
8 -6.8000002 1.35
8 -6.8000002 1.45
8 -6.8000002 1.55
8 -6.8000002 1.65
8 -6.8000002 1.75
8 -6.8000002 1.85
8 -6.8000002 1.95
8 -6.8000002 2.05
8 -6.8000002 2.1500001
8 -6.8000002 2.25
8 -6.8000002 2.3499999
8 -6.8000002 2.45
7.9000001 -6.8000002 -0.44999999
7.9000001 -6.8000002 -0.34999999
7.9000001 -6.8000002 -0.25
7.9000001 -6.8000002 -0.15000001
7.9000001 -6.8000002 -0.050000001
7.9000001 -6.8000002 0.050000001
7.9000001 -6.8000002 0.15000001
7.9000001 -6.8000002 0.25
7.9000001 -6.8000002 0.34999999
7.9000001 -6.8000002 0.44999999
7.9000001 -6.8000002 0.55000001
7.9000001 -6.8000002 0.64999998
7.9000001 -6.8000002 0.75
7.9000001 -6.8000002 0.85000002
7.9000001 -6.8000002 0.94999999
7.9000001 -6.8000002 1.05
7.9000001 -6.8000002 1.15
7.9000001 -6.8000002 1.25
7.9000001 -6.8000002 1.35
7.9000001 -6.8000002 1.45
7.9000001 -6.8000002 1.55
7.9000001 -6.8000002 1.65
7.9000001 -6.8000002 1.75
7.9000001 -6.8000002 1.85
7.9000001 -6.8000002 1.95
7.9000001 -6.8000002 2.05
7.9000001 -6.8000002 2.1500001
7.9000001 -6.8000002 2.25
7.9000001 -6.8000002 2.3499999
7.9000001 -6.8000002 2.45
8.1000004 -6.6999998 -0.44999999
8.1000004 -6.6999998 -0.34999999
8.1000004 -6.6999998 -0.25
8.1000004 -6.6999998 -0.15000001
8.1000004 -6.6999998 -0.050000001
8.1000004 -6.6999998 0.050000001
8.1000004 -6.6999998 0.15000001
8.1000004 -6.6999998 0.25
8.1000004 -6.6999998 0.34999999
8.1000004 -6.6999998 0.44999999
8.1000004 -6.6999998 0.55000001
8.1000004 -6.6999998 0.64999998
8.1000004 -6.6999998 0.75
8.1000004 -6.6999998 0.85000002
8.1000004 -6.6999998 0.94999999
8.1000004 -6.6999998 1.05
8.1000004 -6.6999998 1.15
8.1000004 -6.6999998 1.25
8.1000004 -6.6999998 1.35
8.1000004 -6.6999998 1.45
8.1000004 -6.6999998 1.55
8.1000004 -6.6999998 1.65
8.1000004 -6.6999998 1.75
8.1000004 -6.6999998 1.85
8.1000004 -6.6999998 1.95
8.1000004 -6.6999998 2.05
8.1000004 -6.6999998 2.1500001
8.1000004 -6.6999998 2.25
8.1000004 -6.6999998 2.3499999
8.1000004 -6.6999998 2.45
8 -6.6999998 -0.44999999
8 -6.6999998 -0.34999999
8 -6.6999998 -0.25
8 -6.6999998 -0.15000001
8 -6.6999998 -0.050000001
8 -6.6999998 0.050000001
8 -6.6999998 0.15000001
8 -6.6999998 0.25
8 -6.6999998 0.34999999
8 -6.6999998 0.44999999
8 -6.6999998 0.55000001
8 -6.6999998 0.64999998
8 -6.6999998 0.75
8 -6.6999998 0.85000002
8 -6.6999998 0.94999999
8 -6.6999998 1.05
8 -6.6999998 1.15
8 -6.6999998 1.25
8 -6.6999998 1.35
8 -6.6999998 1.45
8 -6.6999998 1.55
8 -6.6999998 1.65
8 -6.6999998 1.75
8 -6.6999998 1.85
8 -6.6999998 1.95
8 -6.6999998 2.05
8 -6.6999998 2.1500001
8 -6.6999998 2.25
8 -6.6999998 2.3499999
8 -6.6999998 2.45
7.9000001 -6.6999998 -0.44999999
7.9000001 -6.6999998 -0.34999999
7.9000001 -6.6999998 -0.25
7.9000001 -6.6999998 -0.15000001
7.9000001 -6.6999998 -0.050000001
7.9000001 -6.6999998 0.050000001
7.9000001 -6.6999998 0.15000001
7.9000001 -6.6999998 0.25
7.9000001 -6.6999998 0.34999999
7.9000001 -6.6999998 0.44999999
7.9000001 -6.6999998 0.55000001
7.9000001 -6.6999998 0.64999998
7.9000001 -6.6999998 0.75
7.9000001 -6.6999998 0.85000002
7.9000001 -6.6999998 0.94999999
7.9000001 -6.6999998 1.05
7.9000001 -6.6999998 1.15
7.9000001 -6.6999998 1.25
7.9000001 -6.6999998 1.35
7.9000001 -6.6999998 1.45
7.9000001 -6.6999998 1.55
7.9000001 -6.6999998 1.65
7.9000001 -6.6999998 1.75
7.9000001 -6.6999998 1.85
7.9000001 -6.6999998 1.95
7.9000001 -6.6999998 2.05
7.9000001 -6.6999998 2.1500001
7.9000001 -6.6999998 2.25
7.9000001 -6.6999998 2.3499999
7.9000001 -6.6999998 2.45
8.1000004 -6.5999999 -0.44999999
8.1000004 -6.5999999 -0.34999999
8.1000004 -6.5999999 -0.25
8.1000004 -6.5999999 -0.15000001
8.1000004 -6.5999999 -0.050000001
8.1000004 -6.5999999 0.050000001
8.1000004 -6.5999999 0.15000001
8.1000004 -6.5999999 0.25
8.1000004 -6.5999999 0.34999999
8.1000004 -6.5999999 0.44999999
8.1000004 -6.5999999 0.55000001
8.1000004 -6.5999999 0.64999998
8.1000004 -6.5999999 0.75
8.1000004 -6.5999999 0.85000002
8.1000004 -6.5999999 0.94999999
8.1000004 -6.5999999 1.05
8.1000004 -6.5999999 1.15
8.1000004 -6.5999999 1.25
8.1000004 -6.5999999 1.35
8.1000004 -6.5999999 1.45
8.1000004 -6.5999999 1.55
8.1000004 -6.5999999 1.65
8.1000004 -6.5999999 1.75
8.1000004 -6.5999999 1.85
8.1000004 -6.5999999 1.95
8.1000004 -6.5999999 2.05
8.1000004 -6.5999999 2.1500001
8.1000004 -6.5999999 2.25
8.1000004 -6.5999999 2.3499999
8.1000004 -6.5999999 2.45
8 -6.5999999 -0.44999999
8 -6.5999999 -0.34999999
8 -6.5999999 -0.25
8 -6.5999999 -0.15000001
8 -6.5999999 -0.050000001
8 -6.5999999 0.050000001
8 -6.5999999 0.15000001
8 -6.5999999 0.25
8 -6.5999999 0.34999999
8 -6.5999999 0.44999999
8 -6.5999999 0.55000001
8 -6.5999999 0.64999998
8 -6.5999999 0.75
8 -6.5999999 0.85000002
8 -6.5999999 0.94999999
8 -6.5999999 1.05
8 -6.5999999 1.15
8 -6.5999999 1.25
8 -6.5999999 1.35
8 -6.5999999 1.45
8 -6.5999999 1.55
8 -6.5999999 1.65
8 -6.5999999 1.75
8 -6.5999999 1.85
8 -6.5999999 1.95
8 -6.5999999 2.05
8 -6.5999999 2.1500001
8 -6.5999999 2.25
8 -6.5999999 2.3499999
8 -6.5999999 2.45
7.9000001 -6.5999999 -0.44999999
7.9000001 -6.5999999 -0.34999999
7.9000001 -6.5999999 -0.25
7.9000001 -6.5999999 -0.15000001
7.9000001 -6.5999999 -0.050000001
7.9000001 -6.5999999 0.050000001
7.9000001 -6.5999999 0.15000001
7.9000001 -6.5999999 0.25
7.9000001 -6.5999999 0.34999999
7.9000001 -6.5999999 0.44999999
7.9000001 -6.5999999 0.55000001
7.9000001 -6.5999999 0.64999998
7.9000001 -6.5999999 0.75
7.9000001 -6.5999999 0.85000002
7.9000001 -6.5999999 0.94999999
7.9000001 -6.5999999 1.05
7.9000001 -6.5999999 1.15
7.9000001 -6.5999999 1.25
7.9000001 -6.5999999 1.35
7.9000001 -6.5999999 1.45
7.9000001 -6.5999999 1.55
7.9000001 -6.5999999 1.65
7.9000001 -6.5999999 1.75
7.9000001 -6.5999999 1.85
7.9000001 -6.5999999 1.95
7.9000001 -6.5999999 2.05
7.9000001 -6.5999999 2.1500001
7.9000001 -6.5999999 2.25
7.9000001 -6.5999999 2.3499999
7.9000001 -6.5999999 2.45
8.1000004 -6.5 -0.44999999
8.1000004 -6.5 -0.34999999
8.1000004 -6.5 -0.25
8.1000004 -6.5 -0.15000001
8.1000004 -6.5 -0.050000001
8.1000004 -6.5 0.050000001
8.1000004 -6.5 0.15000001
8.1000004 -6.5 0.25
8.1000004 -6.5 0.34999999
8.1000004 -6.5 0.44999999
8.1000004 -6.5 0.55000001
8.1000004 -6.5 0.64999998
8.1000004 -6.5 0.75
8.1000004 -6.5 0.85000002
8.1000004 -6.5 0.94999999
8.1000004 -6.5 1.05
8.1000004 -6.5 1.15
8.1000004 -6.5 1.25
8.1000004 -6.5 1.35
8.1000004 -6.5 1.45
8.1000004 -6.5 1.55
8.1000004 -6.5 1.65
8.1000004 -6.5 1.75
8.1000004 -6.5 1.85
8.1000004 -6.5 1.95
8.1000004 -6.5 2.05
8.1000004 -6.5 2.1500001
8.1000004 -6.5 2.25
8.1000004 -6.5 2.3499999
8.1000004 -6.5 2.45
8 -6.5 -0.44999999
8 -6.5 -0.34999999
8 -6.5 -0.25
8 -6.5 -0.15000001
8 -6.5 -0.050000001
8 -6.5 0.050000001
8 -6.5 0.15000001
8 -6.5 0.25
8 -6.5 0.34999999
8 -6.5 0.44999999
8 -6.5 0.55000001
8 -6.5 0.64999998
8 -6.5 0.75
8 -6.5 0.85000002
8 -6.5 0.94999999
8 -6.5 1.05
8 -6.5 1.15
8 -6.5 1.25
8 -6.5 1.35
8 -6.5 1.45
8 -6.5 1.55
8 -6.5 1.65
8 -6.5 1.75
8 -6.5 1.85
8 -6.5 1.95
8 -6.5 2.05
8 -6.5 2.1500001
8 -6.5 2.25
8 -6.5 2.3499999
8 -6.5 2.45
7.9000001 -6.5 -0.44999999
7.9000001 -6.5 -0.34999999
7.9000001 -6.5 -0.25
7.9000001 -6.5 -0.15000001
7.9000001 -6.5 -0.050000001
7.9000001 -6.5 0.050000001
7.9000001 -6.5 0.15000001
7.9000001 -6.5 0.25
7.9000001 -6.5 0.34999999
7.9000001 -6.5 0.44999999
7.9000001 -6.5 0.55000001
7.9000001 -6.5 0.64999998
7.9000001 -6.5 0.75
7.9000001 -6.5 0.85000002
7.9000001 -6.5 0.94999999
7.9000001 -6.5 1.05
7.9000001 -6.5 1.15
7.9000001 -6.5 1.25
7.9000001 -6.5 1.35
7.9000001 -6.5 1.45
7.9000001 -6.5 1.55
7.9000001 -6.5 1.65
7.9000001 -6.5 1.75
7.9000001 -6.5 1.85
7.9000001 -6.5 1.95
7.9000001 -6.5 2.05
7.9000001 -6.5 2.1500001
7.9000001 -6.5 2.25
7.9000001 -6.5 2.3499999
7.9000001 -6.5 2.45
8.1000004 -6.4000001 -0.44999999
8.1000004 -6.4000001 -0.34999999
8.1000004 -6.4000001 -0.25
8.1000004 -6.4000001 -0.15000001
8.1000004 -6.4000001 -0.050000001
8.1000004 -6.4000001 0.050000001
8.1000004 -6.4000001 0.15000001
8.1000004 -6.4000001 0.25
8.1000004 -6.4000001 0.34999999
8.1000004 -6.4000001 0.44999999
8.1000004 -6.4000001 0.55000001
8.1000004 -6.4000001 0.64999998
8.1000004 -6.4000001 0.75
8.1000004 -6.4000001 0.85000002
8.1000004 -6.4000001 0.94999999
8.1000004 -6.4000001 1.05
8.1000004 -6.4000001 1.15
8.1000004 -6.4000001 1.25
8.1000004 -6.4000001 1.35
8.1000004 -6.4000001 1.45
8.1000004 -6.4000001 1.55
8.1000004 -6.4000001 1.65
8.1000004 -6.4000001 1.75
8.1000004 -6.4000001 1.85
8.1000004 -6.4000001 1.95
8.1000004 -6.4000001 2.05
8.1000004 -6.4000001 2.1500001
8.1000004 -6.4000001 2.25
8.1000004 -6.4000001 2.3499999
8.1000004 -6.4000001 2.45
8 -6.4000001 -0.44999999
8 -6.4000001 -0.34999999
8 -6.4000001 -0.25
8 -6.4000001 -0.15000001
8 -6.4000001 -0.050000001
8 -6.4000001 0.050000001
8 -6.4000001 0.15000001
8 -6.4000001 0.25
8 -6.4000001 0.34999999
8 -6.4000001 0.44999999
8 -6.4000001 0.55000001
8 -6.4000001 0.64999998
8 -6.4000001 0.75
8 -6.4000001 0.85000002
8 -6.4000001 0.94999999
8 -6.4000001 1.05
8 -6.4000001 1.15
8 -6.4000001 1.25
8 -6.4000001 1.35
8 -6.4000001 1.45
8 -6.4000001 1.55
8 -6.4000001 1.65
8 -6.4000001 1.75
8 -6.4000001 1.85
8 -6.4000001 1.95
8 -6.4000001 2.05
8 -6.4000001 2.1500001
8 -6.4000001 2.25
8 -6.4000001 2.3499999
8 -6.4000001 2.45
7.9000001 -6.4000001 -0.44999999
7.9000001 -6.4000001 -0.34999999
7.9000001 -6.4000001 -0.25
7.9000001 -6.4000001 -0.15000001
7.9000001 -6.4000001 -0.050000001
7.9000001 -6.4000001 0.050000001
7.9000001 -6.4000001 0.15000001
7.9000001 -6.4000001 0.25
7.9000001 -6.4000001 0.34999999
7.9000001 -6.4000001 0.44999999
7.9000001 -6.4000001 0.55000001
7.9000001 -6.4000001 0.64999998
7.9000001 -6.4000001 0.75
7.9000001 -6.4000001 0.85000002
7.9000001 -6.4000001 0.94999999
7.9000001 -6.4000001 1.05
7.9000001 -6.4000001 1.15
7.9000001 -6.4000001 1.25
7.9000001 -6.4000001 1.35
7.9000001 -6.4000001 1.45
7.9000001 -6.4000001 1.55
7.9000001 -6.4000001 1.65
7.9000001 -6.4000001 1.75
7.9000001 -6.4000001 1.85
7.9000001 -6.4000001 1.95
7.9000001 -6.4000001 2.05
7.9000001 -6.4000001 2.1500001
7.9000001 -6.4000001 2.25
7.9000001 -6.4000001 2.3499999
7.9000001 -6.4000001 2.45
8.1000004 -6.3000002 -0.44999999
8.1000004 -6.3000002 -0.34999999
8.1000004 -6.3000002 -0.25
8.1000004 -6.3000002 -0.15000001
8.1000004 -6.3000002 -0.050000001
8.1000004 -6.3000002 0.050000001
8.1000004 -6.3000002 0.15000001
8.1000004 -6.3000002 0.25
8.1000004 -6.3000002 0.34999999
8.1000004 -6.3000002 0.44999999
8.1000004 -6.3000002 0.55000001
8.1000004 -6.3000002 0.64999998
8.1000004 -6.3000002 0.75
8.1000004 -6.3000002 0.85000002
8.1000004 -6.3000002 0.94999999
8.1000004 -6.3000002 1.05
8.1000004 -6.3000002 1.15
8.1000004 -6.3000002 1.25
8.1000004 -6.3000002 1.35
8.1000004 -6.3000002 1.45
8.1000004 -6.3000002 1.55
8.1000004 -6.3000002 1.65
8.1000004 -6.3000002 1.75
8.1000004 -6.3000002 1.85
8.1000004 -6.3000002 1.95
8.1000004 -6.3000002 2.05
8.1000004 -6.3000002 2.1500001
8.1000004 -6.3000002 2.25
8.1000004 -6.3000002 2.3499999
8.1000004 -6.3000002 2.45
8 -6.3000002 -0.44999999
8 -6.3000002 -0.34999999
8 -6.3000002 -0.25
8 -6.3000002 -0.15000001
8 -6.3000002 -0.050000001
8 -6.3000002 0.050000001
8 -6.3000002 0.15000001
8 -6.3000002 0.25
8 -6.3000002 0.34999999
8 -6.3000002 0.44999999
8 -6.3000002 0.55000001
8 -6.3000002 0.64999998
8 -6.3000002 0.75
8 -6.3000002 0.85000002
8 -6.3000002 0.94999999
8 -6.3000002 1.05
8 -6.3000002 1.15
8 -6.3000002 1.25
8 -6.3000002 1.35
8 -6.3000002 1.45
8 -6.3000002 1.55
8 -6.3000002 1.65
8 -6.3000002 1.75
8 -6.3000002 1.85
8 -6.3000002 1.95
8 -6.3000002 2.05
8 -6.3000002 2.1500001
8 -6.3000002 2.25
8 -6.3000002 2.3499999
8 -6.3000002 2.45
7.9000001 -6.3000002 -0.44999999
7.9000001 -6.3000002 -0.34999999
7.9000001 -6.3000002 -0.25
7.9000001 -6.3000002 -0.15000001
7.9000001 -6.3000002 -0.050000001
7.9000001 -6.3000002 0.050000001
7.9000001 -6.3000002 0.15000001
7.9000001 -6.3000002 0.25
7.9000001 -6.3000002 0.34999999
7.9000001 -6.3000002 0.44999999
7.9000001 -6.3000002 0.55000001
7.9000001 -6.3000002 0.64999998
7.9000001 -6.3000002 0.75
7.9000001 -6.3000002 0.85000002
7.9000001 -6.3000002 0.94999999
7.9000001 -6.3000002 1.05
7.9000001 -6.3000002 1.15
7.9000001 -6.3000002 1.25
7.9000001 -6.3000002 1.35
7.9000001 -6.3000002 1.45
7.9000001 -6.3000002 1.55
7.9000001 -6.3000002 1.65
7.9000001 -6.3000002 1.75
7.9000001 -6.3000002 1.85
7.9000001 -6.3000002 1.95
7.9000001 -6.3000002 2.05
7.9000001 -6.3000002 2.1500001
7.9000001 -6.3000002 2.25
7.9000001 -6.3000002 2.3499999
7.9000001 -6.3000002 2.45
8.1000004 -6.1999998 -0.44999999
8.1000004 -6.1999998 -0.34999999
8.1000004 -6.1999998 -0.25
8.1000004 -6.1999998 -0.15000001
8.1000004 -6.1999998 -0.050000001
8.1000004 -6.1999998 0.050000001
8.1000004 -6.1999998 0.15000001
8.1000004 -6.1999998 0.25
8.1000004 -6.1999998 0.34999999
8.1000004 -6.1999998 0.44999999
8.1000004 -6.1999998 0.55000001
8.1000004 -6.1999998 0.64999998
8.1000004 -6.1999998 0.75
8.1000004 -6.1999998 0.85000002
8.1000004 -6.1999998 0.94999999
8.1000004 -6.1999998 1.05
8.1000004 -6.1999998 1.15
8.1000004 -6.1999998 1.25
8.1000004 -6.1999998 1.35
8.1000004 -6.1999998 1.45
8.1000004 -6.1999998 1.55
8.1000004 -6.1999998 1.65
8.1000004 -6.1999998 1.75
8.1000004 -6.1999998 1.85
8.1000004 -6.1999998 1.95
8.1000004 -6.1999998 2.05
8.1000004 -6.1999998 2.1500001
8.1000004 -6.1999998 2.25
8.1000004 -6.1999998 2.3499999
8.1000004 -6.1999998 2.45
8 -6.1999998 -0.44999999
8 -6.1999998 -0.34999999
8 -6.1999998 -0.25
8 -6.1999998 -0.15000001
8 -6.1999998 -0.050000001
8 -6.1999998 0.050000001
8 -6.1999998 0.15000001
8 -6.1999998 0.25
8 -6.1999998 0.34999999
8 -6.1999998 0.44999999
8 -6.1999998 0.55000001
8 -6.1999998 0.64999998
8 -6.1999998 0.75
8 -6.1999998 0.85000002
8 -6.1999998 0.94999999
8 -6.1999998 1.05
8 -6.1999998 1.15
8 -6.1999998 1.25
8 -6.1999998 1.35
8 -6.1999998 1.45
8 -6.1999998 1.55
8 -6.1999998 1.65
8 -6.1999998 1.75
8 -6.1999998 1.85
8 -6.1999998 1.95
8 -6.1999998 2.05
8 -6.1999998 2.1500001
8 -6.1999998 2.25
8 -6.1999998 2.3499999
8 -6.1999998 2.45
7.9000001 -6.1999998 -0.44999999
7.9000001 -6.1999998 -0.34999999
7.9000001 -6.1999998 -0.25
7.9000001 -6.1999998 -0.15000001
7.9000001 -6.1999998 -0.050000001
7.9000001 -6.1999998 0.050000001
7.9000001 -6.1999998 0.15000001
7.9000001 -6.1999998 0.25
7.9000001 -6.1999998 0.34999999
7.9000001 -6.1999998 0.44999999
7.9000001 -6.1999998 0.55000001
7.9000001 -6.1999998 0.64999998
7.9000001 -6.1999998 0.75
7.9000001 -6.1999998 0.85000002
7.9000001 -6.1999998 0.94999999
7.9000001 -6.1999998 1.05
7.9000001 -6.1999998 1.15
7.9000001 -6.1999998 1.25
7.9000001 -6.1999998 1.35
7.9000001 -6.1999998 1.45
7.9000001 -6.1999998 1.55
7.9000001 -6.1999998 1.65
7.9000001 -6.1999998 1.75
7.9000001 -6.1999998 1.85
7.9000001 -6.1999998 1.95
7.9000001 -6.1999998 2.05
7.9000001 -6.1999998 2.1500001
7.9000001 -6.1999998 2.25
7.9000001 -6.1999998 2.3499999
7.9000001 -6.1999998 2.45
8.1000004 -6.0999999 -0.44999999
8.1000004 -6.0999999 -0.34999999
8.1000004 -6.0999999 -0.25
8.1000004 -6.0999999 -0.15000001
8.1000004 -6.0999999 -0.050000001
8.1000004 -6.0999999 0.050000001
8.1000004 -6.0999999 0.15000001
8.1000004 -6.0999999 0.25
8.1000004 -6.0999999 0.34999999
8.1000004 -6.0999999 0.44999999
8.1000004 -6.0999999 0.55000001
8.1000004 -6.0999999 0.64999998
8.1000004 -6.0999999 0.75
8.1000004 -6.0999999 0.85000002
8.1000004 -6.0999999 0.94999999
8.1000004 -6.0999999 1.05
8.1000004 -6.0999999 1.15
8.1000004 -6.0999999 1.25
8.1000004 -6.0999999 1.35
8.1000004 -6.0999999 1.45
8.1000004 -6.0999999 1.55
8.1000004 -6.0999999 1.65
8.1000004 -6.0999999 1.75
8.1000004 -6.0999999 1.85
8.1000004 -6.0999999 1.95
8.1000004 -6.0999999 2.05
8.1000004 -6.0999999 2.1500001
8.1000004 -6.0999999 2.25
8.1000004 -6.0999999 2.3499999
8.1000004 -6.0999999 2.45
8 -6.0999999 -0.44999999
8 -6.0999999 -0.34999999
8 -6.0999999 -0.25
8 -6.0999999 -0.15000001
8 -6.0999999 -0.050000001
8 -6.0999999 0.050000001
8 -6.0999999 0.15000001
8 -6.0999999 0.25
8 -6.0999999 0.34999999
8 -6.0999999 0.44999999
8 -6.0999999 0.55000001
8 -6.0999999 0.64999998
8 -6.0999999 0.75
8 -6.0999999 0.85000002
8 -6.0999999 0.94999999
8 -6.0999999 1.05
8 -6.0999999 1.15
8 -6.0999999 1.25
8 -6.0999999 1.35
8 -6.0999999 1.45
8 -6.0999999 1.55
8 -6.0999999 1.65
8 -6.0999999 1.75
8 -6.0999999 1.85
8 -6.0999999 1.95
8 -6.0999999 2.05
8 -6.0999999 2.1500001
8 -6.0999999 2.25
8 -6.0999999 2.3499999
8 -6.0999999 2.45
7.9000001 -6.0999999 -0.44999999
7.9000001 -6.0999999 -0.34999999
7.9000001 -6.0999999 -0.25
7.9000001 -6.0999999 -0.15000001
7.9000001 -6.0999999 -0.050000001
7.9000001 -6.0999999 0.050000001
7.9000001 -6.0999999 0.15000001
7.9000001 -6.0999999 0.25
7.9000001 -6.0999999 0.34999999
7.9000001 -6.0999999 0.44999999
7.9000001 -6.0999999 0.55000001
7.9000001 -6.0999999 0.64999998
7.9000001 -6.0999999 0.75
7.9000001 -6.0999999 0.85000002
7.9000001 -6.0999999 0.94999999
7.9000001 -6.0999999 1.05
7.9000001 -6.0999999 1.15
7.9000001 -6.0999999 1.25
7.9000001 -6.0999999 1.35
7.9000001 -6.0999999 1.45
7.9000001 -6.0999999 1.55
7.9000001 -6.0999999 1.65
7.9000001 -6.0999999 1.75
7.9000001 -6.0999999 1.85
7.9000001 -6.0999999 1.95
7.9000001 -6.0999999 2.05
7.9000001 -6.0999999 2.1500001
7.9000001 -6.0999999 2.25
7.9000001 -6.0999999 2.3499999
7.9000001 -6.0999999 2.45
8.1000004 -6 -0.44999999
8.1000004 -6 -0.34999999
8.1000004 -6 -0.25
8.1000004 -6 -0.15000001
8.1000004 -6 -0.050000001
8.1000004 -6 0.050000001
8.1000004 -6 0.15000001
8.1000004 -6 0.25
8.1000004 -6 0.34999999
8.1000004 -6 0.44999999
8.1000004 -6 0.55000001
8.1000004 -6 0.64999998
8.1000004 -6 0.75
8.1000004 -6 0.85000002
8.1000004 -6 0.94999999
8.1000004 -6 1.05
8.1000004 -6 1.15
8.1000004 -6 1.25
8.1000004 -6 1.35
8.1000004 -6 1.45
8.1000004 -6 1.55
8.1000004 -6 1.65
8.1000004 -6 1.75
8.1000004 -6 1.85
8.1000004 -6 1.95
8.1000004 -6 2.05
8.1000004 -6 2.1500001
8.1000004 -6 2.25
8.1000004 -6 2.3499999
8.1000004 -6 2.45
8 -6 -0.44999999
8 -6 -0.34999999
8 -6 -0.25
8 -6 -0.15000001
8 -6 -0.050000001
8 -6 0.050000001
8 -6 0.15000001
8 -6 0.25
8 -6 0.34999999
8 -6 0.44999999
8 -6 0.55000001
8 -6 0.64999998
8 -6 0.75
8 -6 0.85000002
8 -6 0.94999999
8 -6 1.05
8 -6 1.15
8 -6 1.25
8 -6 1.35
8 -6 1.45
8 -6 1.55
8 -6 1.65
8 -6 1.75
8 -6 1.85
8 -6 1.95
8 -6 2.05
8 -6 2.1500001
8 -6 2.25
8 -6 2.3499999
8 -6 2.45
7.9000001 -6 -0.44999999
7.9000001 -6 -0.34999999
7.9000001 -6 -0.25
7.9000001 -6 -0.15000001
7.9000001 -6 -0.050000001
7.9000001 -6 0.050000001
7.9000001 -6 0.15000001
7.9000001 -6 0.25
7.9000001 -6 0.34999999
7.9000001 -6 0.44999999
7.9000001 -6 0.55000001
7.9000001 -6 0.64999998
7.9000001 -6 0.75
7.9000001 -6 0.85000002
7.9000001 -6 0.94999999
7.9000001 -6 1.05
7.9000001 -6 1.15
7.9000001 -6 1.25
7.9000001 -6 1.35
7.9000001 -6 1.45
7.9000001 -6 1.55
7.9000001 -6 1.65
7.9000001 -6 1.75
7.9000001 -6 1.85
7.9000001 -6 1.95
7.9000001 -6 2.05
7.9000001 -6 2.1500001
7.9000001 -6 2.25
7.9000001 -6 2.3499999
7.9000001 -6 2.45
8.1000004 -5.9000001 -0.44999999
8.1000004 -5.9000001 -0.34999999
8.1000004 -5.9000001 -0.25
8.1000004 -5.9000001 -0.15000001
8.1000004 -5.9000001 -0.050000001
8.1000004 -5.9000001 0.050000001
8.1000004 -5.9000001 0.15000001
8.1000004 -5.9000001 0.25
8.1000004 -5.9000001 0.34999999
8.1000004 -5.9000001 0.44999999
8.1000004 -5.9000001 0.55000001
8.1000004 -5.9000001 0.64999998
8.1000004 -5.9000001 0.75
8.1000004 -5.9000001 0.85000002
8.1000004 -5.9000001 0.94999999
8.1000004 -5.9000001 1.05
8.1000004 -5.9000001 1.15
8.1000004 -5.9000001 1.25
8.1000004 -5.9000001 1.35
8.1000004 -5.9000001 1.45
8.1000004 -5.9000001 1.55
8.1000004 -5.9000001 1.65
8.1000004 -5.9000001 1.75
8.1000004 -5.9000001 1.85
8.1000004 -5.9000001 1.95
8.1000004 -5.9000001 2.05
8.1000004 -5.9000001 2.1500001
8.1000004 -5.9000001 2.25
8.1000004 -5.9000001 2.3499999
8.1000004 -5.9000001 2.45
8 -5.9000001 -0.44999999
8 -5.9000001 -0.34999999
8 -5.9000001 -0.25
8 -5.9000001 -0.15000001
8 -5.9000001 -0.050000001
8 -5.9000001 0.050000001
8 -5.9000001 0.15000001
8 -5.9000001 0.25
8 -5.9000001 0.34999999
8 -5.9000001 0.44999999
8 -5.9000001 0.55000001
8 -5.9000001 0.64999998
8 -5.9000001 0.75
8 -5.9000001 0.85000002
8 -5.9000001 0.94999999
8 -5.9000001 1.05
8 -5.9000001 1.15
8 -5.9000001 1.25
8 -5.9000001 1.35
8 -5.9000001 1.45
8 -5.9000001 1.55
8 -5.9000001 1.65
8 -5.9000001 1.75
8 -5.9000001 1.85
8 -5.9000001 1.95
8 -5.9000001 2.05
8 -5.9000001 2.1500001
8 -5.9000001 2.25
8 -5.9000001 2.3499999
8 -5.9000001 2.45
7.9000001 -5.9000001 -0.44999999
7.9000001 -5.9000001 -0.34999999
7.9000001 -5.9000001 -0.25
7.9000001 -5.9000001 -0.15000001
7.9000001 -5.9000001 -0.050000001
7.9000001 -5.9000001 0.050000001
7.9000001 -5.9000001 0.15000001
7.9000001 -5.9000001 0.25
7.9000001 -5.9000001 0.34999999
7.9000001 -5.9000001 0.44999999
7.9000001 -5.9000001 0.55000001
7.9000001 -5.9000001 0.64999998
7.9000001 -5.9000001 0.75
7.9000001 -5.9000001 0.85000002
7.9000001 -5.9000001 0.94999999
7.9000001 -5.9000001 1.05
7.9000001 -5.9000001 1.15
7.9000001 -5.9000001 1.25
7.9000001 -5.9000001 1.35
7.9000001 -5.9000001 1.45
7.9000001 -5.9000001 1.55
7.9000001 -5.9000001 1.65
7.9000001 -5.9000001 1.75
7.9000001 -5.9000001 1.85
7.9000001 -5.9000001 1.95
7.9000001 -5.9000001 2.05
7.9000001 -5.9000001 2.1500001
7.9000001 -5.9000001 2.25
7.9000001 -5.9000001 2.3499999
7.9000001 -5.9000001 2.45
8.1000004 -5.8000002 -0.44999999
8.1000004 -5.8000002 -0.34999999
8.1000004 -5.8000002 -0.25
8.1000004 -5.8000002 -0.15000001
8.1000004 -5.8000002 -0.050000001
8.1000004 -5.8000002 0.050000001
8.1000004 -5.8000002 0.15000001
8.1000004 -5.8000002 0.25
8.1000004 -5.8000002 0.34999999
8.1000004 -5.8000002 0.44999999
8.1000004 -5.8000002 0.55000001
8.1000004 -5.8000002 0.64999998
8.1000004 -5.8000002 0.75
8.1000004 -5.8000002 0.85000002
8.1000004 -5.8000002 0.94999999
8.1000004 -5.8000002 1.05
8.1000004 -5.8000002 1.15
8.1000004 -5.8000002 1.25
8.1000004 -5.8000002 1.35
8.1000004 -5.8000002 1.45
8.1000004 -5.8000002 1.55
8.1000004 -5.8000002 1.65
8.1000004 -5.8000002 1.75
8.1000004 -5.8000002 1.85
8.1000004 -5.8000002 1.95
8.1000004 -5.8000002 2.05
8.1000004 -5.8000002 2.1500001
8.1000004 -5.8000002 2.25
8.1000004 -5.8000002 2.3499999
8.1000004 -5.8000002 2.45
8 -5.8000002 -0.44999999
8 -5.8000002 -0.34999999
8 -5.8000002 -0.25
8 -5.8000002 -0.15000001
8 -5.8000002 -0.050000001
8 -5.8000002 0.050000001
8 -5.8000002 0.15000001
8 -5.8000002 0.25
8 -5.8000002 0.34999999
8 -5.8000002 0.44999999
8 -5.8000002 0.55000001
8 -5.8000002 0.64999998
8 -5.8000002 0.75
8 -5.8000002 0.85000002
8 -5.8000002 0.94999999
8 -5.8000002 1.05
8 -5.8000002 1.15
8 -5.8000002 1.25
8 -5.8000002 1.35
8 -5.8000002 1.45
8 -5.8000002 1.55
8 -5.8000002 1.65
8 -5.8000002 1.75
8 -5.8000002 1.85
8 -5.8000002 1.95
8 -5.8000002 2.05
8 -5.8000002 2.1500001
8 -5.8000002 2.25
8 -5.8000002 2.3499999
8 -5.8000002 2.45
7.9000001 -5.8000002 -0.44999999
7.9000001 -5.8000002 -0.34999999
7.9000001 -5.8000002 -0.25
7.9000001 -5.8000002 -0.15000001
7.9000001 -5.8000002 -0.050000001
7.9000001 -5.8000002 0.050000001
7.9000001 -5.8000002 0.15000001
7.9000001 -5.8000002 0.25
7.9000001 -5.8000002 0.34999999
7.9000001 -5.8000002 0.44999999
7.9000001 -5.8000002 0.55000001
7.9000001 -5.8000002 0.64999998
7.9000001 -5.8000002 0.75
7.9000001 -5.8000002 0.85000002
7.9000001 -5.8000002 0.94999999
7.9000001 -5.8000002 1.05
7.9000001 -5.8000002 1.15
7.9000001 -5.8000002 1.25
7.9000001 -5.8000002 1.35
7.9000001 -5.8000002 1.45
7.9000001 -5.8000002 1.55
7.9000001 -5.8000002 1.65
7.9000001 -5.8000002 1.75
7.9000001 -5.8000002 1.85
7.9000001 -5.8000002 1.95
7.9000001 -5.8000002 2.05
7.9000001 -5.8000002 2.1500001
7.9000001 -5.8000002 2.25
7.9000001 -5.8000002 2.3499999
7.9000001 -5.8000002 2.45
8.1000004 -5.6999998 -0.44999999
8.1000004 -5.6999998 -0.34999999
8.1000004 -5.6999998 -0.25
8.1000004 -5.6999998 -0.15000001
8.1000004 -5.6999998 -0.050000001
8.1000004 -5.6999998 0.050000001
8.1000004 -5.6999998 0.15000001
8.1000004 -5.6999998 0.25
8.1000004 -5.6999998 0.34999999
8.1000004 -5.6999998 0.44999999
8.1000004 -5.6999998 0.55000001
8.1000004 -5.6999998 0.64999998
8.1000004 -5.6999998 0.75
8.1000004 -5.6999998 0.85000002
8.1000004 -5.6999998 0.94999999
8.1000004 -5.6999998 1.05
8.1000004 -5.6999998 1.15
8.1000004 -5.6999998 1.25
8.1000004 -5.6999998 1.35
8.1000004 -5.6999998 1.45
8.1000004 -5.6999998 1.55
8.1000004 -5.6999998 1.65
8.1000004 -5.6999998 1.75
8.1000004 -5.6999998 1.85
8.1000004 -5.6999998 1.95
8.1000004 -5.6999998 2.05
8.1000004 -5.6999998 2.1500001
8.1000004 -5.6999998 2.25
8.1000004 -5.6999998 2.3499999
8.1000004 -5.6999998 2.45
8 -5.6999998 -0.44999999
8 -5.6999998 -0.34999999
8 -5.6999998 -0.25
8 -5.6999998 -0.15000001
8 -5.6999998 -0.050000001
8 -5.6999998 0.050000001
8 -5.6999998 0.15000001
8 -5.6999998 0.25
8 -5.6999998 0.34999999
8 -5.6999998 0.44999999
8 -5.6999998 0.55000001
8 -5.6999998 0.64999998
8 -5.6999998 0.75
8 -5.6999998 0.85000002
8 -5.6999998 0.94999999
8 -5.6999998 1.05
8 -5.6999998 1.15
8 -5.6999998 1.25
8 -5.6999998 1.35
8 -5.6999998 1.45
8 -5.6999998 1.55
8 -5.6999998 1.65
8 -5.6999998 1.75
8 -5.6999998 1.85
8 -5.6999998 1.95
8 -5.6999998 2.05
8 -5.6999998 2.1500001
8 -5.6999998 2.25
8 -5.6999998 2.3499999
8 -5.6999998 2.45
7.9000001 -5.6999998 -0.44999999
7.9000001 -5.6999998 -0.34999999
7.9000001 -5.6999998 -0.25
7.9000001 -5.6999998 -0.15000001
7.9000001 -5.6999998 -0.050000001
7.9000001 -5.6999998 0.050000001
7.9000001 -5.6999998 0.15000001
7.9000001 -5.6999998 0.25
7.9000001 -5.6999998 0.34999999
7.9000001 -5.6999998 0.44999999
7.9000001 -5.6999998 0.55000001
7.9000001 -5.6999998 0.64999998
7.9000001 -5.6999998 0.75
7.9000001 -5.6999998 0.85000002
7.9000001 -5.6999998 0.94999999
7.9000001 -5.6999998 1.05
7.9000001 -5.6999998 1.15
7.9000001 -5.6999998 1.25
7.9000001 -5.6999998 1.35
7.9000001 -5.6999998 1.45
7.9000001 -5.6999998 1.55
7.9000001 -5.6999998 1.65
7.9000001 -5.6999998 1.75
7.9000001 -5.6999998 1.85
7.9000001 -5.6999998 1.95
7.9000001 -5.6999998 2.05
7.9000001 -5.6999998 2.1500001
7.9000001 -5.6999998 2.25
7.9000001 -5.6999998 2.3499999
7.9000001 -5.6999998 2.45
8.1000004 -5.5999999 -0.44999999
8.1000004 -5.5999999 -0.34999999
8.1000004 -5.5999999 -0.25
8.1000004 -5.5999999 -0.15000001
8.1000004 -5.5999999 -0.050000001
8.1000004 -5.5999999 0.050000001
8.1000004 -5.5999999 0.15000001
8.1000004 -5.5999999 0.25
8.1000004 -5.5999999 0.34999999
8.1000004 -5.5999999 0.44999999
8.1000004 -5.5999999 0.55000001
8.1000004 -5.5999999 0.64999998
8.1000004 -5.5999999 0.75
8.1000004 -5.5999999 0.85000002
8.1000004 -5.5999999 0.94999999
8.1000004 -5.5999999 1.05
8.1000004 -5.5999999 1.15
8.1000004 -5.5999999 1.25
8.1000004 -5.5999999 1.35
8.1000004 -5.5999999 1.45
8.1000004 -5.5999999 1.55
8.1000004 -5.5999999 1.65
8.1000004 -5.5999999 1.75
8.1000004 -5.5999999 1.85
8.1000004 -5.5999999 1.95
8.1000004 -5.5999999 2.05
8.1000004 -5.5999999 2.1500001
8.1000004 -5.5999999 2.25
8.1000004 -5.5999999 2.3499999
8.1000004 -5.5999999 2.45
8 -5.5999999 -0.44999999
8 -5.5999999 -0.34999999
8 -5.5999999 -0.25
8 -5.5999999 -0.15000001
8 -5.5999999 -0.050000001
8 -5.5999999 0.050000001
8 -5.5999999 0.15000001
8 -5.5999999 0.25
8 -5.5999999 0.34999999
8 -5.5999999 0.44999999
8 -5.5999999 0.55000001
8 -5.5999999 0.64999998
8 -5.5999999 0.75
8 -5.5999999 0.85000002
8 -5.5999999 0.94999999
8 -5.5999999 1.05
8 -5.5999999 1.15
8 -5.5999999 1.25
8 -5.5999999 1.35
8 -5.5999999 1.45
8 -5.5999999 1.55
8 -5.5999999 1.65
8 -5.5999999 1.75
8 -5.5999999 1.85
8 -5.5999999 1.95
8 -5.5999999 2.05
8 -5.5999999 2.1500001
8 -5.5999999 2.25
8 -5.5999999 2.3499999
8 -5.5999999 2.45
7.9000001 -5.5999999 -0.44999999
7.9000001 -5.5999999 -0.34999999
7.9000001 -5.5999999 -0.25
7.9000001 -5.5999999 -0.15000001
7.9000001 -5.5999999 -0.050000001
7.9000001 -5.5999999 0.050000001
7.9000001 -5.5999999 0.15000001
7.9000001 -5.5999999 0.25
7.9000001 -5.5999999 0.34999999
7.9000001 -5.5999999 0.44999999
7.9000001 -5.5999999 0.55000001
7.9000001 -5.5999999 0.64999998
7.9000001 -5.5999999 0.75
7.9000001 -5.5999999 0.85000002
7.9000001 -5.5999999 0.94999999
7.9000001 -5.5999999 1.05
7.9000001 -5.5999999 1.15
7.9000001 -5.5999999 1.25
7.9000001 -5.5999999 1.35
7.9000001 -5.5999999 1.45
7.9000001 -5.5999999 1.55
7.9000001 -5.5999999 1.65
7.9000001 -5.5999999 1.75
7.9000001 -5.5999999 1.85
7.9000001 -5.5999999 1.95
7.9000001 -5.5999999 2.05
7.9000001 -5.5999999 2.1500001
7.9000001 -5.5999999 2.25
7.9000001 -5.5999999 2.3499999
7.9000001 -5.5999999 2.45
8.1000004 -5.5 -0.44999999
8.1000004 -5.5 -0.34999999
8.1000004 -5.5 -0.25
8.1000004 -5.5 -0.15000001
8.1000004 -5.5 -0.050000001
8.1000004 -5.5 0.050000001
8.1000004 -5.5 0.15000001
8.1000004 -5.5 0.25
8.1000004 -5.5 0.34999999
8.1000004 -5.5 0.44999999
8.1000004 -5.5 0.55000001
8.1000004 -5.5 0.64999998
8.1000004 -5.5 0.75
8.1000004 -5.5 0.85000002
8.1000004 -5.5 0.94999999
8.1000004 -5.5 1.05
8.1000004 -5.5 1.15
8.1000004 -5.5 1.25
8.1000004 -5.5 1.35
8.1000004 -5.5 1.45
8.1000004 -5.5 1.55
8.1000004 -5.5 1.65
8.1000004 -5.5 1.75
8.1000004 -5.5 1.85
8.1000004 -5.5 1.95
8.1000004 -5.5 2.05
8.1000004 -5.5 2.1500001
8.1000004 -5.5 2.25
8.1000004 -5.5 2.3499999
8.1000004 -5.5 2.45
8 -5.5 -0.44999999
8 -5.5 -0.34999999
8 -5.5 -0.25
8 -5.5 -0.15000001
8 -5.5 -0.050000001
8 -5.5 0.050000001
8 -5.5 0.15000001
8 -5.5 0.25
8 -5.5 0.34999999
8 -5.5 0.44999999
8 -5.5 0.55000001
8 -5.5 0.64999998
8 -5.5 0.75
8 -5.5 0.85000002
8 -5.5 0.94999999
8 -5.5 1.05
8 -5.5 1.15
8 -5.5 1.25
8 -5.5 1.35
8 -5.5 1.45
8 -5.5 1.55
8 -5.5 1.65
8 -5.5 1.75
8 -5.5 1.85
8 -5.5 1.95
8 -5.5 2.05
8 -5.5 2.1500001
8 -5.5 2.25
8 -5.5 2.3499999
8 -5.5 2.45
7.9000001 -5.5 -0.44999999
7.9000001 -5.5 -0.34999999
7.9000001 -5.5 -0.25
7.9000001 -5.5 -0.15000001
7.9000001 -5.5 -0.050000001
7.9000001 -5.5 0.050000001
7.9000001 -5.5 0.15000001
7.9000001 -5.5 0.25
7.9000001 -5.5 0.34999999
7.9000001 -5.5 0.44999999
7.9000001 -5.5 0.55000001
7.9000001 -5.5 0.64999998
7.9000001 -5.5 0.75
7.9000001 -5.5 0.85000002
7.9000001 -5.5 0.94999999
7.9000001 -5.5 1.05
7.9000001 -5.5 1.15
7.9000001 -5.5 1.25
7.9000001 -5.5 1.35
7.9000001 -5.5 1.45
7.9000001 -5.5 1.55
7.9000001 -5.5 1.65
7.9000001 -5.5 1.75
7.9000001 -5.5 1.85
7.9000001 -5.5 1.95
7.9000001 -5.5 2.05
7.9000001 -5.5 2.1500001
7.9000001 -5.5 2.25
7.9000001 -5.5 2.3499999
7.9000001 -5.5 2.45
8.1000004 -5.4000001 -0.44999999
8.1000004 -5.4000001 -0.34999999
8.1000004 -5.4000001 -0.25
8.1000004 -5.4000001 -0.15000001
8.1000004 -5.4000001 -0.050000001
8.1000004 -5.4000001 0.050000001
8.1000004 -5.4000001 0.15000001
8.1000004 -5.4000001 0.25
8.1000004 -5.4000001 0.34999999
8.1000004 -5.4000001 0.44999999
8.1000004 -5.4000001 0.55000001
8.1000004 -5.4000001 0.64999998
8.1000004 -5.4000001 0.75
8.1000004 -5.4000001 0.85000002
8.1000004 -5.4000001 0.94999999
8.1000004 -5.4000001 1.05
8.1000004 -5.4000001 1.15
8.1000004 -5.4000001 1.25
8.1000004 -5.4000001 1.35
8.1000004 -5.4000001 1.45
8.1000004 -5.4000001 1.55
8.1000004 -5.4000001 1.65
8.1000004 -5.4000001 1.75
8.1000004 -5.4000001 1.85
8.1000004 -5.4000001 1.95
8.1000004 -5.4000001 2.05
8.1000004 -5.4000001 2.1500001
8.1000004 -5.4000001 2.25
8.1000004 -5.4000001 2.3499999
8.1000004 -5.4000001 2.45
8 -5.4000001 -0.44999999
8 -5.4000001 -0.34999999
8 -5.4000001 -0.25
8 -5.4000001 -0.15000001
8 -5.4000001 -0.050000001
8 -5.4000001 0.050000001
8 -5.4000001 0.15000001
8 -5.4000001 0.25
8 -5.4000001 0.34999999
8 -5.4000001 0.44999999
8 -5.4000001 0.55000001
8 -5.4000001 0.64999998
8 -5.4000001 0.75
8 -5.4000001 0.85000002
8 -5.4000001 0.94999999
8 -5.4000001 1.05
8 -5.4000001 1.15
8 -5.4000001 1.25
8 -5.4000001 1.35
8 -5.4000001 1.45
8 -5.4000001 1.55
8 -5.4000001 1.65
8 -5.4000001 1.75
8 -5.4000001 1.85
8 -5.4000001 1.95
8 -5.4000001 2.05
8 -5.4000001 2.1500001
8 -5.4000001 2.25
8 -5.4000001 2.3499999
8 -5.4000001 2.45
7.9000001 -5.4000001 -0.44999999
7.9000001 -5.4000001 -0.34999999
7.9000001 -5.4000001 -0.25
7.9000001 -5.4000001 -0.15000001
7.9000001 -5.4000001 -0.050000001
7.9000001 -5.4000001 0.050000001
7.9000001 -5.4000001 0.15000001
7.9000001 -5.4000001 0.25
7.9000001 -5.4000001 0.34999999
7.9000001 -5.4000001 0.44999999
7.9000001 -5.4000001 0.55000001
7.9000001 -5.4000001 0.64999998
7.9000001 -5.4000001 0.75
7.9000001 -5.4000001 0.85000002
7.9000001 -5.4000001 0.94999999
7.9000001 -5.4000001 1.05
7.9000001 -5.4000001 1.15
7.9000001 -5.4000001 1.25
7.9000001 -5.4000001 1.35
7.9000001 -5.4000001 1.45
7.9000001 -5.4000001 1.55
7.9000001 -5.4000001 1.65
7.9000001 -5.4000001 1.75
7.9000001 -5.4000001 1.85
7.9000001 -5.4000001 1.95
7.9000001 -5.4000001 2.05
7.9000001 -5.4000001 2.1500001
7.9000001 -5.4000001 2.25
7.9000001 -5.4000001 2.3499999
7.9000001 -5.4000001 2.45
8.1000004 -5.3000002 -0.44999999
8.1000004 -5.3000002 -0.34999999
8.1000004 -5.3000002 -0.25
8.1000004 -5.3000002 -0.15000001
8.1000004 -5.3000002 -0.050000001
8.1000004 -5.3000002 0.050000001
8.1000004 -5.3000002 0.15000001
8.1000004 -5.3000002 0.25
8.1000004 -5.3000002 0.34999999
8.1000004 -5.3000002 0.44999999
8.1000004 -5.3000002 0.55000001
8.1000004 -5.3000002 0.64999998
8.1000004 -5.3000002 0.75
8.1000004 -5.3000002 0.85000002
8.1000004 -5.3000002 0.94999999
8.1000004 -5.3000002 1.05
8.1000004 -5.3000002 1.15
8.1000004 -5.3000002 1.25
8.1000004 -5.3000002 1.35
8.1000004 -5.3000002 1.45
8.1000004 -5.3000002 1.55
8.1000004 -5.3000002 1.65
8.1000004 -5.3000002 1.75
8.1000004 -5.3000002 1.85
8.1000004 -5.3000002 1.95
8.1000004 -5.3000002 2.05
8.1000004 -5.3000002 2.1500001
8.1000004 -5.3000002 2.25
8.1000004 -5.3000002 2.3499999
8.1000004 -5.3000002 2.45
8 -5.3000002 -0.44999999
8 -5.3000002 -0.34999999
8 -5.3000002 -0.25
8 -5.3000002 -0.15000001
8 -5.3000002 -0.050000001
8 -5.3000002 0.050000001
8 -5.3000002 0.15000001
8 -5.3000002 0.25
8 -5.3000002 0.34999999
8 -5.3000002 0.44999999
8 -5.3000002 0.55000001
8 -5.3000002 0.64999998
8 -5.3000002 0.75
8 -5.3000002 0.85000002
8 -5.3000002 0.94999999
8 -5.3000002 1.05
8 -5.3000002 1.15
8 -5.3000002 1.25
8 -5.3000002 1.35
8 -5.3000002 1.45
8 -5.3000002 1.55
8 -5.3000002 1.65
8 -5.3000002 1.75
8 -5.3000002 1.85
8 -5.3000002 1.95
8 -5.3000002 2.05
8 -5.3000002 2.1500001
8 -5.3000002 2.25
8 -5.3000002 2.3499999
8 -5.3000002 2.45
7.9000001 -5.3000002 -0.44999999
7.9000001 -5.3000002 -0.34999999
7.9000001 -5.3000002 -0.25
7.9000001 -5.3000002 -0.15000001
7.9000001 -5.3000002 -0.050000001
7.9000001 -5.3000002 0.050000001
7.9000001 -5.3000002 0.15000001
7.9000001 -5.3000002 0.25
7.9000001 -5.3000002 0.34999999
7.9000001 -5.3000002 0.44999999
7.9000001 -5.3000002 0.55000001
7.9000001 -5.3000002 0.64999998
7.9000001 -5.3000002 0.75
7.9000001 -5.3000002 0.85000002
7.9000001 -5.3000002 0.94999999
7.9000001 -5.3000002 1.05
7.9000001 -5.3000002 1.15
7.9000001 -5.3000002 1.25
7.9000001 -5.3000002 1.35
7.9000001 -5.3000002 1.45
7.9000001 -5.3000002 1.55
7.9000001 -5.3000002 1.65
7.9000001 -5.3000002 1.75
7.9000001 -5.3000002 1.85
7.9000001 -5.3000002 1.95
7.9000001 -5.3000002 2.05
7.9000001 -5.3000002 2.1500001
7.9000001 -5.3000002 2.25
7.9000001 -5.3000002 2.3499999
7.9000001 -5.3000002 2.45
8.1000004 -5.1999998 -0.44999999
8.1000004 -5.1999998 -0.34999999
8.1000004 -5.1999998 -0.25
8.1000004 -5.1999998 -0.15000001
8.1000004 -5.1999998 -0.050000001
8.1000004 -5.1999998 0.050000001
8.1000004 -5.1999998 0.15000001
8.1000004 -5.1999998 0.25
8.1000004 -5.1999998 0.34999999
8.1000004 -5.1999998 0.44999999
8.1000004 -5.1999998 0.55000001
8.1000004 -5.1999998 0.64999998
8.1000004 -5.1999998 0.75
8.1000004 -5.1999998 0.85000002
8.1000004 -5.1999998 0.94999999
8.1000004 -5.1999998 1.05
8.1000004 -5.1999998 1.15
8.1000004 -5.1999998 1.25
8.1000004 -5.1999998 1.35
8.1000004 -5.1999998 1.45
8.1000004 -5.1999998 1.55
8.1000004 -5.1999998 1.65
8.1000004 -5.1999998 1.75
8.1000004 -5.1999998 1.85
8.1000004 -5.1999998 1.95
8.1000004 -5.1999998 2.05
8.1000004 -5.1999998 2.1500001
8.1000004 -5.1999998 2.25
8.1000004 -5.1999998 2.3499999
8.1000004 -5.1999998 2.45
8 -5.1999998 -0.44999999
8 -5.1999998 -0.34999999
8 -5.1999998 -0.25
8 -5.1999998 -0.15000001
8 -5.1999998 -0.050000001
8 -5.1999998 0.050000001
8 -5.1999998 0.15000001
8 -5.1999998 0.25
8 -5.1999998 0.34999999
8 -5.1999998 0.44999999
8 -5.1999998 0.55000001
8 -5.1999998 0.64999998
8 -5.1999998 0.75
8 -5.1999998 0.85000002
8 -5.1999998 0.94999999
8 -5.1999998 1.05
8 -5.1999998 1.15
8 -5.1999998 1.25
8 -5.1999998 1.35
8 -5.1999998 1.45
8 -5.1999998 1.55
8 -5.1999998 1.65
8 -5.1999998 1.75
8 -5.1999998 1.85
8 -5.1999998 1.95
8 -5.1999998 2.05
8 -5.1999998 2.1500001
8 -5.1999998 2.25
8 -5.1999998 2.3499999
8 -5.1999998 2.45
7.9000001 -5.1999998 -0.44999999
7.9000001 -5.1999998 -0.34999999
7.9000001 -5.1999998 -0.25
7.9000001 -5.1999998 -0.15000001
7.9000001 -5.1999998 -0.050000001
7.9000001 -5.1999998 0.050000001
7.9000001 -5.1999998 0.15000001
7.9000001 -5.1999998 0.25
7.9000001 -5.1999998 0.34999999
7.9000001 -5.1999998 0.44999999
7.9000001 -5.1999998 0.55000001
7.9000001 -5.1999998 0.64999998
7.9000001 -5.1999998 0.75
7.9000001 -5.1999998 0.85000002
7.9000001 -5.1999998 0.94999999
7.9000001 -5.1999998 1.05
7.9000001 -5.1999998 1.15
7.9000001 -5.1999998 1.25
7.9000001 -5.1999998 1.35
7.9000001 -5.1999998 1.45
7.9000001 -5.1999998 1.55
7.9000001 -5.1999998 1.65
7.9000001 -5.1999998 1.75
7.9000001 -5.1999998 1.85
7.9000001 -5.1999998 1.95
7.9000001 -5.1999998 2.05
7.9000001 -5.1999998 2.1500001
7.9000001 -5.1999998 2.25
7.9000001 -5.1999998 2.3499999
7.9000001 -5.1999998 2.45
8.1000004 -5.0999999 -0.44999999
8.1000004 -5.0999999 -0.34999999
8.1000004 -5.0999999 -0.25
8.1000004 -5.0999999 -0.15000001
8.1000004 -5.0999999 -0.050000001
8.1000004 -5.0999999 0.050000001
8.1000004 -5.0999999 0.15000001
8.1000004 -5.0999999 0.25
8.1000004 -5.0999999 0.34999999
8.1000004 -5.0999999 0.44999999
8.1000004 -5.0999999 0.55000001
8.1000004 -5.0999999 0.64999998
8.1000004 -5.0999999 0.75
8.1000004 -5.0999999 0.85000002
8.1000004 -5.0999999 0.94999999
8.1000004 -5.0999999 1.05
8.1000004 -5.0999999 1.15
8.1000004 -5.0999999 1.25
8.1000004 -5.0999999 1.35
8.1000004 -5.0999999 1.45
8.1000004 -5.0999999 1.55
8.1000004 -5.0999999 1.65
8.1000004 -5.0999999 1.75
8.1000004 -5.0999999 1.85
8.1000004 -5.0999999 1.95
8.1000004 -5.0999999 2.05
8.1000004 -5.0999999 2.1500001
8.1000004 -5.0999999 2.25
8.1000004 -5.0999999 2.3499999
8.1000004 -5.0999999 2.45
8 -5.0999999 -0.44999999
8 -5.0999999 -0.34999999
8 -5.0999999 -0.25
8 -5.0999999 -0.15000001
8 -5.0999999 -0.050000001
8 -5.0999999 0.050000001
8 -5.0999999 0.15000001
8 -5.0999999 0.25
8 -5.0999999 0.34999999
8 -5.0999999 0.44999999
8 -5.0999999 0.55000001
8 -5.0999999 0.64999998
8 -5.0999999 0.75
8 -5.0999999 0.85000002
8 -5.0999999 0.94999999
8 -5.0999999 1.05
8 -5.0999999 1.15
8 -5.0999999 1.25
8 -5.0999999 1.35
8 -5.0999999 1.45
8 -5.0999999 1.55
8 -5.0999999 1.65
8 -5.0999999 1.75
8 -5.0999999 1.85
8 -5.0999999 1.95
8 -5.0999999 2.05
8 -5.0999999 2.1500001
8 -5.0999999 2.25
8 -5.0999999 2.3499999
8 -5.0999999 2.45
7.9000001 -5.0999999 -0.44999999
7.9000001 -5.0999999 -0.34999999
7.9000001 -5.0999999 -0.25
7.9000001 -5.0999999 -0.15000001
7.9000001 -5.0999999 -0.050000001
7.9000001 -5.0999999 0.050000001
7.9000001 -5.0999999 0.15000001
7.9000001 -5.0999999 0.25
7.9000001 -5.0999999 0.34999999
7.9000001 -5.0999999 0.44999999
7.9000001 -5.0999999 0.55000001
7.9000001 -5.0999999 0.64999998
7.9000001 -5.0999999 0.75
7.9000001 -5.0999999 0.85000002
7.9000001 -5.0999999 0.94999999
7.9000001 -5.0999999 1.05
7.9000001 -5.0999999 1.15
7.9000001 -5.0999999 1.25
7.9000001 -5.0999999 1.35
7.9000001 -5.0999999 1.45
7.9000001 -5.0999999 1.55
7.9000001 -5.0999999 1.65
7.9000001 -5.0999999 1.75
7.9000001 -5.0999999 1.85
7.9000001 -5.0999999 1.95
7.9000001 -5.0999999 2.05
7.9000001 -5.0999999 2.1500001
7.9000001 -5.0999999 2.25
7.9000001 -5.0999999 2.3499999
7.9000001 -5.0999999 2.45
8.1000004 -5 -0.44999999
8.1000004 -5 -0.34999999
8.1000004 -5 -0.25
8.1000004 -5 -0.15000001
8.1000004 -5 -0.050000001
8.1000004 -5 0.050000001
8.1000004 -5 0.15000001
8.1000004 -5 0.25
8.1000004 -5 0.34999999
8.1000004 -5 0.44999999
8.1000004 -5 0.55000001
8.1000004 -5 0.64999998
8.1000004 -5 0.75
8.1000004 -5 0.85000002
8.1000004 -5 0.94999999
8.1000004 -5 1.05
8.1000004 -5 1.15
8.1000004 -5 1.25
8.1000004 -5 1.35
8.1000004 -5 1.45
8.1000004 -5 1.55
8.1000004 -5 1.65
8.1000004 -5 1.75
8.1000004 -5 1.85
8.1000004 -5 1.95
8.1000004 -5 2.05
8.1000004 -5 2.1500001
8.1000004 -5 2.25
8.1000004 -5 2.3499999
8.1000004 -5 2.45
8 -5 -0.44999999
8 -5 -0.34999999
8 -5 -0.25
8 -5 -0.15000001
8 -5 -0.050000001
8 -5 0.050000001
8 -5 0.15000001
8 -5 0.25
8 -5 0.34999999
8 -5 0.44999999
8 -5 0.55000001
8 -5 0.64999998
8 -5 0.75
8 -5 0.85000002
8 -5 0.94999999
8 -5 1.05
8 -5 1.15
8 -5 1.25
8 -5 1.35
8 -5 1.45
8 -5 1.55
8 -5 1.65
8 -5 1.75
8 -5 1.85
8 -5 1.95
8 -5 2.05
8 -5 2.1500001
8 -5 2.25
8 -5 2.3499999
8 -5 2.45
7.9000001 -5 -0.44999999
7.9000001 -5 -0.34999999
7.9000001 -5 -0.25
7.9000001 -5 -0.15000001
7.9000001 -5 -0.050000001
7.9000001 -5 0.050000001
7.9000001 -5 0.15000001
7.9000001 -5 0.25
7.9000001 -5 0.34999999
7.9000001 -5 0.44999999
7.9000001 -5 0.55000001
7.9000001 -5 0.64999998
7.9000001 -5 0.75
7.9000001 -5 0.85000002
7.9000001 -5 0.94999999
7.9000001 -5 1.05
7.9000001 -5 1.15
7.9000001 -5 1.25
7.9000001 -5 1.35
7.9000001 -5 1.45
7.9000001 -5 1.55
7.9000001 -5 1.65
7.9000001 -5 1.75
7.9000001 -5 1.85
7.9000001 -5 1.95
7.9000001 -5 2.05
7.9000001 -5 2.1500001
7.9000001 -5 2.25
7.9000001 -5 2.3499999
7.9000001 -5 2.45
8.1000004 -4.9000001 -0.44999999
8.1000004 -4.9000001 -0.34999999
8.1000004 -4.9000001 -0.25
8.1000004 -4.9000001 -0.15000001
8.1000004 -4.9000001 -0.050000001
8.1000004 -4.9000001 0.050000001
8.1000004 -4.9000001 0.15000001
8.1000004 -4.9000001 0.25
8.1000004 -4.9000001 0.34999999
8.1000004 -4.9000001 0.44999999
8.1000004 -4.9000001 0.55000001
8.1000004 -4.9000001 0.64999998
8.1000004 -4.9000001 0.75
8.1000004 -4.9000001 0.85000002
8.1000004 -4.9000001 0.94999999
8.1000004 -4.9000001 1.05
8.1000004 -4.9000001 1.15
8.1000004 -4.9000001 1.25
8.1000004 -4.9000001 1.35
8.1000004 -4.9000001 1.45
8.1000004 -4.9000001 1.55
8.1000004 -4.9000001 1.65
8.1000004 -4.9000001 1.75
8.1000004 -4.9000001 1.85
8.1000004 -4.9000001 1.95
8.1000004 -4.9000001 2.05
8.1000004 -4.9000001 2.1500001
8.1000004 -4.9000001 2.25
8.1000004 -4.9000001 2.3499999
8.1000004 -4.9000001 2.45
8 -4.9000001 -0.44999999
8 -4.9000001 -0.34999999
8 -4.9000001 -0.25
8 -4.9000001 -0.15000001
8 -4.9000001 -0.050000001
8 -4.9000001 0.050000001
8 -4.9000001 0.15000001
8 -4.9000001 0.25
8 -4.9000001 0.34999999
8 -4.9000001 0.44999999
8 -4.9000001 0.55000001
8 -4.9000001 0.64999998
8 -4.9000001 0.75
8 -4.9000001 0.85000002
8 -4.9000001 0.94999999
8 -4.9000001 1.05
8 -4.9000001 1.15
8 -4.9000001 1.25
8 -4.9000001 1.35
8 -4.9000001 1.45
8 -4.9000001 1.55
8 -4.9000001 1.65
8 -4.9000001 1.75
8 -4.9000001 1.85
8 -4.9000001 1.95
8 -4.9000001 2.05
8 -4.9000001 2.1500001
8 -4.9000001 2.25
8 -4.9000001 2.3499999
8 -4.9000001 2.45
7.9000001 -4.9000001 -0.44999999
7.9000001 -4.9000001 -0.34999999
7.9000001 -4.9000001 -0.25
7.9000001 -4.9000001 -0.15000001
7.9000001 -4.9000001 -0.050000001
7.9000001 -4.9000001 0.050000001
7.9000001 -4.9000001 0.15000001
7.9000001 -4.9000001 0.25
7.9000001 -4.9000001 0.34999999
7.9000001 -4.9000001 0.44999999
7.9000001 -4.9000001 0.55000001
7.9000001 -4.9000001 0.64999998
7.9000001 -4.9000001 0.75
7.9000001 -4.9000001 0.85000002
7.9000001 -4.9000001 0.94999999
7.9000001 -4.9000001 1.05
7.9000001 -4.9000001 1.15
7.9000001 -4.9000001 1.25
7.9000001 -4.9000001 1.35
7.9000001 -4.9000001 1.45
7.9000001 -4.9000001 1.55
7.9000001 -4.9000001 1.65
7.9000001 -4.9000001 1.75
7.9000001 -4.9000001 1.85
7.9000001 -4.9000001 1.95
7.9000001 -4.9000001 2.05
7.9000001 -4.9000001 2.1500001
7.9000001 -4.9000001 2.25
7.9000001 -4.9000001 2.3499999
7.9000001 -4.9000001 2.45
8.1000004 -4.8000002 -0.44999999
8.1000004 -4.8000002 -0.34999999
8.1000004 -4.8000002 -0.25
8.1000004 -4.8000002 -0.15000001
8.1000004 -4.8000002 -0.050000001
8.1000004 -4.8000002 0.050000001
8.1000004 -4.8000002 0.15000001
8.1000004 -4.8000002 0.25
8.1000004 -4.8000002 0.34999999
8.1000004 -4.8000002 0.44999999
8.1000004 -4.8000002 0.55000001
8.1000004 -4.8000002 0.64999998
8.1000004 -4.8000002 0.75
8.1000004 -4.8000002 0.85000002
8.1000004 -4.8000002 0.94999999
8.1000004 -4.8000002 1.05
8.1000004 -4.8000002 1.15
8.1000004 -4.8000002 1.25
8.1000004 -4.8000002 1.35
8.1000004 -4.8000002 1.45
8.1000004 -4.8000002 1.55
8.1000004 -4.8000002 1.65
8.1000004 -4.8000002 1.75
8.1000004 -4.8000002 1.85
8.1000004 -4.8000002 1.95
8.1000004 -4.8000002 2.05
8.1000004 -4.8000002 2.1500001
8.1000004 -4.8000002 2.25
8.1000004 -4.8000002 2.3499999
8.1000004 -4.8000002 2.45
8 -4.8000002 -0.44999999
8 -4.8000002 -0.34999999
8 -4.8000002 -0.25
8 -4.8000002 -0.15000001
8 -4.8000002 -0.050000001
8 -4.8000002 0.050000001
8 -4.8000002 0.15000001
8 -4.8000002 0.25
8 -4.8000002 0.34999999
8 -4.8000002 0.44999999
8 -4.8000002 0.55000001
8 -4.8000002 0.64999998
8 -4.8000002 0.75
8 -4.8000002 0.85000002
8 -4.8000002 0.94999999
8 -4.8000002 1.05
8 -4.8000002 1.15
8 -4.8000002 1.25
8 -4.8000002 1.35
8 -4.8000002 1.45
8 -4.8000002 1.55
8 -4.8000002 1.65
8 -4.8000002 1.75
8 -4.8000002 1.85
8 -4.8000002 1.95
8 -4.8000002 2.05
8 -4.8000002 2.1500001
8 -4.8000002 2.25
8 -4.8000002 2.3499999
8 -4.8000002 2.45
7.9000001 -4.8000002 -0.44999999
7.9000001 -4.8000002 -0.34999999
7.9000001 -4.8000002 -0.25
7.9000001 -4.8000002 -0.15000001
7.9000001 -4.8000002 -0.050000001
7.9000001 -4.8000002 0.050000001
7.9000001 -4.8000002 0.15000001
7.9000001 -4.8000002 0.25
7.9000001 -4.8000002 0.34999999
7.9000001 -4.8000002 0.44999999
7.9000001 -4.8000002 0.55000001
7.9000001 -4.8000002 0.64999998
7.9000001 -4.8000002 0.75
7.9000001 -4.8000002 0.85000002
7.9000001 -4.8000002 0.94999999
7.9000001 -4.8000002 1.05
7.9000001 -4.8000002 1.15
7.9000001 -4.8000002 1.25
7.9000001 -4.8000002 1.35
7.9000001 -4.8000002 1.45
7.9000001 -4.8000002 1.55
7.9000001 -4.8000002 1.65
7.9000001 -4.8000002 1.75
7.9000001 -4.8000002 1.85
7.9000001 -4.8000002 1.95
7.9000001 -4.8000002 2.05
7.9000001 -4.8000002 2.1500001
7.9000001 -4.8000002 2.25
7.9000001 -4.8000002 2.3499999
7.9000001 -4.8000002 2.45
8.1000004 -4.6999998 -0.44999999
8.1000004 -4.6999998 -0.34999999
8.1000004 -4.6999998 -0.25
8.1000004 -4.6999998 -0.15000001
8.1000004 -4.6999998 -0.050000001
8.1000004 -4.6999998 0.050000001
8.1000004 -4.6999998 0.15000001
8.1000004 -4.6999998 0.25
8.1000004 -4.6999998 0.34999999
8.1000004 -4.6999998 0.44999999
8.1000004 -4.6999998 0.55000001
8.1000004 -4.6999998 0.64999998
8.1000004 -4.6999998 0.75
8.1000004 -4.6999998 0.85000002
8.1000004 -4.6999998 0.94999999
8.1000004 -4.6999998 1.05
8.1000004 -4.6999998 1.15
8.1000004 -4.6999998 1.25
8.1000004 -4.6999998 1.35
8.1000004 -4.6999998 1.45
8.1000004 -4.6999998 1.55
8.1000004 -4.6999998 1.65
8.1000004 -4.6999998 1.75
8.1000004 -4.6999998 1.85
8.1000004 -4.6999998 1.95
8.1000004 -4.6999998 2.05
8.1000004 -4.6999998 2.1500001
8.1000004 -4.6999998 2.25
8.1000004 -4.6999998 2.3499999
8.1000004 -4.6999998 2.45
8 -4.6999998 -0.44999999
8 -4.6999998 -0.34999999
8 -4.6999998 -0.25
8 -4.6999998 -0.15000001
8 -4.6999998 -0.050000001
8 -4.6999998 0.050000001
8 -4.6999998 0.15000001
8 -4.6999998 0.25
8 -4.6999998 0.34999999
8 -4.6999998 0.44999999
8 -4.6999998 0.55000001
8 -4.6999998 0.64999998
8 -4.6999998 0.75
8 -4.6999998 0.85000002
8 -4.6999998 0.94999999
8 -4.6999998 1.05
8 -4.6999998 1.15
8 -4.6999998 1.25
8 -4.6999998 1.35
8 -4.6999998 1.45
8 -4.6999998 1.55
8 -4.6999998 1.65
8 -4.6999998 1.75
8 -4.6999998 1.85
8 -4.6999998 1.95
8 -4.6999998 2.05
8 -4.6999998 2.1500001
8 -4.6999998 2.25
8 -4.6999998 2.3499999
8 -4.6999998 2.45
7.9000001 -4.6999998 -0.44999999
7.9000001 -4.6999998 -0.34999999
7.9000001 -4.6999998 -0.25
7.9000001 -4.6999998 -0.15000001
7.9000001 -4.6999998 -0.050000001
7.9000001 -4.6999998 0.050000001
7.9000001 -4.6999998 0.15000001
7.9000001 -4.6999998 0.25
7.9000001 -4.6999998 0.34999999
7.9000001 -4.6999998 0.44999999
7.9000001 -4.6999998 0.55000001
7.9000001 -4.6999998 0.64999998
7.9000001 -4.6999998 0.75
7.9000001 -4.6999998 0.85000002
7.9000001 -4.6999998 0.94999999
7.9000001 -4.6999998 1.05
7.9000001 -4.6999998 1.15
7.9000001 -4.6999998 1.25
7.9000001 -4.6999998 1.35
7.9000001 -4.6999998 1.45
7.9000001 -4.6999998 1.55
7.9000001 -4.6999998 1.65
7.9000001 -4.6999998 1.75
7.9000001 -4.6999998 1.85
7.9000001 -4.6999998 1.95
7.9000001 -4.6999998 2.05
7.9000001 -4.6999998 2.1500001
7.9000001 -4.6999998 2.25
7.9000001 -4.6999998 2.3499999
7.9000001 -4.6999998 2.45
8.1000004 -3.3 -0.44999999
8.1000004 -3.3 -0.34999999
8.1000004 -3.3 -0.25
8.1000004 -3.3 -0.15000001
8.1000004 -3.3 -0.050000001
8.1000004 -3.3 0.050000001
8.1000004 -3.3 0.15000001
8.1000004 -3.3 0.25
8.1000004 -3.3 0.34999999
8.1000004 -3.3 0.44999999
8.1000004 -3.3 0.55000001
8.1000004 -3.3 0.64999998
8.1000004 -3.3 0.75
8.1000004 -3.3 0.85000002
8.1000004 -3.3 0.94999999
8.1000004 -3.3 1.05
8.1000004 -3.3 1.15
8.1000004 -3.3 1.25
8.1000004 -3.3 1.35
8.1000004 -3.3 1.45
8.1000004 -3.3 1.55
8.1000004 -3.3 1.65
8.1000004 -3.3 1.75
8.1000004 -3.3 1.85
8.1000004 -3.3 1.95
8.1000004 -3.3 2.05
8.1000004 -3.3 2.1500001
8.1000004 -3.3 2.25
8.1000004 -3.3 2.3499999
8.1000004 -3.3 2.45
8 -3.3 -0.44999999
8 -3.3 -0.34999999
8 -3.3 -0.25
8 -3.3 -0.15000001
8 -3.3 -0.050000001
8 -3.3 0.050000001
8 -3.3 0.15000001
8 -3.3 0.25
8 -3.3 0.34999999
8 -3.3 0.44999999
8 -3.3 0.55000001
8 -3.3 0.64999998
8 -3.3 0.75
8 -3.3 0.85000002
8 -3.3 0.94999999
8 -3.3 1.05
8 -3.3 1.15
8 -3.3 1.25
8 -3.3 1.35
8 -3.3 1.45
8 -3.3 1.55
8 -3.3 1.65
8 -3.3 1.75
8 -3.3 1.85
8 -3.3 1.95
8 -3.3 2.05
8 -3.3 2.1500001
8 -3.3 2.25
8 -3.3 2.3499999
8 -3.3 2.45
7.9000001 -3.3 -0.44999999
7.9000001 -3.3 -0.34999999
7.9000001 -3.3 -0.25
7.9000001 -3.3 -0.15000001
7.9000001 -3.3 -0.050000001
7.9000001 -3.3 0.050000001
7.9000001 -3.3 0.15000001
7.9000001 -3.3 0.25
7.9000001 -3.3 0.34999999
7.9000001 -3.3 0.44999999
7.9000001 -3.3 0.55000001
7.9000001 -3.3 0.64999998
7.9000001 -3.3 0.75
7.9000001 -3.3 0.85000002
7.9000001 -3.3 0.94999999
7.9000001 -3.3 1.05
7.9000001 -3.3 1.15
7.9000001 -3.3 1.25
7.9000001 -3.3 1.35
7.9000001 -3.3 1.45
7.9000001 -3.3 1.55
7.9000001 -3.3 1.65
7.9000001 -3.3 1.75
7.9000001 -3.3 1.85
7.9000001 -3.3 1.95
7.9000001 -3.3 2.05
7.9000001 -3.3 2.1500001
7.9000001 -3.3 2.25
7.9000001 -3.3 2.3499999
7.9000001 -3.3 2.45
8.1000004 -3.201695 -0.44999999
8.1000004 -3.201695 -0.34999999
8.1000004 -3.201695 -0.25
8.1000004 -3.201695 -0.15000001
8.1000004 -3.201695 -0.050000001
8.1000004 -3.201695 0.050000001
8.1000004 -3.201695 0.15000001
8.1000004 -3.201695 0.25
8.1000004 -3.201695 0.34999999
8.1000004 -3.201695 0.44999999
8.1000004 -3.201695 0.55000001
8.1000004 -3.201695 0.64999998
8.1000004 -3.201695 0.75
8.1000004 -3.201695 0.85000002
8.1000004 -3.201695 0.94999999
8.1000004 -3.201695 1.05
8.1000004 -3.201695 1.15
8.1000004 -3.201695 1.25
8.1000004 -3.201695 1.35
8.1000004 -3.201695 1.45
8.1000004 -3.201695 1.55
8.1000004 -3.201695 1.65
8.1000004 -3.201695 1.75
8.1000004 -3.201695 1.85
8.1000004 -3.201695 1.95
8.1000004 -3.201695 2.05
8.1000004 -3.201695 2.1500001
8.1000004 -3.201695 2.25
8.1000004 -3.201695 2.3499999
8.1000004 -3.201695 2.45
8 -3.201695 -0.44999999
8 -3.201695 -0.34999999
8 -3.201695 -0.25
8 -3.201695 -0.15000001
8 -3.201695 -0.050000001
8 -3.201695 0.050000001
8 -3.201695 0.15000001
8 -3.201695 0.25
8 -3.201695 0.34999999
8 -3.201695 0.44999999
8 -3.201695 0.55000001
8 -3.201695 0.64999998
8 -3.201695 0.75
8 -3.201695 0.85000002
8 -3.201695 0.94999999
8 -3.201695 1.05
8 -3.201695 1.15
8 -3.201695 1.25
8 -3.201695 1.35
8 -3.201695 1.45
8 -3.201695 1.55
8 -3.201695 1.65
8 -3.201695 1.75
8 -3.201695 1.85
8 -3.201695 1.95
8 -3.201695 2.05
8 -3.201695 2.1500001
8 -3.201695 2.25
8 -3.201695 2.3499999
8 -3.201695 2.45
7.9000001 -3.201695 -0.44999999
7.9000001 -3.201695 -0.34999999
7.9000001 -3.201695 -0.25
7.9000001 -3.201695 -0.15000001
7.9000001 -3.201695 -0.050000001
7.9000001 -3.201695 0.050000001
7.9000001 -3.201695 0.15000001
7.9000001 -3.201695 0.25
7.9000001 -3.201695 0.34999999
7.9000001 -3.201695 0.44999999
7.9000001 -3.201695 0.55000001
7.9000001 -3.201695 0.64999998
7.9000001 -3.201695 0.75
7.9000001 -3.201695 0.85000002
7.9000001 -3.201695 0.94999999
7.9000001 -3.201695 1.05
7.9000001 -3.201695 1.15
7.9000001 -3.201695 1.25
7.9000001 -3.201695 1.35
7.9000001 -3.201695 1.45
7.9000001 -3.201695 1.55
7.9000001 -3.201695 1.65
7.9000001 -3.201695 1.75
7.9000001 -3.201695 1.85
7.9000001 -3.201695 1.95
7.9000001 -3.201695 2.05
7.9000001 -3.201695 2.1500001
7.9000001 -3.201695 2.25
7.9000001 -3.201695 2.3499999
7.9000001 -3.201695 2.45
8.1000004 -3.1033897 -0.44999999
8.1000004 -3.1033897 -0.34999999
8.1000004 -3.1033897 -0.25
8.1000004 -3.1033897 -0.15000001
8.1000004 -3.1033897 -0.050000001
8.1000004 -3.1033897 0.050000001
8.1000004 -3.1033897 0.15000001
8.1000004 -3.1033897 0.25
8.1000004 -3.1033897 0.34999999
8.1000004 -3.1033897 0.44999999
8.1000004 -3.1033897 0.55000001
8.1000004 -3.1033897 0.64999998
8.1000004 -3.1033897 0.75
8.1000004 -3.1033897 0.85000002
8.1000004 -3.1033897 0.94999999
8.1000004 -3.1033897 1.05
8.1000004 -3.1033897 1.15
8.1000004 -3.1033897 1.25
8.1000004 -3.1033897 1.35
8.1000004 -3.1033897 1.45
8.1000004 -3.1033897 1.55
8.1000004 -3.1033897 1.65
8.1000004 -3.1033897 1.75
8.1000004 -3.1033897 1.85
8.1000004 -3.1033897 1.95
8.1000004 -3.1033897 2.05
8.1000004 -3.1033897 2.1500001
8.1000004 -3.1033897 2.25
8.1000004 -3.1033897 2.3499999
8.1000004 -3.1033897 2.45
8 -3.1033897 -0.44999999
8 -3.1033897 -0.34999999
8 -3.1033897 -0.25
8 -3.1033897 -0.15000001
8 -3.1033897 -0.050000001
8 -3.1033897 0.050000001
8 -3.1033897 0.15000001
8 -3.1033897 0.25
8 -3.1033897 0.34999999
8 -3.1033897 0.44999999
8 -3.1033897 0.55000001
8 -3.1033897 0.64999998
8 -3.1033897 0.75
8 -3.1033897 0.85000002
8 -3.1033897 0.94999999
8 -3.1033897 1.05
8 -3.1033897 1.15
8 -3.1033897 1.25
8 -3.1033897 1.35
8 -3.1033897 1.45
8 -3.1033897 1.55
8 -3.1033897 1.65
8 -3.1033897 1.75
8 -3.1033897 1.85
8 -3.1033897 1.95
8 -3.1033897 2.05
8 -3.1033897 2.1500001
8 -3.1033897 2.25
8 -3.1033897 2.3499999
8 -3.1033897 2.45
7.9000001 -3.1033897 -0.44999999
7.9000001 -3.1033897 -0.34999999
7.9000001 -3.1033897 -0.25
7.9000001 -3.1033897 -0.15000001
7.9000001 -3.1033897 -0.050000001
7.9000001 -3.1033897 0.050000001
7.9000001 -3.1033897 0.15000001
7.9000001 -3.1033897 0.25
7.9000001 -3.1033897 0.34999999
7.9000001 -3.1033897 0.44999999
7.9000001 -3.1033897 0.55000001
7.9000001 -3.1033897 0.64999998
7.9000001 -3.1033897 0.75
7.9000001 -3.1033897 0.85000002
7.9000001 -3.1033897 0.94999999
7.9000001 -3.1033897 1.05
7.9000001 -3.1033897 1.15
7.9000001 -3.1033897 1.25
7.9000001 -3.1033897 1.35
7.9000001 -3.1033897 1.45
7.9000001 -3.1033897 1.55
7.9000001 -3.1033897 1.65
7.9000001 -3.1033897 1.75
7.9000001 -3.1033897 1.85
7.9000001 -3.1033897 1.95
7.9000001 -3.1033897 2.05
7.9000001 -3.1033897 2.1500001
7.9000001 -3.1033897 2.25
7.9000001 -3.1033897 2.3499999
7.9000001 -3.1033897 2.45
8.1000004 -3.0050848 -0.44999999
8.1000004 -3.0050848 -0.34999999
8.1000004 -3.0050848 -0.25
8.1000004 -3.0050848 -0.15000001
8.1000004 -3.0050848 -0.050000001
8.1000004 -3.0050848 0.050000001
8.1000004 -3.0050848 0.15000001
8.1000004 -3.0050848 0.25
8.1000004 -3.0050848 0.34999999
8.1000004 -3.0050848 0.44999999
8.1000004 -3.0050848 0.55000001
8.1000004 -3.0050848 0.64999998
8.1000004 -3.0050848 0.75
8.1000004 -3.0050848 0.85000002
8.1000004 -3.0050848 0.94999999
8.1000004 -3.0050848 1.05
8.1000004 -3.0050848 1.15
8.1000004 -3.0050848 1.25
8.1000004 -3.0050848 1.35
8.1000004 -3.0050848 1.45
8.1000004 -3.0050848 1.55
8.1000004 -3.0050848 1.65
8.1000004 -3.0050848 1.75
8.1000004 -3.0050848 1.85
8.1000004 -3.0050848 1.95
8.1000004 -3.0050848 2.05
8.1000004 -3.0050848 2.1500001
8.1000004 -3.0050848 2.25
8.1000004 -3.0050848 2.3499999
8.1000004 -3.0050848 2.45
8 -3.0050848 -0.44999999
8 -3.0050848 -0.34999999
8 -3.0050848 -0.25
8 -3.0050848 -0.15000001
8 -3.0050848 -0.050000001
8 -3.0050848 0.050000001
8 -3.0050848 0.15000001
8 -3.0050848 0.25
8 -3.0050848 0.34999999
8 -3.0050848 0.44999999
8 -3.0050848 0.55000001
8 -3.0050848 0.64999998
8 -3.0050848 0.75
8 -3.0050848 0.85000002
8 -3.0050848 0.94999999
8 -3.0050848 1.05
8 -3.0050848 1.15
8 -3.0050848 1.25
8 -3.0050848 1.35
8 -3.0050848 1.45
8 -3.0050848 1.55
8 -3.0050848 1.65
8 -3.0050848 1.75
8 -3.0050848 1.85
8 -3.0050848 1.95
8 -3.0050848 2.05
8 -3.0050848 2.1500001
8 -3.0050848 2.25
8 -3.0050848 2.3499999
8 -3.0050848 2.45
7.9000001 -3.0050848 -0.44999999
7.9000001 -3.0050848 -0.34999999
7.9000001 -3.0050848 -0.25
7.9000001 -3.0050848 -0.15000001
7.9000001 -3.0050848 -0.050000001
7.9000001 -3.0050848 0.050000001
7.9000001 -3.0050848 0.15000001
7.9000001 -3.0050848 0.25
7.9000001 -3.0050848 0.34999999
7.9000001 -3.0050848 0.44999999
7.9000001 -3.0050848 0.55000001
7.9000001 -3.0050848 0.64999998
7.9000001 -3.0050848 0.75
7.9000001 -3.0050848 0.85000002
7.9000001 -3.0050848 0.94999999
7.9000001 -3.0050848 1.05
7.9000001 -3.0050848 1.15
7.9000001 -3.0050848 1.25
7.9000001 -3.0050848 1.35
7.9000001 -3.0050848 1.45
7.9000001 -3.0050848 1.55
7.9000001 -3.0050848 1.65
7.9000001 -3.0050848 1.75
7.9000001 -3.0050848 1.85
7.9000001 -3.0050848 1.95
7.9000001 -3.0050848 2.05
7.9000001 -3.0050848 2.1500001
7.9000001 -3.0050848 2.25
7.9000001 -3.0050848 2.3499999
7.9000001 -3.0050848 2.45
8.1000004 -2.9067798 -0.44999999
8.1000004 -2.9067798 -0.34999999
8.1000004 -2.9067798 -0.25
8.1000004 -2.9067798 -0.15000001
8.1000004 -2.9067798 -0.050000001
8.1000004 -2.9067798 0.050000001
8.1000004 -2.9067798 0.15000001
8.1000004 -2.9067798 0.25
8.1000004 -2.9067798 0.34999999
8.1000004 -2.9067798 0.44999999
8.1000004 -2.9067798 0.55000001
8.1000004 -2.9067798 0.64999998
8.1000004 -2.9067798 0.75
8.1000004 -2.9067798 0.85000002
8.1000004 -2.9067798 0.94999999
8.1000004 -2.9067798 1.05
8.1000004 -2.9067798 1.15
8.1000004 -2.9067798 1.25
8.1000004 -2.9067798 1.35
8.1000004 -2.9067798 1.45
8.1000004 -2.9067798 1.55
8.1000004 -2.9067798 1.65
8.1000004 -2.9067798 1.75
8.1000004 -2.9067798 1.85
8.1000004 -2.9067798 1.95
8.1000004 -2.9067798 2.05
8.1000004 -2.9067798 2.1500001
8.1000004 -2.9067798 2.25
8.1000004 -2.9067798 2.3499999
8.1000004 -2.9067798 2.45
8 -2.9067798 -0.44999999
8 -2.9067798 -0.34999999
8 -2.9067798 -0.25
8 -2.9067798 -0.15000001
8 -2.9067798 -0.050000001
8 -2.9067798 0.050000001
8 -2.9067798 0.15000001
8 -2.9067798 0.25
8 -2.9067798 0.34999999
8 -2.9067798 0.44999999
8 -2.9067798 0.55000001
8 -2.9067798 0.64999998
8 -2.9067798 0.75
8 -2.9067798 0.85000002
8 -2.9067798 0.94999999
8 -2.9067798 1.05
8 -2.9067798 1.15
8 -2.9067798 1.25
8 -2.9067798 1.35
8 -2.9067798 1.45
8 -2.9067798 1.55
8 -2.9067798 1.65
8 -2.9067798 1.75
8 -2.9067798 1.85
8 -2.9067798 1.95
8 -2.9067798 2.05
8 -2.9067798 2.1500001
8 -2.9067798 2.25
8 -2.9067798 2.3499999
8 -2.9067798 2.45
7.9000001 -2.9067798 -0.44999999
7.9000001 -2.9067798 -0.34999999
7.9000001 -2.9067798 -0.25
7.9000001 -2.9067798 -0.15000001
7.9000001 -2.9067798 -0.050000001
7.9000001 -2.9067798 0.050000001
7.9000001 -2.9067798 0.15000001
7.9000001 -2.9067798 0.25
7.9000001 -2.9067798 0.34999999
7.9000001 -2.9067798 0.44999999
7.9000001 -2.9067798 0.55000001
7.9000001 -2.9067798 0.64999998
7.9000001 -2.9067798 0.75
7.9000001 -2.9067798 0.85000002
7.9000001 -2.9067798 0.94999999
7.9000001 -2.9067798 1.05
7.9000001 -2.9067798 1.15
7.9000001 -2.9067798 1.25
7.9000001 -2.9067798 1.35
7.9000001 -2.9067798 1.45
7.9000001 -2.9067798 1.55
7.9000001 -2.9067798 1.65
7.9000001 -2.9067798 1.75
7.9000001 -2.9067798 1.85
7.9000001 -2.9067798 1.95
7.9000001 -2.9067798 2.05
7.9000001 -2.9067798 2.1500001
7.9000001 -2.9067798 2.25
7.9000001 -2.9067798 2.3499999
7.9000001 -2.9067798 2.45
8.1000004 -2.8084745 -0.44999999
8.1000004 -2.8084745 -0.34999999
8.1000004 -2.8084745 -0.25
8.1000004 -2.8084745 -0.15000001
8.1000004 -2.8084745 -0.050000001
8.1000004 -2.8084745 0.050000001
8.1000004 -2.8084745 0.15000001
8.1000004 -2.8084745 0.25
8.1000004 -2.8084745 0.34999999
8.1000004 -2.8084745 0.44999999
8.1000004 -2.8084745 0.55000001
8.1000004 -2.8084745 0.64999998
8.1000004 -2.8084745 0.75
8.1000004 -2.8084745 0.85000002
8.1000004 -2.8084745 0.94999999
8.1000004 -2.8084745 1.05
8.1000004 -2.8084745 1.15
8.1000004 -2.8084745 1.25
8.1000004 -2.8084745 1.35
8.1000004 -2.8084745 1.45
8.1000004 -2.8084745 1.55
8.1000004 -2.8084745 1.65
8.1000004 -2.8084745 1.75
8.1000004 -2.8084745 1.85
8.1000004 -2.8084745 1.95
8.1000004 -2.8084745 2.05
8.1000004 -2.8084745 2.1500001
8.1000004 -2.8084745 2.25
8.1000004 -2.8084745 2.3499999
8.1000004 -2.8084745 2.45
8 -2.8084745 -0.44999999
8 -2.8084745 -0.34999999
8 -2.8084745 -0.25
8 -2.8084745 -0.15000001
8 -2.8084745 -0.050000001
8 -2.8084745 0.050000001
8 -2.8084745 0.15000001
8 -2.8084745 0.25
8 -2.8084745 0.34999999
8 -2.8084745 0.44999999
8 -2.8084745 0.55000001
8 -2.8084745 0.64999998
8 -2.8084745 0.75
8 -2.8084745 0.85000002
8 -2.8084745 0.94999999
8 -2.8084745 1.05
8 -2.8084745 1.15
8 -2.8084745 1.25
8 -2.8084745 1.35
8 -2.8084745 1.45
8 -2.8084745 1.55
8 -2.8084745 1.65
8 -2.8084745 1.75
8 -2.8084745 1.85
8 -2.8084745 1.95
8 -2.8084745 2.05
8 -2.8084745 2.1500001
8 -2.8084745 2.25
8 -2.8084745 2.3499999
8 -2.8084745 2.45
7.9000001 -2.8084745 -0.44999999
7.9000001 -2.8084745 -0.34999999
7.9000001 -2.8084745 -0.25
7.9000001 -2.8084745 -0.15000001
7.9000001 -2.8084745 -0.050000001
7.9000001 -2.8084745 0.050000001
7.9000001 -2.8084745 0.15000001
7.9000001 -2.8084745 0.25
7.9000001 -2.8084745 0.34999999
7.9000001 -2.8084745 0.44999999
7.9000001 -2.8084745 0.55000001
7.9000001 -2.8084745 0.64999998
7.9000001 -2.8084745 0.75
7.9000001 -2.8084745 0.85000002
7.9000001 -2.8084745 0.94999999
7.9000001 -2.8084745 1.05
7.9000001 -2.8084745 1.15
7.9000001 -2.8084745 1.25
7.9000001 -2.8084745 1.35
7.9000001 -2.8084745 1.45
7.9000001 -2.8084745 1.55
7.9000001 -2.8084745 1.65
7.9000001 -2.8084745 1.75
7.9000001 -2.8084745 1.85
7.9000001 -2.8084745 1.95
7.9000001 -2.8084745 2.05
7.9000001 -2.8084745 2.1500001
7.9000001 -2.8084745 2.25
7.9000001 -2.8084745 2.3499999
7.9000001 -2.8084745 2.45
8.1000004 -2.7101696 -0.44999999
8.1000004 -2.7101696 -0.34999999
8.1000004 -2.7101696 -0.25
8.1000004 -2.7101696 -0.15000001
8.1000004 -2.7101696 -0.050000001
8.1000004 -2.7101696 0.050000001
8.1000004 -2.7101696 0.15000001
8.1000004 -2.7101696 0.25
8.1000004 -2.7101696 0.34999999
8.1000004 -2.7101696 0.44999999
8.1000004 -2.7101696 0.55000001
8.1000004 -2.7101696 0.64999998
8.1000004 -2.7101696 0.75
8.1000004 -2.7101696 0.85000002
8.1000004 -2.7101696 0.94999999
8.1000004 -2.7101696 1.05
8.1000004 -2.7101696 1.15
8.1000004 -2.7101696 1.25
8.1000004 -2.7101696 1.35
8.1000004 -2.7101696 1.45
8.1000004 -2.7101696 1.55
8.1000004 -2.7101696 1.65
8.1000004 -2.7101696 1.75
8.1000004 -2.7101696 1.85
8.1000004 -2.7101696 1.95
8.1000004 -2.7101696 2.05
8.1000004 -2.7101696 2.1500001
8.1000004 -2.7101696 2.25
8.1000004 -2.7101696 2.3499999
8.1000004 -2.7101696 2.45
8 -2.7101696 -0.44999999
8 -2.7101696 -0.34999999
8 -2.7101696 -0.25
8 -2.7101696 -0.15000001
8 -2.7101696 -0.050000001
8 -2.7101696 0.050000001
8 -2.7101696 0.15000001
8 -2.7101696 0.25
8 -2.7101696 0.34999999
8 -2.7101696 0.44999999
8 -2.7101696 0.55000001
8 -2.7101696 0.64999998
8 -2.7101696 0.75
8 -2.7101696 0.85000002
8 -2.7101696 0.94999999
8 -2.7101696 1.05
8 -2.7101696 1.15
8 -2.7101696 1.25
8 -2.7101696 1.35
8 -2.7101696 1.45
8 -2.7101696 1.55
8 -2.7101696 1.65
8 -2.7101696 1.75
8 -2.7101696 1.85
8 -2.7101696 1.95
8 -2.7101696 2.05
8 -2.7101696 2.1500001
8 -2.7101696 2.25
8 -2.7101696 2.3499999
8 -2.7101696 2.45
7.9000001 -2.7101696 -0.44999999
7.9000001 -2.7101696 -0.34999999
7.9000001 -2.7101696 -0.25
7.9000001 -2.7101696 -0.15000001
7.9000001 -2.7101696 -0.050000001
7.9000001 -2.7101696 0.050000001
7.9000001 -2.7101696 0.15000001
7.9000001 -2.7101696 0.25
7.9000001 -2.7101696 0.34999999
7.9000001 -2.7101696 0.44999999
7.9000001 -2.7101696 0.55000001
7.9000001 -2.7101696 0.64999998
7.9000001 -2.7101696 0.75
7.9000001 -2.7101696 0.85000002
7.9000001 -2.7101696 0.94999999
7.9000001 -2.7101696 1.05
7.9000001 -2.7101696 1.15
7.9000001 -2.7101696 1.25
7.9000001 -2.7101696 1.35
7.9000001 -2.7101696 1.45
7.9000001 -2.7101696 1.55
7.9000001 -2.7101696 1.65
7.9000001 -2.7101696 1.75
7.9000001 -2.7101696 1.85
7.9000001 -2.7101696 1.95
7.9000001 -2.7101696 2.05
7.9000001 -2.7101696 2.1500001
7.9000001 -2.7101696 2.25
7.9000001 -2.7101696 2.3499999
7.9000001 -2.7101696 2.45
8.1000004 -2.6118643 -0.44999999
8.1000004 -2.6118643 -0.34999999
8.1000004 -2.6118643 -0.25
8.1000004 -2.6118643 -0.15000001
8.1000004 -2.6118643 -0.050000001
8.1000004 -2.6118643 0.050000001
8.1000004 -2.6118643 0.15000001
8.1000004 -2.6118643 0.25
8.1000004 -2.6118643 0.34999999
8.1000004 -2.6118643 0.44999999
8.1000004 -2.6118643 0.55000001
8.1000004 -2.6118643 0.64999998
8.1000004 -2.6118643 0.75
8.1000004 -2.6118643 0.85000002
8.1000004 -2.6118643 0.94999999
8.1000004 -2.6118643 1.05
8.1000004 -2.6118643 1.15
8.1000004 -2.6118643 1.25
8.1000004 -2.6118643 1.35
8.1000004 -2.6118643 1.45
8.1000004 -2.6118643 1.55
8.1000004 -2.6118643 1.65
8.1000004 -2.6118643 1.75
8.1000004 -2.6118643 1.85
8.1000004 -2.6118643 1.95
8.1000004 -2.6118643 2.05
8.1000004 -2.6118643 2.1500001
8.1000004 -2.6118643 2.25
8.1000004 -2.6118643 2.3499999
8.1000004 -2.6118643 2.45
8 -2.6118643 -0.44999999
8 -2.6118643 -0.34999999
8 -2.6118643 -0.25
8 -2.6118643 -0.15000001
8 -2.6118643 -0.050000001
8 -2.6118643 0.050000001
8 -2.6118643 0.15000001
8 -2.6118643 0.25
8 -2.6118643 0.34999999
8 -2.6118643 0.44999999
8 -2.6118643 0.55000001
8 -2.6118643 0.64999998
8 -2.6118643 0.75
8 -2.6118643 0.85000002
8 -2.6118643 0.94999999
8 -2.6118643 1.05
8 -2.6118643 1.15
8 -2.6118643 1.25
8 -2.6118643 1.35
8 -2.6118643 1.45
8 -2.6118643 1.55
8 -2.6118643 1.65
8 -2.6118643 1.75
8 -2.6118643 1.85
8 -2.6118643 1.95
8 -2.6118643 2.05
8 -2.6118643 2.1500001
8 -2.6118643 2.25
8 -2.6118643 2.3499999
8 -2.6118643 2.45
7.9000001 -2.6118643 -0.44999999
7.9000001 -2.6118643 -0.34999999
7.9000001 -2.6118643 -0.25
7.9000001 -2.6118643 -0.15000001
7.9000001 -2.6118643 -0.050000001
7.9000001 -2.6118643 0.050000001
7.9000001 -2.6118643 0.15000001
7.9000001 -2.6118643 0.25
7.9000001 -2.6118643 0.34999999
7.9000001 -2.6118643 0.44999999
7.9000001 -2.6118643 0.55000001
7.9000001 -2.6118643 0.64999998
7.9000001 -2.6118643 0.75
7.9000001 -2.6118643 0.85000002
7.9000001 -2.6118643 0.94999999
7.9000001 -2.6118643 1.05
7.9000001 -2.6118643 1.15
7.9000001 -2.6118643 1.25
7.9000001 -2.6118643 1.35
7.9000001 -2.6118643 1.45
7.9000001 -2.6118643 1.55
7.9000001 -2.6118643 1.65
7.9000001 -2.6118643 1.75
7.9000001 -2.6118643 1.85
7.9000001 -2.6118643 1.95
7.9000001 -2.6118643 2.05
7.9000001 -2.6118643 2.1500001
7.9000001 -2.6118643 2.25
7.9000001 -2.6118643 2.3499999
7.9000001 -2.6118643 2.45
8.1000004 -2.5135593 -0.44999999
8.1000004 -2.5135593 -0.34999999
8.1000004 -2.5135593 -0.25
8.1000004 -2.5135593 -0.15000001
8.1000004 -2.5135593 -0.050000001
8.1000004 -2.5135593 0.050000001
8.1000004 -2.5135593 0.15000001
8.1000004 -2.5135593 0.25
8.1000004 -2.5135593 0.34999999
8.1000004 -2.5135593 0.44999999
8.1000004 -2.5135593 0.55000001
8.1000004 -2.5135593 0.64999998
8.1000004 -2.5135593 0.75
8.1000004 -2.5135593 0.85000002
8.1000004 -2.5135593 0.94999999
8.1000004 -2.5135593 1.05
8.1000004 -2.5135593 1.15
8.1000004 -2.5135593 1.25
8.1000004 -2.5135593 1.35
8.1000004 -2.5135593 1.45
8.1000004 -2.5135593 1.55
8.1000004 -2.5135593 1.65
8.1000004 -2.5135593 1.75
8.1000004 -2.5135593 1.85
8.1000004 -2.5135593 1.95
8.1000004 -2.5135593 2.05
8.1000004 -2.5135593 2.1500001
8.1000004 -2.5135593 2.25
8.1000004 -2.5135593 2.3499999
8.1000004 -2.5135593 2.45
8 -2.5135593 -0.44999999
8 -2.5135593 -0.34999999
8 -2.5135593 -0.25
8 -2.5135593 -0.15000001
8 -2.5135593 -0.050000001
8 -2.5135593 0.050000001
8 -2.5135593 0.15000001
8 -2.5135593 0.25
8 -2.5135593 0.34999999
8 -2.5135593 0.44999999
8 -2.5135593 0.55000001
8 -2.5135593 0.64999998
8 -2.5135593 0.75
8 -2.5135593 0.85000002
8 -2.5135593 0.94999999
8 -2.5135593 1.05
8 -2.5135593 1.15
8 -2.5135593 1.25
8 -2.5135593 1.35
8 -2.5135593 1.45
8 -2.5135593 1.55
8 -2.5135593 1.65
8 -2.5135593 1.75
8 -2.5135593 1.85
8 -2.5135593 1.95
8 -2.5135593 2.05
8 -2.5135593 2.1500001
8 -2.5135593 2.25
8 -2.5135593 2.3499999
8 -2.5135593 2.45
7.9000001 -2.5135593 -0.44999999
7.9000001 -2.5135593 -0.34999999
7.9000001 -2.5135593 -0.25
7.9000001 -2.5135593 -0.15000001
7.9000001 -2.5135593 -0.050000001
7.9000001 -2.5135593 0.050000001
7.9000001 -2.5135593 0.15000001
7.9000001 -2.5135593 0.25
7.9000001 -2.5135593 0.34999999
7.9000001 -2.5135593 0.44999999
7.9000001 -2.5135593 0.55000001
7.9000001 -2.5135593 0.64999998
7.9000001 -2.5135593 0.75
7.9000001 -2.5135593 0.85000002
7.9000001 -2.5135593 0.94999999
7.9000001 -2.5135593 1.05
7.9000001 -2.5135593 1.15
7.9000001 -2.5135593 1.25
7.9000001 -2.5135593 1.35
7.9000001 -2.5135593 1.45
7.9000001 -2.5135593 1.55
7.9000001 -2.5135593 1.65
7.9000001 -2.5135593 1.75
7.9000001 -2.5135593 1.85
7.9000001 -2.5135593 1.95
7.9000001 -2.5135593 2.05
7.9000001 -2.5135593 2.1500001
7.9000001 -2.5135593 2.25
7.9000001 -2.5135593 2.3499999
7.9000001 -2.5135593 2.45
8.1000004 -2.4152544 -0.44999999
8.1000004 -2.4152544 -0.34999999
8.1000004 -2.4152544 -0.25
8.1000004 -2.4152544 -0.15000001
8.1000004 -2.4152544 -0.050000001
8.1000004 -2.4152544 0.050000001
8.1000004 -2.4152544 0.15000001
8.1000004 -2.4152544 0.25
8.1000004 -2.4152544 0.34999999
8.1000004 -2.4152544 0.44999999
8.1000004 -2.4152544 0.55000001
8.1000004 -2.4152544 0.64999998
8.1000004 -2.4152544 0.75
8.1000004 -2.4152544 0.85000002
8.1000004 -2.4152544 0.94999999
8.1000004 -2.4152544 1.05
8.1000004 -2.4152544 1.15
8.1000004 -2.4152544 1.25
8.1000004 -2.4152544 1.35
8.1000004 -2.4152544 1.45
8.1000004 -2.4152544 1.55
8.1000004 -2.4152544 1.65
8.1000004 -2.4152544 1.75
8.1000004 -2.4152544 1.85
8.1000004 -2.4152544 1.95
8.1000004 -2.4152544 2.05
8.1000004 -2.4152544 2.1500001
8.1000004 -2.4152544 2.25
8.1000004 -2.4152544 2.3499999
8.1000004 -2.4152544 2.45
8 -2.4152544 -0.44999999
8 -2.4152544 -0.34999999
8 -2.4152544 -0.25
8 -2.4152544 -0.15000001
8 -2.4152544 -0.050000001
8 -2.4152544 0.050000001
8 -2.4152544 0.15000001
8 -2.4152544 0.25
8 -2.4152544 0.34999999
8 -2.4152544 0.44999999
8 -2.4152544 0.55000001
8 -2.4152544 0.64999998
8 -2.4152544 0.75
8 -2.4152544 0.85000002
8 -2.4152544 0.94999999
8 -2.4152544 1.05
8 -2.4152544 1.15
8 -2.4152544 1.25
8 -2.4152544 1.35
8 -2.4152544 1.45
8 -2.4152544 1.55
8 -2.4152544 1.65
8 -2.4152544 1.75
8 -2.4152544 1.85
8 -2.4152544 1.95
8 -2.4152544 2.05
8 -2.4152544 2.1500001
8 -2.4152544 2.25
8 -2.4152544 2.3499999
8 -2.4152544 2.45
7.9000001 -2.4152544 -0.44999999
7.9000001 -2.4152544 -0.34999999
7.9000001 -2.4152544 -0.25
7.9000001 -2.4152544 -0.15000001
7.9000001 -2.4152544 -0.050000001
7.9000001 -2.4152544 0.050000001
7.9000001 -2.4152544 0.15000001
7.9000001 -2.4152544 0.25
7.9000001 -2.4152544 0.34999999
7.9000001 -2.4152544 0.44999999
7.9000001 -2.4152544 0.55000001
7.9000001 -2.4152544 0.64999998
7.9000001 -2.4152544 0.75
7.9000001 -2.4152544 0.85000002
7.9000001 -2.4152544 0.94999999
7.9000001 -2.4152544 1.05
7.9000001 -2.4152544 1.15
7.9000001 -2.4152544 1.25
7.9000001 -2.4152544 1.35
7.9000001 -2.4152544 1.45
7.9000001 -2.4152544 1.55
7.9000001 -2.4152544 1.65
7.9000001 -2.4152544 1.75
7.9000001 -2.4152544 1.85
7.9000001 -2.4152544 1.95
7.9000001 -2.4152544 2.05
7.9000001 -2.4152544 2.1500001
7.9000001 -2.4152544 2.25
7.9000001 -2.4152544 2.3499999
7.9000001 -2.4152544 2.45
8.1000004 -2.3169491 -0.44999999
8.1000004 -2.3169491 -0.34999999
8.1000004 -2.3169491 -0.25
8.1000004 -2.3169491 -0.15000001
8.1000004 -2.3169491 -0.050000001
8.1000004 -2.3169491 0.050000001
8.1000004 -2.3169491 0.15000001
8.1000004 -2.3169491 0.25
8.1000004 -2.3169491 0.34999999
8.1000004 -2.3169491 0.44999999
8.1000004 -2.3169491 0.55000001
8.1000004 -2.3169491 0.64999998
8.1000004 -2.3169491 0.75
8.1000004 -2.3169491 0.85000002
8.1000004 -2.3169491 0.94999999
8.1000004 -2.3169491 1.05
8.1000004 -2.3169491 1.15
8.1000004 -2.3169491 1.25
8.1000004 -2.3169491 1.35
8.1000004 -2.3169491 1.45
8.1000004 -2.3169491 1.55
8.1000004 -2.3169491 1.65
8.1000004 -2.3169491 1.75
8.1000004 -2.3169491 1.85
8.1000004 -2.3169491 1.95
8.1000004 -2.3169491 2.05
8.1000004 -2.3169491 2.1500001
8.1000004 -2.3169491 2.25
8.1000004 -2.3169491 2.3499999
8.1000004 -2.3169491 2.45
8 -2.3169491 -0.44999999
8 -2.3169491 -0.34999999
8 -2.3169491 -0.25
8 -2.3169491 -0.15000001
8 -2.3169491 -0.050000001
8 -2.3169491 0.050000001
8 -2.3169491 0.15000001
8 -2.3169491 0.25
8 -2.3169491 0.34999999
8 -2.3169491 0.44999999
8 -2.3169491 0.55000001
8 -2.3169491 0.64999998
8 -2.3169491 0.75
8 -2.3169491 0.85000002
8 -2.3169491 0.94999999
8 -2.3169491 1.05
8 -2.3169491 1.15
8 -2.3169491 1.25
8 -2.3169491 1.35
8 -2.3169491 1.45
8 -2.3169491 1.55
8 -2.3169491 1.65
8 -2.3169491 1.75
8 -2.3169491 1.85
8 -2.3169491 1.95
8 -2.3169491 2.05
8 -2.3169491 2.1500001
8 -2.3169491 2.25
8 -2.3169491 2.3499999
8 -2.3169491 2.45
7.9000001 -2.3169491 -0.44999999
7.9000001 -2.3169491 -0.34999999
7.9000001 -2.3169491 -0.25
7.9000001 -2.3169491 -0.15000001
7.9000001 -2.3169491 -0.050000001
7.9000001 -2.3169491 0.050000001
7.9000001 -2.3169491 0.15000001
7.9000001 -2.3169491 0.25
7.9000001 -2.3169491 0.34999999
7.9000001 -2.3169491 0.44999999
7.9000001 -2.3169491 0.55000001
7.9000001 -2.3169491 0.64999998
7.9000001 -2.3169491 0.75
7.9000001 -2.3169491 0.85000002
7.9000001 -2.3169491 0.94999999
7.9000001 -2.3169491 1.05
7.9000001 -2.3169491 1.15
7.9000001 -2.3169491 1.25
7.9000001 -2.3169491 1.35
7.9000001 -2.3169491 1.45
7.9000001 -2.3169491 1.55
7.9000001 -2.3169491 1.65
7.9000001 -2.3169491 1.75
7.9000001 -2.3169491 1.85
7.9000001 -2.3169491 1.95
7.9000001 -2.3169491 2.05
7.9000001 -2.3169491 2.1500001
7.9000001 -2.3169491 2.25
7.9000001 -2.3169491 2.3499999
7.9000001 -2.3169491 2.45
8.1000004 -2.2186441 -0.44999999
8.1000004 -2.2186441 -0.34999999
8.1000004 -2.2186441 -0.25
8.1000004 -2.2186441 -0.15000001
8.1000004 -2.2186441 -0.050000001
8.1000004 -2.2186441 0.050000001
8.1000004 -2.2186441 0.15000001
8.1000004 -2.2186441 0.25
8.1000004 -2.2186441 0.34999999
8.1000004 -2.2186441 0.44999999
8.1000004 -2.2186441 0.55000001
8.1000004 -2.2186441 0.64999998
8.1000004 -2.2186441 0.75
8.1000004 -2.2186441 0.85000002
8.1000004 -2.2186441 0.94999999
8.1000004 -2.2186441 1.05
8.1000004 -2.2186441 1.15
8.1000004 -2.2186441 1.25
8.1000004 -2.2186441 1.35
8.1000004 -2.2186441 1.45
8.1000004 -2.2186441 1.55
8.1000004 -2.2186441 1.65
8.1000004 -2.2186441 1.75
8.1000004 -2.2186441 1.85
8.1000004 -2.2186441 1.95
8.1000004 -2.2186441 2.05
8.1000004 -2.2186441 2.1500001
8.1000004 -2.2186441 2.25
8.1000004 -2.2186441 2.3499999
8.1000004 -2.2186441 2.45
8 -2.2186441 -0.44999999
8 -2.2186441 -0.34999999
8 -2.2186441 -0.25
8 -2.2186441 -0.15000001
8 -2.2186441 -0.050000001
8 -2.2186441 0.050000001
8 -2.2186441 0.15000001
8 -2.2186441 0.25
8 -2.2186441 0.34999999
8 -2.2186441 0.44999999
8 -2.2186441 0.55000001
8 -2.2186441 0.64999998
8 -2.2186441 0.75
8 -2.2186441 0.85000002
8 -2.2186441 0.94999999
8 -2.2186441 1.05
8 -2.2186441 1.15
8 -2.2186441 1.25
8 -2.2186441 1.35
8 -2.2186441 1.45
8 -2.2186441 1.55
8 -2.2186441 1.65
8 -2.2186441 1.75
8 -2.2186441 1.85
8 -2.2186441 1.95
8 -2.2186441 2.05
8 -2.2186441 2.1500001
8 -2.2186441 2.25
8 -2.2186441 2.3499999
8 -2.2186441 2.45
7.9000001 -2.2186441 -0.44999999
7.9000001 -2.2186441 -0.34999999
7.9000001 -2.2186441 -0.25
7.9000001 -2.2186441 -0.15000001
7.9000001 -2.2186441 -0.050000001
7.9000001 -2.2186441 0.050000001
7.9000001 -2.2186441 0.15000001
7.9000001 -2.2186441 0.25
7.9000001 -2.2186441 0.34999999
7.9000001 -2.2186441 0.44999999
7.9000001 -2.2186441 0.55000001
7.9000001 -2.2186441 0.64999998
7.9000001 -2.2186441 0.75
7.9000001 -2.2186441 0.85000002
7.9000001 -2.2186441 0.94999999
7.9000001 -2.2186441 1.05
7.9000001 -2.2186441 1.15
7.9000001 -2.2186441 1.25
7.9000001 -2.2186441 1.35
7.9000001 -2.2186441 1.45
7.9000001 -2.2186441 1.55
7.9000001 -2.2186441 1.65
7.9000001 -2.2186441 1.75
7.9000001 -2.2186441 1.85
7.9000001 -2.2186441 1.95
7.9000001 -2.2186441 2.05
7.9000001 -2.2186441 2.1500001
7.9000001 -2.2186441 2.25
7.9000001 -2.2186441 2.3499999
7.9000001 -2.2186441 2.45
8.1000004 -2.1203389 -0.44999999
8.1000004 -2.1203389 -0.34999999
8.1000004 -2.1203389 -0.25
8.1000004 -2.1203389 -0.15000001
8.1000004 -2.1203389 -0.050000001
8.1000004 -2.1203389 0.050000001
8.1000004 -2.1203389 0.15000001
8.1000004 -2.1203389 0.25
8.1000004 -2.1203389 0.34999999
8.1000004 -2.1203389 0.44999999
8.1000004 -2.1203389 0.55000001
8.1000004 -2.1203389 0.64999998
8.1000004 -2.1203389 0.75
8.1000004 -2.1203389 0.85000002
8.1000004 -2.1203389 0.94999999
8.1000004 -2.1203389 1.05
8.1000004 -2.1203389 1.15
8.1000004 -2.1203389 1.25
8.1000004 -2.1203389 1.35
8.1000004 -2.1203389 1.45
8.1000004 -2.1203389 1.55
8.1000004 -2.1203389 1.65
8.1000004 -2.1203389 1.75
8.1000004 -2.1203389 1.85
8.1000004 -2.1203389 1.95
8.1000004 -2.1203389 2.05
8.1000004 -2.1203389 2.1500001
8.1000004 -2.1203389 2.25
8.1000004 -2.1203389 2.3499999
8.1000004 -2.1203389 2.45
8 -2.1203389 -0.44999999
8 -2.1203389 -0.34999999
8 -2.1203389 -0.25
8 -2.1203389 -0.15000001
8 -2.1203389 -0.050000001
8 -2.1203389 0.050000001
8 -2.1203389 0.15000001
8 -2.1203389 0.25
8 -2.1203389 0.34999999
8 -2.1203389 0.44999999
8 -2.1203389 0.55000001
8 -2.1203389 0.64999998
8 -2.1203389 0.75
8 -2.1203389 0.85000002
8 -2.1203389 0.94999999
8 -2.1203389 1.05
8 -2.1203389 1.15
8 -2.1203389 1.25
8 -2.1203389 1.35
8 -2.1203389 1.45
8 -2.1203389 1.55
8 -2.1203389 1.65
8 -2.1203389 1.75
8 -2.1203389 1.85
8 -2.1203389 1.95
8 -2.1203389 2.05
8 -2.1203389 2.1500001
8 -2.1203389 2.25
8 -2.1203389 2.3499999
8 -2.1203389 2.45
7.9000001 -2.1203389 -0.44999999
7.9000001 -2.1203389 -0.34999999
7.9000001 -2.1203389 -0.25
7.9000001 -2.1203389 -0.15000001
7.9000001 -2.1203389 -0.050000001
7.9000001 -2.1203389 0.050000001
7.9000001 -2.1203389 0.15000001
7.9000001 -2.1203389 0.25
7.9000001 -2.1203389 0.34999999
7.9000001 -2.1203389 0.44999999
7.9000001 -2.1203389 0.55000001
7.9000001 -2.1203389 0.64999998
7.9000001 -2.1203389 0.75
7.9000001 -2.1203389 0.85000002
7.9000001 -2.1203389 0.94999999
7.9000001 -2.1203389 1.05
7.9000001 -2.1203389 1.15
7.9000001 -2.1203389 1.25
7.9000001 -2.1203389 1.35
7.9000001 -2.1203389 1.45
7.9000001 -2.1203389 1.55
7.9000001 -2.1203389 1.65
7.9000001 -2.1203389 1.75
7.9000001 -2.1203389 1.85
7.9000001 -2.1203389 1.95
7.9000001 -2.1203389 2.05
7.9000001 -2.1203389 2.1500001
7.9000001 -2.1203389 2.25
7.9000001 -2.1203389 2.3499999
7.9000001 -2.1203389 2.45
8.1000004 -2.0220339 -0.44999999
8.1000004 -2.0220339 -0.34999999
8.1000004 -2.0220339 -0.25
8.1000004 -2.0220339 -0.15000001
8.1000004 -2.0220339 -0.050000001
8.1000004 -2.0220339 0.050000001
8.1000004 -2.0220339 0.15000001
8.1000004 -2.0220339 0.25
8.1000004 -2.0220339 0.34999999
8.1000004 -2.0220339 0.44999999
8.1000004 -2.0220339 0.55000001
8.1000004 -2.0220339 0.64999998
8.1000004 -2.0220339 0.75
8.1000004 -2.0220339 0.85000002
8.1000004 -2.0220339 0.94999999
8.1000004 -2.0220339 1.05
8.1000004 -2.0220339 1.15
8.1000004 -2.0220339 1.25
8.1000004 -2.0220339 1.35
8.1000004 -2.0220339 1.45
8.1000004 -2.0220339 1.55
8.1000004 -2.0220339 1.65
8.1000004 -2.0220339 1.75
8.1000004 -2.0220339 1.85
8.1000004 -2.0220339 1.95
8.1000004 -2.0220339 2.05
8.1000004 -2.0220339 2.1500001
8.1000004 -2.0220339 2.25
8.1000004 -2.0220339 2.3499999
8.1000004 -2.0220339 2.45
8 -2.0220339 -0.44999999
8 -2.0220339 -0.34999999
8 -2.0220339 -0.25
8 -2.0220339 -0.15000001
8 -2.0220339 -0.050000001
8 -2.0220339 0.050000001
8 -2.0220339 0.15000001
8 -2.0220339 0.25
8 -2.0220339 0.34999999
8 -2.0220339 0.44999999
8 -2.0220339 0.55000001
8 -2.0220339 0.64999998
8 -2.0220339 0.75
8 -2.0220339 0.85000002
8 -2.0220339 0.94999999
8 -2.0220339 1.05
8 -2.0220339 1.15
8 -2.0220339 1.25
8 -2.0220339 1.35
8 -2.0220339 1.45
8 -2.0220339 1.55
8 -2.0220339 1.65
8 -2.0220339 1.75
8 -2.0220339 1.85
8 -2.0220339 1.95
8 -2.0220339 2.05
8 -2.0220339 2.1500001
8 -2.0220339 2.25
8 -2.0220339 2.3499999
8 -2.0220339 2.45
7.9000001 -2.0220339 -0.44999999
7.9000001 -2.0220339 -0.34999999
7.9000001 -2.0220339 -0.25
7.9000001 -2.0220339 -0.15000001
7.9000001 -2.0220339 -0.050000001
7.9000001 -2.0220339 0.050000001
7.9000001 -2.0220339 0.15000001
7.9000001 -2.0220339 0.25
7.9000001 -2.0220339 0.34999999
7.9000001 -2.0220339 0.44999999
7.9000001 -2.0220339 0.55000001
7.9000001 -2.0220339 0.64999998
7.9000001 -2.0220339 0.75
7.9000001 -2.0220339 0.85000002
7.9000001 -2.0220339 0.94999999
7.9000001 -2.0220339 1.05
7.9000001 -2.0220339 1.15
7.9000001 -2.0220339 1.25
7.9000001 -2.0220339 1.35
7.9000001 -2.0220339 1.45
7.9000001 -2.0220339 1.55
7.9000001 -2.0220339 1.65
7.9000001 -2.0220339 1.75
7.9000001 -2.0220339 1.85
7.9000001 -2.0220339 1.95
7.9000001 -2.0220339 2.05
7.9000001 -2.0220339 2.1500001
7.9000001 -2.0220339 2.25
7.9000001 -2.0220339 2.3499999
7.9000001 -2.0220339 2.45
8.1000004 -1.9237288 -0.44999999
8.1000004 -1.9237288 -0.34999999
8.1000004 -1.9237288 -0.25
8.1000004 -1.9237288 -0.15000001
8.1000004 -1.9237288 -0.050000001
8.1000004 -1.9237288 0.050000001
8.1000004 -1.9237288 0.15000001
8.1000004 -1.9237288 0.25
8.1000004 -1.9237288 0.34999999
8.1000004 -1.9237288 0.44999999
8.1000004 -1.9237288 0.55000001
8.1000004 -1.9237288 0.64999998
8.1000004 -1.9237288 0.75
8.1000004 -1.9237288 0.85000002
8.1000004 -1.9237288 0.94999999
8.1000004 -1.9237288 1.05
8.1000004 -1.9237288 1.15
8.1000004 -1.9237288 1.25
8.1000004 -1.9237288 1.35
8.1000004 -1.9237288 1.45
8.1000004 -1.9237288 1.55
8.1000004 -1.9237288 1.65
8.1000004 -1.9237288 1.75
8.1000004 -1.9237288 1.85
8.1000004 -1.9237288 1.95
8.1000004 -1.9237288 2.05
8.1000004 -1.9237288 2.1500001
8.1000004 -1.9237288 2.25
8.1000004 -1.9237288 2.3499999
8.1000004 -1.9237288 2.45
8 -1.9237288 -0.44999999
8 -1.9237288 -0.34999999
8 -1.9237288 -0.25
8 -1.9237288 -0.15000001
8 -1.9237288 -0.050000001
8 -1.9237288 0.050000001
8 -1.9237288 0.15000001
8 -1.9237288 0.25
8 -1.9237288 0.34999999
8 -1.9237288 0.44999999
8 -1.9237288 0.55000001
8 -1.9237288 0.64999998
8 -1.9237288 0.75
8 -1.9237288 0.85000002
8 -1.9237288 0.94999999
8 -1.9237288 1.05
8 -1.9237288 1.15
8 -1.9237288 1.25
8 -1.9237288 1.35
8 -1.9237288 1.45
8 -1.9237288 1.55
8 -1.9237288 1.65
8 -1.9237288 1.75
8 -1.9237288 1.85
8 -1.9237288 1.95
8 -1.9237288 2.05
8 -1.9237288 2.1500001
8 -1.9237288 2.25
8 -1.9237288 2.3499999
8 -1.9237288 2.45
7.9000001 -1.9237288 -0.44999999
7.9000001 -1.9237288 -0.34999999
7.9000001 -1.9237288 -0.25
7.9000001 -1.9237288 -0.15000001
7.9000001 -1.9237288 -0.050000001
7.9000001 -1.9237288 0.050000001
7.9000001 -1.9237288 0.15000001
7.9000001 -1.9237288 0.25
7.9000001 -1.9237288 0.34999999
7.9000001 -1.9237288 0.44999999
7.9000001 -1.9237288 0.55000001
7.9000001 -1.9237288 0.64999998
7.9000001 -1.9237288 0.75
7.9000001 -1.9237288 0.85000002
7.9000001 -1.9237288 0.94999999
7.9000001 -1.9237288 1.05
7.9000001 -1.9237288 1.15
7.9000001 -1.9237288 1.25
7.9000001 -1.9237288 1.35
7.9000001 -1.9237288 1.45
7.9000001 -1.9237288 1.55
7.9000001 -1.9237288 1.65
7.9000001 -1.9237288 1.75
7.9000001 -1.9237288 1.85
7.9000001 -1.9237288 1.95
7.9000001 -1.9237288 2.05
7.9000001 -1.9237288 2.1500001
7.9000001 -1.9237288 2.25
7.9000001 -1.9237288 2.3499999
7.9000001 -1.9237288 2.45
8.1000004 -1.8254237 -0.44999999
8.1000004 -1.8254237 -0.34999999
8.1000004 -1.8254237 -0.25
8.1000004 -1.8254237 -0.15000001
8.1000004 -1.8254237 -0.050000001
8.1000004 -1.8254237 0.050000001
8.1000004 -1.8254237 0.15000001
8.1000004 -1.8254237 0.25
8.1000004 -1.8254237 0.34999999
8.1000004 -1.8254237 0.44999999
8.1000004 -1.8254237 0.55000001
8.1000004 -1.8254237 0.64999998
8.1000004 -1.8254237 0.75
8.1000004 -1.8254237 0.85000002
8.1000004 -1.8254237 0.94999999
8.1000004 -1.8254237 1.05
8.1000004 -1.8254237 1.15
8.1000004 -1.8254237 1.25
8.1000004 -1.8254237 1.35
8.1000004 -1.8254237 1.45
8.1000004 -1.8254237 1.55
8.1000004 -1.8254237 1.65
8.1000004 -1.8254237 1.75
8.1000004 -1.8254237 1.85
8.1000004 -1.8254237 1.95
8.1000004 -1.8254237 2.05
8.1000004 -1.8254237 2.1500001
8.1000004 -1.8254237 2.25
8.1000004 -1.8254237 2.3499999
8.1000004 -1.8254237 2.45
8 -1.8254237 -0.44999999
8 -1.8254237 -0.34999999
8 -1.8254237 -0.25
8 -1.8254237 -0.15000001
8 -1.8254237 -0.050000001
8 -1.8254237 0.050000001
8 -1.8254237 0.15000001
8 -1.8254237 0.25
8 -1.8254237 0.34999999
8 -1.8254237 0.44999999
8 -1.8254237 0.55000001
8 -1.8254237 0.64999998
8 -1.8254237 0.75
8 -1.8254237 0.85000002
8 -1.8254237 0.94999999
8 -1.8254237 1.05
8 -1.8254237 1.15
8 -1.8254237 1.25
8 -1.8254237 1.35
8 -1.8254237 1.45
8 -1.8254237 1.55
8 -1.8254237 1.65
8 -1.8254237 1.75
8 -1.8254237 1.85
8 -1.8254237 1.95
8 -1.8254237 2.05
8 -1.8254237 2.1500001
8 -1.8254237 2.25
8 -1.8254237 2.3499999
8 -1.8254237 2.45
7.9000001 -1.8254237 -0.44999999
7.9000001 -1.8254237 -0.34999999
7.9000001 -1.8254237 -0.25
7.9000001 -1.8254237 -0.15000001
7.9000001 -1.8254237 -0.050000001
7.9000001 -1.8254237 0.050000001
7.9000001 -1.8254237 0.15000001
7.9000001 -1.8254237 0.25
7.9000001 -1.8254237 0.34999999
7.9000001 -1.8254237 0.44999999
7.9000001 -1.8254237 0.55000001
7.9000001 -1.8254237 0.64999998
7.9000001 -1.8254237 0.75
7.9000001 -1.8254237 0.85000002
7.9000001 -1.8254237 0.94999999
7.9000001 -1.8254237 1.05
7.9000001 -1.8254237 1.15
7.9000001 -1.8254237 1.25
7.9000001 -1.8254237 1.35
7.9000001 -1.8254237 1.45
7.9000001 -1.8254237 1.55
7.9000001 -1.8254237 1.65
7.9000001 -1.8254237 1.75
7.9000001 -1.8254237 1.85
7.9000001 -1.8254237 1.95
7.9000001 -1.8254237 2.05
7.9000001 -1.8254237 2.1500001
7.9000001 -1.8254237 2.25
7.9000001 -1.8254237 2.3499999
7.9000001 -1.8254237 2.45
8.1000004 -1.7271186 -0.44999999
8.1000004 -1.7271186 -0.34999999
8.1000004 -1.7271186 -0.25
8.1000004 -1.7271186 -0.15000001
8.1000004 -1.7271186 -0.050000001
8.1000004 -1.7271186 0.050000001
8.1000004 -1.7271186 0.15000001
8.1000004 -1.7271186 0.25
8.1000004 -1.7271186 0.34999999
8.1000004 -1.7271186 0.44999999
8.1000004 -1.7271186 0.55000001
8.1000004 -1.7271186 0.64999998
8.1000004 -1.7271186 0.75
8.1000004 -1.7271186 0.85000002
8.1000004 -1.7271186 0.94999999
8.1000004 -1.7271186 1.05
8.1000004 -1.7271186 1.15
8.1000004 -1.7271186 1.25
8.1000004 -1.7271186 1.35
8.1000004 -1.7271186 1.45
8.1000004 -1.7271186 1.55
8.1000004 -1.7271186 1.65
8.1000004 -1.7271186 1.75
8.1000004 -1.7271186 1.85
8.1000004 -1.7271186 1.95
8.1000004 -1.7271186 2.05
8.1000004 -1.7271186 2.1500001
8.1000004 -1.7271186 2.25
8.1000004 -1.7271186 2.3499999
8.1000004 -1.7271186 2.45
8 -1.7271186 -0.44999999
8 -1.7271186 -0.34999999
8 -1.7271186 -0.25
8 -1.7271186 -0.15000001
8 -1.7271186 -0.050000001
8 -1.7271186 0.050000001
8 -1.7271186 0.15000001
8 -1.7271186 0.25
8 -1.7271186 0.34999999
8 -1.7271186 0.44999999
8 -1.7271186 0.55000001
8 -1.7271186 0.64999998
8 -1.7271186 0.75
8 -1.7271186 0.85000002
8 -1.7271186 0.94999999
8 -1.7271186 1.05
8 -1.7271186 1.15
8 -1.7271186 1.25
8 -1.7271186 1.35
8 -1.7271186 1.45
8 -1.7271186 1.55
8 -1.7271186 1.65
8 -1.7271186 1.75
8 -1.7271186 1.85
8 -1.7271186 1.95
8 -1.7271186 2.05
8 -1.7271186 2.1500001
8 -1.7271186 2.25
8 -1.7271186 2.3499999
8 -1.7271186 2.45
7.9000001 -1.7271186 -0.44999999
7.9000001 -1.7271186 -0.34999999
7.9000001 -1.7271186 -0.25
7.9000001 -1.7271186 -0.15000001
7.9000001 -1.7271186 -0.050000001
7.9000001 -1.7271186 0.050000001
7.9000001 -1.7271186 0.15000001
7.9000001 -1.7271186 0.25
7.9000001 -1.7271186 0.34999999
7.9000001 -1.7271186 0.44999999
7.9000001 -1.7271186 0.55000001
7.9000001 -1.7271186 0.64999998
7.9000001 -1.7271186 0.75
7.9000001 -1.7271186 0.85000002
7.9000001 -1.7271186 0.94999999
7.9000001 -1.7271186 1.05
7.9000001 -1.7271186 1.15
7.9000001 -1.7271186 1.25
7.9000001 -1.7271186 1.35
7.9000001 -1.7271186 1.45
7.9000001 -1.7271186 1.55
7.9000001 -1.7271186 1.65
7.9000001 -1.7271186 1.75
7.9000001 -1.7271186 1.85
7.9000001 -1.7271186 1.95
7.9000001 -1.7271186 2.05
7.9000001 -1.7271186 2.1500001
7.9000001 -1.7271186 2.25
7.9000001 -1.7271186 2.3499999
7.9000001 -1.7271186 2.45
8.1000004 -1.6288135 -0.44999999
8.1000004 -1.6288135 -0.34999999
8.1000004 -1.6288135 -0.25
8.1000004 -1.6288135 -0.15000001
8.1000004 -1.6288135 -0.050000001
8.1000004 -1.6288135 0.050000001
8.1000004 -1.6288135 0.15000001
8.1000004 -1.6288135 0.25
8.1000004 -1.6288135 0.34999999
8.1000004 -1.6288135 0.44999999
8.1000004 -1.6288135 0.55000001
8.1000004 -1.6288135 0.64999998
8.1000004 -1.6288135 0.75
8.1000004 -1.6288135 0.85000002
8.1000004 -1.6288135 0.94999999
8.1000004 -1.6288135 1.05
8.1000004 -1.6288135 1.15
8.1000004 -1.6288135 1.25
8.1000004 -1.6288135 1.35
8.1000004 -1.6288135 1.45
8.1000004 -1.6288135 1.55
8.1000004 -1.6288135 1.65
8.1000004 -1.6288135 1.75
8.1000004 -1.6288135 1.85
8.1000004 -1.6288135 1.95
8.1000004 -1.6288135 2.05
8.1000004 -1.6288135 2.1500001
8.1000004 -1.6288135 2.25
8.1000004 -1.6288135 2.3499999
8.1000004 -1.6288135 2.45
8 -1.6288135 -0.44999999
8 -1.6288135 -0.34999999
8 -1.6288135 -0.25
8 -1.6288135 -0.15000001
8 -1.6288135 -0.050000001
8 -1.6288135 0.050000001
8 -1.6288135 0.15000001
8 -1.6288135 0.25
8 -1.6288135 0.34999999
8 -1.6288135 0.44999999
8 -1.6288135 0.55000001
8 -1.6288135 0.64999998
8 -1.6288135 0.75
8 -1.6288135 0.85000002
8 -1.6288135 0.94999999
8 -1.6288135 1.05
8 -1.6288135 1.15
8 -1.6288135 1.25
8 -1.6288135 1.35
8 -1.6288135 1.45
8 -1.6288135 1.55
8 -1.6288135 1.65
8 -1.6288135 1.75
8 -1.6288135 1.85
8 -1.6288135 1.95
8 -1.6288135 2.05
8 -1.6288135 2.1500001
8 -1.6288135 2.25
8 -1.6288135 2.3499999
8 -1.6288135 2.45
7.9000001 -1.6288135 -0.44999999
7.9000001 -1.6288135 -0.34999999
7.9000001 -1.6288135 -0.25
7.9000001 -1.6288135 -0.15000001
7.9000001 -1.6288135 -0.050000001
7.9000001 -1.6288135 0.050000001
7.9000001 -1.6288135 0.15000001
7.9000001 -1.6288135 0.25
7.9000001 -1.6288135 0.34999999
7.9000001 -1.6288135 0.44999999
7.9000001 -1.6288135 0.55000001
7.9000001 -1.6288135 0.64999998
7.9000001 -1.6288135 0.75
7.9000001 -1.6288135 0.85000002
7.9000001 -1.6288135 0.94999999
7.9000001 -1.6288135 1.05
7.9000001 -1.6288135 1.15
7.9000001 -1.6288135 1.25
7.9000001 -1.6288135 1.35
7.9000001 -1.6288135 1.45
7.9000001 -1.6288135 1.55
7.9000001 -1.6288135 1.65
7.9000001 -1.6288135 1.75
7.9000001 -1.6288135 1.85
7.9000001 -1.6288135 1.95
7.9000001 -1.6288135 2.05
7.9000001 -1.6288135 2.1500001
7.9000001 -1.6288135 2.25
7.9000001 -1.6288135 2.3499999
7.9000001 -1.6288135 2.45
8.1000004 -1.5305085 -0.44999999
8.1000004 -1.5305085 -0.34999999
8.1000004 -1.5305085 -0.25
8.1000004 -1.5305085 -0.15000001
8.1000004 -1.5305085 -0.050000001
8.1000004 -1.5305085 0.050000001
8.1000004 -1.5305085 0.15000001
8.1000004 -1.5305085 0.25
8.1000004 -1.5305085 0.34999999
8.1000004 -1.5305085 0.44999999
8.1000004 -1.5305085 0.55000001
8.1000004 -1.5305085 0.64999998
8.1000004 -1.5305085 0.75
8.1000004 -1.5305085 0.85000002
8.1000004 -1.5305085 0.94999999
8.1000004 -1.5305085 1.05
8.1000004 -1.5305085 1.15
8.1000004 -1.5305085 1.25
8.1000004 -1.5305085 1.35
8.1000004 -1.5305085 1.45
8.1000004 -1.5305085 1.55
8.1000004 -1.5305085 1.65
8.1000004 -1.5305085 1.75
8.1000004 -1.5305085 1.85
8.1000004 -1.5305085 1.95
8.1000004 -1.5305085 2.05
8.1000004 -1.5305085 2.1500001
8.1000004 -1.5305085 2.25
8.1000004 -1.5305085 2.3499999
8.1000004 -1.5305085 2.45
8 -1.5305085 -0.44999999
8 -1.5305085 -0.34999999
8 -1.5305085 -0.25
8 -1.5305085 -0.15000001
8 -1.5305085 -0.050000001
8 -1.5305085 0.050000001
8 -1.5305085 0.15000001
8 -1.5305085 0.25
8 -1.5305085 0.34999999
8 -1.5305085 0.44999999
8 -1.5305085 0.55000001
8 -1.5305085 0.64999998
8 -1.5305085 0.75
8 -1.5305085 0.85000002
8 -1.5305085 0.94999999
8 -1.5305085 1.05
8 -1.5305085 1.15
8 -1.5305085 1.25
8 -1.5305085 1.35
8 -1.5305085 1.45
8 -1.5305085 1.55
8 -1.5305085 1.65
8 -1.5305085 1.75
8 -1.5305085 1.85
8 -1.5305085 1.95
8 -1.5305085 2.05
8 -1.5305085 2.1500001
8 -1.5305085 2.25
8 -1.5305085 2.3499999
8 -1.5305085 2.45
7.9000001 -1.5305085 -0.44999999
7.9000001 -1.5305085 -0.34999999
7.9000001 -1.5305085 -0.25
7.9000001 -1.5305085 -0.15000001
7.9000001 -1.5305085 -0.050000001
7.9000001 -1.5305085 0.050000001
7.9000001 -1.5305085 0.15000001
7.9000001 -1.5305085 0.25
7.9000001 -1.5305085 0.34999999
7.9000001 -1.5305085 0.44999999
7.9000001 -1.5305085 0.55000001
7.9000001 -1.5305085 0.64999998
7.9000001 -1.5305085 0.75
7.9000001 -1.5305085 0.85000002
7.9000001 -1.5305085 0.94999999
7.9000001 -1.5305085 1.05
7.9000001 -1.5305085 1.15
7.9000001 -1.5305085 1.25
7.9000001 -1.5305085 1.35
7.9000001 -1.5305085 1.45
7.9000001 -1.5305085 1.55
7.9000001 -1.5305085 1.65
7.9000001 -1.5305085 1.75
7.9000001 -1.5305085 1.85
7.9000001 -1.5305085 1.95
7.9000001 -1.5305085 2.05
7.9000001 -1.5305085 2.1500001
7.9000001 -1.5305085 2.25
7.9000001 -1.5305085 2.3499999
7.9000001 -1.5305085 2.45
8.1000004 -1.4322034 -0.44999999
8.1000004 -1.4322034 -0.34999999
8.1000004 -1.4322034 -0.25
8.1000004 -1.4322034 -0.15000001
8.1000004 -1.4322034 -0.050000001
8.1000004 -1.4322034 0.050000001
8.1000004 -1.4322034 0.15000001
8.1000004 -1.4322034 0.25
8.1000004 -1.4322034 0.34999999
8.1000004 -1.4322034 0.44999999
8.1000004 -1.4322034 0.55000001
8.1000004 -1.4322034 0.64999998
8.1000004 -1.4322034 0.75
8.1000004 -1.4322034 0.85000002
8.1000004 -1.4322034 0.94999999
8.1000004 -1.4322034 1.05
8.1000004 -1.4322034 1.15
8.1000004 -1.4322034 1.25
8.1000004 -1.4322034 1.35
8.1000004 -1.4322034 1.45
8.1000004 -1.4322034 1.55
8.1000004 -1.4322034 1.65
8.1000004 -1.4322034 1.75
8.1000004 -1.4322034 1.85
8.1000004 -1.4322034 1.95
8.1000004 -1.4322034 2.05
8.1000004 -1.4322034 2.1500001
8.1000004 -1.4322034 2.25
8.1000004 -1.4322034 2.3499999
8.1000004 -1.4322034 2.45
8 -1.4322034 -0.44999999
8 -1.4322034 -0.34999999
8 -1.4322034 -0.25
8 -1.4322034 -0.15000001
8 -1.4322034 -0.050000001
8 -1.4322034 0.050000001
8 -1.4322034 0.15000001
8 -1.4322034 0.25
8 -1.4322034 0.34999999
8 -1.4322034 0.44999999
8 -1.4322034 0.55000001
8 -1.4322034 0.64999998
8 -1.4322034 0.75
8 -1.4322034 0.85000002
8 -1.4322034 0.94999999
8 -1.4322034 1.05
8 -1.4322034 1.15
8 -1.4322034 1.25
8 -1.4322034 1.35
8 -1.4322034 1.45
8 -1.4322034 1.55
8 -1.4322034 1.65
8 -1.4322034 1.75
8 -1.4322034 1.85
8 -1.4322034 1.95
8 -1.4322034 2.05
8 -1.4322034 2.1500001
8 -1.4322034 2.25
8 -1.4322034 2.3499999
8 -1.4322034 2.45
7.9000001 -1.4322034 -0.44999999
7.9000001 -1.4322034 -0.34999999
7.9000001 -1.4322034 -0.25
7.9000001 -1.4322034 -0.15000001
7.9000001 -1.4322034 -0.050000001
7.9000001 -1.4322034 0.050000001
7.9000001 -1.4322034 0.15000001
7.9000001 -1.4322034 0.25
7.9000001 -1.4322034 0.34999999
7.9000001 -1.4322034 0.44999999
7.9000001 -1.4322034 0.55000001
7.9000001 -1.4322034 0.64999998
7.9000001 -1.4322034 0.75
7.9000001 -1.4322034 0.85000002
7.9000001 -1.4322034 0.94999999
7.9000001 -1.4322034 1.05
7.9000001 -1.4322034 1.15
7.9000001 -1.4322034 1.25
7.9000001 -1.4322034 1.35
7.9000001 -1.4322034 1.45
7.9000001 -1.4322034 1.55
7.9000001 -1.4322034 1.65
7.9000001 -1.4322034 1.75
7.9000001 -1.4322034 1.85
7.9000001 -1.4322034 1.95
7.9000001 -1.4322034 2.05
7.9000001 -1.4322034 2.1500001
7.9000001 -1.4322034 2.25
7.9000001 -1.4322034 2.3499999
7.9000001 -1.4322034 2.45
8.1000004 -1.3338983 -0.44999999
8.1000004 -1.3338983 -0.34999999
8.1000004 -1.3338983 -0.25
8.1000004 -1.3338983 -0.15000001
8.1000004 -1.3338983 -0.050000001
8.1000004 -1.3338983 0.050000001
8.1000004 -1.3338983 0.15000001
8.1000004 -1.3338983 0.25
8.1000004 -1.3338983 0.34999999
8.1000004 -1.3338983 0.44999999
8.1000004 -1.3338983 0.55000001
8.1000004 -1.3338983 0.64999998
8.1000004 -1.3338983 0.75
8.1000004 -1.3338983 0.85000002
8.1000004 -1.3338983 0.94999999
8.1000004 -1.3338983 1.05
8.1000004 -1.3338983 1.15
8.1000004 -1.3338983 1.25
8.1000004 -1.3338983 1.35
8.1000004 -1.3338983 1.45
8.1000004 -1.3338983 1.55
8.1000004 -1.3338983 1.65
8.1000004 -1.3338983 1.75
8.1000004 -1.3338983 1.85
8.1000004 -1.3338983 1.95
8.1000004 -1.3338983 2.05
8.1000004 -1.3338983 2.1500001
8.1000004 -1.3338983 2.25
8.1000004 -1.3338983 2.3499999
8.1000004 -1.3338983 2.45
8 -1.3338983 -0.44999999
8 -1.3338983 -0.34999999
8 -1.3338983 -0.25
8 -1.3338983 -0.15000001
8 -1.3338983 -0.050000001
8 -1.3338983 0.050000001
8 -1.3338983 0.15000001
8 -1.3338983 0.25
8 -1.3338983 0.34999999
8 -1.3338983 0.44999999
8 -1.3338983 0.55000001
8 -1.3338983 0.64999998
8 -1.3338983 0.75
8 -1.3338983 0.85000002
8 -1.3338983 0.94999999
8 -1.3338983 1.05
8 -1.3338983 1.15
8 -1.3338983 1.25
8 -1.3338983 1.35
8 -1.3338983 1.45
8 -1.3338983 1.55
8 -1.3338983 1.65
8 -1.3338983 1.75
8 -1.3338983 1.85
8 -1.3338983 1.95
8 -1.3338983 2.05
8 -1.3338983 2.1500001
8 -1.3338983 2.25
8 -1.3338983 2.3499999
8 -1.3338983 2.45
7.9000001 -1.3338983 -0.44999999
7.9000001 -1.3338983 -0.34999999
7.9000001 -1.3338983 -0.25
7.9000001 -1.3338983 -0.15000001
7.9000001 -1.3338983 -0.050000001
7.9000001 -1.3338983 0.050000001
7.9000001 -1.3338983 0.15000001
7.9000001 -1.3338983 0.25
7.9000001 -1.3338983 0.34999999
7.9000001 -1.3338983 0.44999999
7.9000001 -1.3338983 0.55000001
7.9000001 -1.3338983 0.64999998
7.9000001 -1.3338983 0.75
7.9000001 -1.3338983 0.85000002
7.9000001 -1.3338983 0.94999999
7.9000001 -1.3338983 1.05
7.9000001 -1.3338983 1.15
7.9000001 -1.3338983 1.25
7.9000001 -1.3338983 1.35
7.9000001 -1.3338983 1.45
7.9000001 -1.3338983 1.55
7.9000001 -1.3338983 1.65
7.9000001 -1.3338983 1.75
7.9000001 -1.3338983 1.85
7.9000001 -1.3338983 1.95
7.9000001 -1.3338983 2.05
7.9000001 -1.3338983 2.1500001
7.9000001 -1.3338983 2.25
7.9000001 -1.3338983 2.3499999
7.9000001 -1.3338983 2.45
8.1000004 -1.2355932 -0.44999999
8.1000004 -1.2355932 -0.34999999
8.1000004 -1.2355932 -0.25
8.1000004 -1.2355932 -0.15000001
8.1000004 -1.2355932 -0.050000001
8.1000004 -1.2355932 0.050000001
8.1000004 -1.2355932 0.15000001
8.1000004 -1.2355932 0.25
8.1000004 -1.2355932 0.34999999
8.1000004 -1.2355932 0.44999999
8.1000004 -1.2355932 0.55000001
8.1000004 -1.2355932 0.64999998
8.1000004 -1.2355932 0.75
8.1000004 -1.2355932 0.85000002
8.1000004 -1.2355932 0.94999999
8.1000004 -1.2355932 1.05
8.1000004 -1.2355932 1.15
8.1000004 -1.2355932 1.25
8.1000004 -1.2355932 1.35
8.1000004 -1.2355932 1.45
8.1000004 -1.2355932 1.55
8.1000004 -1.2355932 1.65
8.1000004 -1.2355932 1.75
8.1000004 -1.2355932 1.85
8.1000004 -1.2355932 1.95
8.1000004 -1.2355932 2.05
8.1000004 -1.2355932 2.1500001
8.1000004 -1.2355932 2.25
8.1000004 -1.2355932 2.3499999
8.1000004 -1.2355932 2.45
8 -1.2355932 -0.44999999
8 -1.2355932 -0.34999999
8 -1.2355932 -0.25
8 -1.2355932 -0.15000001
8 -1.2355932 -0.050000001
8 -1.2355932 0.050000001
8 -1.2355932 0.15000001
8 -1.2355932 0.25
8 -1.2355932 0.34999999
8 -1.2355932 0.44999999
8 -1.2355932 0.55000001
8 -1.2355932 0.64999998
8 -1.2355932 0.75
8 -1.2355932 0.85000002
8 -1.2355932 0.94999999
8 -1.2355932 1.05
8 -1.2355932 1.15
8 -1.2355932 1.25
8 -1.2355932 1.35
8 -1.2355932 1.45
8 -1.2355932 1.55
8 -1.2355932 1.65
8 -1.2355932 1.75
8 -1.2355932 1.85
8 -1.2355932 1.95
8 -1.2355932 2.05
8 -1.2355932 2.1500001
8 -1.2355932 2.25
8 -1.2355932 2.3499999
8 -1.2355932 2.45
7.9000001 -1.2355932 -0.44999999
7.9000001 -1.2355932 -0.34999999
7.9000001 -1.2355932 -0.25
7.9000001 -1.2355932 -0.15000001
7.9000001 -1.2355932 -0.050000001
7.9000001 -1.2355932 0.050000001
7.9000001 -1.2355932 0.15000001
7.9000001 -1.2355932 0.25
7.9000001 -1.2355932 0.34999999
7.9000001 -1.2355932 0.44999999
7.9000001 -1.2355932 0.55000001
7.9000001 -1.2355932 0.64999998
7.9000001 -1.2355932 0.75
7.9000001 -1.2355932 0.85000002
7.9000001 -1.2355932 0.94999999
7.9000001 -1.2355932 1.05
7.9000001 -1.2355932 1.15
7.9000001 -1.2355932 1.25
7.9000001 -1.2355932 1.35
7.9000001 -1.2355932 1.45
7.9000001 -1.2355932 1.55
7.9000001 -1.2355932 1.65
7.9000001 -1.2355932 1.75
7.9000001 -1.2355932 1.85
7.9000001 -1.2355932 1.95
7.9000001 -1.2355932 2.05
7.9000001 -1.2355932 2.1500001
7.9000001 -1.2355932 2.25
7.9000001 -1.2355932 2.3499999
7.9000001 -1.2355932 2.45
8.1000004 -1.1372881 -0.44999999
8.1000004 -1.1372881 -0.34999999
8.1000004 -1.1372881 -0.25
8.1000004 -1.1372881 -0.15000001
8.1000004 -1.1372881 -0.050000001
8.1000004 -1.1372881 0.050000001
8.1000004 -1.1372881 0.15000001
8.1000004 -1.1372881 0.25
8.1000004 -1.1372881 0.34999999
8.1000004 -1.1372881 0.44999999
8.1000004 -1.1372881 0.55000001
8.1000004 -1.1372881 0.64999998
8.1000004 -1.1372881 0.75
8.1000004 -1.1372881 0.85000002
8.1000004 -1.1372881 0.94999999
8.1000004 -1.1372881 1.05
8.1000004 -1.1372881 1.15
8.1000004 -1.1372881 1.25
8.1000004 -1.1372881 1.35
8.1000004 -1.1372881 1.45
8.1000004 -1.1372881 1.55
8.1000004 -1.1372881 1.65
8.1000004 -1.1372881 1.75
8.1000004 -1.1372881 1.85
8.1000004 -1.1372881 1.95
8.1000004 -1.1372881 2.05
8.1000004 -1.1372881 2.1500001
8.1000004 -1.1372881 2.25
8.1000004 -1.1372881 2.3499999
8.1000004 -1.1372881 2.45
8 -1.1372881 -0.44999999
8 -1.1372881 -0.34999999
8 -1.1372881 -0.25
8 -1.1372881 -0.15000001
8 -1.1372881 -0.050000001
8 -1.1372881 0.050000001
8 -1.1372881 0.15000001
8 -1.1372881 0.25
8 -1.1372881 0.34999999
8 -1.1372881 0.44999999
8 -1.1372881 0.55000001
8 -1.1372881 0.64999998
8 -1.1372881 0.75
8 -1.1372881 0.85000002
8 -1.1372881 0.94999999
8 -1.1372881 1.05
8 -1.1372881 1.15
8 -1.1372881 1.25
8 -1.1372881 1.35
8 -1.1372881 1.45
8 -1.1372881 1.55
8 -1.1372881 1.65
8 -1.1372881 1.75
8 -1.1372881 1.85
8 -1.1372881 1.95
8 -1.1372881 2.05
8 -1.1372881 2.1500001
8 -1.1372881 2.25
8 -1.1372881 2.3499999
8 -1.1372881 2.45
7.9000001 -1.1372881 -0.44999999
7.9000001 -1.1372881 -0.34999999
7.9000001 -1.1372881 -0.25
7.9000001 -1.1372881 -0.15000001
7.9000001 -1.1372881 -0.050000001
7.9000001 -1.1372881 0.050000001
7.9000001 -1.1372881 0.15000001
7.9000001 -1.1372881 0.25
7.9000001 -1.1372881 0.34999999
7.9000001 -1.1372881 0.44999999
7.9000001 -1.1372881 0.55000001
7.9000001 -1.1372881 0.64999998
7.9000001 -1.1372881 0.75
7.9000001 -1.1372881 0.85000002
7.9000001 -1.1372881 0.94999999
7.9000001 -1.1372881 1.05
7.9000001 -1.1372881 1.15
7.9000001 -1.1372881 1.25
7.9000001 -1.1372881 1.35
7.9000001 -1.1372881 1.45
7.9000001 -1.1372881 1.55
7.9000001 -1.1372881 1.65
7.9000001 -1.1372881 1.75
7.9000001 -1.1372881 1.85
7.9000001 -1.1372881 1.95
7.9000001 -1.1372881 2.05
7.9000001 -1.1372881 2.1500001
7.9000001 -1.1372881 2.25
7.9000001 -1.1372881 2.3499999
7.9000001 -1.1372881 2.45
8.1000004 -1.0389831 -0.44999999
8.1000004 -1.0389831 -0.34999999
8.1000004 -1.0389831 -0.25
8.1000004 -1.0389831 -0.15000001
8.1000004 -1.0389831 -0.050000001
8.1000004 -1.0389831 0.050000001
8.1000004 -1.0389831 0.15000001
8.1000004 -1.0389831 0.25
8.1000004 -1.0389831 0.34999999
8.1000004 -1.0389831 0.44999999
8.1000004 -1.0389831 0.55000001
8.1000004 -1.0389831 0.64999998
8.1000004 -1.0389831 0.75
8.1000004 -1.0389831 0.85000002
8.1000004 -1.0389831 0.94999999
8.1000004 -1.0389831 1.05
8.1000004 -1.0389831 1.15
8.1000004 -1.0389831 1.25
8.1000004 -1.0389831 1.35
8.1000004 -1.0389831 1.45
8.1000004 -1.0389831 1.55
8.1000004 -1.0389831 1.65
8.1000004 -1.0389831 1.75
8.1000004 -1.0389831 1.85
8.1000004 -1.0389831 1.95
8.1000004 -1.0389831 2.05
8.1000004 -1.0389831 2.1500001
8.1000004 -1.0389831 2.25
8.1000004 -1.0389831 2.3499999
8.1000004 -1.0389831 2.45
8 -1.0389831 -0.44999999
8 -1.0389831 -0.34999999
8 -1.0389831 -0.25
8 -1.0389831 -0.15000001
8 -1.0389831 -0.050000001
8 -1.0389831 0.050000001
8 -1.0389831 0.15000001
8 -1.0389831 0.25
8 -1.0389831 0.34999999
8 -1.0389831 0.44999999
8 -1.0389831 0.55000001
8 -1.0389831 0.64999998
8 -1.0389831 0.75
8 -1.0389831 0.85000002
8 -1.0389831 0.94999999
8 -1.0389831 1.05
8 -1.0389831 1.15
8 -1.0389831 1.25
8 -1.0389831 1.35
8 -1.0389831 1.45
8 -1.0389831 1.55
8 -1.0389831 1.65
8 -1.0389831 1.75
8 -1.0389831 1.85
8 -1.0389831 1.95
8 -1.0389831 2.05
8 -1.0389831 2.1500001
8 -1.0389831 2.25
8 -1.0389831 2.3499999
8 -1.0389831 2.45
7.9000001 -1.0389831 -0.44999999
7.9000001 -1.0389831 -0.34999999
7.9000001 -1.0389831 -0.25
7.9000001 -1.0389831 -0.15000001
7.9000001 -1.0389831 -0.050000001
7.9000001 -1.0389831 0.050000001
7.9000001 -1.0389831 0.15000001
7.9000001 -1.0389831 0.25
7.9000001 -1.0389831 0.34999999
7.9000001 -1.0389831 0.44999999
7.9000001 -1.0389831 0.55000001
7.9000001 -1.0389831 0.64999998
7.9000001 -1.0389831 0.75
7.9000001 -1.0389831 0.85000002
7.9000001 -1.0389831 0.94999999
7.9000001 -1.0389831 1.05
7.9000001 -1.0389831 1.15
7.9000001 -1.0389831 1.25
7.9000001 -1.0389831 1.35
7.9000001 -1.0389831 1.45
7.9000001 -1.0389831 1.55
7.9000001 -1.0389831 1.65
7.9000001 -1.0389831 1.75
7.9000001 -1.0389831 1.85
7.9000001 -1.0389831 1.95
7.9000001 -1.0389831 2.05
7.9000001 -1.0389831 2.1500001
7.9000001 -1.0389831 2.25
7.9000001 -1.0389831 2.3499999
7.9000001 -1.0389831 2.45
8.1000004 -0.94067794 -0.44999999
8.1000004 -0.94067794 -0.34999999
8.1000004 -0.94067794 -0.25
8.1000004 -0.94067794 -0.15000001
8.1000004 -0.94067794 -0.050000001
8.1000004 -0.94067794 0.050000001
8.1000004 -0.94067794 0.15000001
8.1000004 -0.94067794 0.25
8.1000004 -0.94067794 0.34999999
8.1000004 -0.94067794 0.44999999
8.1000004 -0.94067794 0.55000001
8.1000004 -0.94067794 0.64999998
8.1000004 -0.94067794 0.75
8.1000004 -0.94067794 0.85000002
8.1000004 -0.94067794 0.94999999
8.1000004 -0.94067794 1.05
8.1000004 -0.94067794 1.15
8.1000004 -0.94067794 1.25
8.1000004 -0.94067794 1.35
8.1000004 -0.94067794 1.45
8.1000004 -0.94067794 1.55
8.1000004 -0.94067794 1.65
8.1000004 -0.94067794 1.75
8.1000004 -0.94067794 1.85
8.1000004 -0.94067794 1.95
8.1000004 -0.94067794 2.05
8.1000004 -0.94067794 2.1500001
8.1000004 -0.94067794 2.25
8.1000004 -0.94067794 2.3499999
8.1000004 -0.94067794 2.45
8 -0.94067794 -0.44999999
8 -0.94067794 -0.34999999
8 -0.94067794 -0.25
8 -0.94067794 -0.15000001
8 -0.94067794 -0.050000001
8 -0.94067794 0.050000001
8 -0.94067794 0.15000001
8 -0.94067794 0.25
8 -0.94067794 0.34999999
8 -0.94067794 0.44999999
8 -0.94067794 0.55000001
8 -0.94067794 0.64999998
8 -0.94067794 0.75
8 -0.94067794 0.85000002
8 -0.94067794 0.94999999
8 -0.94067794 1.05
8 -0.94067794 1.15
8 -0.94067794 1.25
8 -0.94067794 1.35
8 -0.94067794 1.45
8 -0.94067794 1.55
8 -0.94067794 1.65
8 -0.94067794 1.75
8 -0.94067794 1.85
8 -0.94067794 1.95
8 -0.94067794 2.05
8 -0.94067794 2.1500001
8 -0.94067794 2.25
8 -0.94067794 2.3499999
8 -0.94067794 2.45
7.9000001 -0.94067794 -0.44999999
7.9000001 -0.94067794 -0.34999999
7.9000001 -0.94067794 -0.25
7.9000001 -0.94067794 -0.15000001
7.9000001 -0.94067794 -0.050000001
7.9000001 -0.94067794 0.050000001
7.9000001 -0.94067794 0.15000001
7.9000001 -0.94067794 0.25
7.9000001 -0.94067794 0.34999999
7.9000001 -0.94067794 0.44999999
7.9000001 -0.94067794 0.55000001
7.9000001 -0.94067794 0.64999998
7.9000001 -0.94067794 0.75
7.9000001 -0.94067794 0.85000002
7.9000001 -0.94067794 0.94999999
7.9000001 -0.94067794 1.05
7.9000001 -0.94067794 1.15
7.9000001 -0.94067794 1.25
7.9000001 -0.94067794 1.35
7.9000001 -0.94067794 1.45
7.9000001 -0.94067794 1.55
7.9000001 -0.94067794 1.65
7.9000001 -0.94067794 1.75
7.9000001 -0.94067794 1.85
7.9000001 -0.94067794 1.95
7.9000001 -0.94067794 2.05
7.9000001 -0.94067794 2.1500001
7.9000001 -0.94067794 2.25
7.9000001 -0.94067794 2.3499999
7.9000001 -0.94067794 2.45
8.1000004 -0.84237289 -0.44999999
8.1000004 -0.84237289 -0.34999999
8.1000004 -0.84237289 -0.25
8.1000004 -0.84237289 -0.15000001
8.1000004 -0.84237289 -0.050000001
8.1000004 -0.84237289 0.050000001
8.1000004 -0.84237289 0.15000001
8.1000004 -0.84237289 0.25
8.1000004 -0.84237289 0.34999999
8.1000004 -0.84237289 0.44999999
8.1000004 -0.84237289 0.55000001
8.1000004 -0.84237289 0.64999998
8.1000004 -0.84237289 0.75
8.1000004 -0.84237289 0.85000002
8.1000004 -0.84237289 0.94999999
8.1000004 -0.84237289 1.05
8.1000004 -0.84237289 1.15
8.1000004 -0.84237289 1.25
8.1000004 -0.84237289 1.35
8.1000004 -0.84237289 1.45
8.1000004 -0.84237289 1.55
8.1000004 -0.84237289 1.65
8.1000004 -0.84237289 1.75
8.1000004 -0.84237289 1.85
8.1000004 -0.84237289 1.95
8.1000004 -0.84237289 2.05
8.1000004 -0.84237289 2.1500001
8.1000004 -0.84237289 2.25
8.1000004 -0.84237289 2.3499999
8.1000004 -0.84237289 2.45
8 -0.84237289 -0.44999999
8 -0.84237289 -0.34999999
8 -0.84237289 -0.25
8 -0.84237289 -0.15000001
8 -0.84237289 -0.050000001
8 -0.84237289 0.050000001
8 -0.84237289 0.15000001
8 -0.84237289 0.25
8 -0.84237289 0.34999999
8 -0.84237289 0.44999999
8 -0.84237289 0.55000001
8 -0.84237289 0.64999998
8 -0.84237289 0.75
8 -0.84237289 0.85000002
8 -0.84237289 0.94999999
8 -0.84237289 1.05
8 -0.84237289 1.15
8 -0.84237289 1.25
8 -0.84237289 1.35
8 -0.84237289 1.45
8 -0.84237289 1.55
8 -0.84237289 1.65
8 -0.84237289 1.75
8 -0.84237289 1.85
8 -0.84237289 1.95
8 -0.84237289 2.05
8 -0.84237289 2.1500001
8 -0.84237289 2.25
8 -0.84237289 2.3499999
8 -0.84237289 2.45
7.9000001 -0.84237289 -0.44999999
7.9000001 -0.84237289 -0.34999999
7.9000001 -0.84237289 -0.25
7.9000001 -0.84237289 -0.15000001
7.9000001 -0.84237289 -0.050000001
7.9000001 -0.84237289 0.050000001
7.9000001 -0.84237289 0.15000001
7.9000001 -0.84237289 0.25
7.9000001 -0.84237289 0.34999999
7.9000001 -0.84237289 0.44999999
7.9000001 -0.84237289 0.55000001
7.9000001 -0.84237289 0.64999998
7.9000001 -0.84237289 0.75
7.9000001 -0.84237289 0.85000002
7.9000001 -0.84237289 0.94999999
7.9000001 -0.84237289 1.05
7.9000001 -0.84237289 1.15
7.9000001 -0.84237289 1.25
7.9000001 -0.84237289 1.35
7.9000001 -0.84237289 1.45
7.9000001 -0.84237289 1.55
7.9000001 -0.84237289 1.65
7.9000001 -0.84237289 1.75
7.9000001 -0.84237289 1.85
7.9000001 -0.84237289 1.95
7.9000001 -0.84237289 2.05
7.9000001 -0.84237289 2.1500001
7.9000001 -0.84237289 2.25
7.9000001 -0.84237289 2.3499999
7.9000001 -0.84237289 2.45
8.1000004 -0.74406779 -0.44999999
8.1000004 -0.74406779 -0.34999999
8.1000004 -0.74406779 -0.25
8.1000004 -0.74406779 -0.15000001
8.1000004 -0.74406779 -0.050000001
8.1000004 -0.74406779 0.050000001
8.1000004 -0.74406779 0.15000001
8.1000004 -0.74406779 0.25
8.1000004 -0.74406779 0.34999999
8.1000004 -0.74406779 0.44999999
8.1000004 -0.74406779 0.55000001
8.1000004 -0.74406779 0.64999998
8.1000004 -0.74406779 0.75
8.1000004 -0.74406779 0.85000002
8.1000004 -0.74406779 0.94999999
8.1000004 -0.74406779 1.05
8.1000004 -0.74406779 1.15
8.1000004 -0.74406779 1.25
8.1000004 -0.74406779 1.35
8.1000004 -0.74406779 1.45
8.1000004 -0.74406779 1.55
8.1000004 -0.74406779 1.65
8.1000004 -0.74406779 1.75
8.1000004 -0.74406779 1.85
8.1000004 -0.74406779 1.95
8.1000004 -0.74406779 2.05
8.1000004 -0.74406779 2.1500001
8.1000004 -0.74406779 2.25
8.1000004 -0.74406779 2.3499999
8.1000004 -0.74406779 2.45
8 -0.74406779 -0.44999999
8 -0.74406779 -0.34999999
8 -0.74406779 -0.25
8 -0.74406779 -0.15000001
8 -0.74406779 -0.050000001
8 -0.74406779 0.050000001
8 -0.74406779 0.15000001
8 -0.74406779 0.25
8 -0.74406779 0.34999999
8 -0.74406779 0.44999999
8 -0.74406779 0.55000001
8 -0.74406779 0.64999998
8 -0.74406779 0.75
8 -0.74406779 0.85000002
8 -0.74406779 0.94999999
8 -0.74406779 1.05
8 -0.74406779 1.15
8 -0.74406779 1.25
8 -0.74406779 1.35
8 -0.74406779 1.45
8 -0.74406779 1.55
8 -0.74406779 1.65
8 -0.74406779 1.75
8 -0.74406779 1.85
8 -0.74406779 1.95
8 -0.74406779 2.05
8 -0.74406779 2.1500001
8 -0.74406779 2.25
8 -0.74406779 2.3499999
8 -0.74406779 2.45
7.9000001 -0.74406779 -0.44999999
7.9000001 -0.74406779 -0.34999999
7.9000001 -0.74406779 -0.25
7.9000001 -0.74406779 -0.15000001
7.9000001 -0.74406779 -0.050000001
7.9000001 -0.74406779 0.050000001
7.9000001 -0.74406779 0.15000001
7.9000001 -0.74406779 0.25
7.9000001 -0.74406779 0.34999999
7.9000001 -0.74406779 0.44999999
7.9000001 -0.74406779 0.55000001
7.9000001 -0.74406779 0.64999998
7.9000001 -0.74406779 0.75
7.9000001 -0.74406779 0.85000002
7.9000001 -0.74406779 0.94999999
7.9000001 -0.74406779 1.05
7.9000001 -0.74406779 1.15
7.9000001 -0.74406779 1.25
7.9000001 -0.74406779 1.35
7.9000001 -0.74406779 1.45
7.9000001 -0.74406779 1.55
7.9000001 -0.74406779 1.65
7.9000001 -0.74406779 1.75
7.9000001 -0.74406779 1.85
7.9000001 -0.74406779 1.95
7.9000001 -0.74406779 2.05
7.9000001 -0.74406779 2.1500001
7.9000001 -0.74406779 2.25
7.9000001 -0.74406779 2.3499999
7.9000001 -0.74406779 2.45
8.1000004 -0.64576274 -0.44999999
8.1000004 -0.64576274 -0.34999999
8.1000004 -0.64576274 -0.25
8.1000004 -0.64576274 -0.15000001
8.1000004 -0.64576274 -0.050000001
8.1000004 -0.64576274 0.050000001
8.1000004 -0.64576274 0.15000001
8.1000004 -0.64576274 0.25
8.1000004 -0.64576274 0.34999999
8.1000004 -0.64576274 0.44999999
8.1000004 -0.64576274 0.55000001
8.1000004 -0.64576274 0.64999998
8.1000004 -0.64576274 0.75
8.1000004 -0.64576274 0.85000002
8.1000004 -0.64576274 0.94999999
8.1000004 -0.64576274 1.05
8.1000004 -0.64576274 1.15
8.1000004 -0.64576274 1.25
8.1000004 -0.64576274 1.35
8.1000004 -0.64576274 1.45
8.1000004 -0.64576274 1.55
8.1000004 -0.64576274 1.65
8.1000004 -0.64576274 1.75
8.1000004 -0.64576274 1.85
8.1000004 -0.64576274 1.95
8.1000004 -0.64576274 2.05
8.1000004 -0.64576274 2.1500001
8.1000004 -0.64576274 2.25
8.1000004 -0.64576274 2.3499999
8.1000004 -0.64576274 2.45
8 -0.64576274 -0.44999999
8 -0.64576274 -0.34999999
8 -0.64576274 -0.25
8 -0.64576274 -0.15000001
8 -0.64576274 -0.050000001
8 -0.64576274 0.050000001
8 -0.64576274 0.15000001
8 -0.64576274 0.25
8 -0.64576274 0.34999999
8 -0.64576274 0.44999999
8 -0.64576274 0.55000001
8 -0.64576274 0.64999998
8 -0.64576274 0.75
8 -0.64576274 0.85000002
8 -0.64576274 0.94999999
8 -0.64576274 1.05
8 -0.64576274 1.15
8 -0.64576274 1.25
8 -0.64576274 1.35
8 -0.64576274 1.45
8 -0.64576274 1.55
8 -0.64576274 1.65
8 -0.64576274 1.75
8 -0.64576274 1.85
8 -0.64576274 1.95
8 -0.64576274 2.05
8 -0.64576274 2.1500001
8 -0.64576274 2.25
8 -0.64576274 2.3499999
8 -0.64576274 2.45
7.9000001 -0.64576274 -0.44999999
7.9000001 -0.64576274 -0.34999999
7.9000001 -0.64576274 -0.25
7.9000001 -0.64576274 -0.15000001
7.9000001 -0.64576274 -0.050000001
7.9000001 -0.64576274 0.050000001
7.9000001 -0.64576274 0.15000001
7.9000001 -0.64576274 0.25
7.9000001 -0.64576274 0.34999999
7.9000001 -0.64576274 0.44999999
7.9000001 -0.64576274 0.55000001
7.9000001 -0.64576274 0.64999998
7.9000001 -0.64576274 0.75
7.9000001 -0.64576274 0.85000002
7.9000001 -0.64576274 0.94999999
7.9000001 -0.64576274 1.05
7.9000001 -0.64576274 1.15
7.9000001 -0.64576274 1.25
7.9000001 -0.64576274 1.35
7.9000001 -0.64576274 1.45
7.9000001 -0.64576274 1.55
7.9000001 -0.64576274 1.65
7.9000001 -0.64576274 1.75
7.9000001 -0.64576274 1.85
7.9000001 -0.64576274 1.95
7.9000001 -0.64576274 2.05
7.9000001 -0.64576274 2.1500001
7.9000001 -0.64576274 2.25
7.9000001 -0.64576274 2.3499999
7.9000001 -0.64576274 2.45
8.1000004 -0.54745764 -0.44999999
8.1000004 -0.54745764 -0.34999999
8.1000004 -0.54745764 -0.25
8.1000004 -0.54745764 -0.15000001
8.1000004 -0.54745764 -0.050000001
8.1000004 -0.54745764 0.050000001
8.1000004 -0.54745764 0.15000001
8.1000004 -0.54745764 0.25
8.1000004 -0.54745764 0.34999999
8.1000004 -0.54745764 0.44999999
8.1000004 -0.54745764 0.55000001
8.1000004 -0.54745764 0.64999998
8.1000004 -0.54745764 0.75
8.1000004 -0.54745764 0.85000002
8.1000004 -0.54745764 0.94999999
8.1000004 -0.54745764 1.05
8.1000004 -0.54745764 1.15
8.1000004 -0.54745764 1.25
8.1000004 -0.54745764 1.35
8.1000004 -0.54745764 1.45
8.1000004 -0.54745764 1.55
8.1000004 -0.54745764 1.65
8.1000004 -0.54745764 1.75
8.1000004 -0.54745764 1.85
8.1000004 -0.54745764 1.95
8.1000004 -0.54745764 2.05
8.1000004 -0.54745764 2.1500001
8.1000004 -0.54745764 2.25
8.1000004 -0.54745764 2.3499999
8.1000004 -0.54745764 2.45
8 -0.54745764 -0.44999999
8 -0.54745764 -0.34999999
8 -0.54745764 -0.25
8 -0.54745764 -0.15000001
8 -0.54745764 -0.050000001
8 -0.54745764 0.050000001
8 -0.54745764 0.15000001
8 -0.54745764 0.25
8 -0.54745764 0.34999999
8 -0.54745764 0.44999999
8 -0.54745764 0.55000001
8 -0.54745764 0.64999998
8 -0.54745764 0.75
8 -0.54745764 0.85000002
8 -0.54745764 0.94999999
8 -0.54745764 1.05
8 -0.54745764 1.15
8 -0.54745764 1.25
8 -0.54745764 1.35
8 -0.54745764 1.45
8 -0.54745764 1.55
8 -0.54745764 1.65
8 -0.54745764 1.75
8 -0.54745764 1.85
8 -0.54745764 1.95
8 -0.54745764 2.05
8 -0.54745764 2.1500001
8 -0.54745764 2.25
8 -0.54745764 2.3499999
8 -0.54745764 2.45
7.9000001 -0.54745764 -0.44999999
7.9000001 -0.54745764 -0.34999999
7.9000001 -0.54745764 -0.25
7.9000001 -0.54745764 -0.15000001
7.9000001 -0.54745764 -0.050000001
7.9000001 -0.54745764 0.050000001
7.9000001 -0.54745764 0.15000001
7.9000001 -0.54745764 0.25
7.9000001 -0.54745764 0.34999999
7.9000001 -0.54745764 0.44999999
7.9000001 -0.54745764 0.55000001
7.9000001 -0.54745764 0.64999998
7.9000001 -0.54745764 0.75
7.9000001 -0.54745764 0.85000002
7.9000001 -0.54745764 0.94999999
7.9000001 -0.54745764 1.05
7.9000001 -0.54745764 1.15
7.9000001 -0.54745764 1.25
7.9000001 -0.54745764 1.35
7.9000001 -0.54745764 1.45
7.9000001 -0.54745764 1.55
7.9000001 -0.54745764 1.65
7.9000001 -0.54745764 1.75
7.9000001 -0.54745764 1.85
7.9000001 -0.54745764 1.95
7.9000001 -0.54745764 2.05
7.9000001 -0.54745764 2.1500001
7.9000001 -0.54745764 2.25
7.9000001 -0.54745764 2.3499999
7.9000001 -0.54745764 2.45
8.1000004 -0.44915253 -0.44999999
8.1000004 -0.44915253 -0.34999999
8.1000004 -0.44915253 -0.25
8.1000004 -0.44915253 -0.15000001
8.1000004 -0.44915253 -0.050000001
8.1000004 -0.44915253 0.050000001
8.1000004 -0.44915253 0.15000001
8.1000004 -0.44915253 0.25
8.1000004 -0.44915253 0.34999999
8.1000004 -0.44915253 0.44999999
8.1000004 -0.44915253 0.55000001
8.1000004 -0.44915253 0.64999998
8.1000004 -0.44915253 0.75
8.1000004 -0.44915253 0.85000002
8.1000004 -0.44915253 0.94999999
8.1000004 -0.44915253 1.05
8.1000004 -0.44915253 1.15
8.1000004 -0.44915253 1.25
8.1000004 -0.44915253 1.35
8.1000004 -0.44915253 1.45
8.1000004 -0.44915253 1.55
8.1000004 -0.44915253 1.65
8.1000004 -0.44915253 1.75
8.1000004 -0.44915253 1.85
8.1000004 -0.44915253 1.95
8.1000004 -0.44915253 2.05
8.1000004 -0.44915253 2.1500001
8.1000004 -0.44915253 2.25
8.1000004 -0.44915253 2.3499999
8.1000004 -0.44915253 2.45
8 -0.44915253 -0.44999999
8 -0.44915253 -0.34999999
8 -0.44915253 -0.25
8 -0.44915253 -0.15000001
8 -0.44915253 -0.050000001
8 -0.44915253 0.050000001
8 -0.44915253 0.15000001
8 -0.44915253 0.25
8 -0.44915253 0.34999999
8 -0.44915253 0.44999999
8 -0.44915253 0.55000001
8 -0.44915253 0.64999998
8 -0.44915253 0.75
8 -0.44915253 0.85000002
8 -0.44915253 0.94999999
8 -0.44915253 1.05
8 -0.44915253 1.15
8 -0.44915253 1.25
8 -0.44915253 1.35
8 -0.44915253 1.45
8 -0.44915253 1.55
8 -0.44915253 1.65
8 -0.44915253 1.75
8 -0.44915253 1.85
8 -0.44915253 1.95
8 -0.44915253 2.05
8 -0.44915253 2.1500001
8 -0.44915253 2.25
8 -0.44915253 2.3499999
8 -0.44915253 2.45
7.9000001 -0.44915253 -0.44999999
7.9000001 -0.44915253 -0.34999999
7.9000001 -0.44915253 -0.25
7.9000001 -0.44915253 -0.15000001
7.9000001 -0.44915253 -0.050000001
7.9000001 -0.44915253 0.050000001
7.9000001 -0.44915253 0.15000001
7.9000001 -0.44915253 0.25
7.9000001 -0.44915253 0.34999999
7.9000001 -0.44915253 0.44999999
7.9000001 -0.44915253 0.55000001
7.9000001 -0.44915253 0.64999998
7.9000001 -0.44915253 0.75
7.9000001 -0.44915253 0.85000002
7.9000001 -0.44915253 0.94999999
7.9000001 -0.44915253 1.05
7.9000001 -0.44915253 1.15
7.9000001 -0.44915253 1.25
7.9000001 -0.44915253 1.35
7.9000001 -0.44915253 1.45
7.9000001 -0.44915253 1.55
7.9000001 -0.44915253 1.65
7.9000001 -0.44915253 1.75
7.9000001 -0.44915253 1.85
7.9000001 -0.44915253 1.95
7.9000001 -0.44915253 2.05
7.9000001 -0.44915253 2.1500001
7.9000001 -0.44915253 2.25
7.9000001 -0.44915253 2.3499999
7.9000001 -0.44915253 2.45
8.1000004 -0.35084745 -0.44999999
8.1000004 -0.35084745 -0.34999999
8.1000004 -0.35084745 -0.25
8.1000004 -0.35084745 -0.15000001
8.1000004 -0.35084745 -0.050000001
8.1000004 -0.35084745 0.050000001
8.1000004 -0.35084745 0.15000001
8.1000004 -0.35084745 0.25
8.1000004 -0.35084745 0.34999999
8.1000004 -0.35084745 0.44999999
8.1000004 -0.35084745 0.55000001
8.1000004 -0.35084745 0.64999998
8.1000004 -0.35084745 0.75
8.1000004 -0.35084745 0.85000002
8.1000004 -0.35084745 0.94999999
8.1000004 -0.35084745 1.05
8.1000004 -0.35084745 1.15
8.1000004 -0.35084745 1.25
8.1000004 -0.35084745 1.35
8.1000004 -0.35084745 1.45
8.1000004 -0.35084745 1.55
8.1000004 -0.35084745 1.65
8.1000004 -0.35084745 1.75
8.1000004 -0.35084745 1.85
8.1000004 -0.35084745 1.95
8.1000004 -0.35084745 2.05
8.1000004 -0.35084745 2.1500001
8.1000004 -0.35084745 2.25
8.1000004 -0.35084745 2.3499999
8.1000004 -0.35084745 2.45
8 -0.35084745 -0.44999999
8 -0.35084745 -0.34999999
8 -0.35084745 -0.25
8 -0.35084745 -0.15000001
8 -0.35084745 -0.050000001
8 -0.35084745 0.050000001
8 -0.35084745 0.15000001
8 -0.35084745 0.25
8 -0.35084745 0.34999999
8 -0.35084745 0.44999999
8 -0.35084745 0.55000001
8 -0.35084745 0.64999998
8 -0.35084745 0.75
8 -0.35084745 0.85000002
8 -0.35084745 0.94999999
8 -0.35084745 1.05
8 -0.35084745 1.15
8 -0.35084745 1.25
8 -0.35084745 1.35
8 -0.35084745 1.45
8 -0.35084745 1.55
8 -0.35084745 1.65
8 -0.35084745 1.75
8 -0.35084745 1.85
8 -0.35084745 1.95
8 -0.35084745 2.05
8 -0.35084745 2.1500001
8 -0.35084745 2.25
8 -0.35084745 2.3499999
8 -0.35084745 2.45
7.9000001 -0.35084745 -0.44999999
7.9000001 -0.35084745 -0.34999999
7.9000001 -0.35084745 -0.25
7.9000001 -0.35084745 -0.15000001
7.9000001 -0.35084745 -0.050000001
7.9000001 -0.35084745 0.050000001
7.9000001 -0.35084745 0.15000001
7.9000001 -0.35084745 0.25
7.9000001 -0.35084745 0.34999999
7.9000001 -0.35084745 0.44999999
7.9000001 -0.35084745 0.55000001
7.9000001 -0.35084745 0.64999998
7.9000001 -0.35084745 0.75
7.9000001 -0.35084745 0.85000002
7.9000001 -0.35084745 0.94999999
7.9000001 -0.35084745 1.05
7.9000001 -0.35084745 1.15
7.9000001 -0.35084745 1.25
7.9000001 -0.35084745 1.35
7.9000001 -0.35084745 1.45
7.9000001 -0.35084745 1.55
7.9000001 -0.35084745 1.65
7.9000001 -0.35084745 1.75
7.9000001 -0.35084745 1.85
7.9000001 -0.35084745 1.95
7.9000001 -0.35084745 2.05
7.9000001 -0.35084745 2.1500001
7.9000001 -0.35084745 2.25
7.9000001 -0.35084745 2.3499999
7.9000001 -0.35084745 2.45
8.1000004 -0.25254238 -0.44999999
8.1000004 -0.25254238 -0.34999999
8.1000004 -0.25254238 -0.25
8.1000004 -0.25254238 -0.15000001
8.1000004 -0.25254238 -0.050000001
8.1000004 -0.25254238 0.050000001
8.1000004 -0.25254238 0.15000001
8.1000004 -0.25254238 0.25
8.1000004 -0.25254238 0.34999999
8.1000004 -0.25254238 0.44999999
8.1000004 -0.25254238 0.55000001
8.1000004 -0.25254238 0.64999998
8.1000004 -0.25254238 0.75
8.1000004 -0.25254238 0.85000002
8.1000004 -0.25254238 0.94999999
8.1000004 -0.25254238 1.05
8.1000004 -0.25254238 1.15
8.1000004 -0.25254238 1.25
8.1000004 -0.25254238 1.35
8.1000004 -0.25254238 1.45
8.1000004 -0.25254238 1.55
8.1000004 -0.25254238 1.65
8.1000004 -0.25254238 1.75
8.1000004 -0.25254238 1.85
8.1000004 -0.25254238 1.95
8.1000004 -0.25254238 2.05
8.1000004 -0.25254238 2.1500001
8.1000004 -0.25254238 2.25
8.1000004 -0.25254238 2.3499999
8.1000004 -0.25254238 2.45
8 -0.25254238 -0.44999999
8 -0.25254238 -0.34999999
8 -0.25254238 -0.25
8 -0.25254238 -0.15000001
8 -0.25254238 -0.050000001
8 -0.25254238 0.050000001
8 -0.25254238 0.15000001
8 -0.25254238 0.25
8 -0.25254238 0.34999999
8 -0.25254238 0.44999999
8 -0.25254238 0.55000001
8 -0.25254238 0.64999998
8 -0.25254238 0.75
8 -0.25254238 0.85000002
8 -0.25254238 0.94999999
8 -0.25254238 1.05
8 -0.25254238 1.15
8 -0.25254238 1.25
8 -0.25254238 1.35
8 -0.25254238 1.45
8 -0.25254238 1.55
8 -0.25254238 1.65
8 -0.25254238 1.75
8 -0.25254238 1.85
8 -0.25254238 1.95
8 -0.25254238 2.05
8 -0.25254238 2.1500001
8 -0.25254238 2.25
8 -0.25254238 2.3499999
8 -0.25254238 2.45
7.9000001 -0.25254238 -0.44999999
7.9000001 -0.25254238 -0.34999999
7.9000001 -0.25254238 -0.25
7.9000001 -0.25254238 -0.15000001
7.9000001 -0.25254238 -0.050000001
7.9000001 -0.25254238 0.050000001
7.9000001 -0.25254238 0.15000001
7.9000001 -0.25254238 0.25
7.9000001 -0.25254238 0.34999999
7.9000001 -0.25254238 0.44999999
7.9000001 -0.25254238 0.55000001
7.9000001 -0.25254238 0.64999998
7.9000001 -0.25254238 0.75
7.9000001 -0.25254238 0.85000002
7.9000001 -0.25254238 0.94999999
7.9000001 -0.25254238 1.05
7.9000001 -0.25254238 1.15
7.9000001 -0.25254238 1.25
7.9000001 -0.25254238 1.35
7.9000001 -0.25254238 1.45
7.9000001 -0.25254238 1.55
7.9000001 -0.25254238 1.65
7.9000001 -0.25254238 1.75
7.9000001 -0.25254238 1.85
7.9000001 -0.25254238 1.95
7.9000001 -0.25254238 2.05
7.9000001 -0.25254238 2.1500001
7.9000001 -0.25254238 2.25
7.9000001 -0.25254238 2.3499999
7.9000001 -0.25254238 2.45
8.1000004 -0.15423729 -0.44999999
8.1000004 -0.15423729 -0.34999999
8.1000004 -0.15423729 -0.25
8.1000004 -0.15423729 -0.15000001
8.1000004 -0.15423729 -0.050000001
8.1000004 -0.15423729 0.050000001
8.1000004 -0.15423729 0.15000001
8.1000004 -0.15423729 0.25
8.1000004 -0.15423729 0.34999999
8.1000004 -0.15423729 0.44999999
8.1000004 -0.15423729 0.55000001
8.1000004 -0.15423729 0.64999998
8.1000004 -0.15423729 0.75
8.1000004 -0.15423729 0.85000002
8.1000004 -0.15423729 0.94999999
8.1000004 -0.15423729 1.05
8.1000004 -0.15423729 1.15
8.1000004 -0.15423729 1.25
8.1000004 -0.15423729 1.35
8.1000004 -0.15423729 1.45
8.1000004 -0.15423729 1.55
8.1000004 -0.15423729 1.65
8.1000004 -0.15423729 1.75
8.1000004 -0.15423729 1.85
8.1000004 -0.15423729 1.95
8.1000004 -0.15423729 2.05
8.1000004 -0.15423729 2.1500001
8.1000004 -0.15423729 2.25
8.1000004 -0.15423729 2.3499999
8.1000004 -0.15423729 2.45
8 -0.15423729 -0.44999999
8 -0.15423729 -0.34999999
8 -0.15423729 -0.25
8 -0.15423729 -0.15000001
8 -0.15423729 -0.050000001
8 -0.15423729 0.050000001
8 -0.15423729 0.15000001
8 -0.15423729 0.25
8 -0.15423729 0.34999999
8 -0.15423729 0.44999999
8 -0.15423729 0.55000001
8 -0.15423729 0.64999998
8 -0.15423729 0.75
8 -0.15423729 0.85000002
8 -0.15423729 0.94999999
8 -0.15423729 1.05
8 -0.15423729 1.15
8 -0.15423729 1.25
8 -0.15423729 1.35
8 -0.15423729 1.45
8 -0.15423729 1.55
8 -0.15423729 1.65
8 -0.15423729 1.75
8 -0.15423729 1.85
8 -0.15423729 1.95
8 -0.15423729 2.05
8 -0.15423729 2.1500001
8 -0.15423729 2.25
8 -0.15423729 2.3499999
8 -0.15423729 2.45
7.9000001 -0.15423729 -0.44999999
7.9000001 -0.15423729 -0.34999999
7.9000001 -0.15423729 -0.25
7.9000001 -0.15423729 -0.15000001
7.9000001 -0.15423729 -0.050000001
7.9000001 -0.15423729 0.050000001
7.9000001 -0.15423729 0.15000001
7.9000001 -0.15423729 0.25
7.9000001 -0.15423729 0.34999999
7.9000001 -0.15423729 0.44999999
7.9000001 -0.15423729 0.55000001
7.9000001 -0.15423729 0.64999998
7.9000001 -0.15423729 0.75
7.9000001 -0.15423729 0.85000002
7.9000001 -0.15423729 0.94999999
7.9000001 -0.15423729 1.05
7.9000001 -0.15423729 1.15
7.9000001 -0.15423729 1.25
7.9000001 -0.15423729 1.35
7.9000001 -0.15423729 1.45
7.9000001 -0.15423729 1.55
7.9000001 -0.15423729 1.65
7.9000001 -0.15423729 1.75
7.9000001 -0.15423729 1.85
7.9000001 -0.15423729 1.95
7.9000001 -0.15423729 2.05
7.9000001 -0.15423729 2.1500001
7.9000001 -0.15423729 2.25
7.9000001 -0.15423729 2.3499999
7.9000001 -0.15423729 2.45
8.1000004 -0.055932205 -0.44999999
8.1000004 -0.055932205 -0.34999999
8.1000004 -0.055932205 -0.25
8.1000004 -0.055932205 -0.15000001
8.1000004 -0.055932205 -0.050000001
8.1000004 -0.055932205 0.050000001
8.1000004 -0.055932205 0.15000001
8.1000004 -0.055932205 0.25
8.1000004 -0.055932205 0.34999999
8.1000004 -0.055932205 0.44999999
8.1000004 -0.055932205 0.55000001
8.1000004 -0.055932205 0.64999998
8.1000004 -0.055932205 0.75
8.1000004 -0.055932205 0.85000002
8.1000004 -0.055932205 0.94999999
8.1000004 -0.055932205 1.05
8.1000004 -0.055932205 1.15
8.1000004 -0.055932205 1.25
8.1000004 -0.055932205 1.35
8.1000004 -0.055932205 1.45
8.1000004 -0.055932205 1.55
8.1000004 -0.055932205 1.65
8.1000004 -0.055932205 1.75
8.1000004 -0.055932205 1.85
8.1000004 -0.055932205 1.95
8.1000004 -0.055932205 2.05
8.1000004 -0.055932205 2.1500001
8.1000004 -0.055932205 2.25
8.1000004 -0.055932205 2.3499999
8.1000004 -0.055932205 2.45
8 -0.055932205 -0.44999999
8 -0.055932205 -0.34999999
8 -0.055932205 -0.25
8 -0.055932205 -0.15000001
8 -0.055932205 -0.050000001
8 -0.055932205 0.050000001
8 -0.055932205 0.15000001
8 -0.055932205 0.25
8 -0.055932205 0.34999999
8 -0.055932205 0.44999999
8 -0.055932205 0.55000001
8 -0.055932205 0.64999998
8 -0.055932205 0.75
8 -0.055932205 0.85000002
8 -0.055932205 0.94999999
8 -0.055932205 1.05
8 -0.055932205 1.15
8 -0.055932205 1.25
8 -0.055932205 1.35
8 -0.055932205 1.45
8 -0.055932205 1.55
8 -0.055932205 1.65
8 -0.055932205 1.75
8 -0.055932205 1.85
8 -0.055932205 1.95
8 -0.055932205 2.05
8 -0.055932205 2.1500001
8 -0.055932205 2.25
8 -0.055932205 2.3499999
8 -0.055932205 2.45
7.9000001 -0.055932205 -0.44999999
7.9000001 -0.055932205 -0.34999999
7.9000001 -0.055932205 -0.25
7.9000001 -0.055932205 -0.15000001
7.9000001 -0.055932205 -0.050000001
7.9000001 -0.055932205 0.050000001
7.9000001 -0.055932205 0.15000001
7.9000001 -0.055932205 0.25
7.9000001 -0.055932205 0.34999999
7.9000001 -0.055932205 0.44999999
7.9000001 -0.055932205 0.55000001
7.9000001 -0.055932205 0.64999998
7.9000001 -0.055932205 0.75
7.9000001 -0.055932205 0.85000002
7.9000001 -0.055932205 0.94999999
7.9000001 -0.055932205 1.05
7.9000001 -0.055932205 1.15
7.9000001 -0.055932205 1.25
7.9000001 -0.055932205 1.35
7.9000001 -0.055932205 1.45
7.9000001 -0.055932205 1.55
7.9000001 -0.055932205 1.65
7.9000001 -0.055932205 1.75
7.9000001 -0.055932205 1.85
7.9000001 -0.055932205 1.95
7.9000001 -0.055932205 2.05
7.9000001 -0.055932205 2.1500001
7.9000001 -0.055932205 2.25
7.9000001 -0.055932205 2.3499999
7.9000001 -0.055932205 2.45
8.1000004 0.042372882 -0.44999999
8.1000004 0.042372882 -0.34999999
8.1000004 0.042372882 -0.25
8.1000004 0.042372882 -0.15000001
8.1000004 0.042372882 -0.050000001
8.1000004 0.042372882 0.050000001
8.1000004 0.042372882 0.15000001
8.1000004 0.042372882 0.25
8.1000004 0.042372882 0.34999999
8.1000004 0.042372882 0.44999999
8.1000004 0.042372882 0.55000001
8.1000004 0.042372882 0.64999998
8.1000004 0.042372882 0.75
8.1000004 0.042372882 0.85000002
8.1000004 0.042372882 0.94999999
8.1000004 0.042372882 1.05
8.1000004 0.042372882 1.15
8.1000004 0.042372882 1.25
8.1000004 0.042372882 1.35
8.1000004 0.042372882 1.45
8.1000004 0.042372882 1.55
8.1000004 0.042372882 1.65
8.1000004 0.042372882 1.75
8.1000004 0.042372882 1.85
8.1000004 0.042372882 1.95
8.1000004 0.042372882 2.05
8.1000004 0.042372882 2.1500001
8.1000004 0.042372882 2.25
8.1000004 0.042372882 2.3499999
8.1000004 0.042372882 2.45
8 0.042372882 -0.44999999
8 0.042372882 -0.34999999
8 0.042372882 -0.25
8 0.042372882 -0.15000001
8 0.042372882 -0.050000001
8 0.042372882 0.050000001
8 0.042372882 0.15000001
8 0.042372882 0.25
8 0.042372882 0.34999999
8 0.042372882 0.44999999
8 0.042372882 0.55000001
8 0.042372882 0.64999998
8 0.042372882 0.75
8 0.042372882 0.85000002
8 0.042372882 0.94999999
8 0.042372882 1.05
8 0.042372882 1.15
8 0.042372882 1.25
8 0.042372882 1.35
8 0.042372882 1.45
8 0.042372882 1.55
8 0.042372882 1.65
8 0.042372882 1.75
8 0.042372882 1.85
8 0.042372882 1.95
8 0.042372882 2.05
8 0.042372882 2.1500001
8 0.042372882 2.25
8 0.042372882 2.3499999
8 0.042372882 2.45
7.9000001 0.042372882 -0.44999999
7.9000001 0.042372882 -0.34999999
7.9000001 0.042372882 -0.25
7.9000001 0.042372882 -0.15000001
7.9000001 0.042372882 -0.050000001
7.9000001 0.042372882 0.050000001
7.9000001 0.042372882 0.15000001
7.9000001 0.042372882 0.25
7.9000001 0.042372882 0.34999999
7.9000001 0.042372882 0.44999999
7.9000001 0.042372882 0.55000001
7.9000001 0.042372882 0.64999998
7.9000001 0.042372882 0.75
7.9000001 0.042372882 0.85000002
7.9000001 0.042372882 0.94999999
7.9000001 0.042372882 1.05
7.9000001 0.042372882 1.15
7.9000001 0.042372882 1.25
7.9000001 0.042372882 1.35
7.9000001 0.042372882 1.45
7.9000001 0.042372882 1.55
7.9000001 0.042372882 1.65
7.9000001 0.042372882 1.75
7.9000001 0.042372882 1.85
7.9000001 0.042372882 1.95
7.9000001 0.042372882 2.05
7.9000001 0.042372882 2.1500001
7.9000001 0.042372882 2.25
7.9000001 0.042372882 2.3499999
7.9000001 0.042372882 2.45
8.1000004 0.14067796 -0.44999999
8.1000004 0.14067796 -0.34999999
8.1000004 0.14067796 -0.25
8.1000004 0.14067796 -0.15000001
8.1000004 0.14067796 -0.050000001
8.1000004 0.14067796 0.050000001
8.1000004 0.14067796 0.15000001
8.1000004 0.14067796 0.25
8.1000004 0.14067796 0.34999999
8.1000004 0.14067796 0.44999999
8.1000004 0.14067796 0.55000001
8.1000004 0.14067796 0.64999998
8.1000004 0.14067796 0.75
8.1000004 0.14067796 0.85000002
8.1000004 0.14067796 0.94999999
8.1000004 0.14067796 1.05
8.1000004 0.14067796 1.15
8.1000004 0.14067796 1.25
8.1000004 0.14067796 1.35
8.1000004 0.14067796 1.45
8.1000004 0.14067796 1.55
8.1000004 0.14067796 1.65
8.1000004 0.14067796 1.75
8.1000004 0.14067796 1.85
8.1000004 0.14067796 1.95
8.1000004 0.14067796 2.05
8.1000004 0.14067796 2.1500001
8.1000004 0.14067796 2.25
8.1000004 0.14067796 2.3499999
8.1000004 0.14067796 2.45
8 0.14067796 -0.44999999
8 0.14067796 -0.34999999
8 0.14067796 -0.25
8 0.14067796 -0.15000001
8 0.14067796 -0.050000001
8 0.14067796 0.050000001
8 0.14067796 0.15000001
8 0.14067796 0.25
8 0.14067796 0.34999999
8 0.14067796 0.44999999
8 0.14067796 0.55000001
8 0.14067796 0.64999998
8 0.14067796 0.75
8 0.14067796 0.85000002
8 0.14067796 0.94999999
8 0.14067796 1.05
8 0.14067796 1.15
8 0.14067796 1.25
8 0.14067796 1.35
8 0.14067796 1.45
8 0.14067796 1.55
8 0.14067796 1.65
8 0.14067796 1.75
8 0.14067796 1.85
8 0.14067796 1.95
8 0.14067796 2.05
8 0.14067796 2.1500001
8 0.14067796 2.25
8 0.14067796 2.3499999
8 0.14067796 2.45
7.9000001 0.14067796 -0.44999999
7.9000001 0.14067796 -0.34999999
7.9000001 0.14067796 -0.25
7.9000001 0.14067796 -0.15000001
7.9000001 0.14067796 -0.050000001
7.9000001 0.14067796 0.050000001
7.9000001 0.14067796 0.15000001
7.9000001 0.14067796 0.25
7.9000001 0.14067796 0.34999999
7.9000001 0.14067796 0.44999999
7.9000001 0.14067796 0.55000001
7.9000001 0.14067796 0.64999998
7.9000001 0.14067796 0.75
7.9000001 0.14067796 0.85000002
7.9000001 0.14067796 0.94999999
7.9000001 0.14067796 1.05
7.9000001 0.14067796 1.15
7.9000001 0.14067796 1.25
7.9000001 0.14067796 1.35
7.9000001 0.14067796 1.45
7.9000001 0.14067796 1.55
7.9000001 0.14067796 1.65
7.9000001 0.14067796 1.75
7.9000001 0.14067796 1.85
7.9000001 0.14067796 1.95
7.9000001 0.14067796 2.05
7.9000001 0.14067796 2.1500001
7.9000001 0.14067796 2.25
7.9000001 0.14067796 2.3499999
7.9000001 0.14067796 2.45
8.1000004 0.23898305 -0.44999999
8.1000004 0.23898305 -0.34999999
8.1000004 0.23898305 -0.25
8.1000004 0.23898305 -0.15000001
8.1000004 0.23898305 -0.050000001
8.1000004 0.23898305 0.050000001
8.1000004 0.23898305 0.15000001
8.1000004 0.23898305 0.25
8.1000004 0.23898305 0.34999999
8.1000004 0.23898305 0.44999999
8.1000004 0.23898305 0.55000001
8.1000004 0.23898305 0.64999998
8.1000004 0.23898305 0.75
8.1000004 0.23898305 0.85000002
8.1000004 0.23898305 0.94999999
8.1000004 0.23898305 1.05
8.1000004 0.23898305 1.15
8.1000004 0.23898305 1.25
8.1000004 0.23898305 1.35
8.1000004 0.23898305 1.45
8.1000004 0.23898305 1.55
8.1000004 0.23898305 1.65
8.1000004 0.23898305 1.75
8.1000004 0.23898305 1.85
8.1000004 0.23898305 1.95
8.1000004 0.23898305 2.05
8.1000004 0.23898305 2.1500001
8.1000004 0.23898305 2.25
8.1000004 0.23898305 2.3499999
8.1000004 0.23898305 2.45
8 0.23898305 -0.44999999
8 0.23898305 -0.34999999
8 0.23898305 -0.25
8 0.23898305 -0.15000001
8 0.23898305 -0.050000001
8 0.23898305 0.050000001
8 0.23898305 0.15000001
8 0.23898305 0.25
8 0.23898305 0.34999999
8 0.23898305 0.44999999
8 0.23898305 0.55000001
8 0.23898305 0.64999998
8 0.23898305 0.75
8 0.23898305 0.85000002
8 0.23898305 0.94999999
8 0.23898305 1.05
8 0.23898305 1.15
8 0.23898305 1.25
8 0.23898305 1.35
8 0.23898305 1.45
8 0.23898305 1.55
8 0.23898305 1.65
8 0.23898305 1.75
8 0.23898305 1.85
8 0.23898305 1.95
8 0.23898305 2.05
8 0.23898305 2.1500001
8 0.23898305 2.25
8 0.23898305 2.3499999
8 0.23898305 2.45
7.9000001 0.23898305 -0.44999999
7.9000001 0.23898305 -0.34999999
7.9000001 0.23898305 -0.25
7.9000001 0.23898305 -0.15000001
7.9000001 0.23898305 -0.050000001
7.9000001 0.23898305 0.050000001
7.9000001 0.23898305 0.15000001
7.9000001 0.23898305 0.25
7.9000001 0.23898305 0.34999999
7.9000001 0.23898305 0.44999999
7.9000001 0.23898305 0.55000001
7.9000001 0.23898305 0.64999998
7.9000001 0.23898305 0.75
7.9000001 0.23898305 0.85000002
7.9000001 0.23898305 0.94999999
7.9000001 0.23898305 1.05
7.9000001 0.23898305 1.15
7.9000001 0.23898305 1.25
7.9000001 0.23898305 1.35
7.9000001 0.23898305 1.45
7.9000001 0.23898305 1.55
7.9000001 0.23898305 1.65
7.9000001 0.23898305 1.75
7.9000001 0.23898305 1.85
7.9000001 0.23898305 1.95
7.9000001 0.23898305 2.05
7.9000001 0.23898305 2.1500001
7.9000001 0.23898305 2.25
7.9000001 0.23898305 2.3499999
7.9000001 0.23898305 2.45
8.1000004 0.33728814 -0.44999999
8.1000004 0.33728814 -0.34999999
8.1000004 0.33728814 -0.25
8.1000004 0.33728814 -0.15000001
8.1000004 0.33728814 -0.050000001
8.1000004 0.33728814 0.050000001
8.1000004 0.33728814 0.15000001
8.1000004 0.33728814 0.25
8.1000004 0.33728814 0.34999999
8.1000004 0.33728814 0.44999999
8.1000004 0.33728814 0.55000001
8.1000004 0.33728814 0.64999998
8.1000004 0.33728814 0.75
8.1000004 0.33728814 0.85000002
8.1000004 0.33728814 0.94999999
8.1000004 0.33728814 1.05
8.1000004 0.33728814 1.15
8.1000004 0.33728814 1.25
8.1000004 0.33728814 1.35
8.1000004 0.33728814 1.45
8.1000004 0.33728814 1.55
8.1000004 0.33728814 1.65
8.1000004 0.33728814 1.75
8.1000004 0.33728814 1.85
8.1000004 0.33728814 1.95
8.1000004 0.33728814 2.05
8.1000004 0.33728814 2.1500001
8.1000004 0.33728814 2.25
8.1000004 0.33728814 2.3499999
8.1000004 0.33728814 2.45
8 0.33728814 -0.44999999
8 0.33728814 -0.34999999
8 0.33728814 -0.25
8 0.33728814 -0.15000001
8 0.33728814 -0.050000001
8 0.33728814 0.050000001
8 0.33728814 0.15000001
8 0.33728814 0.25
8 0.33728814 0.34999999
8 0.33728814 0.44999999
8 0.33728814 0.55000001
8 0.33728814 0.64999998
8 0.33728814 0.75
8 0.33728814 0.85000002
8 0.33728814 0.94999999
8 0.33728814 1.05
8 0.33728814 1.15
8 0.33728814 1.25
8 0.33728814 1.35
8 0.33728814 1.45
8 0.33728814 1.55
8 0.33728814 1.65
8 0.33728814 1.75
8 0.33728814 1.85
8 0.33728814 1.95
8 0.33728814 2.05
8 0.33728814 2.1500001
8 0.33728814 2.25
8 0.33728814 2.3499999
8 0.33728814 2.45
7.9000001 0.33728814 -0.44999999
7.9000001 0.33728814 -0.34999999
7.9000001 0.33728814 -0.25
7.9000001 0.33728814 -0.15000001
7.9000001 0.33728814 -0.050000001
7.9000001 0.33728814 0.050000001
7.9000001 0.33728814 0.15000001
7.9000001 0.33728814 0.25
7.9000001 0.33728814 0.34999999
7.9000001 0.33728814 0.44999999
7.9000001 0.33728814 0.55000001
7.9000001 0.33728814 0.64999998
7.9000001 0.33728814 0.75
7.9000001 0.33728814 0.85000002
7.9000001 0.33728814 0.94999999
7.9000001 0.33728814 1.05
7.9000001 0.33728814 1.15
7.9000001 0.33728814 1.25
7.9000001 0.33728814 1.35
7.9000001 0.33728814 1.45
7.9000001 0.33728814 1.55
7.9000001 0.33728814 1.65
7.9000001 0.33728814 1.75
7.9000001 0.33728814 1.85
7.9000001 0.33728814 1.95
7.9000001 0.33728814 2.05
7.9000001 0.33728814 2.1500001
7.9000001 0.33728814 2.25
7.9000001 0.33728814 2.3499999
7.9000001 0.33728814 2.45
8.1000004 0.43559322 -0.44999999
8.1000004 0.43559322 -0.34999999
8.1000004 0.43559322 -0.25
8.1000004 0.43559322 -0.15000001
8.1000004 0.43559322 -0.050000001
8.1000004 0.43559322 0.050000001
8.1000004 0.43559322 0.15000001
8.1000004 0.43559322 0.25
8.1000004 0.43559322 0.34999999
8.1000004 0.43559322 0.44999999
8.1000004 0.43559322 0.55000001
8.1000004 0.43559322 0.64999998
8.1000004 0.43559322 0.75
8.1000004 0.43559322 0.85000002
8.1000004 0.43559322 0.94999999
8.1000004 0.43559322 1.05
8.1000004 0.43559322 1.15
8.1000004 0.43559322 1.25
8.1000004 0.43559322 1.35
8.1000004 0.43559322 1.45
8.1000004 0.43559322 1.55
8.1000004 0.43559322 1.65
8.1000004 0.43559322 1.75
8.1000004 0.43559322 1.85
8.1000004 0.43559322 1.95
8.1000004 0.43559322 2.05
8.1000004 0.43559322 2.1500001
8.1000004 0.43559322 2.25
8.1000004 0.43559322 2.3499999
8.1000004 0.43559322 2.45
8 0.43559322 -0.44999999
8 0.43559322 -0.34999999
8 0.43559322 -0.25
8 0.43559322 -0.15000001
8 0.43559322 -0.050000001
8 0.43559322 0.050000001
8 0.43559322 0.15000001
8 0.43559322 0.25
8 0.43559322 0.34999999
8 0.43559322 0.44999999
8 0.43559322 0.55000001
8 0.43559322 0.64999998
8 0.43559322 0.75
8 0.43559322 0.85000002
8 0.43559322 0.94999999
8 0.43559322 1.05
8 0.43559322 1.15
8 0.43559322 1.25
8 0.43559322 1.35
8 0.43559322 1.45
8 0.43559322 1.55
8 0.43559322 1.65
8 0.43559322 1.75
8 0.43559322 1.85
8 0.43559322 1.95
8 0.43559322 2.05
8 0.43559322 2.1500001
8 0.43559322 2.25
8 0.43559322 2.3499999
8 0.43559322 2.45
7.9000001 0.43559322 -0.44999999
7.9000001 0.43559322 -0.34999999
7.9000001 0.43559322 -0.25
7.9000001 0.43559322 -0.15000001
7.9000001 0.43559322 -0.050000001
7.9000001 0.43559322 0.050000001
7.9000001 0.43559322 0.15000001
7.9000001 0.43559322 0.25
7.9000001 0.43559322 0.34999999
7.9000001 0.43559322 0.44999999
7.9000001 0.43559322 0.55000001
7.9000001 0.43559322 0.64999998
7.9000001 0.43559322 0.75
7.9000001 0.43559322 0.85000002
7.9000001 0.43559322 0.94999999
7.9000001 0.43559322 1.05
7.9000001 0.43559322 1.15
7.9000001 0.43559322 1.25
7.9000001 0.43559322 1.35
7.9000001 0.43559322 1.45
7.9000001 0.43559322 1.55
7.9000001 0.43559322 1.65
7.9000001 0.43559322 1.75
7.9000001 0.43559322 1.85
7.9000001 0.43559322 1.95
7.9000001 0.43559322 2.05
7.9000001 0.43559322 2.1500001
7.9000001 0.43559322 2.25
7.9000001 0.43559322 2.3499999
7.9000001 0.43559322 2.45
8.1000004 0.53389829 -0.44999999
8.1000004 0.53389829 -0.34999999
8.1000004 0.53389829 -0.25
8.1000004 0.53389829 -0.15000001
8.1000004 0.53389829 -0.050000001
8.1000004 0.53389829 0.050000001
8.1000004 0.53389829 0.15000001
8.1000004 0.53389829 0.25
8.1000004 0.53389829 0.34999999
8.1000004 0.53389829 0.44999999
8.1000004 0.53389829 0.55000001
8.1000004 0.53389829 0.64999998
8.1000004 0.53389829 0.75
8.1000004 0.53389829 0.85000002
8.1000004 0.53389829 0.94999999
8.1000004 0.53389829 1.05
8.1000004 0.53389829 1.15
8.1000004 0.53389829 1.25
8.1000004 0.53389829 1.35
8.1000004 0.53389829 1.45
8.1000004 0.53389829 1.55
8.1000004 0.53389829 1.65
8.1000004 0.53389829 1.75
8.1000004 0.53389829 1.85
8.1000004 0.53389829 1.95
8.1000004 0.53389829 2.05
8.1000004 0.53389829 2.1500001
8.1000004 0.53389829 2.25
8.1000004 0.53389829 2.3499999
8.1000004 0.53389829 2.45
8 0.53389829 -0.44999999
8 0.53389829 -0.34999999
8 0.53389829 -0.25
8 0.53389829 -0.15000001
8 0.53389829 -0.050000001
8 0.53389829 0.050000001
8 0.53389829 0.15000001
8 0.53389829 0.25
8 0.53389829 0.34999999
8 0.53389829 0.44999999
8 0.53389829 0.55000001
8 0.53389829 0.64999998
8 0.53389829 0.75
8 0.53389829 0.85000002
8 0.53389829 0.94999999
8 0.53389829 1.05
8 0.53389829 1.15
8 0.53389829 1.25
8 0.53389829 1.35
8 0.53389829 1.45
8 0.53389829 1.55
8 0.53389829 1.65
8 0.53389829 1.75
8 0.53389829 1.85
8 0.53389829 1.95
8 0.53389829 2.05
8 0.53389829 2.1500001
8 0.53389829 2.25
8 0.53389829 2.3499999
8 0.53389829 2.45
7.9000001 0.53389829 -0.44999999
7.9000001 0.53389829 -0.34999999
7.9000001 0.53389829 -0.25
7.9000001 0.53389829 -0.15000001
7.9000001 0.53389829 -0.050000001
7.9000001 0.53389829 0.050000001
7.9000001 0.53389829 0.15000001
7.9000001 0.53389829 0.25
7.9000001 0.53389829 0.34999999
7.9000001 0.53389829 0.44999999
7.9000001 0.53389829 0.55000001
7.9000001 0.53389829 0.64999998
7.9000001 0.53389829 0.75
7.9000001 0.53389829 0.85000002
7.9000001 0.53389829 0.94999999
7.9000001 0.53389829 1.05
7.9000001 0.53389829 1.15
7.9000001 0.53389829 1.25
7.9000001 0.53389829 1.35
7.9000001 0.53389829 1.45
7.9000001 0.53389829 1.55
7.9000001 0.53389829 1.65
7.9000001 0.53389829 1.75
7.9000001 0.53389829 1.85
7.9000001 0.53389829 1.95
7.9000001 0.53389829 2.05
7.9000001 0.53389829 2.1500001
7.9000001 0.53389829 2.25
7.9000001 0.53389829 2.3499999
7.9000001 0.53389829 2.45
8.1000004 0.6322034 -0.44999999
8.1000004 0.6322034 -0.34999999
8.1000004 0.6322034 -0.25
8.1000004 0.6322034 -0.15000001
8.1000004 0.6322034 -0.050000001
8.1000004 0.6322034 0.050000001
8.1000004 0.6322034 0.15000001
8.1000004 0.6322034 0.25
8.1000004 0.6322034 0.34999999
8.1000004 0.6322034 0.44999999
8.1000004 0.6322034 0.55000001
8.1000004 0.6322034 0.64999998
8.1000004 0.6322034 0.75
8.1000004 0.6322034 0.85000002
8.1000004 0.6322034 0.94999999
8.1000004 0.6322034 1.05
8.1000004 0.6322034 1.15
8.1000004 0.6322034 1.25
8.1000004 0.6322034 1.35
8.1000004 0.6322034 1.45
8.1000004 0.6322034 1.55
8.1000004 0.6322034 1.65
8.1000004 0.6322034 1.75
8.1000004 0.6322034 1.85
8.1000004 0.6322034 1.95
8.1000004 0.6322034 2.05
8.1000004 0.6322034 2.1500001
8.1000004 0.6322034 2.25
8.1000004 0.6322034 2.3499999
8.1000004 0.6322034 2.45
8 0.6322034 -0.44999999
8 0.6322034 -0.34999999
8 0.6322034 -0.25
8 0.6322034 -0.15000001
8 0.6322034 -0.050000001
8 0.6322034 0.050000001
8 0.6322034 0.15000001
8 0.6322034 0.25
8 0.6322034 0.34999999
8 0.6322034 0.44999999
8 0.6322034 0.55000001
8 0.6322034 0.64999998
8 0.6322034 0.75
8 0.6322034 0.85000002
8 0.6322034 0.94999999
8 0.6322034 1.05
8 0.6322034 1.15
8 0.6322034 1.25
8 0.6322034 1.35
8 0.6322034 1.45
8 0.6322034 1.55
8 0.6322034 1.65
8 0.6322034 1.75
8 0.6322034 1.85
8 0.6322034 1.95
8 0.6322034 2.05
8 0.6322034 2.1500001
8 0.6322034 2.25
8 0.6322034 2.3499999
8 0.6322034 2.45
7.9000001 0.6322034 -0.44999999
7.9000001 0.6322034 -0.34999999
7.9000001 0.6322034 -0.25
7.9000001 0.6322034 -0.15000001
7.9000001 0.6322034 -0.050000001
7.9000001 0.6322034 0.050000001
7.9000001 0.6322034 0.15000001
7.9000001 0.6322034 0.25
7.9000001 0.6322034 0.34999999
7.9000001 0.6322034 0.44999999
7.9000001 0.6322034 0.55000001
7.9000001 0.6322034 0.64999998
7.9000001 0.6322034 0.75
7.9000001 0.6322034 0.85000002
7.9000001 0.6322034 0.94999999
7.9000001 0.6322034 1.05
7.9000001 0.6322034 1.15
7.9000001 0.6322034 1.25
7.9000001 0.6322034 1.35
7.9000001 0.6322034 1.45
7.9000001 0.6322034 1.55
7.9000001 0.6322034 1.65
7.9000001 0.6322034 1.75
7.9000001 0.6322034 1.85
7.9000001 0.6322034 1.95
7.9000001 0.6322034 2.05
7.9000001 0.6322034 2.1500001
7.9000001 0.6322034 2.25
7.9000001 0.6322034 2.3499999
7.9000001 0.6322034 2.45
8.1000004 0.73050845 -0.44999999
8.1000004 0.73050845 -0.34999999
8.1000004 0.73050845 -0.25
8.1000004 0.73050845 -0.15000001
8.1000004 0.73050845 -0.050000001
8.1000004 0.73050845 0.050000001
8.1000004 0.73050845 0.15000001
8.1000004 0.73050845 0.25
8.1000004 0.73050845 0.34999999
8.1000004 0.73050845 0.44999999
8.1000004 0.73050845 0.55000001
8.1000004 0.73050845 0.64999998
8.1000004 0.73050845 0.75
8.1000004 0.73050845 0.85000002
8.1000004 0.73050845 0.94999999
8.1000004 0.73050845 1.05
8.1000004 0.73050845 1.15
8.1000004 0.73050845 1.25
8.1000004 0.73050845 1.35
8.1000004 0.73050845 1.45
8.1000004 0.73050845 1.55
8.1000004 0.73050845 1.65
8.1000004 0.73050845 1.75
8.1000004 0.73050845 1.85
8.1000004 0.73050845 1.95
8.1000004 0.73050845 2.05
8.1000004 0.73050845 2.1500001
8.1000004 0.73050845 2.25
8.1000004 0.73050845 2.3499999
8.1000004 0.73050845 2.45
8 0.73050845 -0.44999999
8 0.73050845 -0.34999999
8 0.73050845 -0.25
8 0.73050845 -0.15000001
8 0.73050845 -0.050000001
8 0.73050845 0.050000001
8 0.73050845 0.15000001
8 0.73050845 0.25
8 0.73050845 0.34999999
8 0.73050845 0.44999999
8 0.73050845 0.55000001
8 0.73050845 0.64999998
8 0.73050845 0.75
8 0.73050845 0.85000002
8 0.73050845 0.94999999
8 0.73050845 1.05
8 0.73050845 1.15
8 0.73050845 1.25
8 0.73050845 1.35
8 0.73050845 1.45
8 0.73050845 1.55
8 0.73050845 1.65
8 0.73050845 1.75
8 0.73050845 1.85
8 0.73050845 1.95
8 0.73050845 2.05
8 0.73050845 2.1500001
8 0.73050845 2.25
8 0.73050845 2.3499999
8 0.73050845 2.45
7.9000001 0.73050845 -0.44999999
7.9000001 0.73050845 -0.34999999
7.9000001 0.73050845 -0.25
7.9000001 0.73050845 -0.15000001
7.9000001 0.73050845 -0.050000001
7.9000001 0.73050845 0.050000001
7.9000001 0.73050845 0.15000001
7.9000001 0.73050845 0.25
7.9000001 0.73050845 0.34999999
7.9000001 0.73050845 0.44999999
7.9000001 0.73050845 0.55000001
7.9000001 0.73050845 0.64999998
7.9000001 0.73050845 0.75
7.9000001 0.73050845 0.85000002
7.9000001 0.73050845 0.94999999
7.9000001 0.73050845 1.05
7.9000001 0.73050845 1.15
7.9000001 0.73050845 1.25
7.9000001 0.73050845 1.35
7.9000001 0.73050845 1.45
7.9000001 0.73050845 1.55
7.9000001 0.73050845 1.65
7.9000001 0.73050845 1.75
7.9000001 0.73050845 1.85
7.9000001 0.73050845 1.95
7.9000001 0.73050845 2.05
7.9000001 0.73050845 2.1500001
7.9000001 0.73050845 2.25
7.9000001 0.73050845 2.3499999
7.9000001 0.73050845 2.45
8.1000004 0.82881355 -0.44999999
8.1000004 0.82881355 -0.34999999
8.1000004 0.82881355 -0.25
8.1000004 0.82881355 -0.15000001
8.1000004 0.82881355 -0.050000001
8.1000004 0.82881355 0.050000001
8.1000004 0.82881355 0.15000001
8.1000004 0.82881355 0.25
8.1000004 0.82881355 0.34999999
8.1000004 0.82881355 0.44999999
8.1000004 0.82881355 0.55000001
8.1000004 0.82881355 0.64999998
8.1000004 0.82881355 0.75
8.1000004 0.82881355 0.85000002
8.1000004 0.82881355 0.94999999
8.1000004 0.82881355 1.05
8.1000004 0.82881355 1.15
8.1000004 0.82881355 1.25
8.1000004 0.82881355 1.35
8.1000004 0.82881355 1.45
8.1000004 0.82881355 1.55
8.1000004 0.82881355 1.65
8.1000004 0.82881355 1.75
8.1000004 0.82881355 1.85
8.1000004 0.82881355 1.95
8.1000004 0.82881355 2.05
8.1000004 0.82881355 2.1500001
8.1000004 0.82881355 2.25
8.1000004 0.82881355 2.3499999
8.1000004 0.82881355 2.45
8 0.82881355 -0.44999999
8 0.82881355 -0.34999999
8 0.82881355 -0.25
8 0.82881355 -0.15000001
8 0.82881355 -0.050000001
8 0.82881355 0.050000001
8 0.82881355 0.15000001
8 0.82881355 0.25
8 0.82881355 0.34999999
8 0.82881355 0.44999999
8 0.82881355 0.55000001
8 0.82881355 0.64999998
8 0.82881355 0.75
8 0.82881355 0.85000002
8 0.82881355 0.94999999
8 0.82881355 1.05
8 0.82881355 1.15
8 0.82881355 1.25
8 0.82881355 1.35
8 0.82881355 1.45
8 0.82881355 1.55
8 0.82881355 1.65
8 0.82881355 1.75
8 0.82881355 1.85
8 0.82881355 1.95
8 0.82881355 2.05
8 0.82881355 2.1500001
8 0.82881355 2.25
8 0.82881355 2.3499999
8 0.82881355 2.45
7.9000001 0.82881355 -0.44999999
7.9000001 0.82881355 -0.34999999
7.9000001 0.82881355 -0.25
7.9000001 0.82881355 -0.15000001
7.9000001 0.82881355 -0.050000001
7.9000001 0.82881355 0.050000001
7.9000001 0.82881355 0.15000001
7.9000001 0.82881355 0.25
7.9000001 0.82881355 0.34999999
7.9000001 0.82881355 0.44999999
7.9000001 0.82881355 0.55000001
7.9000001 0.82881355 0.64999998
7.9000001 0.82881355 0.75
7.9000001 0.82881355 0.85000002
7.9000001 0.82881355 0.94999999
7.9000001 0.82881355 1.05
7.9000001 0.82881355 1.15
7.9000001 0.82881355 1.25
7.9000001 0.82881355 1.35
7.9000001 0.82881355 1.45
7.9000001 0.82881355 1.55
7.9000001 0.82881355 1.65
7.9000001 0.82881355 1.75
7.9000001 0.82881355 1.85
7.9000001 0.82881355 1.95
7.9000001 0.82881355 2.05
7.9000001 0.82881355 2.1500001
7.9000001 0.82881355 2.25
7.9000001 0.82881355 2.3499999
7.9000001 0.82881355 2.45
8.1000004 0.92711866 -0.44999999
8.1000004 0.92711866 -0.34999999
8.1000004 0.92711866 -0.25
8.1000004 0.92711866 -0.15000001
8.1000004 0.92711866 -0.050000001
8.1000004 0.92711866 0.050000001
8.1000004 0.92711866 0.15000001
8.1000004 0.92711866 0.25
8.1000004 0.92711866 0.34999999
8.1000004 0.92711866 0.44999999
8.1000004 0.92711866 0.55000001
8.1000004 0.92711866 0.64999998
8.1000004 0.92711866 0.75
8.1000004 0.92711866 0.85000002
8.1000004 0.92711866 0.94999999
8.1000004 0.92711866 1.05
8.1000004 0.92711866 1.15
8.1000004 0.92711866 1.25
8.1000004 0.92711866 1.35
8.1000004 0.92711866 1.45
8.1000004 0.92711866 1.55
8.1000004 0.92711866 1.65
8.1000004 0.92711866 1.75
8.1000004 0.92711866 1.85
8.1000004 0.92711866 1.95
8.1000004 0.92711866 2.05
8.1000004 0.92711866 2.1500001
8.1000004 0.92711866 2.25
8.1000004 0.92711866 2.3499999
8.1000004 0.92711866 2.45
8 0.92711866 -0.44999999
8 0.92711866 -0.34999999
8 0.92711866 -0.25
8 0.92711866 -0.15000001
8 0.92711866 -0.050000001
8 0.92711866 0.050000001
8 0.92711866 0.15000001
8 0.92711866 0.25
8 0.92711866 0.34999999
8 0.92711866 0.44999999
8 0.92711866 0.55000001
8 0.92711866 0.64999998
8 0.92711866 0.75
8 0.92711866 0.85000002
8 0.92711866 0.94999999
8 0.92711866 1.05
8 0.92711866 1.15
8 0.92711866 1.25
8 0.92711866 1.35
8 0.92711866 1.45
8 0.92711866 1.55
8 0.92711866 1.65
8 0.92711866 1.75
8 0.92711866 1.85
8 0.92711866 1.95
8 0.92711866 2.05
8 0.92711866 2.1500001
8 0.92711866 2.25
8 0.92711866 2.3499999
8 0.92711866 2.45
7.9000001 0.92711866 -0.44999999
7.9000001 0.92711866 -0.34999999
7.9000001 0.92711866 -0.25
7.9000001 0.92711866 -0.15000001
7.9000001 0.92711866 -0.050000001
7.9000001 0.92711866 0.050000001
7.9000001 0.92711866 0.15000001
7.9000001 0.92711866 0.25
7.9000001 0.92711866 0.34999999
7.9000001 0.92711866 0.44999999
7.9000001 0.92711866 0.55000001
7.9000001 0.92711866 0.64999998
7.9000001 0.92711866 0.75
7.9000001 0.92711866 0.85000002
7.9000001 0.92711866 0.94999999
7.9000001 0.92711866 1.05
7.9000001 0.92711866 1.15
7.9000001 0.92711866 1.25
7.9000001 0.92711866 1.35
7.9000001 0.92711866 1.45
7.9000001 0.92711866 1.55
7.9000001 0.92711866 1.65
7.9000001 0.92711866 1.75
7.9000001 0.92711866 1.85
7.9000001 0.92711866 1.95
7.9000001 0.92711866 2.05
7.9000001 0.92711866 2.1500001
7.9000001 0.92711866 2.25
7.9000001 0.92711866 2.3499999
7.9000001 0.92711866 2.45
8.1000004 1.0254238 -0.44999999
8.1000004 1.0254238 -0.34999999
8.1000004 1.0254238 -0.25
8.1000004 1.0254238 -0.15000001
8.1000004 1.0254238 -0.050000001
8.1000004 1.0254238 0.050000001
8.1000004 1.0254238 0.15000001
8.1000004 1.0254238 0.25
8.1000004 1.0254238 0.34999999
8.1000004 1.0254238 0.44999999
8.1000004 1.0254238 0.55000001
8.1000004 1.0254238 0.64999998
8.1000004 1.0254238 0.75
8.1000004 1.0254238 0.85000002
8.1000004 1.0254238 0.94999999
8.1000004 1.0254238 1.05
8.1000004 1.0254238 1.15
8.1000004 1.0254238 1.25
8.1000004 1.0254238 1.35
8.1000004 1.0254238 1.45
8.1000004 1.0254238 1.55
8.1000004 1.0254238 1.65
8.1000004 1.0254238 1.75
8.1000004 1.0254238 1.85
8.1000004 1.0254238 1.95
8.1000004 1.0254238 2.05
8.1000004 1.0254238 2.1500001
8.1000004 1.0254238 2.25
8.1000004 1.0254238 2.3499999
8.1000004 1.0254238 2.45
8 1.0254238 -0.44999999
8 1.0254238 -0.34999999
8 1.0254238 -0.25
8 1.0254238 -0.15000001
8 1.0254238 -0.050000001
8 1.0254238 0.050000001
8 1.0254238 0.15000001
8 1.0254238 0.25
8 1.0254238 0.34999999
8 1.0254238 0.44999999
8 1.0254238 0.55000001
8 1.0254238 0.64999998
8 1.0254238 0.75
8 1.0254238 0.85000002
8 1.0254238 0.94999999
8 1.0254238 1.05
8 1.0254238 1.15
8 1.0254238 1.25
8 1.0254238 1.35
8 1.0254238 1.45
8 1.0254238 1.55
8 1.0254238 1.65
8 1.0254238 1.75
8 1.0254238 1.85
8 1.0254238 1.95
8 1.0254238 2.05
8 1.0254238 2.1500001
8 1.0254238 2.25
8 1.0254238 2.3499999
8 1.0254238 2.45
7.9000001 1.0254238 -0.44999999
7.9000001 1.0254238 -0.34999999
7.9000001 1.0254238 -0.25
7.9000001 1.0254238 -0.15000001
7.9000001 1.0254238 -0.050000001
7.9000001 1.0254238 0.050000001
7.9000001 1.0254238 0.15000001
7.9000001 1.0254238 0.25
7.9000001 1.0254238 0.34999999
7.9000001 1.0254238 0.44999999
7.9000001 1.0254238 0.55000001
7.9000001 1.0254238 0.64999998
7.9000001 1.0254238 0.75
7.9000001 1.0254238 0.85000002
7.9000001 1.0254238 0.94999999
7.9000001 1.0254238 1.05
7.9000001 1.0254238 1.15
7.9000001 1.0254238 1.25
7.9000001 1.0254238 1.35
7.9000001 1.0254238 1.45
7.9000001 1.0254238 1.55
7.9000001 1.0254238 1.65
7.9000001 1.0254238 1.75
7.9000001 1.0254238 1.85
7.9000001 1.0254238 1.95
7.9000001 1.0254238 2.05
7.9000001 1.0254238 2.1500001
7.9000001 1.0254238 2.25
7.9000001 1.0254238 2.3499999
7.9000001 1.0254238 2.45
8.1000004 1.1237289 -0.44999999
8.1000004 1.1237289 -0.34999999
8.1000004 1.1237289 -0.25
8.1000004 1.1237289 -0.15000001
8.1000004 1.1237289 -0.050000001
8.1000004 1.1237289 0.050000001
8.1000004 1.1237289 0.15000001
8.1000004 1.1237289 0.25
8.1000004 1.1237289 0.34999999
8.1000004 1.1237289 0.44999999
8.1000004 1.1237289 0.55000001
8.1000004 1.1237289 0.64999998
8.1000004 1.1237289 0.75
8.1000004 1.1237289 0.85000002
8.1000004 1.1237289 0.94999999
8.1000004 1.1237289 1.05
8.1000004 1.1237289 1.15
8.1000004 1.1237289 1.25
8.1000004 1.1237289 1.35
8.1000004 1.1237289 1.45
8.1000004 1.1237289 1.55
8.1000004 1.1237289 1.65
8.1000004 1.1237289 1.75
8.1000004 1.1237289 1.85
8.1000004 1.1237289 1.95
8.1000004 1.1237289 2.05
8.1000004 1.1237289 2.1500001
8.1000004 1.1237289 2.25
8.1000004 1.1237289 2.3499999
8.1000004 1.1237289 2.45
8 1.1237289 -0.44999999
8 1.1237289 -0.34999999
8 1.1237289 -0.25
8 1.1237289 -0.15000001
8 1.1237289 -0.050000001
8 1.1237289 0.050000001
8 1.1237289 0.15000001
8 1.1237289 0.25
8 1.1237289 0.34999999
8 1.1237289 0.44999999
8 1.1237289 0.55000001
8 1.1237289 0.64999998
8 1.1237289 0.75
8 1.1237289 0.85000002
8 1.1237289 0.94999999
8 1.1237289 1.05
8 1.1237289 1.15
8 1.1237289 1.25
8 1.1237289 1.35
8 1.1237289 1.45
8 1.1237289 1.55
8 1.1237289 1.65
8 1.1237289 1.75
8 1.1237289 1.85
8 1.1237289 1.95
8 1.1237289 2.05
8 1.1237289 2.1500001
8 1.1237289 2.25
8 1.1237289 2.3499999
8 1.1237289 2.45
7.9000001 1.1237289 -0.44999999
7.9000001 1.1237289 -0.34999999
7.9000001 1.1237289 -0.25
7.9000001 1.1237289 -0.15000001
7.9000001 1.1237289 -0.050000001
7.9000001 1.1237289 0.050000001
7.9000001 1.1237289 0.15000001
7.9000001 1.1237289 0.25
7.9000001 1.1237289 0.34999999
7.9000001 1.1237289 0.44999999
7.9000001 1.1237289 0.55000001
7.9000001 1.1237289 0.64999998
7.9000001 1.1237289 0.75
7.9000001 1.1237289 0.85000002
7.9000001 1.1237289 0.94999999
7.9000001 1.1237289 1.05
7.9000001 1.1237289 1.15
7.9000001 1.1237289 1.25
7.9000001 1.1237289 1.35
7.9000001 1.1237289 1.45
7.9000001 1.1237289 1.55
7.9000001 1.1237289 1.65
7.9000001 1.1237289 1.75
7.9000001 1.1237289 1.85
7.9000001 1.1237289 1.95
7.9000001 1.1237289 2.05
7.9000001 1.1237289 2.1500001
7.9000001 1.1237289 2.25
7.9000001 1.1237289 2.3499999
7.9000001 1.1237289 2.45
8.1000004 1.2220339 -0.44999999
8.1000004 1.2220339 -0.34999999
8.1000004 1.2220339 -0.25
8.1000004 1.2220339 -0.15000001
8.1000004 1.2220339 -0.050000001
8.1000004 1.2220339 0.050000001
8.1000004 1.2220339 0.15000001
8.1000004 1.2220339 0.25
8.1000004 1.2220339 0.34999999
8.1000004 1.2220339 0.44999999
8.1000004 1.2220339 0.55000001
8.1000004 1.2220339 0.64999998
8.1000004 1.2220339 0.75
8.1000004 1.2220339 0.85000002
8.1000004 1.2220339 0.94999999
8.1000004 1.2220339 1.05
8.1000004 1.2220339 1.15
8.1000004 1.2220339 1.25
8.1000004 1.2220339 1.35
8.1000004 1.2220339 1.45
8.1000004 1.2220339 1.55
8.1000004 1.2220339 1.65
8.1000004 1.2220339 1.75
8.1000004 1.2220339 1.85
8.1000004 1.2220339 1.95
8.1000004 1.2220339 2.05
8.1000004 1.2220339 2.1500001
8.1000004 1.2220339 2.25
8.1000004 1.2220339 2.3499999
8.1000004 1.2220339 2.45
8 1.2220339 -0.44999999
8 1.2220339 -0.34999999
8 1.2220339 -0.25
8 1.2220339 -0.15000001
8 1.2220339 -0.050000001
8 1.2220339 0.050000001
8 1.2220339 0.15000001
8 1.2220339 0.25
8 1.2220339 0.34999999
8 1.2220339 0.44999999
8 1.2220339 0.55000001
8 1.2220339 0.64999998
8 1.2220339 0.75
8 1.2220339 0.85000002
8 1.2220339 0.94999999
8 1.2220339 1.05
8 1.2220339 1.15
8 1.2220339 1.25
8 1.2220339 1.35
8 1.2220339 1.45
8 1.2220339 1.55
8 1.2220339 1.65
8 1.2220339 1.75
8 1.2220339 1.85
8 1.2220339 1.95
8 1.2220339 2.05
8 1.2220339 2.1500001
8 1.2220339 2.25
8 1.2220339 2.3499999
8 1.2220339 2.45
7.9000001 1.2220339 -0.44999999
7.9000001 1.2220339 -0.34999999
7.9000001 1.2220339 -0.25
7.9000001 1.2220339 -0.15000001
7.9000001 1.2220339 -0.050000001
7.9000001 1.2220339 0.050000001
7.9000001 1.2220339 0.15000001
7.9000001 1.2220339 0.25
7.9000001 1.2220339 0.34999999
7.9000001 1.2220339 0.44999999
7.9000001 1.2220339 0.55000001
7.9000001 1.2220339 0.64999998
7.9000001 1.2220339 0.75
7.9000001 1.2220339 0.85000002
7.9000001 1.2220339 0.94999999
7.9000001 1.2220339 1.05
7.9000001 1.2220339 1.15
7.9000001 1.2220339 1.25
7.9000001 1.2220339 1.35
7.9000001 1.2220339 1.45
7.9000001 1.2220339 1.55
7.9000001 1.2220339 1.65
7.9000001 1.2220339 1.75
7.9000001 1.2220339 1.85
7.9000001 1.2220339 1.95
7.9000001 1.2220339 2.05
7.9000001 1.2220339 2.1500001
7.9000001 1.2220339 2.25
7.9000001 1.2220339 2.3499999
7.9000001 1.2220339 2.45
8.1000004 1.320339 -0.44999999
8.1000004 1.320339 -0.34999999
8.1000004 1.320339 -0.25
8.1000004 1.320339 -0.15000001
8.1000004 1.320339 -0.050000001
8.1000004 1.320339 0.050000001
8.1000004 1.320339 0.15000001
8.1000004 1.320339 0.25
8.1000004 1.320339 0.34999999
8.1000004 1.320339 0.44999999
8.1000004 1.320339 0.55000001
8.1000004 1.320339 0.64999998
8.1000004 1.320339 0.75
8.1000004 1.320339 0.85000002
8.1000004 1.320339 0.94999999
8.1000004 1.320339 1.05
8.1000004 1.320339 1.15
8.1000004 1.320339 1.25
8.1000004 1.320339 1.35
8.1000004 1.320339 1.45
8.1000004 1.320339 1.55
8.1000004 1.320339 1.65
8.1000004 1.320339 1.75
8.1000004 1.320339 1.85
8.1000004 1.320339 1.95
8.1000004 1.320339 2.05
8.1000004 1.320339 2.1500001
8.1000004 1.320339 2.25
8.1000004 1.320339 2.3499999
8.1000004 1.320339 2.45
8 1.320339 -0.44999999
8 1.320339 -0.34999999
8 1.320339 -0.25
8 1.320339 -0.15000001
8 1.320339 -0.050000001
8 1.320339 0.050000001
8 1.320339 0.15000001
8 1.320339 0.25
8 1.320339 0.34999999
8 1.320339 0.44999999
8 1.320339 0.55000001
8 1.320339 0.64999998
8 1.320339 0.75
8 1.320339 0.85000002
8 1.320339 0.94999999
8 1.320339 1.05
8 1.320339 1.15
8 1.320339 1.25
8 1.320339 1.35
8 1.320339 1.45
8 1.320339 1.55
8 1.320339 1.65
8 1.320339 1.75
8 1.320339 1.85
8 1.320339 1.95
8 1.320339 2.05
8 1.320339 2.1500001
8 1.320339 2.25
8 1.320339 2.3499999
8 1.320339 2.45
7.9000001 1.320339 -0.44999999
7.9000001 1.320339 -0.34999999
7.9000001 1.320339 -0.25
7.9000001 1.320339 -0.15000001
7.9000001 1.320339 -0.050000001
7.9000001 1.320339 0.050000001
7.9000001 1.320339 0.15000001
7.9000001 1.320339 0.25
7.9000001 1.320339 0.34999999
7.9000001 1.320339 0.44999999
7.9000001 1.320339 0.55000001
7.9000001 1.320339 0.64999998
7.9000001 1.320339 0.75
7.9000001 1.320339 0.85000002
7.9000001 1.320339 0.94999999
7.9000001 1.320339 1.05
7.9000001 1.320339 1.15
7.9000001 1.320339 1.25
7.9000001 1.320339 1.35
7.9000001 1.320339 1.45
7.9000001 1.320339 1.55
7.9000001 1.320339 1.65
7.9000001 1.320339 1.75
7.9000001 1.320339 1.85
7.9000001 1.320339 1.95
7.9000001 1.320339 2.05
7.9000001 1.320339 2.1500001
7.9000001 1.320339 2.25
7.9000001 1.320339 2.3499999
7.9000001 1.320339 2.45
8.1000004 1.4186441 -0.44999999
8.1000004 1.4186441 -0.34999999
8.1000004 1.4186441 -0.25
8.1000004 1.4186441 -0.15000001
8.1000004 1.4186441 -0.050000001
8.1000004 1.4186441 0.050000001
8.1000004 1.4186441 0.15000001
8.1000004 1.4186441 0.25
8.1000004 1.4186441 0.34999999
8.1000004 1.4186441 0.44999999
8.1000004 1.4186441 0.55000001
8.1000004 1.4186441 0.64999998
8.1000004 1.4186441 0.75
8.1000004 1.4186441 0.85000002
8.1000004 1.4186441 0.94999999
8.1000004 1.4186441 1.05
8.1000004 1.4186441 1.15
8.1000004 1.4186441 1.25
8.1000004 1.4186441 1.35
8.1000004 1.4186441 1.45
8.1000004 1.4186441 1.55
8.1000004 1.4186441 1.65
8.1000004 1.4186441 1.75
8.1000004 1.4186441 1.85
8.1000004 1.4186441 1.95
8.1000004 1.4186441 2.05
8.1000004 1.4186441 2.1500001
8.1000004 1.4186441 2.25
8.1000004 1.4186441 2.3499999
8.1000004 1.4186441 2.45
8 1.4186441 -0.44999999
8 1.4186441 -0.34999999
8 1.4186441 -0.25
8 1.4186441 -0.15000001
8 1.4186441 -0.050000001
8 1.4186441 0.050000001
8 1.4186441 0.15000001
8 1.4186441 0.25
8 1.4186441 0.34999999
8 1.4186441 0.44999999
8 1.4186441 0.55000001
8 1.4186441 0.64999998
8 1.4186441 0.75
8 1.4186441 0.85000002
8 1.4186441 0.94999999
8 1.4186441 1.05
8 1.4186441 1.15
8 1.4186441 1.25
8 1.4186441 1.35
8 1.4186441 1.45
8 1.4186441 1.55
8 1.4186441 1.65
8 1.4186441 1.75
8 1.4186441 1.85
8 1.4186441 1.95
8 1.4186441 2.05
8 1.4186441 2.1500001
8 1.4186441 2.25
8 1.4186441 2.3499999
8 1.4186441 2.45
7.9000001 1.4186441 -0.44999999
7.9000001 1.4186441 -0.34999999
7.9000001 1.4186441 -0.25
7.9000001 1.4186441 -0.15000001
7.9000001 1.4186441 -0.050000001
7.9000001 1.4186441 0.050000001
7.9000001 1.4186441 0.15000001
7.9000001 1.4186441 0.25
7.9000001 1.4186441 0.34999999
7.9000001 1.4186441 0.44999999
7.9000001 1.4186441 0.55000001
7.9000001 1.4186441 0.64999998
7.9000001 1.4186441 0.75
7.9000001 1.4186441 0.85000002
7.9000001 1.4186441 0.94999999
7.9000001 1.4186441 1.05
7.9000001 1.4186441 1.15
7.9000001 1.4186441 1.25
7.9000001 1.4186441 1.35
7.9000001 1.4186441 1.45
7.9000001 1.4186441 1.55
7.9000001 1.4186441 1.65
7.9000001 1.4186441 1.75
7.9000001 1.4186441 1.85
7.9000001 1.4186441 1.95
7.9000001 1.4186441 2.05
7.9000001 1.4186441 2.1500001
7.9000001 1.4186441 2.25
7.9000001 1.4186441 2.3499999
7.9000001 1.4186441 2.45
8.1000004 1.5169492 -0.44999999
8.1000004 1.5169492 -0.34999999
8.1000004 1.5169492 -0.25
8.1000004 1.5169492 -0.15000001
8.1000004 1.5169492 -0.050000001
8.1000004 1.5169492 0.050000001
8.1000004 1.5169492 0.15000001
8.1000004 1.5169492 0.25
8.1000004 1.5169492 0.34999999
8.1000004 1.5169492 0.44999999
8.1000004 1.5169492 0.55000001
8.1000004 1.5169492 0.64999998
8.1000004 1.5169492 0.75
8.1000004 1.5169492 0.85000002
8.1000004 1.5169492 0.94999999
8.1000004 1.5169492 1.05
8.1000004 1.5169492 1.15
8.1000004 1.5169492 1.25
8.1000004 1.5169492 1.35
8.1000004 1.5169492 1.45
8.1000004 1.5169492 1.55
8.1000004 1.5169492 1.65
8.1000004 1.5169492 1.75
8.1000004 1.5169492 1.85
8.1000004 1.5169492 1.95
8.1000004 1.5169492 2.05
8.1000004 1.5169492 2.1500001
8.1000004 1.5169492 2.25
8.1000004 1.5169492 2.3499999
8.1000004 1.5169492 2.45
8 1.5169492 -0.44999999
8 1.5169492 -0.34999999
8 1.5169492 -0.25
8 1.5169492 -0.15000001
8 1.5169492 -0.050000001
8 1.5169492 0.050000001
8 1.5169492 0.15000001
8 1.5169492 0.25
8 1.5169492 0.34999999
8 1.5169492 0.44999999
8 1.5169492 0.55000001
8 1.5169492 0.64999998
8 1.5169492 0.75
8 1.5169492 0.85000002
8 1.5169492 0.94999999
8 1.5169492 1.05
8 1.5169492 1.15
8 1.5169492 1.25
8 1.5169492 1.35
8 1.5169492 1.45
8 1.5169492 1.55
8 1.5169492 1.65
8 1.5169492 1.75
8 1.5169492 1.85
8 1.5169492 1.95
8 1.5169492 2.05
8 1.5169492 2.1500001
8 1.5169492 2.25
8 1.5169492 2.3499999
8 1.5169492 2.45
7.9000001 1.5169492 -0.44999999
7.9000001 1.5169492 -0.34999999
7.9000001 1.5169492 -0.25
7.9000001 1.5169492 -0.15000001
7.9000001 1.5169492 -0.050000001
7.9000001 1.5169492 0.050000001
7.9000001 1.5169492 0.15000001
7.9000001 1.5169492 0.25
7.9000001 1.5169492 0.34999999
7.9000001 1.5169492 0.44999999
7.9000001 1.5169492 0.55000001
7.9000001 1.5169492 0.64999998
7.9000001 1.5169492 0.75
7.9000001 1.5169492 0.85000002
7.9000001 1.5169492 0.94999999
7.9000001 1.5169492 1.05
7.9000001 1.5169492 1.15
7.9000001 1.5169492 1.25
7.9000001 1.5169492 1.35
7.9000001 1.5169492 1.45
7.9000001 1.5169492 1.55
7.9000001 1.5169492 1.65
7.9000001 1.5169492 1.75
7.9000001 1.5169492 1.85
7.9000001 1.5169492 1.95
7.9000001 1.5169492 2.05
7.9000001 1.5169492 2.1500001
7.9000001 1.5169492 2.25
7.9000001 1.5169492 2.3499999
7.9000001 1.5169492 2.45
8.1000004 1.6152543 -0.44999999
8.1000004 1.6152543 -0.34999999
8.1000004 1.6152543 -0.25
8.1000004 1.6152543 -0.15000001
8.1000004 1.6152543 -0.050000001
8.1000004 1.6152543 0.050000001
8.1000004 1.6152543 0.15000001
8.1000004 1.6152543 0.25
8.1000004 1.6152543 0.34999999
8.1000004 1.6152543 0.44999999
8.1000004 1.6152543 0.55000001
8.1000004 1.6152543 0.64999998
8.1000004 1.6152543 0.75
8.1000004 1.6152543 0.85000002
8.1000004 1.6152543 0.94999999
8.1000004 1.6152543 1.05
8.1000004 1.6152543 1.15
8.1000004 1.6152543 1.25
8.1000004 1.6152543 1.35
8.1000004 1.6152543 1.45
8.1000004 1.6152543 1.55
8.1000004 1.6152543 1.65
8.1000004 1.6152543 1.75
8.1000004 1.6152543 1.85
8.1000004 1.6152543 1.95
8.1000004 1.6152543 2.05
8.1000004 1.6152543 2.1500001
8.1000004 1.6152543 2.25
8.1000004 1.6152543 2.3499999
8.1000004 1.6152543 2.45
8 1.6152543 -0.44999999
8 1.6152543 -0.34999999
8 1.6152543 -0.25
8 1.6152543 -0.15000001
8 1.6152543 -0.050000001
8 1.6152543 0.050000001
8 1.6152543 0.15000001
8 1.6152543 0.25
8 1.6152543 0.34999999
8 1.6152543 0.44999999
8 1.6152543 0.55000001
8 1.6152543 0.64999998
8 1.6152543 0.75
8 1.6152543 0.85000002
8 1.6152543 0.94999999
8 1.6152543 1.05
8 1.6152543 1.15
8 1.6152543 1.25
8 1.6152543 1.35
8 1.6152543 1.45
8 1.6152543 1.55
8 1.6152543 1.65
8 1.6152543 1.75
8 1.6152543 1.85
8 1.6152543 1.95
8 1.6152543 2.05
8 1.6152543 2.1500001
8 1.6152543 2.25
8 1.6152543 2.3499999
8 1.6152543 2.45
7.9000001 1.6152543 -0.44999999
7.9000001 1.6152543 -0.34999999
7.9000001 1.6152543 -0.25
7.9000001 1.6152543 -0.15000001
7.9000001 1.6152543 -0.050000001
7.9000001 1.6152543 0.050000001
7.9000001 1.6152543 0.15000001
7.9000001 1.6152543 0.25
7.9000001 1.6152543 0.34999999
7.9000001 1.6152543 0.44999999
7.9000001 1.6152543 0.55000001
7.9000001 1.6152543 0.64999998
7.9000001 1.6152543 0.75
7.9000001 1.6152543 0.85000002
7.9000001 1.6152543 0.94999999
7.9000001 1.6152543 1.05
7.9000001 1.6152543 1.15
7.9000001 1.6152543 1.25
7.9000001 1.6152543 1.35
7.9000001 1.6152543 1.45
7.9000001 1.6152543 1.55
7.9000001 1.6152543 1.65
7.9000001 1.6152543 1.75
7.9000001 1.6152543 1.85
7.9000001 1.6152543 1.95
7.9000001 1.6152543 2.05
7.9000001 1.6152543 2.1500001
7.9000001 1.6152543 2.25
7.9000001 1.6152543 2.3499999
7.9000001 1.6152543 2.45
8.1000004 1.7135593 -0.44999999
8.1000004 1.7135593 -0.34999999
8.1000004 1.7135593 -0.25
8.1000004 1.7135593 -0.15000001
8.1000004 1.7135593 -0.050000001
8.1000004 1.7135593 0.050000001
8.1000004 1.7135593 0.15000001
8.1000004 1.7135593 0.25
8.1000004 1.7135593 0.34999999
8.1000004 1.7135593 0.44999999
8.1000004 1.7135593 0.55000001
8.1000004 1.7135593 0.64999998
8.1000004 1.7135593 0.75
8.1000004 1.7135593 0.85000002
8.1000004 1.7135593 0.94999999
8.1000004 1.7135593 1.05
8.1000004 1.7135593 1.15
8.1000004 1.7135593 1.25
8.1000004 1.7135593 1.35
8.1000004 1.7135593 1.45
8.1000004 1.7135593 1.55
8.1000004 1.7135593 1.65
8.1000004 1.7135593 1.75
8.1000004 1.7135593 1.85
8.1000004 1.7135593 1.95
8.1000004 1.7135593 2.05
8.1000004 1.7135593 2.1500001
8.1000004 1.7135593 2.25
8.1000004 1.7135593 2.3499999
8.1000004 1.7135593 2.45
8 1.7135593 -0.44999999
8 1.7135593 -0.34999999
8 1.7135593 -0.25
8 1.7135593 -0.15000001
8 1.7135593 -0.050000001
8 1.7135593 0.050000001
8 1.7135593 0.15000001
8 1.7135593 0.25
8 1.7135593 0.34999999
8 1.7135593 0.44999999
8 1.7135593 0.55000001
8 1.7135593 0.64999998
8 1.7135593 0.75
8 1.7135593 0.85000002
8 1.7135593 0.94999999
8 1.7135593 1.05
8 1.7135593 1.15
8 1.7135593 1.25
8 1.7135593 1.35
8 1.7135593 1.45
8 1.7135593 1.55
8 1.7135593 1.65
8 1.7135593 1.75
8 1.7135593 1.85
8 1.7135593 1.95
8 1.7135593 2.05
8 1.7135593 2.1500001
8 1.7135593 2.25
8 1.7135593 2.3499999
8 1.7135593 2.45
7.9000001 1.7135593 -0.44999999
7.9000001 1.7135593 -0.34999999
7.9000001 1.7135593 -0.25
7.9000001 1.7135593 -0.15000001
7.9000001 1.7135593 -0.050000001
7.9000001 1.7135593 0.050000001
7.9000001 1.7135593 0.15000001
7.9000001 1.7135593 0.25
7.9000001 1.7135593 0.34999999
7.9000001 1.7135593 0.44999999
7.9000001 1.7135593 0.55000001
7.9000001 1.7135593 0.64999998
7.9000001 1.7135593 0.75
7.9000001 1.7135593 0.85000002
7.9000001 1.7135593 0.94999999
7.9000001 1.7135593 1.05
7.9000001 1.7135593 1.15
7.9000001 1.7135593 1.25
7.9000001 1.7135593 1.35
7.9000001 1.7135593 1.45
7.9000001 1.7135593 1.55
7.9000001 1.7135593 1.65
7.9000001 1.7135593 1.75
7.9000001 1.7135593 1.85
7.9000001 1.7135593 1.95
7.9000001 1.7135593 2.05
7.9000001 1.7135593 2.1500001
7.9000001 1.7135593 2.25
7.9000001 1.7135593 2.3499999
7.9000001 1.7135593 2.45
8.1000004 1.8118644 -0.44999999
8.1000004 1.8118644 -0.34999999
8.1000004 1.8118644 -0.25
8.1000004 1.8118644 -0.15000001
8.1000004 1.8118644 -0.050000001
8.1000004 1.8118644 0.050000001
8.1000004 1.8118644 0.15000001
8.1000004 1.8118644 0.25
8.1000004 1.8118644 0.34999999
8.1000004 1.8118644 0.44999999
8.1000004 1.8118644 0.55000001
8.1000004 1.8118644 0.64999998
8.1000004 1.8118644 0.75
8.1000004 1.8118644 0.85000002
8.1000004 1.8118644 0.94999999
8.1000004 1.8118644 1.05
8.1000004 1.8118644 1.15
8.1000004 1.8118644 1.25
8.1000004 1.8118644 1.35
8.1000004 1.8118644 1.45
8.1000004 1.8118644 1.55
8.1000004 1.8118644 1.65
8.1000004 1.8118644 1.75
8.1000004 1.8118644 1.85
8.1000004 1.8118644 1.95
8.1000004 1.8118644 2.05
8.1000004 1.8118644 2.1500001
8.1000004 1.8118644 2.25
8.1000004 1.8118644 2.3499999
8.1000004 1.8118644 2.45
8 1.8118644 -0.44999999
8 1.8118644 -0.34999999
8 1.8118644 -0.25
8 1.8118644 -0.15000001
8 1.8118644 -0.050000001
8 1.8118644 0.050000001
8 1.8118644 0.15000001
8 1.8118644 0.25
8 1.8118644 0.34999999
8 1.8118644 0.44999999
8 1.8118644 0.55000001
8 1.8118644 0.64999998
8 1.8118644 0.75
8 1.8118644 0.85000002
8 1.8118644 0.94999999
8 1.8118644 1.05
8 1.8118644 1.15
8 1.8118644 1.25
8 1.8118644 1.35
8 1.8118644 1.45
8 1.8118644 1.55
8 1.8118644 1.65
8 1.8118644 1.75
8 1.8118644 1.85
8 1.8118644 1.95
8 1.8118644 2.05
8 1.8118644 2.1500001
8 1.8118644 2.25
8 1.8118644 2.3499999
8 1.8118644 2.45
7.9000001 1.8118644 -0.44999999
7.9000001 1.8118644 -0.34999999
7.9000001 1.8118644 -0.25
7.9000001 1.8118644 -0.15000001
7.9000001 1.8118644 -0.050000001
7.9000001 1.8118644 0.050000001
7.9000001 1.8118644 0.15000001
7.9000001 1.8118644 0.25
7.9000001 1.8118644 0.34999999
7.9000001 1.8118644 0.44999999
7.9000001 1.8118644 0.55000001
7.9000001 1.8118644 0.64999998
7.9000001 1.8118644 0.75
7.9000001 1.8118644 0.85000002
7.9000001 1.8118644 0.94999999
7.9000001 1.8118644 1.05
7.9000001 1.8118644 1.15
7.9000001 1.8118644 1.25
7.9000001 1.8118644 1.35
7.9000001 1.8118644 1.45
7.9000001 1.8118644 1.55
7.9000001 1.8118644 1.65
7.9000001 1.8118644 1.75
7.9000001 1.8118644 1.85
7.9000001 1.8118644 1.95
7.9000001 1.8118644 2.05
7.9000001 1.8118644 2.1500001
7.9000001 1.8118644 2.25
7.9000001 1.8118644 2.3499999
7.9000001 1.8118644 2.45
8.1000004 1.9101695 -0.44999999
8.1000004 1.9101695 -0.34999999
8.1000004 1.9101695 -0.25
8.1000004 1.9101695 -0.15000001
8.1000004 1.9101695 -0.050000001
8.1000004 1.9101695 0.050000001
8.1000004 1.9101695 0.15000001
8.1000004 1.9101695 0.25
8.1000004 1.9101695 0.34999999
8.1000004 1.9101695 0.44999999
8.1000004 1.9101695 0.55000001
8.1000004 1.9101695 0.64999998
8.1000004 1.9101695 0.75
8.1000004 1.9101695 0.85000002
8.1000004 1.9101695 0.94999999
8.1000004 1.9101695 1.05
8.1000004 1.9101695 1.15
8.1000004 1.9101695 1.25
8.1000004 1.9101695 1.35
8.1000004 1.9101695 1.45
8.1000004 1.9101695 1.55
8.1000004 1.9101695 1.65
8.1000004 1.9101695 1.75
8.1000004 1.9101695 1.85
8.1000004 1.9101695 1.95
8.1000004 1.9101695 2.05
8.1000004 1.9101695 2.1500001
8.1000004 1.9101695 2.25
8.1000004 1.9101695 2.3499999
8.1000004 1.9101695 2.45
8 1.9101695 -0.44999999
8 1.9101695 -0.34999999
8 1.9101695 -0.25
8 1.9101695 -0.15000001
8 1.9101695 -0.050000001
8 1.9101695 0.050000001
8 1.9101695 0.15000001
8 1.9101695 0.25
8 1.9101695 0.34999999
8 1.9101695 0.44999999
8 1.9101695 0.55000001
8 1.9101695 0.64999998
8 1.9101695 0.75
8 1.9101695 0.85000002
8 1.9101695 0.94999999
8 1.9101695 1.05
8 1.9101695 1.15
8 1.9101695 1.25
8 1.9101695 1.35
8 1.9101695 1.45
8 1.9101695 1.55
8 1.9101695 1.65
8 1.9101695 1.75
8 1.9101695 1.85
8 1.9101695 1.95
8 1.9101695 2.05
8 1.9101695 2.1500001
8 1.9101695 2.25
8 1.9101695 2.3499999
8 1.9101695 2.45
7.9000001 1.9101695 -0.44999999
7.9000001 1.9101695 -0.34999999
7.9000001 1.9101695 -0.25
7.9000001 1.9101695 -0.15000001
7.9000001 1.9101695 -0.050000001
7.9000001 1.9101695 0.050000001
7.9000001 1.9101695 0.15000001
7.9000001 1.9101695 0.25
7.9000001 1.9101695 0.34999999
7.9000001 1.9101695 0.44999999
7.9000001 1.9101695 0.55000001
7.9000001 1.9101695 0.64999998
7.9000001 1.9101695 0.75
7.9000001 1.9101695 0.85000002
7.9000001 1.9101695 0.94999999
7.9000001 1.9101695 1.05
7.9000001 1.9101695 1.15
7.9000001 1.9101695 1.25
7.9000001 1.9101695 1.35
7.9000001 1.9101695 1.45
7.9000001 1.9101695 1.55
7.9000001 1.9101695 1.65
7.9000001 1.9101695 1.75
7.9000001 1.9101695 1.85
7.9000001 1.9101695 1.95
7.9000001 1.9101695 2.05
7.9000001 1.9101695 2.1500001
7.9000001 1.9101695 2.25
7.9000001 1.9101695 2.3499999
7.9000001 1.9101695 2.45
8.1000004 2.0084746 -0.44999999
8.1000004 2.0084746 -0.34999999
8.1000004 2.0084746 -0.25
8.1000004 2.0084746 -0.15000001
8.1000004 2.0084746 -0.050000001
8.1000004 2.0084746 0.050000001
8.1000004 2.0084746 0.15000001
8.1000004 2.0084746 0.25
8.1000004 2.0084746 0.34999999
8.1000004 2.0084746 0.44999999
8.1000004 2.0084746 0.55000001
8.1000004 2.0084746 0.64999998
8.1000004 2.0084746 0.75
8.1000004 2.0084746 0.85000002
8.1000004 2.0084746 0.94999999
8.1000004 2.0084746 1.05
8.1000004 2.0084746 1.15
8.1000004 2.0084746 1.25
8.1000004 2.0084746 1.35
8.1000004 2.0084746 1.45
8.1000004 2.0084746 1.55
8.1000004 2.0084746 1.65
8.1000004 2.0084746 1.75
8.1000004 2.0084746 1.85
8.1000004 2.0084746 1.95
8.1000004 2.0084746 2.05
8.1000004 2.0084746 2.1500001
8.1000004 2.0084746 2.25
8.1000004 2.0084746 2.3499999
8.1000004 2.0084746 2.45
8 2.0084746 -0.44999999
8 2.0084746 -0.34999999
8 2.0084746 -0.25
8 2.0084746 -0.15000001
8 2.0084746 -0.050000001
8 2.0084746 0.050000001
8 2.0084746 0.15000001
8 2.0084746 0.25
8 2.0084746 0.34999999
8 2.0084746 0.44999999
8 2.0084746 0.55000001
8 2.0084746 0.64999998
8 2.0084746 0.75
8 2.0084746 0.85000002
8 2.0084746 0.94999999
8 2.0084746 1.05
8 2.0084746 1.15
8 2.0084746 1.25
8 2.0084746 1.35
8 2.0084746 1.45
8 2.0084746 1.55
8 2.0084746 1.65
8 2.0084746 1.75
8 2.0084746 1.85
8 2.0084746 1.95
8 2.0084746 2.05
8 2.0084746 2.1500001
8 2.0084746 2.25
8 2.0084746 2.3499999
8 2.0084746 2.45
7.9000001 2.0084746 -0.44999999
7.9000001 2.0084746 -0.34999999
7.9000001 2.0084746 -0.25
7.9000001 2.0084746 -0.15000001
7.9000001 2.0084746 -0.050000001
7.9000001 2.0084746 0.050000001
7.9000001 2.0084746 0.15000001
7.9000001 2.0084746 0.25
7.9000001 2.0084746 0.34999999
7.9000001 2.0084746 0.44999999
7.9000001 2.0084746 0.55000001
7.9000001 2.0084746 0.64999998
7.9000001 2.0084746 0.75
7.9000001 2.0084746 0.85000002
7.9000001 2.0084746 0.94999999
7.9000001 2.0084746 1.05
7.9000001 2.0084746 1.15
7.9000001 2.0084746 1.25
7.9000001 2.0084746 1.35
7.9000001 2.0084746 1.45
7.9000001 2.0084746 1.55
7.9000001 2.0084746 1.65
7.9000001 2.0084746 1.75
7.9000001 2.0084746 1.85
7.9000001 2.0084746 1.95
7.9000001 2.0084746 2.05
7.9000001 2.0084746 2.1500001
7.9000001 2.0084746 2.25
7.9000001 2.0084746 2.3499999
7.9000001 2.0084746 2.45
8.1000004 2.1067796 -0.44999999
8.1000004 2.1067796 -0.34999999
8.1000004 2.1067796 -0.25
8.1000004 2.1067796 -0.15000001
8.1000004 2.1067796 -0.050000001
8.1000004 2.1067796 0.050000001
8.1000004 2.1067796 0.15000001
8.1000004 2.1067796 0.25
8.1000004 2.1067796 0.34999999
8.1000004 2.1067796 0.44999999
8.1000004 2.1067796 0.55000001
8.1000004 2.1067796 0.64999998
8.1000004 2.1067796 0.75
8.1000004 2.1067796 0.85000002
8.1000004 2.1067796 0.94999999
8.1000004 2.1067796 1.05
8.1000004 2.1067796 1.15
8.1000004 2.1067796 1.25
8.1000004 2.1067796 1.35
8.1000004 2.1067796 1.45
8.1000004 2.1067796 1.55
8.1000004 2.1067796 1.65
8.1000004 2.1067796 1.75
8.1000004 2.1067796 1.85
8.1000004 2.1067796 1.95
8.1000004 2.1067796 2.05
8.1000004 2.1067796 2.1500001
8.1000004 2.1067796 2.25
8.1000004 2.1067796 2.3499999
8.1000004 2.1067796 2.45
8 2.1067796 -0.44999999
8 2.1067796 -0.34999999
8 2.1067796 -0.25
8 2.1067796 -0.15000001
8 2.1067796 -0.050000001
8 2.1067796 0.050000001
8 2.1067796 0.15000001
8 2.1067796 0.25
8 2.1067796 0.34999999
8 2.1067796 0.44999999
8 2.1067796 0.55000001
8 2.1067796 0.64999998
8 2.1067796 0.75
8 2.1067796 0.85000002
8 2.1067796 0.94999999
8 2.1067796 1.05
8 2.1067796 1.15
8 2.1067796 1.25
8 2.1067796 1.35
8 2.1067796 1.45
8 2.1067796 1.55
8 2.1067796 1.65
8 2.1067796 1.75
8 2.1067796 1.85
8 2.1067796 1.95
8 2.1067796 2.05
8 2.1067796 2.1500001
8 2.1067796 2.25
8 2.1067796 2.3499999
8 2.1067796 2.45
7.9000001 2.1067796 -0.44999999
7.9000001 2.1067796 -0.34999999
7.9000001 2.1067796 -0.25
7.9000001 2.1067796 -0.15000001
7.9000001 2.1067796 -0.050000001
7.9000001 2.1067796 0.050000001
7.9000001 2.1067796 0.15000001
7.9000001 2.1067796 0.25
7.9000001 2.1067796 0.34999999
7.9000001 2.1067796 0.44999999
7.9000001 2.1067796 0.55000001
7.9000001 2.1067796 0.64999998
7.9000001 2.1067796 0.75
7.9000001 2.1067796 0.85000002
7.9000001 2.1067796 0.94999999
7.9000001 2.1067796 1.05
7.9000001 2.1067796 1.15
7.9000001 2.1067796 1.25
7.9000001 2.1067796 1.35
7.9000001 2.1067796 1.45
7.9000001 2.1067796 1.55
7.9000001 2.1067796 1.65
7.9000001 2.1067796 1.75
7.9000001 2.1067796 1.85
7.9000001 2.1067796 1.95
7.9000001 2.1067796 2.05
7.9000001 2.1067796 2.1500001
7.9000001 2.1067796 2.25
7.9000001 2.1067796 2.3499999
7.9000001 2.1067796 2.45
8.1000004 2.2050848 -0.44999999
8.1000004 2.2050848 -0.34999999
8.1000004 2.2050848 -0.25
8.1000004 2.2050848 -0.15000001
8.1000004 2.2050848 -0.050000001
8.1000004 2.2050848 0.050000001
8.1000004 2.2050848 0.15000001
8.1000004 2.2050848 0.25
8.1000004 2.2050848 0.34999999
8.1000004 2.2050848 0.44999999
8.1000004 2.2050848 0.55000001
8.1000004 2.2050848 0.64999998
8.1000004 2.2050848 0.75
8.1000004 2.2050848 0.85000002
8.1000004 2.2050848 0.94999999
8.1000004 2.2050848 1.05
8.1000004 2.2050848 1.15
8.1000004 2.2050848 1.25
8.1000004 2.2050848 1.35
8.1000004 2.2050848 1.45
8.1000004 2.2050848 1.55
8.1000004 2.2050848 1.65
8.1000004 2.2050848 1.75
8.1000004 2.2050848 1.85
8.1000004 2.2050848 1.95
8.1000004 2.2050848 2.05
8.1000004 2.2050848 2.1500001
8.1000004 2.2050848 2.25
8.1000004 2.2050848 2.3499999
8.1000004 2.2050848 2.45
8 2.2050848 -0.44999999
8 2.2050848 -0.34999999
8 2.2050848 -0.25
8 2.2050848 -0.15000001
8 2.2050848 -0.050000001
8 2.2050848 0.050000001
8 2.2050848 0.15000001
8 2.2050848 0.25
8 2.2050848 0.34999999
8 2.2050848 0.44999999
8 2.2050848 0.55000001
8 2.2050848 0.64999998
8 2.2050848 0.75
8 2.2050848 0.85000002
8 2.2050848 0.94999999
8 2.2050848 1.05
8 2.2050848 1.15
8 2.2050848 1.25
8 2.2050848 1.35
8 2.2050848 1.45
8 2.2050848 1.55
8 2.2050848 1.65
8 2.2050848 1.75
8 2.2050848 1.85
8 2.2050848 1.95
8 2.2050848 2.05
8 2.2050848 2.1500001
8 2.2050848 2.25
8 2.2050848 2.3499999
8 2.2050848 2.45
7.9000001 2.2050848 -0.44999999
7.9000001 2.2050848 -0.34999999
7.9000001 2.2050848 -0.25
7.9000001 2.2050848 -0.15000001
7.9000001 2.2050848 -0.050000001
7.9000001 2.2050848 0.050000001
7.9000001 2.2050848 0.15000001
7.9000001 2.2050848 0.25
7.9000001 2.2050848 0.34999999
7.9000001 2.2050848 0.44999999
7.9000001 2.2050848 0.55000001
7.9000001 2.2050848 0.64999998
7.9000001 2.2050848 0.75
7.9000001 2.2050848 0.85000002
7.9000001 2.2050848 0.94999999
7.9000001 2.2050848 1.05
7.9000001 2.2050848 1.15
7.9000001 2.2050848 1.25
7.9000001 2.2050848 1.35
7.9000001 2.2050848 1.45
7.9000001 2.2050848 1.55
7.9000001 2.2050848 1.65
7.9000001 2.2050848 1.75
7.9000001 2.2050848 1.85
7.9000001 2.2050848 1.95
7.9000001 2.2050848 2.05
7.9000001 2.2050848 2.1500001
7.9000001 2.2050848 2.25
7.9000001 2.2050848 2.3499999
7.9000001 2.2050848 2.45
8.1000004 2.3033898 -0.44999999
8.1000004 2.3033898 -0.34999999
8.1000004 2.3033898 -0.25
8.1000004 2.3033898 -0.15000001
8.1000004 2.3033898 -0.050000001
8.1000004 2.3033898 0.050000001
8.1000004 2.3033898 0.15000001
8.1000004 2.3033898 0.25
8.1000004 2.3033898 0.34999999
8.1000004 2.3033898 0.44999999
8.1000004 2.3033898 0.55000001
8.1000004 2.3033898 0.64999998
8.1000004 2.3033898 0.75
8.1000004 2.3033898 0.85000002
8.1000004 2.3033898 0.94999999
8.1000004 2.3033898 1.05
8.1000004 2.3033898 1.15
8.1000004 2.3033898 1.25
8.1000004 2.3033898 1.35
8.1000004 2.3033898 1.45
8.1000004 2.3033898 1.55
8.1000004 2.3033898 1.65
8.1000004 2.3033898 1.75
8.1000004 2.3033898 1.85
8.1000004 2.3033898 1.95
8.1000004 2.3033898 2.05
8.1000004 2.3033898 2.1500001
8.1000004 2.3033898 2.25
8.1000004 2.3033898 2.3499999
8.1000004 2.3033898 2.45
8 2.3033898 -0.44999999
8 2.3033898 -0.34999999
8 2.3033898 -0.25
8 2.3033898 -0.15000001
8 2.3033898 -0.050000001
8 2.3033898 0.050000001
8 2.3033898 0.15000001
8 2.3033898 0.25
8 2.3033898 0.34999999
8 2.3033898 0.44999999
8 2.3033898 0.55000001
8 2.3033898 0.64999998
8 2.3033898 0.75
8 2.3033898 0.85000002
8 2.3033898 0.94999999
8 2.3033898 1.05
8 2.3033898 1.15
8 2.3033898 1.25
8 2.3033898 1.35
8 2.3033898 1.45
8 2.3033898 1.55
8 2.3033898 1.65
8 2.3033898 1.75
8 2.3033898 1.85
8 2.3033898 1.95
8 2.3033898 2.05
8 2.3033898 2.1500001
8 2.3033898 2.25
8 2.3033898 2.3499999
8 2.3033898 2.45
7.9000001 2.3033898 -0.44999999
7.9000001 2.3033898 -0.34999999
7.9000001 2.3033898 -0.25
7.9000001 2.3033898 -0.15000001
7.9000001 2.3033898 -0.050000001
7.9000001 2.3033898 0.050000001
7.9000001 2.3033898 0.15000001
7.9000001 2.3033898 0.25
7.9000001 2.3033898 0.34999999
7.9000001 2.3033898 0.44999999
7.9000001 2.3033898 0.55000001
7.9000001 2.3033898 0.64999998
7.9000001 2.3033898 0.75
7.9000001 2.3033898 0.85000002
7.9000001 2.3033898 0.94999999
7.9000001 2.3033898 1.05
7.9000001 2.3033898 1.15
7.9000001 2.3033898 1.25
7.9000001 2.3033898 1.35
7.9000001 2.3033898 1.45
7.9000001 2.3033898 1.55
7.9000001 2.3033898 1.65
7.9000001 2.3033898 1.75
7.9000001 2.3033898 1.85
7.9000001 2.3033898 1.95
7.9000001 2.3033898 2.05
7.9000001 2.3033898 2.1500001
7.9000001 2.3033898 2.25
7.9000001 2.3033898 2.3499999
7.9000001 2.3033898 2.45
8.1000004 2.401695 -0.44999999
8.1000004 2.401695 -0.34999999
8.1000004 2.401695 -0.25
8.1000004 2.401695 -0.15000001
8.1000004 2.401695 -0.050000001
8.1000004 2.401695 0.050000001
8.1000004 2.401695 0.15000001
8.1000004 2.401695 0.25
8.1000004 2.401695 0.34999999
8.1000004 2.401695 0.44999999
8.1000004 2.401695 0.55000001
8.1000004 2.401695 0.64999998
8.1000004 2.401695 0.75
8.1000004 2.401695 0.85000002
8.1000004 2.401695 0.94999999
8.1000004 2.401695 1.05
8.1000004 2.401695 1.15
8.1000004 2.401695 1.25
8.1000004 2.401695 1.35
8.1000004 2.401695 1.45
8.1000004 2.401695 1.55
8.1000004 2.401695 1.65
8.1000004 2.401695 1.75
8.1000004 2.401695 1.85
8.1000004 2.401695 1.95
8.1000004 2.401695 2.05
8.1000004 2.401695 2.1500001
8.1000004 2.401695 2.25
8.1000004 2.401695 2.3499999
8.1000004 2.401695 2.45
8 2.401695 -0.44999999
8 2.401695 -0.34999999
8 2.401695 -0.25
8 2.401695 -0.15000001
8 2.401695 -0.050000001
8 2.401695 0.050000001
8 2.401695 0.15000001
8 2.401695 0.25
8 2.401695 0.34999999
8 2.401695 0.44999999
8 2.401695 0.55000001
8 2.401695 0.64999998
8 2.401695 0.75
8 2.401695 0.85000002
8 2.401695 0.94999999
8 2.401695 1.05
8 2.401695 1.15
8 2.401695 1.25
8 2.401695 1.35
8 2.401695 1.45
8 2.401695 1.55
8 2.401695 1.65
8 2.401695 1.75
8 2.401695 1.85
8 2.401695 1.95
8 2.401695 2.05
8 2.401695 2.1500001
8 2.401695 2.25
8 2.401695 2.3499999
8 2.401695 2.45
7.9000001 2.401695 -0.44999999
7.9000001 2.401695 -0.34999999
7.9000001 2.401695 -0.25
7.9000001 2.401695 -0.15000001
7.9000001 2.401695 -0.050000001
7.9000001 2.401695 0.050000001
7.9000001 2.401695 0.15000001
7.9000001 2.401695 0.25
7.9000001 2.401695 0.34999999
7.9000001 2.401695 0.44999999
7.9000001 2.401695 0.55000001
7.9000001 2.401695 0.64999998
7.9000001 2.401695 0.75
7.9000001 2.401695 0.85000002
7.9000001 2.401695 0.94999999
7.9000001 2.401695 1.05
7.9000001 2.401695 1.15
7.9000001 2.401695 1.25
7.9000001 2.401695 1.35
7.9000001 2.401695 1.45
7.9000001 2.401695 1.55
7.9000001 2.401695 1.65
7.9000001 2.401695 1.75
7.9000001 2.401695 1.85
7.9000001 2.401695 1.95
7.9000001 2.401695 2.05
7.9000001 2.401695 2.1500001
7.9000001 2.401695 2.25
7.9000001 2.401695 2.3499999
7.9000001 2.401695 2.45
8.1000004 2.5 -0.44999999
8.1000004 2.5 -0.34999999
8.1000004 2.5 -0.25
8.1000004 2.5 -0.15000001
8.1000004 2.5 -0.050000001
8.1000004 2.5 0.050000001
8.1000004 2.5 0.15000001
8.1000004 2.5 0.25
8.1000004 2.5 0.34999999
8.1000004 2.5 0.44999999
8.1000004 2.5 0.55000001
8.1000004 2.5 0.64999998
8.1000004 2.5 0.75
8.1000004 2.5 0.85000002
8.1000004 2.5 0.94999999
8.1000004 2.5 1.05
8.1000004 2.5 1.15
8.1000004 2.5 1.25
8.1000004 2.5 1.35
8.1000004 2.5 1.45
8.1000004 2.5 1.55
8.1000004 2.5 1.65
8.1000004 2.5 1.75
8.1000004 2.5 1.85
8.1000004 2.5 1.95
8.1000004 2.5 2.05
8.1000004 2.5 2.1500001
8.1000004 2.5 2.25
8.1000004 2.5 2.3499999
8.1000004 2.5 2.45
8 2.5 -0.44999999
8 2.5 -0.34999999
8 2.5 -0.25
8 2.5 -0.15000001
8 2.5 -0.050000001
8 2.5 0.050000001
8 2.5 0.15000001
8 2.5 0.25
8 2.5 0.34999999
8 2.5 0.44999999
8 2.5 0.55000001
8 2.5 0.64999998
8 2.5 0.75
8 2.5 0.85000002
8 2.5 0.94999999
8 2.5 1.05
8 2.5 1.15
8 2.5 1.25
8 2.5 1.35
8 2.5 1.45
8 2.5 1.55
8 2.5 1.65
8 2.5 1.75
8 2.5 1.85
8 2.5 1.95
8 2.5 2.05
8 2.5 2.1500001
8 2.5 2.25
8 2.5 2.3499999
8 2.5 2.45
7.9000001 2.5 -0.44999999
7.9000001 2.5 -0.34999999
7.9000001 2.5 -0.25
7.9000001 2.5 -0.15000001
7.9000001 2.5 -0.050000001
7.9000001 2.5 0.050000001
7.9000001 2.5 0.15000001
7.9000001 2.5 0.25
7.9000001 2.5 0.34999999
7.9000001 2.5 0.44999999
7.9000001 2.5 0.55000001
7.9000001 2.5 0.64999998
7.9000001 2.5 0.75
7.9000001 2.5 0.85000002
7.9000001 2.5 0.94999999
7.9000001 2.5 1.05
7.9000001 2.5 1.15
7.9000001 2.5 1.25
7.9000001 2.5 1.35
7.9000001 2.5 1.45
7.9000001 2.5 1.55
7.9000001 2.5 1.65
7.9000001 2.5 1.75
7.9000001 2.5 1.85
7.9000001 2.5 1.95
7.9000001 2.5 2.05
7.9000001 2.5 2.1500001
7.9000001 2.5 2.25
7.9000001 2.5 2.3499999
7.9000001 2.5 2.45
8.1000004 5.5 -0.44999999
8.1000004 5.5 -0.34999999
8.1000004 5.5 -0.25
8.1000004 5.5 -0.15000001
8.1000004 5.5 -0.050000001
8.1000004 5.5 0.050000001
8.1000004 5.5 0.15000001
8.1000004 5.5 0.25
8.1000004 5.5 0.34999999
8.1000004 5.5 0.44999999
8.1000004 5.5 0.55000001
8.1000004 5.5 0.64999998
8.1000004 5.5 0.75
8.1000004 5.5 0.85000002
8.1000004 5.5 0.94999999
8.1000004 5.5 1.05
8.1000004 5.5 1.15
8.1000004 5.5 1.25
8.1000004 5.5 1.35
8.1000004 5.5 1.45
8.1000004 5.5 1.55
8.1000004 5.5 1.65
8.1000004 5.5 1.75
8.1000004 5.5 1.85
8.1000004 5.5 1.95
8.1000004 5.5 2.05
8.1000004 5.5 2.1500001
8.1000004 5.5 2.25
8.1000004 5.5 2.3499999
8.1000004 5.5 2.45
8 5.5 -0.44999999
8 5.5 -0.34999999
8 5.5 -0.25
8 5.5 -0.15000001
8 5.5 -0.050000001
8 5.5 0.050000001
8 5.5 0.15000001
8 5.5 0.25
8 5.5 0.34999999
8 5.5 0.44999999
8 5.5 0.55000001
8 5.5 0.64999998
8 5.5 0.75
8 5.5 0.85000002
8 5.5 0.94999999
8 5.5 1.05
8 5.5 1.15
8 5.5 1.25
8 5.5 1.35
8 5.5 1.45
8 5.5 1.55
8 5.5 1.65
8 5.5 1.75
8 5.5 1.85
8 5.5 1.95
8 5.5 2.05
8 5.5 2.1500001
8 5.5 2.25
8 5.5 2.3499999
8 5.5 2.45
7.9000001 5.5 -0.44999999
7.9000001 5.5 -0.34999999
7.9000001 5.5 -0.25
7.9000001 5.5 -0.15000001
7.9000001 5.5 -0.050000001
7.9000001 5.5 0.050000001
7.9000001 5.5 0.15000001
7.9000001 5.5 0.25
7.9000001 5.5 0.34999999
7.9000001 5.5 0.44999999
7.9000001 5.5 0.55000001
7.9000001 5.5 0.64999998
7.9000001 5.5 0.75
7.9000001 5.5 0.85000002
7.9000001 5.5 0.94999999
7.9000001 5.5 1.05
7.9000001 5.5 1.15
7.9000001 5.5 1.25
7.9000001 5.5 1.35
7.9000001 5.5 1.45
7.9000001 5.5 1.55
7.9000001 5.5 1.65
7.9000001 5.5 1.75
7.9000001 5.5 1.85
7.9000001 5.5 1.95
7.9000001 5.5 2.05
7.9000001 5.5 2.1500001
7.9000001 5.5 2.25
7.9000001 5.5 2.3499999
7.9000001 5.5 2.45
8.1000004 5.5999999 -0.44999999
8.1000004 5.5999999 -0.34999999
8.1000004 5.5999999 -0.25
8.1000004 5.5999999 -0.15000001
8.1000004 5.5999999 -0.050000001
8.1000004 5.5999999 0.050000001
8.1000004 5.5999999 0.15000001
8.1000004 5.5999999 0.25
8.1000004 5.5999999 0.34999999
8.1000004 5.5999999 0.44999999
8.1000004 5.5999999 0.55000001
8.1000004 5.5999999 0.64999998
8.1000004 5.5999999 0.75
8.1000004 5.5999999 0.85000002
8.1000004 5.5999999 0.94999999
8.1000004 5.5999999 1.05
8.1000004 5.5999999 1.15
8.1000004 5.5999999 1.25
8.1000004 5.5999999 1.35
8.1000004 5.5999999 1.45
8.1000004 5.5999999 1.55
8.1000004 5.5999999 1.65
8.1000004 5.5999999 1.75
8.1000004 5.5999999 1.85
8.1000004 5.5999999 1.95
8.1000004 5.5999999 2.05
8.1000004 5.5999999 2.1500001
8.1000004 5.5999999 2.25
8.1000004 5.5999999 2.3499999
8.1000004 5.5999999 2.45
8 5.5999999 -0.44999999
8 5.5999999 -0.34999999
8 5.5999999 -0.25
8 5.5999999 -0.15000001
8 5.5999999 -0.050000001
8 5.5999999 0.050000001
8 5.5999999 0.15000001
8 5.5999999 0.25
8 5.5999999 0.34999999
8 5.5999999 0.44999999
8 5.5999999 0.55000001
8 5.5999999 0.64999998
8 5.5999999 0.75
8 5.5999999 0.85000002
8 5.5999999 0.94999999
8 5.5999999 1.05
8 5.5999999 1.15
8 5.5999999 1.25
8 5.5999999 1.35
8 5.5999999 1.45
8 5.5999999 1.55
8 5.5999999 1.65
8 5.5999999 1.75
8 5.5999999 1.85
8 5.5999999 1.95
8 5.5999999 2.05
8 5.5999999 2.1500001
8 5.5999999 2.25
8 5.5999999 2.3499999
8 5.5999999 2.45
7.9000001 5.5999999 -0.44999999
7.9000001 5.5999999 -0.34999999
7.9000001 5.5999999 -0.25
7.9000001 5.5999999 -0.15000001
7.9000001 5.5999999 -0.050000001
7.9000001 5.5999999 0.050000001
7.9000001 5.5999999 0.15000001
7.9000001 5.5999999 0.25
7.9000001 5.5999999 0.34999999
7.9000001 5.5999999 0.44999999
7.9000001 5.5999999 0.55000001
7.9000001 5.5999999 0.64999998
7.9000001 5.5999999 0.75
7.9000001 5.5999999 0.85000002
7.9000001 5.5999999 0.94999999
7.9000001 5.5999999 1.05
7.9000001 5.5999999 1.15
7.9000001 5.5999999 1.25
7.9000001 5.5999999 1.35
7.9000001 5.5999999 1.45
7.9000001 5.5999999 1.55
7.9000001 5.5999999 1.65
7.9000001 5.5999999 1.75
7.9000001 5.5999999 1.85
7.9000001 5.5999999 1.95
7.9000001 5.5999999 2.05
7.9000001 5.5999999 2.1500001
7.9000001 5.5999999 2.25
7.9000001 5.5999999 2.3499999
7.9000001 5.5999999 2.45
8.1000004 5.6999998 -0.44999999
8.1000004 5.6999998 -0.34999999
8.1000004 5.6999998 -0.25
8.1000004 5.6999998 -0.15000001
8.1000004 5.6999998 -0.050000001
8.1000004 5.6999998 0.050000001
8.1000004 5.6999998 0.15000001
8.1000004 5.6999998 0.25
8.1000004 5.6999998 0.34999999
8.1000004 5.6999998 0.44999999
8.1000004 5.6999998 0.55000001
8.1000004 5.6999998 0.64999998
8.1000004 5.6999998 0.75
8.1000004 5.6999998 0.85000002
8.1000004 5.6999998 0.94999999
8.1000004 5.6999998 1.05
8.1000004 5.6999998 1.15
8.1000004 5.6999998 1.25
8.1000004 5.6999998 1.35
8.1000004 5.6999998 1.45
8.1000004 5.6999998 1.55
8.1000004 5.6999998 1.65
8.1000004 5.6999998 1.75
8.1000004 5.6999998 1.85
8.1000004 5.6999998 1.95
8.1000004 5.6999998 2.05
8.1000004 5.6999998 2.1500001
8.1000004 5.6999998 2.25
8.1000004 5.6999998 2.3499999
8.1000004 5.6999998 2.45
8 5.6999998 -0.44999999
8 5.6999998 -0.34999999
8 5.6999998 -0.25
8 5.6999998 -0.15000001
8 5.6999998 -0.050000001
8 5.6999998 0.050000001
8 5.6999998 0.15000001
8 5.6999998 0.25
8 5.6999998 0.34999999
8 5.6999998 0.44999999
8 5.6999998 0.55000001
8 5.6999998 0.64999998
8 5.6999998 0.75
8 5.6999998 0.85000002
8 5.6999998 0.94999999
8 5.6999998 1.05
8 5.6999998 1.15
8 5.6999998 1.25
8 5.6999998 1.35
8 5.6999998 1.45
8 5.6999998 1.55
8 5.6999998 1.65
8 5.6999998 1.75
8 5.6999998 1.85
8 5.6999998 1.95
8 5.6999998 2.05
8 5.6999998 2.1500001
8 5.6999998 2.25
8 5.6999998 2.3499999
8 5.6999998 2.45
7.9000001 5.6999998 -0.44999999
7.9000001 5.6999998 -0.34999999
7.9000001 5.6999998 -0.25
7.9000001 5.6999998 -0.15000001
7.9000001 5.6999998 -0.050000001
7.9000001 5.6999998 0.050000001
7.9000001 5.6999998 0.15000001
7.9000001 5.6999998 0.25
7.9000001 5.6999998 0.34999999
7.9000001 5.6999998 0.44999999
7.9000001 5.6999998 0.55000001
7.9000001 5.6999998 0.64999998
7.9000001 5.6999998 0.75
7.9000001 5.6999998 0.85000002
7.9000001 5.6999998 0.94999999
7.9000001 5.6999998 1.05
7.9000001 5.6999998 1.15
7.9000001 5.6999998 1.25
7.9000001 5.6999998 1.35
7.9000001 5.6999998 1.45
7.9000001 5.6999998 1.55
7.9000001 5.6999998 1.65
7.9000001 5.6999998 1.75
7.9000001 5.6999998 1.85
7.9000001 5.6999998 1.95
7.9000001 5.6999998 2.05
7.9000001 5.6999998 2.1500001
7.9000001 5.6999998 2.25
7.9000001 5.6999998 2.3499999
7.9000001 5.6999998 2.45
8.1000004 5.8000002 -0.44999999
8.1000004 5.8000002 -0.34999999
8.1000004 5.8000002 -0.25
8.1000004 5.8000002 -0.15000001
8.1000004 5.8000002 -0.050000001
8.1000004 5.8000002 0.050000001
8.1000004 5.8000002 0.15000001
8.1000004 5.8000002 0.25
8.1000004 5.8000002 0.34999999
8.1000004 5.8000002 0.44999999
8.1000004 5.8000002 0.55000001
8.1000004 5.8000002 0.64999998
8.1000004 5.8000002 0.75
8.1000004 5.8000002 0.85000002
8.1000004 5.8000002 0.94999999
8.1000004 5.8000002 1.05
8.1000004 5.8000002 1.15
8.1000004 5.8000002 1.25
8.1000004 5.8000002 1.35
8.1000004 5.8000002 1.45
8.1000004 5.8000002 1.55
8.1000004 5.8000002 1.65
8.1000004 5.8000002 1.75
8.1000004 5.8000002 1.85
8.1000004 5.8000002 1.95
8.1000004 5.8000002 2.05
8.1000004 5.8000002 2.1500001
8.1000004 5.8000002 2.25
8.1000004 5.8000002 2.3499999
8.1000004 5.8000002 2.45
8 5.8000002 -0.44999999
8 5.8000002 -0.34999999
8 5.8000002 -0.25
8 5.8000002 -0.15000001
8 5.8000002 -0.050000001
8 5.8000002 0.050000001
8 5.8000002 0.15000001
8 5.8000002 0.25
8 5.8000002 0.34999999
8 5.8000002 0.44999999
8 5.8000002 0.55000001
8 5.8000002 0.64999998
8 5.8000002 0.75
8 5.8000002 0.85000002
8 5.8000002 0.94999999
8 5.8000002 1.05
8 5.8000002 1.15
8 5.8000002 1.25
8 5.8000002 1.35
8 5.8000002 1.45
8 5.8000002 1.55
8 5.8000002 1.65
8 5.8000002 1.75
8 5.8000002 1.85
8 5.8000002 1.95
8 5.8000002 2.05
8 5.8000002 2.1500001
8 5.8000002 2.25
8 5.8000002 2.3499999
8 5.8000002 2.45
7.9000001 5.8000002 -0.44999999
7.9000001 5.8000002 -0.34999999
7.9000001 5.8000002 -0.25
7.9000001 5.8000002 -0.15000001
7.9000001 5.8000002 -0.050000001
7.9000001 5.8000002 0.050000001
7.9000001 5.8000002 0.15000001
7.9000001 5.8000002 0.25
7.9000001 5.8000002 0.34999999
7.9000001 5.8000002 0.44999999
7.9000001 5.8000002 0.55000001
7.9000001 5.8000002 0.64999998
7.9000001 5.8000002 0.75
7.9000001 5.8000002 0.85000002
7.9000001 5.8000002 0.94999999
7.9000001 5.8000002 1.05
7.9000001 5.8000002 1.15
7.9000001 5.8000002 1.25
7.9000001 5.8000002 1.35
7.9000001 5.8000002 1.45
7.9000001 5.8000002 1.55
7.9000001 5.8000002 1.65
7.9000001 5.8000002 1.75
7.9000001 5.8000002 1.85
7.9000001 5.8000002 1.95
7.9000001 5.8000002 2.05
7.9000001 5.8000002 2.1500001
7.9000001 5.8000002 2.25
7.9000001 5.8000002 2.3499999
7.9000001 5.8000002 2.45
8.1000004 5.9000001 -0.44999999
8.1000004 5.9000001 -0.34999999
8.1000004 5.9000001 -0.25
8.1000004 5.9000001 -0.15000001
8.1000004 5.9000001 -0.050000001
8.1000004 5.9000001 0.050000001
8.1000004 5.9000001 0.15000001
8.1000004 5.9000001 0.25
8.1000004 5.9000001 0.34999999
8.1000004 5.9000001 0.44999999
8.1000004 5.9000001 0.55000001
8.1000004 5.9000001 0.64999998
8.1000004 5.9000001 0.75
8.1000004 5.9000001 0.85000002
8.1000004 5.9000001 0.94999999
8.1000004 5.9000001 1.05
8.1000004 5.9000001 1.15
8.1000004 5.9000001 1.25
8.1000004 5.9000001 1.35
8.1000004 5.9000001 1.45
8.1000004 5.9000001 1.55
8.1000004 5.9000001 1.65
8.1000004 5.9000001 1.75
8.1000004 5.9000001 1.85
8.1000004 5.9000001 1.95
8.1000004 5.9000001 2.05
8.1000004 5.9000001 2.1500001
8.1000004 5.9000001 2.25
8.1000004 5.9000001 2.3499999
8.1000004 5.9000001 2.45
8 5.9000001 -0.44999999
8 5.9000001 -0.34999999
8 5.9000001 -0.25
8 5.9000001 -0.15000001
8 5.9000001 -0.050000001
8 5.9000001 0.050000001
8 5.9000001 0.15000001
8 5.9000001 0.25
8 5.9000001 0.34999999
8 5.9000001 0.44999999
8 5.9000001 0.55000001
8 5.9000001 0.64999998
8 5.9000001 0.75
8 5.9000001 0.85000002
8 5.9000001 0.94999999
8 5.9000001 1.05
8 5.9000001 1.15
8 5.9000001 1.25
8 5.9000001 1.35
8 5.9000001 1.45
8 5.9000001 1.55
8 5.9000001 1.65
8 5.9000001 1.75
8 5.9000001 1.85
8 5.9000001 1.95
8 5.9000001 2.05
8 5.9000001 2.1500001
8 5.9000001 2.25
8 5.9000001 2.3499999
8 5.9000001 2.45
7.9000001 5.9000001 -0.44999999
7.9000001 5.9000001 -0.34999999
7.9000001 5.9000001 -0.25
7.9000001 5.9000001 -0.15000001
7.9000001 5.9000001 -0.050000001
7.9000001 5.9000001 0.050000001
7.9000001 5.9000001 0.15000001
7.9000001 5.9000001 0.25
7.9000001 5.9000001 0.34999999
7.9000001 5.9000001 0.44999999
7.9000001 5.9000001 0.55000001
7.9000001 5.9000001 0.64999998
7.9000001 5.9000001 0.75
7.9000001 5.9000001 0.85000002
7.9000001 5.9000001 0.94999999
7.9000001 5.9000001 1.05
7.9000001 5.9000001 1.15
7.9000001 5.9000001 1.25
7.9000001 5.9000001 1.35
7.9000001 5.9000001 1.45
7.9000001 5.9000001 1.55
7.9000001 5.9000001 1.65
7.9000001 5.9000001 1.75
7.9000001 5.9000001 1.85
7.9000001 5.9000001 1.95
7.9000001 5.9000001 2.05
7.9000001 5.9000001 2.1500001
7.9000001 5.9000001 2.25
7.9000001 5.9000001 2.3499999
7.9000001 5.9000001 2.45
8.1000004 6 -0.44999999
8.1000004 6 -0.34999999
8.1000004 6 -0.25
8.1000004 6 -0.15000001
8.1000004 6 -0.050000001
8.1000004 6 0.050000001
8.1000004 6 0.15000001
8.1000004 6 0.25
8.1000004 6 0.34999999
8.1000004 6 0.44999999
8.1000004 6 0.55000001
8.1000004 6 0.64999998
8.1000004 6 0.75
8.1000004 6 0.85000002
8.1000004 6 0.94999999
8.1000004 6 1.05
8.1000004 6 1.15
8.1000004 6 1.25
8.1000004 6 1.35
8.1000004 6 1.45
8.1000004 6 1.55
8.1000004 6 1.65
8.1000004 6 1.75
8.1000004 6 1.85
8.1000004 6 1.95
8.1000004 6 2.05
8.1000004 6 2.1500001
8.1000004 6 2.25
8.1000004 6 2.3499999
8.1000004 6 2.45
8 6 -0.44999999
8 6 -0.34999999
8 6 -0.25
8 6 -0.15000001
8 6 -0.050000001
8 6 0.050000001
8 6 0.15000001
8 6 0.25
8 6 0.34999999
8 6 0.44999999
8 6 0.55000001
8 6 0.64999998
8 6 0.75
8 6 0.85000002
8 6 0.94999999
8 6 1.05
8 6 1.15
8 6 1.25
8 6 1.35
8 6 1.45
8 6 1.55
8 6 1.65
8 6 1.75
8 6 1.85
8 6 1.95
8 6 2.05
8 6 2.1500001
8 6 2.25
8 6 2.3499999
8 6 2.45
7.9000001 6 -0.44999999
7.9000001 6 -0.34999999
7.9000001 6 -0.25
7.9000001 6 -0.15000001
7.9000001 6 -0.050000001
7.9000001 6 0.050000001
7.9000001 6 0.15000001
7.9000001 6 0.25
7.9000001 6 0.34999999
7.9000001 6 0.44999999
7.9000001 6 0.55000001
7.9000001 6 0.64999998
7.9000001 6 0.75
7.9000001 6 0.85000002
7.9000001 6 0.94999999
7.9000001 6 1.05
7.9000001 6 1.15
7.9000001 6 1.25
7.9000001 6 1.35
7.9000001 6 1.45
7.9000001 6 1.55
7.9000001 6 1.65
7.9000001 6 1.75
7.9000001 6 1.85
7.9000001 6 1.95
7.9000001 6 2.05
7.9000001 6 2.1500001
7.9000001 6 2.25
7.9000001 6 2.3499999
7.9000001 6 2.45
8.1000004 6.0999999 -0.44999999
8.1000004 6.0999999 -0.34999999
8.1000004 6.0999999 -0.25
8.1000004 6.0999999 -0.15000001
8.1000004 6.0999999 -0.050000001
8.1000004 6.0999999 0.050000001
8.1000004 6.0999999 0.15000001
8.1000004 6.0999999 0.25
8.1000004 6.0999999 0.34999999
8.1000004 6.0999999 0.44999999
8.1000004 6.0999999 0.55000001
8.1000004 6.0999999 0.64999998
8.1000004 6.0999999 0.75
8.1000004 6.0999999 0.85000002
8.1000004 6.0999999 0.94999999
8.1000004 6.0999999 1.05
8.1000004 6.0999999 1.15
8.1000004 6.0999999 1.25
8.1000004 6.0999999 1.35
8.1000004 6.0999999 1.45
8.1000004 6.0999999 1.55
8.1000004 6.0999999 1.65
8.1000004 6.0999999 1.75
8.1000004 6.0999999 1.85
8.1000004 6.0999999 1.95
8.1000004 6.0999999 2.05
8.1000004 6.0999999 2.1500001
8.1000004 6.0999999 2.25
8.1000004 6.0999999 2.3499999
8.1000004 6.0999999 2.45
8 6.0999999 -0.44999999
8 6.0999999 -0.34999999
8 6.0999999 -0.25
8 6.0999999 -0.15000001
8 6.0999999 -0.050000001
8 6.0999999 0.050000001
8 6.0999999 0.15000001
8 6.0999999 0.25
8 6.0999999 0.34999999
8 6.0999999 0.44999999
8 6.0999999 0.55000001
8 6.0999999 0.64999998
8 6.0999999 0.75
8 6.0999999 0.85000002
8 6.0999999 0.94999999
8 6.0999999 1.05
8 6.0999999 1.15
8 6.0999999 1.25
8 6.0999999 1.35
8 6.0999999 1.45
8 6.0999999 1.55
8 6.0999999 1.65
8 6.0999999 1.75
8 6.0999999 1.85
8 6.0999999 1.95
8 6.0999999 2.05
8 6.0999999 2.1500001
8 6.0999999 2.25
8 6.0999999 2.3499999
8 6.0999999 2.45
7.9000001 6.0999999 -0.44999999
7.9000001 6.0999999 -0.34999999
7.9000001 6.0999999 -0.25
7.9000001 6.0999999 -0.15000001
7.9000001 6.0999999 -0.050000001
7.9000001 6.0999999 0.050000001
7.9000001 6.0999999 0.15000001
7.9000001 6.0999999 0.25
7.9000001 6.0999999 0.34999999
7.9000001 6.0999999 0.44999999
7.9000001 6.0999999 0.55000001
7.9000001 6.0999999 0.64999998
7.9000001 6.0999999 0.75
7.9000001 6.0999999 0.85000002
7.9000001 6.0999999 0.94999999
7.9000001 6.0999999 1.05
7.9000001 6.0999999 1.15
7.9000001 6.0999999 1.25
7.9000001 6.0999999 1.35
7.9000001 6.0999999 1.45
7.9000001 6.0999999 1.55
7.9000001 6.0999999 1.65
7.9000001 6.0999999 1.75
7.9000001 6.0999999 1.85
7.9000001 6.0999999 1.95
7.9000001 6.0999999 2.05
7.9000001 6.0999999 2.1500001
7.9000001 6.0999999 2.25
7.9000001 6.0999999 2.3499999
7.9000001 6.0999999 2.45
8.1000004 6.1999998 -0.44999999
8.1000004 6.1999998 -0.34999999
8.1000004 6.1999998 -0.25
8.1000004 6.1999998 -0.15000001
8.1000004 6.1999998 -0.050000001
8.1000004 6.1999998 0.050000001
8.1000004 6.1999998 0.15000001
8.1000004 6.1999998 0.25
8.1000004 6.1999998 0.34999999
8.1000004 6.1999998 0.44999999
8.1000004 6.1999998 0.55000001
8.1000004 6.1999998 0.64999998
8.1000004 6.1999998 0.75
8.1000004 6.1999998 0.85000002
8.1000004 6.1999998 0.94999999
8.1000004 6.1999998 1.05
8.1000004 6.1999998 1.15
8.1000004 6.1999998 1.25
8.1000004 6.1999998 1.35
8.1000004 6.1999998 1.45
8.1000004 6.1999998 1.55
8.1000004 6.1999998 1.65
8.1000004 6.1999998 1.75
8.1000004 6.1999998 1.85
8.1000004 6.1999998 1.95
8.1000004 6.1999998 2.05
8.1000004 6.1999998 2.1500001
8.1000004 6.1999998 2.25
8.1000004 6.1999998 2.3499999
8.1000004 6.1999998 2.45
8 6.1999998 -0.44999999
8 6.1999998 -0.34999999
8 6.1999998 -0.25
8 6.1999998 -0.15000001
8 6.1999998 -0.050000001
8 6.1999998 0.050000001
8 6.1999998 0.15000001
8 6.1999998 0.25
8 6.1999998 0.34999999
8 6.1999998 0.44999999
8 6.1999998 0.55000001
8 6.1999998 0.64999998
8 6.1999998 0.75
8 6.1999998 0.85000002
8 6.1999998 0.94999999
8 6.1999998 1.05
8 6.1999998 1.15
8 6.1999998 1.25
8 6.1999998 1.35
8 6.1999998 1.45
8 6.1999998 1.55
8 6.1999998 1.65
8 6.1999998 1.75
8 6.1999998 1.85
8 6.1999998 1.95
8 6.1999998 2.05
8 6.1999998 2.1500001
8 6.1999998 2.25
8 6.1999998 2.3499999
8 6.1999998 2.45
7.9000001 6.1999998 -0.44999999
7.9000001 6.1999998 -0.34999999
7.9000001 6.1999998 -0.25
7.9000001 6.1999998 -0.15000001
7.9000001 6.1999998 -0.050000001
7.9000001 6.1999998 0.050000001
7.9000001 6.1999998 0.15000001
7.9000001 6.1999998 0.25
7.9000001 6.1999998 0.34999999
7.9000001 6.1999998 0.44999999
7.9000001 6.1999998 0.55000001
7.9000001 6.1999998 0.64999998
7.9000001 6.1999998 0.75
7.9000001 6.1999998 0.85000002
7.9000001 6.1999998 0.94999999
7.9000001 6.1999998 1.05
7.9000001 6.1999998 1.15
7.9000001 6.1999998 1.25
7.9000001 6.1999998 1.35
7.9000001 6.1999998 1.45
7.9000001 6.1999998 1.55
7.9000001 6.1999998 1.65
7.9000001 6.1999998 1.75
7.9000001 6.1999998 1.85
7.9000001 6.1999998 1.95
7.9000001 6.1999998 2.05
7.9000001 6.1999998 2.1500001
7.9000001 6.1999998 2.25
7.9000001 6.1999998 2.3499999
7.9000001 6.1999998 2.45
8.1000004 6.3000002 -0.44999999
8.1000004 6.3000002 -0.34999999
8.1000004 6.3000002 -0.25
8.1000004 6.3000002 -0.15000001
8.1000004 6.3000002 -0.050000001
8.1000004 6.3000002 0.050000001
8.1000004 6.3000002 0.15000001
8.1000004 6.3000002 0.25
8.1000004 6.3000002 0.34999999
8.1000004 6.3000002 0.44999999
8.1000004 6.3000002 0.55000001
8.1000004 6.3000002 0.64999998
8.1000004 6.3000002 0.75
8.1000004 6.3000002 0.85000002
8.1000004 6.3000002 0.94999999
8.1000004 6.3000002 1.05
8.1000004 6.3000002 1.15
8.1000004 6.3000002 1.25
8.1000004 6.3000002 1.35
8.1000004 6.3000002 1.45
8.1000004 6.3000002 1.55
8.1000004 6.3000002 1.65
8.1000004 6.3000002 1.75
8.1000004 6.3000002 1.85
8.1000004 6.3000002 1.95
8.1000004 6.3000002 2.05
8.1000004 6.3000002 2.1500001
8.1000004 6.3000002 2.25
8.1000004 6.3000002 2.3499999
8.1000004 6.3000002 2.45
8 6.3000002 -0.44999999
8 6.3000002 -0.34999999
8 6.3000002 -0.25
8 6.3000002 -0.15000001
8 6.3000002 -0.050000001
8 6.3000002 0.050000001
8 6.3000002 0.15000001
8 6.3000002 0.25
8 6.3000002 0.34999999
8 6.3000002 0.44999999
8 6.3000002 0.55000001
8 6.3000002 0.64999998
8 6.3000002 0.75
8 6.3000002 0.85000002
8 6.3000002 0.94999999
8 6.3000002 1.05
8 6.3000002 1.15
8 6.3000002 1.25
8 6.3000002 1.35
8 6.3000002 1.45
8 6.3000002 1.55
8 6.3000002 1.65
8 6.3000002 1.75
8 6.3000002 1.85
8 6.3000002 1.95
8 6.3000002 2.05
8 6.3000002 2.1500001
8 6.3000002 2.25
8 6.3000002 2.3499999
8 6.3000002 2.45
7.9000001 6.3000002 -0.44999999
7.9000001 6.3000002 -0.34999999
7.9000001 6.3000002 -0.25
7.9000001 6.3000002 -0.15000001
7.9000001 6.3000002 -0.050000001
7.9000001 6.3000002 0.050000001
7.9000001 6.3000002 0.15000001
7.9000001 6.3000002 0.25
7.9000001 6.3000002 0.34999999
7.9000001 6.3000002 0.44999999
7.9000001 6.3000002 0.55000001
7.9000001 6.3000002 0.64999998
7.9000001 6.3000002 0.75
7.9000001 6.3000002 0.85000002
7.9000001 6.3000002 0.94999999
7.9000001 6.3000002 1.05
7.9000001 6.3000002 1.15
7.9000001 6.3000002 1.25
7.9000001 6.3000002 1.35
7.9000001 6.3000002 1.45
7.9000001 6.3000002 1.55
7.9000001 6.3000002 1.65
7.9000001 6.3000002 1.75
7.9000001 6.3000002 1.85
7.9000001 6.3000002 1.95
7.9000001 6.3000002 2.05
7.9000001 6.3000002 2.1500001
7.9000001 6.3000002 2.25
7.9000001 6.3000002 2.3499999
7.9000001 6.3000002 2.45
8.1000004 6.4000001 -0.44999999
8.1000004 6.4000001 -0.34999999
8.1000004 6.4000001 -0.25
8.1000004 6.4000001 -0.15000001
8.1000004 6.4000001 -0.050000001
8.1000004 6.4000001 0.050000001
8.1000004 6.4000001 0.15000001
8.1000004 6.4000001 0.25
8.1000004 6.4000001 0.34999999
8.1000004 6.4000001 0.44999999
8.1000004 6.4000001 0.55000001
8.1000004 6.4000001 0.64999998
8.1000004 6.4000001 0.75
8.1000004 6.4000001 0.85000002
8.1000004 6.4000001 0.94999999
8.1000004 6.4000001 1.05
8.1000004 6.4000001 1.15
8.1000004 6.4000001 1.25
8.1000004 6.4000001 1.35
8.1000004 6.4000001 1.45
8.1000004 6.4000001 1.55
8.1000004 6.4000001 1.65
8.1000004 6.4000001 1.75
8.1000004 6.4000001 1.85
8.1000004 6.4000001 1.95
8.1000004 6.4000001 2.05
8.1000004 6.4000001 2.1500001
8.1000004 6.4000001 2.25
8.1000004 6.4000001 2.3499999
8.1000004 6.4000001 2.45
8 6.4000001 -0.44999999
8 6.4000001 -0.34999999
8 6.4000001 -0.25
8 6.4000001 -0.15000001
8 6.4000001 -0.050000001
8 6.4000001 0.050000001
8 6.4000001 0.15000001
8 6.4000001 0.25
8 6.4000001 0.34999999
8 6.4000001 0.44999999
8 6.4000001 0.55000001
8 6.4000001 0.64999998
8 6.4000001 0.75
8 6.4000001 0.85000002
8 6.4000001 0.94999999
8 6.4000001 1.05
8 6.4000001 1.15
8 6.4000001 1.25
8 6.4000001 1.35
8 6.4000001 1.45
8 6.4000001 1.55
8 6.4000001 1.65
8 6.4000001 1.75
8 6.4000001 1.85
8 6.4000001 1.95
8 6.4000001 2.05
8 6.4000001 2.1500001
8 6.4000001 2.25
8 6.4000001 2.3499999
8 6.4000001 2.45
7.9000001 6.4000001 -0.44999999
7.9000001 6.4000001 -0.34999999
7.9000001 6.4000001 -0.25
7.9000001 6.4000001 -0.15000001
7.9000001 6.4000001 -0.050000001
7.9000001 6.4000001 0.050000001
7.9000001 6.4000001 0.15000001
7.9000001 6.4000001 0.25
7.9000001 6.4000001 0.34999999
7.9000001 6.4000001 0.44999999
7.9000001 6.4000001 0.55000001
7.9000001 6.4000001 0.64999998
7.9000001 6.4000001 0.75
7.9000001 6.4000001 0.85000002
7.9000001 6.4000001 0.94999999
7.9000001 6.4000001 1.05
7.9000001 6.4000001 1.15
7.9000001 6.4000001 1.25
7.9000001 6.4000001 1.35
7.9000001 6.4000001 1.45
7.9000001 6.4000001 1.55
7.9000001 6.4000001 1.65
7.9000001 6.4000001 1.75
7.9000001 6.4000001 1.85
7.9000001 6.4000001 1.95
7.9000001 6.4000001 2.05
7.9000001 6.4000001 2.1500001
7.9000001 6.4000001 2.25
7.9000001 6.4000001 2.3499999
7.9000001 6.4000001 2.45
8.1000004 6.5 -0.44999999
8.1000004 6.5 -0.34999999
8.1000004 6.5 -0.25
8.1000004 6.5 -0.15000001
8.1000004 6.5 -0.050000001
8.1000004 6.5 0.050000001
8.1000004 6.5 0.15000001
8.1000004 6.5 0.25
8.1000004 6.5 0.34999999
8.1000004 6.5 0.44999999
8.1000004 6.5 0.55000001
8.1000004 6.5 0.64999998
8.1000004 6.5 0.75
8.1000004 6.5 0.85000002
8.1000004 6.5 0.94999999
8.1000004 6.5 1.05
8.1000004 6.5 1.15
8.1000004 6.5 1.25
8.1000004 6.5 1.35
8.1000004 6.5 1.45
8.1000004 6.5 1.55
8.1000004 6.5 1.65
8.1000004 6.5 1.75
8.1000004 6.5 1.85
8.1000004 6.5 1.95
8.1000004 6.5 2.05
8.1000004 6.5 2.1500001
8.1000004 6.5 2.25
8.1000004 6.5 2.3499999
8.1000004 6.5 2.45
8 6.5 -0.44999999
8 6.5 -0.34999999
8 6.5 -0.25
8 6.5 -0.15000001
8 6.5 -0.050000001
8 6.5 0.050000001
8 6.5 0.15000001
8 6.5 0.25
8 6.5 0.34999999
8 6.5 0.44999999
8 6.5 0.55000001
8 6.5 0.64999998
8 6.5 0.75
8 6.5 0.85000002
8 6.5 0.94999999
8 6.5 1.05
8 6.5 1.15
8 6.5 1.25
8 6.5 1.35
8 6.5 1.45
8 6.5 1.55
8 6.5 1.65
8 6.5 1.75
8 6.5 1.85
8 6.5 1.95
8 6.5 2.05
8 6.5 2.1500001
8 6.5 2.25
8 6.5 2.3499999
8 6.5 2.45
7.9000001 6.5 -0.44999999
7.9000001 6.5 -0.34999999
7.9000001 6.5 -0.25
7.9000001 6.5 -0.15000001
7.9000001 6.5 -0.050000001
7.9000001 6.5 0.050000001
7.9000001 6.5 0.15000001
7.9000001 6.5 0.25
7.9000001 6.5 0.34999999
7.9000001 6.5 0.44999999
7.9000001 6.5 0.55000001
7.9000001 6.5 0.64999998
7.9000001 6.5 0.75
7.9000001 6.5 0.85000002
7.9000001 6.5 0.94999999
7.9000001 6.5 1.05
7.9000001 6.5 1.15
7.9000001 6.5 1.25
7.9000001 6.5 1.35
7.9000001 6.5 1.45
7.9000001 6.5 1.55
7.9000001 6.5 1.65
7.9000001 6.5 1.75
7.9000001 6.5 1.85
7.9000001 6.5 1.95
7.9000001 6.5 2.05
7.9000001 6.5 2.1500001
7.9000001 6.5 2.25
7.9000001 6.5 2.3499999
7.9000001 6.5 2.45
8.1000004 6.5999999 -0.44999999
8.1000004 6.5999999 -0.34999999
8.1000004 6.5999999 -0.25
8.1000004 6.5999999 -0.15000001
8.1000004 6.5999999 -0.050000001
8.1000004 6.5999999 0.050000001
8.1000004 6.5999999 0.15000001
8.1000004 6.5999999 0.25
8.1000004 6.5999999 0.34999999
8.1000004 6.5999999 0.44999999
8.1000004 6.5999999 0.55000001
8.1000004 6.5999999 0.64999998
8.1000004 6.5999999 0.75
8.1000004 6.5999999 0.85000002
8.1000004 6.5999999 0.94999999
8.1000004 6.5999999 1.05
8.1000004 6.5999999 1.15
8.1000004 6.5999999 1.25
8.1000004 6.5999999 1.35
8.1000004 6.5999999 1.45
8.1000004 6.5999999 1.55
8.1000004 6.5999999 1.65
8.1000004 6.5999999 1.75
8.1000004 6.5999999 1.85
8.1000004 6.5999999 1.95
8.1000004 6.5999999 2.05
8.1000004 6.5999999 2.1500001
8.1000004 6.5999999 2.25
8.1000004 6.5999999 2.3499999
8.1000004 6.5999999 2.45
8 6.5999999 -0.44999999
8 6.5999999 -0.34999999
8 6.5999999 -0.25
8 6.5999999 -0.15000001
8 6.5999999 -0.050000001
8 6.5999999 0.050000001
8 6.5999999 0.15000001
8 6.5999999 0.25
8 6.5999999 0.34999999
8 6.5999999 0.44999999
8 6.5999999 0.55000001
8 6.5999999 0.64999998
8 6.5999999 0.75
8 6.5999999 0.85000002
8 6.5999999 0.94999999
8 6.5999999 1.05
8 6.5999999 1.15
8 6.5999999 1.25
8 6.5999999 1.35
8 6.5999999 1.45
8 6.5999999 1.55
8 6.5999999 1.65
8 6.5999999 1.75
8 6.5999999 1.85
8 6.5999999 1.95
8 6.5999999 2.05
8 6.5999999 2.1500001
8 6.5999999 2.25
8 6.5999999 2.3499999
8 6.5999999 2.45
7.9000001 6.5999999 -0.44999999
7.9000001 6.5999999 -0.34999999
7.9000001 6.5999999 -0.25
7.9000001 6.5999999 -0.15000001
7.9000001 6.5999999 -0.050000001
7.9000001 6.5999999 0.050000001
7.9000001 6.5999999 0.15000001
7.9000001 6.5999999 0.25
7.9000001 6.5999999 0.34999999
7.9000001 6.5999999 0.44999999
7.9000001 6.5999999 0.55000001
7.9000001 6.5999999 0.64999998
7.9000001 6.5999999 0.75
7.9000001 6.5999999 0.85000002
7.9000001 6.5999999 0.94999999
7.9000001 6.5999999 1.05
7.9000001 6.5999999 1.15
7.9000001 6.5999999 1.25
7.9000001 6.5999999 1.35
7.9000001 6.5999999 1.45
7.9000001 6.5999999 1.55
7.9000001 6.5999999 1.65
7.9000001 6.5999999 1.75
7.9000001 6.5999999 1.85
7.9000001 6.5999999 1.95
7.9000001 6.5999999 2.05
7.9000001 6.5999999 2.1500001
7.9000001 6.5999999 2.25
7.9000001 6.5999999 2.3499999
7.9000001 6.5999999 2.45
8.1000004 6.6999998 -0.44999999
8.1000004 6.6999998 -0.34999999
8.1000004 6.6999998 -0.25
8.1000004 6.6999998 -0.15000001
8.1000004 6.6999998 -0.050000001
8.1000004 6.6999998 0.050000001
8.1000004 6.6999998 0.15000001
8.1000004 6.6999998 0.25
8.1000004 6.6999998 0.34999999
8.1000004 6.6999998 0.44999999
8.1000004 6.6999998 0.55000001
8.1000004 6.6999998 0.64999998
8.1000004 6.6999998 0.75
8.1000004 6.6999998 0.85000002
8.1000004 6.6999998 0.94999999
8.1000004 6.6999998 1.05
8.1000004 6.6999998 1.15
8.1000004 6.6999998 1.25
8.1000004 6.6999998 1.35
8.1000004 6.6999998 1.45
8.1000004 6.6999998 1.55
8.1000004 6.6999998 1.65
8.1000004 6.6999998 1.75
8.1000004 6.6999998 1.85
8.1000004 6.6999998 1.95
8.1000004 6.6999998 2.05
8.1000004 6.6999998 2.1500001
8.1000004 6.6999998 2.25
8.1000004 6.6999998 2.3499999
8.1000004 6.6999998 2.45
8 6.6999998 -0.44999999
8 6.6999998 -0.34999999
8 6.6999998 -0.25
8 6.6999998 -0.15000001
8 6.6999998 -0.050000001
8 6.6999998 0.050000001
8 6.6999998 0.15000001
8 6.6999998 0.25
8 6.6999998 0.34999999
8 6.6999998 0.44999999
8 6.6999998 0.55000001
8 6.6999998 0.64999998
8 6.6999998 0.75
8 6.6999998 0.85000002
8 6.6999998 0.94999999
8 6.6999998 1.05
8 6.6999998 1.15
8 6.6999998 1.25
8 6.6999998 1.35
8 6.6999998 1.45
8 6.6999998 1.55
8 6.6999998 1.65
8 6.6999998 1.75
8 6.6999998 1.85
8 6.6999998 1.95
8 6.6999998 2.05
8 6.6999998 2.1500001
8 6.6999998 2.25
8 6.6999998 2.3499999
8 6.6999998 2.45
7.9000001 6.6999998 -0.44999999
7.9000001 6.6999998 -0.34999999
7.9000001 6.6999998 -0.25
7.9000001 6.6999998 -0.15000001
7.9000001 6.6999998 -0.050000001
7.9000001 6.6999998 0.050000001
7.9000001 6.6999998 0.15000001
7.9000001 6.6999998 0.25
7.9000001 6.6999998 0.34999999
7.9000001 6.6999998 0.44999999
7.9000001 6.6999998 0.55000001
7.9000001 6.6999998 0.64999998
7.9000001 6.6999998 0.75
7.9000001 6.6999998 0.85000002
7.9000001 6.6999998 0.94999999
7.9000001 6.6999998 1.05
7.9000001 6.6999998 1.15
7.9000001 6.6999998 1.25
7.9000001 6.6999998 1.35
7.9000001 6.6999998 1.45
7.9000001 6.6999998 1.55
7.9000001 6.6999998 1.65
7.9000001 6.6999998 1.75
7.9000001 6.6999998 1.85
7.9000001 6.6999998 1.95
7.9000001 6.6999998 2.05
7.9000001 6.6999998 2.1500001
7.9000001 6.6999998 2.25
7.9000001 6.6999998 2.3499999
7.9000001 6.6999998 2.45
8.1000004 6.8000002 -0.44999999
8.1000004 6.8000002 -0.34999999
8.1000004 6.8000002 -0.25
8.1000004 6.8000002 -0.15000001
8.1000004 6.8000002 -0.050000001
8.1000004 6.8000002 0.050000001
8.1000004 6.8000002 0.15000001
8.1000004 6.8000002 0.25
8.1000004 6.8000002 0.34999999
8.1000004 6.8000002 0.44999999
8.1000004 6.8000002 0.55000001
8.1000004 6.8000002 0.64999998
8.1000004 6.8000002 0.75
8.1000004 6.8000002 0.85000002
8.1000004 6.8000002 0.94999999
8.1000004 6.8000002 1.05
8.1000004 6.8000002 1.15
8.1000004 6.8000002 1.25
8.1000004 6.8000002 1.35
8.1000004 6.8000002 1.45
8.1000004 6.8000002 1.55
8.1000004 6.8000002 1.65
8.1000004 6.8000002 1.75
8.1000004 6.8000002 1.85
8.1000004 6.8000002 1.95
8.1000004 6.8000002 2.05
8.1000004 6.8000002 2.1500001
8.1000004 6.8000002 2.25
8.1000004 6.8000002 2.3499999
8.1000004 6.8000002 2.45
8 6.8000002 -0.44999999
8 6.8000002 -0.34999999
8 6.8000002 -0.25
8 6.8000002 -0.15000001
8 6.8000002 -0.050000001
8 6.8000002 0.050000001
8 6.8000002 0.15000001
8 6.8000002 0.25
8 6.8000002 0.34999999
8 6.8000002 0.44999999
8 6.8000002 0.55000001
8 6.8000002 0.64999998
8 6.8000002 0.75
8 6.8000002 0.85000002
8 6.8000002 0.94999999
8 6.8000002 1.05
8 6.8000002 1.15
8 6.8000002 1.25
8 6.8000002 1.35
8 6.8000002 1.45
8 6.8000002 1.55
8 6.8000002 1.65
8 6.8000002 1.75
8 6.8000002 1.85
8 6.8000002 1.95
8 6.8000002 2.05
8 6.8000002 2.1500001
8 6.8000002 2.25
8 6.8000002 2.3499999
8 6.8000002 2.45
7.9000001 6.8000002 -0.44999999
7.9000001 6.8000002 -0.34999999
7.9000001 6.8000002 -0.25
7.9000001 6.8000002 -0.15000001
7.9000001 6.8000002 -0.050000001
7.9000001 6.8000002 0.050000001
7.9000001 6.8000002 0.15000001
7.9000001 6.8000002 0.25
7.9000001 6.8000002 0.34999999
7.9000001 6.8000002 0.44999999
7.9000001 6.8000002 0.55000001
7.9000001 6.8000002 0.64999998
7.9000001 6.8000002 0.75
7.9000001 6.8000002 0.85000002
7.9000001 6.8000002 0.94999999
7.9000001 6.8000002 1.05
7.9000001 6.8000002 1.15
7.9000001 6.8000002 1.25
7.9000001 6.8000002 1.35
7.9000001 6.8000002 1.45
7.9000001 6.8000002 1.55
7.9000001 6.8000002 1.65
7.9000001 6.8000002 1.75
7.9000001 6.8000002 1.85
7.9000001 6.8000002 1.95
7.9000001 6.8000002 2.05
7.9000001 6.8000002 2.1500001
7.9000001 6.8000002 2.25
7.9000001 6.8000002 2.3499999
7.9000001 6.8000002 2.45
8.1000004 6.9000001 -0.44999999
8.1000004 6.9000001 -0.34999999
8.1000004 6.9000001 -0.25
8.1000004 6.9000001 -0.15000001
8.1000004 6.9000001 -0.050000001
8.1000004 6.9000001 0.050000001
8.1000004 6.9000001 0.15000001
8.1000004 6.9000001 0.25
8.1000004 6.9000001 0.34999999
8.1000004 6.9000001 0.44999999
8.1000004 6.9000001 0.55000001
8.1000004 6.9000001 0.64999998
8.1000004 6.9000001 0.75
8.1000004 6.9000001 0.85000002
8.1000004 6.9000001 0.94999999
8.1000004 6.9000001 1.05
8.1000004 6.9000001 1.15
8.1000004 6.9000001 1.25
8.1000004 6.9000001 1.35
8.1000004 6.9000001 1.45
8.1000004 6.9000001 1.55
8.1000004 6.9000001 1.65
8.1000004 6.9000001 1.75
8.1000004 6.9000001 1.85
8.1000004 6.9000001 1.95
8.1000004 6.9000001 2.05
8.1000004 6.9000001 2.1500001
8.1000004 6.9000001 2.25
8.1000004 6.9000001 2.3499999
8.1000004 6.9000001 2.45
8 6.9000001 -0.44999999
8 6.9000001 -0.34999999
8 6.9000001 -0.25
8 6.9000001 -0.15000001
8 6.9000001 -0.050000001
8 6.9000001 0.050000001
8 6.9000001 0.15000001
8 6.9000001 0.25
8 6.9000001 0.34999999
8 6.9000001 0.44999999
8 6.9000001 0.55000001
8 6.9000001 0.64999998
8 6.9000001 0.75
8 6.9000001 0.85000002
8 6.9000001 0.94999999
8 6.9000001 1.05
8 6.9000001 1.15
8 6.9000001 1.25
8 6.9000001 1.35
8 6.9000001 1.45
8 6.9000001 1.55
8 6.9000001 1.65
8 6.9000001 1.75
8 6.9000001 1.85
8 6.9000001 1.95
8 6.9000001 2.05
8 6.9000001 2.1500001
8 6.9000001 2.25
8 6.9000001 2.3499999
8 6.9000001 2.45
7.9000001 6.9000001 -0.44999999
7.9000001 6.9000001 -0.34999999
7.9000001 6.9000001 -0.25
7.9000001 6.9000001 -0.15000001
7.9000001 6.9000001 -0.050000001
7.9000001 6.9000001 0.050000001
7.9000001 6.9000001 0.15000001
7.9000001 6.9000001 0.25
7.9000001 6.9000001 0.34999999
7.9000001 6.9000001 0.44999999
7.9000001 6.9000001 0.55000001
7.9000001 6.9000001 0.64999998
7.9000001 6.9000001 0.75
7.9000001 6.9000001 0.85000002
7.9000001 6.9000001 0.94999999
7.9000001 6.9000001 1.05
7.9000001 6.9000001 1.15
7.9000001 6.9000001 1.25
7.9000001 6.9000001 1.35
7.9000001 6.9000001 1.45
7.9000001 6.9000001 1.55
7.9000001 6.9000001 1.65
7.9000001 6.9000001 1.75
7.9000001 6.9000001 1.85
7.9000001 6.9000001 1.95
7.9000001 6.9000001 2.05
7.9000001 6.9000001 2.1500001
7.9000001 6.9000001 2.25
7.9000001 6.9000001 2.3499999
7.9000001 6.9000001 2.45
8.1000004 7 -0.44999999
8.1000004 7 -0.34999999
8.1000004 7 -0.25
8.1000004 7 -0.15000001
8.1000004 7 -0.050000001
8.1000004 7 0.050000001
8.1000004 7 0.15000001
8.1000004 7 0.25
8.1000004 7 0.34999999
8.1000004 7 0.44999999
8.1000004 7 0.55000001
8.1000004 7 0.64999998
8.1000004 7 0.75
8.1000004 7 0.85000002
8.1000004 7 0.94999999
8.1000004 7 1.05
8.1000004 7 1.15
8.1000004 7 1.25
8.1000004 7 1.35
8.1000004 7 1.45
8.1000004 7 1.55
8.1000004 7 1.65
8.1000004 7 1.75
8.1000004 7 1.85
8.1000004 7 1.95
8.1000004 7 2.05
8.1000004 7 2.1500001
8.1000004 7 2.25
8.1000004 7 2.3499999
8.1000004 7 2.45
8 7 -0.44999999
8 7 -0.34999999
8 7 -0.25
8 7 -0.15000001
8 7 -0.050000001
8 7 0.050000001
8 7 0.15000001
8 7 0.25
8 7 0.34999999
8 7 0.44999999
8 7 0.55000001
8 7 0.64999998
8 7 0.75
8 7 0.85000002
8 7 0.94999999
8 7 1.05
8 7 1.15
8 7 1.25
8 7 1.35
8 7 1.45
8 7 1.55
8 7 1.65
8 7 1.75
8 7 1.85
8 7 1.95
8 7 2.05
8 7 2.1500001
8 7 2.25
8 7 2.3499999
8 7 2.45
7.9000001 7 -0.44999999
7.9000001 7 -0.34999999
7.9000001 7 -0.25
7.9000001 7 -0.15000001
7.9000001 7 -0.050000001
7.9000001 7 0.050000001
7.9000001 7 0.15000001
7.9000001 7 0.25
7.9000001 7 0.34999999
7.9000001 7 0.44999999
7.9000001 7 0.55000001
7.9000001 7 0.64999998
7.9000001 7 0.75
7.9000001 7 0.85000002
7.9000001 7 0.94999999
7.9000001 7 1.05
7.9000001 7 1.15
7.9000001 7 1.25
7.9000001 7 1.35
7.9000001 7 1.45
7.9000001 7 1.55
7.9000001 7 1.65
7.9000001 7 1.75
7.9000001 7 1.85
7.9000001 7 1.95
7.9000001 7 2.05
7.9000001 7 2.1500001
7.9000001 7 2.25
7.9000001 7 2.3499999
7.9000001 7 2.45
8.1000004 7.0999999 -0.44999999
8.1000004 7.0999999 -0.34999999
8.1000004 7.0999999 -0.25
8.1000004 7.0999999 -0.15000001
8.1000004 7.0999999 -0.050000001
8.1000004 7.0999999 0.050000001
8.1000004 7.0999999 0.15000001
8.1000004 7.0999999 0.25
8.1000004 7.0999999 0.34999999
8.1000004 7.0999999 0.44999999
8.1000004 7.0999999 0.55000001
8.1000004 7.0999999 0.64999998
8.1000004 7.0999999 0.75
8.1000004 7.0999999 0.85000002
8.1000004 7.0999999 0.94999999
8.1000004 7.0999999 1.05
8.1000004 7.0999999 1.15
8.1000004 7.0999999 1.25
8.1000004 7.0999999 1.35
8.1000004 7.0999999 1.45
8.1000004 7.0999999 1.55
8.1000004 7.0999999 1.65
8.1000004 7.0999999 1.75
8.1000004 7.0999999 1.85
8.1000004 7.0999999 1.95
8.1000004 7.0999999 2.05
8.1000004 7.0999999 2.1500001
8.1000004 7.0999999 2.25
8.1000004 7.0999999 2.3499999
8.1000004 7.0999999 2.45
8 7.0999999 -0.44999999
8 7.0999999 -0.34999999
8 7.0999999 -0.25
8 7.0999999 -0.15000001
8 7.0999999 -0.050000001
8 7.0999999 0.050000001
8 7.0999999 0.15000001
8 7.0999999 0.25
8 7.0999999 0.34999999
8 7.0999999 0.44999999
8 7.0999999 0.55000001
8 7.0999999 0.64999998
8 7.0999999 0.75
8 7.0999999 0.85000002
8 7.0999999 0.94999999
8 7.0999999 1.05
8 7.0999999 1.15
8 7.0999999 1.25
8 7.0999999 1.35
8 7.0999999 1.45
8 7.0999999 1.55
8 7.0999999 1.65
8 7.0999999 1.75
8 7.0999999 1.85
8 7.0999999 1.95
8 7.0999999 2.05
8 7.0999999 2.1500001
8 7.0999999 2.25
8 7.0999999 2.3499999
8 7.0999999 2.45
7.9000001 7.0999999 -0.44999999
7.9000001 7.0999999 -0.34999999
7.9000001 7.0999999 -0.25
7.9000001 7.0999999 -0.15000001
7.9000001 7.0999999 -0.050000001
7.9000001 7.0999999 0.050000001
7.9000001 7.0999999 0.15000001
7.9000001 7.0999999 0.25
7.9000001 7.0999999 0.34999999
7.9000001 7.0999999 0.44999999
7.9000001 7.0999999 0.55000001
7.9000001 7.0999999 0.64999998
7.9000001 7.0999999 0.75
7.9000001 7.0999999 0.85000002
7.9000001 7.0999999 0.94999999
7.9000001 7.0999999 1.05
7.9000001 7.0999999 1.15
7.9000001 7.0999999 1.25
7.9000001 7.0999999 1.35
7.9000001 7.0999999 1.45
7.9000001 7.0999999 1.55
7.9000001 7.0999999 1.65
7.9000001 7.0999999 1.75
7.9000001 7.0999999 1.85
7.9000001 7.0999999 1.95
7.9000001 7.0999999 2.05
7.9000001 7.0999999 2.1500001
7.9000001 7.0999999 2.25
7.9000001 7.0999999 2.3499999
7.9000001 7.0999999 2.45
8.1000004 7.1999998 -0.44999999
8.1000004 7.1999998 -0.34999999
8.1000004 7.1999998 -0.25
8.1000004 7.1999998 -0.15000001
8.1000004 7.1999998 -0.050000001
8.1000004 7.1999998 0.050000001
8.1000004 7.1999998 0.15000001
8.1000004 7.1999998 0.25
8.1000004 7.1999998 0.34999999
8.1000004 7.1999998 0.44999999
8.1000004 7.1999998 0.55000001
8.1000004 7.1999998 0.64999998
8.1000004 7.1999998 0.75
8.1000004 7.1999998 0.85000002
8.1000004 7.1999998 0.94999999
8.1000004 7.1999998 1.05
8.1000004 7.1999998 1.15
8.1000004 7.1999998 1.25
8.1000004 7.1999998 1.35
8.1000004 7.1999998 1.45
8.1000004 7.1999998 1.55
8.1000004 7.1999998 1.65
8.1000004 7.1999998 1.75
8.1000004 7.1999998 1.85
8.1000004 7.1999998 1.95
8.1000004 7.1999998 2.05
8.1000004 7.1999998 2.1500001
8.1000004 7.1999998 2.25
8.1000004 7.1999998 2.3499999
8.1000004 7.1999998 2.45
8 7.1999998 -0.44999999
8 7.1999998 -0.34999999
8 7.1999998 -0.25
8 7.1999998 -0.15000001
8 7.1999998 -0.050000001
8 7.1999998 0.050000001
8 7.1999998 0.15000001
8 7.1999998 0.25
8 7.1999998 0.34999999
8 7.1999998 0.44999999
8 7.1999998 0.55000001
8 7.1999998 0.64999998
8 7.1999998 0.75
8 7.1999998 0.85000002
8 7.1999998 0.94999999
8 7.1999998 1.05
8 7.1999998 1.15
8 7.1999998 1.25
8 7.1999998 1.35
8 7.1999998 1.45
8 7.1999998 1.55
8 7.1999998 1.65
8 7.1999998 1.75
8 7.1999998 1.85
8 7.1999998 1.95
8 7.1999998 2.05
8 7.1999998 2.1500001
8 7.1999998 2.25
8 7.1999998 2.3499999
8 7.1999998 2.45
7.9000001 7.1999998 -0.44999999
7.9000001 7.1999998 -0.34999999
7.9000001 7.1999998 -0.25
7.9000001 7.1999998 -0.15000001
7.9000001 7.1999998 -0.050000001
7.9000001 7.1999998 0.050000001
7.9000001 7.1999998 0.15000001
7.9000001 7.1999998 0.25
7.9000001 7.1999998 0.34999999
7.9000001 7.1999998 0.44999999
7.9000001 7.1999998 0.55000001
7.9000001 7.1999998 0.64999998
7.9000001 7.1999998 0.75
7.9000001 7.1999998 0.85000002
7.9000001 7.1999998 0.94999999
7.9000001 7.1999998 1.05
7.9000001 7.1999998 1.15
7.9000001 7.1999998 1.25
7.9000001 7.1999998 1.35
7.9000001 7.1999998 1.45
7.9000001 7.1999998 1.55
7.9000001 7.1999998 1.65
7.9000001 7.1999998 1.75
7.9000001 7.1999998 1.85
7.9000001 7.1999998 1.95
7.9000001 7.1999998 2.05
7.9000001 7.1999998 2.1500001
7.9000001 7.1999998 2.25
7.9000001 7.1999998 2.3499999
7.9000001 7.1999998 2.45
8.1000004 7.3000002 -0.44999999
8.1000004 7.3000002 -0.34999999
8.1000004 7.3000002 -0.25
8.1000004 7.3000002 -0.15000001
8.1000004 7.3000002 -0.050000001
8.1000004 7.3000002 0.050000001
8.1000004 7.3000002 0.15000001
8.1000004 7.3000002 0.25
8.1000004 7.3000002 0.34999999
8.1000004 7.3000002 0.44999999
8.1000004 7.3000002 0.55000001
8.1000004 7.3000002 0.64999998
8.1000004 7.3000002 0.75
8.1000004 7.3000002 0.85000002
8.1000004 7.3000002 0.94999999
8.1000004 7.3000002 1.05
8.1000004 7.3000002 1.15
8.1000004 7.3000002 1.25
8.1000004 7.3000002 1.35
8.1000004 7.3000002 1.45
8.1000004 7.3000002 1.55
8.1000004 7.3000002 1.65
8.1000004 7.3000002 1.75
8.1000004 7.3000002 1.85
8.1000004 7.3000002 1.95
8.1000004 7.3000002 2.05
8.1000004 7.3000002 2.1500001
8.1000004 7.3000002 2.25
8.1000004 7.3000002 2.3499999
8.1000004 7.3000002 2.45
8 7.3000002 -0.44999999
8 7.3000002 -0.34999999
8 7.3000002 -0.25
8 7.3000002 -0.15000001
8 7.3000002 -0.050000001
8 7.3000002 0.050000001
8 7.3000002 0.15000001
8 7.3000002 0.25
8 7.3000002 0.34999999
8 7.3000002 0.44999999
8 7.3000002 0.55000001
8 7.3000002 0.64999998
8 7.3000002 0.75
8 7.3000002 0.85000002
8 7.3000002 0.94999999
8 7.3000002 1.05
8 7.3000002 1.15
8 7.3000002 1.25
8 7.3000002 1.35
8 7.3000002 1.45
8 7.3000002 1.55
8 7.3000002 1.65
8 7.3000002 1.75
8 7.3000002 1.85
8 7.3000002 1.95
8 7.3000002 2.05
8 7.3000002 2.1500001
8 7.3000002 2.25
8 7.3000002 2.3499999
8 7.3000002 2.45
7.9000001 7.3000002 -0.44999999
7.9000001 7.3000002 -0.34999999
7.9000001 7.3000002 -0.25
7.9000001 7.3000002 -0.15000001
7.9000001 7.3000002 -0.050000001
7.9000001 7.3000002 0.050000001
7.9000001 7.3000002 0.15000001
7.9000001 7.3000002 0.25
7.9000001 7.3000002 0.34999999
7.9000001 7.3000002 0.44999999
7.9000001 7.3000002 0.55000001
7.9000001 7.3000002 0.64999998
7.9000001 7.3000002 0.75
7.9000001 7.3000002 0.85000002
7.9000001 7.3000002 0.94999999
7.9000001 7.3000002 1.05
7.9000001 7.3000002 1.15
7.9000001 7.3000002 1.25
7.9000001 7.3000002 1.35
7.9000001 7.3000002 1.45
7.9000001 7.3000002 1.55
7.9000001 7.3000002 1.65
7.9000001 7.3000002 1.75
7.9000001 7.3000002 1.85
7.9000001 7.3000002 1.95
7.9000001 7.3000002 2.05
7.9000001 7.3000002 2.1500001
7.9000001 7.3000002 2.25
7.9000001 7.3000002 2.3499999
7.9000001 7.3000002 2.45
8.1000004 7.4000001 -0.44999999
8.1000004 7.4000001 -0.34999999
8.1000004 7.4000001 -0.25
8.1000004 7.4000001 -0.15000001
8.1000004 7.4000001 -0.050000001
8.1000004 7.4000001 0.050000001
8.1000004 7.4000001 0.15000001
8.1000004 7.4000001 0.25
8.1000004 7.4000001 0.34999999
8.1000004 7.4000001 0.44999999
8.1000004 7.4000001 0.55000001
8.1000004 7.4000001 0.64999998
8.1000004 7.4000001 0.75
8.1000004 7.4000001 0.85000002
8.1000004 7.4000001 0.94999999
8.1000004 7.4000001 1.05
8.1000004 7.4000001 1.15
8.1000004 7.4000001 1.25
8.1000004 7.4000001 1.35
8.1000004 7.4000001 1.45
8.1000004 7.4000001 1.55
8.1000004 7.4000001 1.65
8.1000004 7.4000001 1.75
8.1000004 7.4000001 1.85
8.1000004 7.4000001 1.95
8.1000004 7.4000001 2.05
8.1000004 7.4000001 2.1500001
8.1000004 7.4000001 2.25
8.1000004 7.4000001 2.3499999
8.1000004 7.4000001 2.45
8 7.4000001 -0.44999999
8 7.4000001 -0.34999999
8 7.4000001 -0.25
8 7.4000001 -0.15000001
8 7.4000001 -0.050000001
8 7.4000001 0.050000001
8 7.4000001 0.15000001
8 7.4000001 0.25
8 7.4000001 0.34999999
8 7.4000001 0.44999999
8 7.4000001 0.55000001
8 7.4000001 0.64999998
8 7.4000001 0.75
8 7.4000001 0.85000002
8 7.4000001 0.94999999
8 7.4000001 1.05
8 7.4000001 1.15
8 7.4000001 1.25
8 7.4000001 1.35
8 7.4000001 1.45
8 7.4000001 1.55
8 7.4000001 1.65
8 7.4000001 1.75
8 7.4000001 1.85
8 7.4000001 1.95
8 7.4000001 2.05
8 7.4000001 2.1500001
8 7.4000001 2.25
8 7.4000001 2.3499999
8 7.4000001 2.45
7.9000001 7.4000001 -0.44999999
7.9000001 7.4000001 -0.34999999
7.9000001 7.4000001 -0.25
7.9000001 7.4000001 -0.15000001
7.9000001 7.4000001 -0.050000001
7.9000001 7.4000001 0.050000001
7.9000001 7.4000001 0.15000001
7.9000001 7.4000001 0.25
7.9000001 7.4000001 0.34999999
7.9000001 7.4000001 0.44999999
7.9000001 7.4000001 0.55000001
7.9000001 7.4000001 0.64999998
7.9000001 7.4000001 0.75
7.9000001 7.4000001 0.85000002
7.9000001 7.4000001 0.94999999
7.9000001 7.4000001 1.05
7.9000001 7.4000001 1.15
7.9000001 7.4000001 1.25
7.9000001 7.4000001 1.35
7.9000001 7.4000001 1.45
7.9000001 7.4000001 1.55
7.9000001 7.4000001 1.65
7.9000001 7.4000001 1.75
7.9000001 7.4000001 1.85
7.9000001 7.4000001 1.95
7.9000001 7.4000001 2.05
7.9000001 7.4000001 2.1500001
7.9000001 7.4000001 2.25
7.9000001 7.4000001 2.3499999
7.9000001 7.4000001 2.45
8.1000004 7.5 -0.44999999
8.1000004 7.5 -0.34999999
8.1000004 7.5 -0.25
8.1000004 7.5 -0.15000001
8.1000004 7.5 -0.050000001
8.1000004 7.5 0.050000001
8.1000004 7.5 0.15000001
8.1000004 7.5 0.25
8.1000004 7.5 0.34999999
8.1000004 7.5 0.44999999
8.1000004 7.5 0.55000001
8.1000004 7.5 0.64999998
8.1000004 7.5 0.75
8.1000004 7.5 0.85000002
8.1000004 7.5 0.94999999
8.1000004 7.5 1.05
8.1000004 7.5 1.15
8.1000004 7.5 1.25
8.1000004 7.5 1.35
8.1000004 7.5 1.45
8.1000004 7.5 1.55
8.1000004 7.5 1.65
8.1000004 7.5 1.75
8.1000004 7.5 1.85
8.1000004 7.5 1.95
8.1000004 7.5 2.05
8.1000004 7.5 2.1500001
8.1000004 7.5 2.25
8.1000004 7.5 2.3499999
8.1000004 7.5 2.45
8 7.5 -0.44999999
8 7.5 -0.34999999
8 7.5 -0.25
8 7.5 -0.15000001
8 7.5 -0.050000001
8 7.5 0.050000001
8 7.5 0.15000001
8 7.5 0.25
8 7.5 0.34999999
8 7.5 0.44999999
8 7.5 0.55000001
8 7.5 0.64999998
8 7.5 0.75
8 7.5 0.85000002
8 7.5 0.94999999
8 7.5 1.05
8 7.5 1.15
8 7.5 1.25
8 7.5 1.35
8 7.5 1.45
8 7.5 1.55
8 7.5 1.65
8 7.5 1.75
8 7.5 1.85
8 7.5 1.95
8 7.5 2.05
8 7.5 2.1500001
8 7.5 2.25
8 7.5 2.3499999
8 7.5 2.45
7.9000001 7.5 -0.44999999
7.9000001 7.5 -0.34999999
7.9000001 7.5 -0.25
7.9000001 7.5 -0.15000001
7.9000001 7.5 -0.050000001
7.9000001 7.5 0.050000001
7.9000001 7.5 0.15000001
7.9000001 7.5 0.25
7.9000001 7.5 0.34999999
7.9000001 7.5 0.44999999
7.9000001 7.5 0.55000001
7.9000001 7.5 0.64999998
7.9000001 7.5 0.75
7.9000001 7.5 0.85000002
7.9000001 7.5 0.94999999
7.9000001 7.5 1.05
7.9000001 7.5 1.15
7.9000001 7.5 1.25
7.9000001 7.5 1.35
7.9000001 7.5 1.45
7.9000001 7.5 1.55
7.9000001 7.5 1.65
7.9000001 7.5 1.75
7.9000001 7.5 1.85
7.9000001 7.5 1.95
7.9000001 7.5 2.05
7.9000001 7.5 2.1500001
7.9000001 7.5 2.25
7.9000001 7.5 2.3499999
7.9000001 7.5 2.45
8.1000004 7.5999999 -0.44999999
8.1000004 7.5999999 -0.34999999
8.1000004 7.5999999 -0.25
8.1000004 7.5999999 -0.15000001
8.1000004 7.5999999 -0.050000001
8.1000004 7.5999999 0.050000001
8.1000004 7.5999999 0.15000001
8.1000004 7.5999999 0.25
8.1000004 7.5999999 0.34999999
8.1000004 7.5999999 0.44999999
8.1000004 7.5999999 0.55000001
8.1000004 7.5999999 0.64999998
8.1000004 7.5999999 0.75
8.1000004 7.5999999 0.85000002
8.1000004 7.5999999 0.94999999
8.1000004 7.5999999 1.05
8.1000004 7.5999999 1.15
8.1000004 7.5999999 1.25
8.1000004 7.5999999 1.35
8.1000004 7.5999999 1.45
8.1000004 7.5999999 1.55
8.1000004 7.5999999 1.65
8.1000004 7.5999999 1.75
8.1000004 7.5999999 1.85
8.1000004 7.5999999 1.95
8.1000004 7.5999999 2.05
8.1000004 7.5999999 2.1500001
8.1000004 7.5999999 2.25
8.1000004 7.5999999 2.3499999
8.1000004 7.5999999 2.45
8 7.5999999 -0.44999999
8 7.5999999 -0.34999999
8 7.5999999 -0.25
8 7.5999999 -0.15000001
8 7.5999999 -0.050000001
8 7.5999999 0.050000001
8 7.5999999 0.15000001
8 7.5999999 0.25
8 7.5999999 0.34999999
8 7.5999999 0.44999999
8 7.5999999 0.55000001
8 7.5999999 0.64999998
8 7.5999999 0.75
8 7.5999999 0.85000002
8 7.5999999 0.94999999
8 7.5999999 1.05
8 7.5999999 1.15
8 7.5999999 1.25
8 7.5999999 1.35
8 7.5999999 1.45
8 7.5999999 1.55
8 7.5999999 1.65
8 7.5999999 1.75
8 7.5999999 1.85
8 7.5999999 1.95
8 7.5999999 2.05
8 7.5999999 2.1500001
8 7.5999999 2.25
8 7.5999999 2.3499999
8 7.5999999 2.45
7.9000001 7.5999999 -0.44999999
7.9000001 7.5999999 -0.34999999
7.9000001 7.5999999 -0.25
7.9000001 7.5999999 -0.15000001
7.9000001 7.5999999 -0.050000001
7.9000001 7.5999999 0.050000001
7.9000001 7.5999999 0.15000001
7.9000001 7.5999999 0.25
7.9000001 7.5999999 0.34999999
7.9000001 7.5999999 0.44999999
7.9000001 7.5999999 0.55000001
7.9000001 7.5999999 0.64999998
7.9000001 7.5999999 0.75
7.9000001 7.5999999 0.85000002
7.9000001 7.5999999 0.94999999
7.9000001 7.5999999 1.05
7.9000001 7.5999999 1.15
7.9000001 7.5999999 1.25
7.9000001 7.5999999 1.35
7.9000001 7.5999999 1.45
7.9000001 7.5999999 1.55
7.9000001 7.5999999 1.65
7.9000001 7.5999999 1.75
7.9000001 7.5999999 1.85
7.9000001 7.5999999 1.95
7.9000001 7.5999999 2.05
7.9000001 7.5999999 2.1500001
7.9000001 7.5999999 2.25
7.9000001 7.5999999 2.3499999
7.9000001 7.5999999 2.45
8.1000004 7.6999998 -0.44999999
8.1000004 7.6999998 -0.34999999
8.1000004 7.6999998 -0.25
8.1000004 7.6999998 -0.15000001
8.1000004 7.6999998 -0.050000001
8.1000004 7.6999998 0.050000001
8.1000004 7.6999998 0.15000001
8.1000004 7.6999998 0.25
8.1000004 7.6999998 0.34999999
8.1000004 7.6999998 0.44999999
8.1000004 7.6999998 0.55000001
8.1000004 7.6999998 0.64999998
8.1000004 7.6999998 0.75
8.1000004 7.6999998 0.85000002
8.1000004 7.6999998 0.94999999
8.1000004 7.6999998 1.05
8.1000004 7.6999998 1.15
8.1000004 7.6999998 1.25
8.1000004 7.6999998 1.35
8.1000004 7.6999998 1.45
8.1000004 7.6999998 1.55
8.1000004 7.6999998 1.65
8.1000004 7.6999998 1.75
8.1000004 7.6999998 1.85
8.1000004 7.6999998 1.95
8.1000004 7.6999998 2.05
8.1000004 7.6999998 2.1500001
8.1000004 7.6999998 2.25
8.1000004 7.6999998 2.3499999
8.1000004 7.6999998 2.45
8 7.6999998 -0.44999999
8 7.6999998 -0.34999999
8 7.6999998 -0.25
8 7.6999998 -0.15000001
8 7.6999998 -0.050000001
8 7.6999998 0.050000001
8 7.6999998 0.15000001
8 7.6999998 0.25
8 7.6999998 0.34999999
8 7.6999998 0.44999999
8 7.6999998 0.55000001
8 7.6999998 0.64999998
8 7.6999998 0.75
8 7.6999998 0.85000002
8 7.6999998 0.94999999
8 7.6999998 1.05
8 7.6999998 1.15
8 7.6999998 1.25
8 7.6999998 1.35
8 7.6999998 1.45
8 7.6999998 1.55
8 7.6999998 1.65
8 7.6999998 1.75
8 7.6999998 1.85
8 7.6999998 1.95
8 7.6999998 2.05
8 7.6999998 2.1500001
8 7.6999998 2.25
8 7.6999998 2.3499999
8 7.6999998 2.45
7.9000001 7.6999998 -0.44999999
7.9000001 7.6999998 -0.34999999
7.9000001 7.6999998 -0.25
7.9000001 7.6999998 -0.15000001
7.9000001 7.6999998 -0.050000001
7.9000001 7.6999998 0.050000001
7.9000001 7.6999998 0.15000001
7.9000001 7.6999998 0.25
7.9000001 7.6999998 0.34999999
7.9000001 7.6999998 0.44999999
7.9000001 7.6999998 0.55000001
7.9000001 7.6999998 0.64999998
7.9000001 7.6999998 0.75
7.9000001 7.6999998 0.85000002
7.9000001 7.6999998 0.94999999
7.9000001 7.6999998 1.05
7.9000001 7.6999998 1.15
7.9000001 7.6999998 1.25
7.9000001 7.6999998 1.35
7.9000001 7.6999998 1.45
7.9000001 7.6999998 1.55
7.9000001 7.6999998 1.65
7.9000001 7.6999998 1.75
7.9000001 7.6999998 1.85
7.9000001 7.6999998 1.95
7.9000001 7.6999998 2.05
7.9000001 7.6999998 2.1500001
7.9000001 7.6999998 2.25
7.9000001 7.6999998 2.3499999
7.9000001 7.6999998 2.45
8.1000004 7.8000002 -0.44999999
8.1000004 7.8000002 -0.34999999
8.1000004 7.8000002 -0.25
8.1000004 7.8000002 -0.15000001
8.1000004 7.8000002 -0.050000001
8.1000004 7.8000002 0.050000001
8.1000004 7.8000002 0.15000001
8.1000004 7.8000002 0.25
8.1000004 7.8000002 0.34999999
8.1000004 7.8000002 0.44999999
8.1000004 7.8000002 0.55000001
8.1000004 7.8000002 0.64999998
8.1000004 7.8000002 0.75
8.1000004 7.8000002 0.85000002
8.1000004 7.8000002 0.94999999
8.1000004 7.8000002 1.05
8.1000004 7.8000002 1.15
8.1000004 7.8000002 1.25
8.1000004 7.8000002 1.35
8.1000004 7.8000002 1.45
8.1000004 7.8000002 1.55
8.1000004 7.8000002 1.65
8.1000004 7.8000002 1.75
8.1000004 7.8000002 1.85
8.1000004 7.8000002 1.95
8.1000004 7.8000002 2.05
8.1000004 7.8000002 2.1500001
8.1000004 7.8000002 2.25
8.1000004 7.8000002 2.3499999
8.1000004 7.8000002 2.45
8 7.8000002 -0.44999999
8 7.8000002 -0.34999999
8 7.8000002 -0.25
8 7.8000002 -0.15000001
8 7.8000002 -0.050000001
8 7.8000002 0.050000001
8 7.8000002 0.15000001
8 7.8000002 0.25
8 7.8000002 0.34999999
8 7.8000002 0.44999999
8 7.8000002 0.55000001
8 7.8000002 0.64999998
8 7.8000002 0.75
8 7.8000002 0.85000002
8 7.8000002 0.94999999
8 7.8000002 1.05
8 7.8000002 1.15
8 7.8000002 1.25
8 7.8000002 1.35
8 7.8000002 1.45
8 7.8000002 1.55
8 7.8000002 1.65
8 7.8000002 1.75
8 7.8000002 1.85
8 7.8000002 1.95
8 7.8000002 2.05
8 7.8000002 2.1500001
8 7.8000002 2.25
8 7.8000002 2.3499999
8 7.8000002 2.45
7.9000001 7.8000002 -0.44999999
7.9000001 7.8000002 -0.34999999
7.9000001 7.8000002 -0.25
7.9000001 7.8000002 -0.15000001
7.9000001 7.8000002 -0.050000001
7.9000001 7.8000002 0.050000001
7.9000001 7.8000002 0.15000001
7.9000001 7.8000002 0.25
7.9000001 7.8000002 0.34999999
7.9000001 7.8000002 0.44999999
7.9000001 7.8000002 0.55000001
7.9000001 7.8000002 0.64999998
7.9000001 7.8000002 0.75
7.9000001 7.8000002 0.85000002
7.9000001 7.8000002 0.94999999
7.9000001 7.8000002 1.05
7.9000001 7.8000002 1.15
7.9000001 7.8000002 1.25
7.9000001 7.8000002 1.35
7.9000001 7.8000002 1.45
7.9000001 7.8000002 1.55
7.9000001 7.8000002 1.65
7.9000001 7.8000002 1.75
7.9000001 7.8000002 1.85
7.9000001 7.8000002 1.95
7.9000001 7.8000002 2.05
7.9000001 7.8000002 2.1500001
7.9000001 7.8000002 2.25
7.9000001 7.8000002 2.3499999
7.9000001 7.8000002 2.45
8.1000004 7.9000001 -0.44999999
8.1000004 7.9000001 -0.34999999
8.1000004 7.9000001 -0.25
8.1000004 7.9000001 -0.15000001
8.1000004 7.9000001 -0.050000001
8.1000004 7.9000001 0.050000001
8.1000004 7.9000001 0.15000001
8.1000004 7.9000001 0.25
8.1000004 7.9000001 0.34999999
8.1000004 7.9000001 0.44999999
8.1000004 7.9000001 0.55000001
8.1000004 7.9000001 0.64999998
8.1000004 7.9000001 0.75
8.1000004 7.9000001 0.85000002
8.1000004 7.9000001 0.94999999
8.1000004 7.9000001 1.05
8.1000004 7.9000001 1.15
8.1000004 7.9000001 1.25
8.1000004 7.9000001 1.35
8.1000004 7.9000001 1.45
8.1000004 7.9000001 1.55
8.1000004 7.9000001 1.65
8.1000004 7.9000001 1.75
8.1000004 7.9000001 1.85
8.1000004 7.9000001 1.95
8.1000004 7.9000001 2.05
8.1000004 7.9000001 2.1500001
8.1000004 7.9000001 2.25
8.1000004 7.9000001 2.3499999
8.1000004 7.9000001 2.45
8 7.9000001 -0.44999999
8 7.9000001 -0.34999999
8 7.9000001 -0.25
8 7.9000001 -0.15000001
8 7.9000001 -0.050000001
8 7.9000001 0.050000001
8 7.9000001 0.15000001
8 7.9000001 0.25
8 7.9000001 0.34999999
8 7.9000001 0.44999999
8 7.9000001 0.55000001
8 7.9000001 0.64999998
8 7.9000001 0.75
8 7.9000001 0.85000002
8 7.9000001 0.94999999
8 7.9000001 1.05
8 7.9000001 1.15
8 7.9000001 1.25
8 7.9000001 1.35
8 7.9000001 1.45
8 7.9000001 1.55
8 7.9000001 1.65
8 7.9000001 1.75
8 7.9000001 1.85
8 7.9000001 1.95
8 7.9000001 2.05
8 7.9000001 2.1500001
8 7.9000001 2.25
8 7.9000001 2.3499999
8 7.9000001 2.45
7.9000001 7.9000001 -0.44999999
7.9000001 7.9000001 -0.34999999
7.9000001 7.9000001 -0.25
7.9000001 7.9000001 -0.15000001
7.9000001 7.9000001 -0.050000001
7.9000001 7.9000001 0.050000001
7.9000001 7.9000001 0.15000001
7.9000001 7.9000001 0.25
7.9000001 7.9000001 0.34999999
7.9000001 7.9000001 0.44999999
7.9000001 7.9000001 0.55000001
7.9000001 7.9000001 0.64999998
7.9000001 7.9000001 0.75
7.9000001 7.9000001 0.85000002
7.9000001 7.9000001 0.94999999
7.9000001 7.9000001 1.05
7.9000001 7.9000001 1.15
7.9000001 7.9000001 1.25
7.9000001 7.9000001 1.35
7.9000001 7.9000001 1.45
7.9000001 7.9000001 1.55
7.9000001 7.9000001 1.65
7.9000001 7.9000001 1.75
7.9000001 7.9000001 1.85
7.9000001 7.9000001 1.95
7.9000001 7.9000001 2.05
7.9000001 7.9000001 2.1500001
7.9000001 7.9000001 2.25
7.9000001 7.9000001 2.3499999
7.9000001 7.9000001 2.45
8.1000004 8 -0.44999999
8.1000004 8 -0.34999999
8.1000004 8 -0.25
8.1000004 8 -0.15000001
8.1000004 8 -0.050000001
8.1000004 8 0.050000001
8.1000004 8 0.15000001
8.1000004 8 0.25
8.1000004 8 0.34999999
8.1000004 8 0.44999999
8.1000004 8 0.55000001
8.1000004 8 0.64999998
8.1000004 8 0.75
8.1000004 8 0.85000002
8.1000004 8 0.94999999
8.1000004 8 1.05
8.1000004 8 1.15
8.1000004 8 1.25
8.1000004 8 1.35
8.1000004 8 1.45
8.1000004 8 1.55
8.1000004 8 1.65
8.1000004 8 1.75
8.1000004 8 1.85
8.1000004 8 1.95
8.1000004 8 2.05
8.1000004 8 2.1500001
8.1000004 8 2.25
8.1000004 8 2.3499999
8.1000004 8 2.45
8 8 -0.44999999
8 8 -0.34999999
8 8 -0.25
8 8 -0.15000001
8 8 -0.050000001
8 8 0.050000001
8 8 0.15000001
8 8 0.25
8 8 0.34999999
8 8 0.44999999
8 8 0.55000001
8 8 0.64999998
8 8 0.75
8 8 0.85000002
8 8 0.94999999
8 8 1.05
8 8 1.15
8 8 1.25
8 8 1.35
8 8 1.45
8 8 1.55
8 8 1.65
8 8 1.75
8 8 1.85
8 8 1.95
8 8 2.05
8 8 2.1500001
8 8 2.25
8 8 2.3499999
8 8 2.45
7.9000001 8 -0.44999999
7.9000001 8 -0.34999999
7.9000001 8 -0.25
7.9000001 8 -0.15000001
7.9000001 8 -0.050000001
7.9000001 8 0.050000001
7.9000001 8 0.15000001
7.9000001 8 0.25
7.9000001 8 0.34999999
7.9000001 8 0.44999999
7.9000001 8 0.55000001
7.9000001 8 0.64999998
7.9000001 8 0.75
7.9000001 8 0.85000002
7.9000001 8 0.94999999
7.9000001 8 1.05
7.9000001 8 1.15
7.9000001 8 1.25
7.9000001 8 1.35
7.9000001 8 1.45
7.9000001 8 1.55
7.9000001 8 1.65
7.9000001 8 1.75
7.9000001 8 1.85
7.9000001 8 1.95
7.9000001 8 2.05
7.9000001 8 2.1500001
7.9000001 8 2.25
7.9000001 8 2.3499999
7.9000001 8 2.45
8.1000004 8.1000004 -0.44999999
8.1000004 8.1000004 -0.34999999
8.1000004 8.1000004 -0.25
8.1000004 8.1000004 -0.15000001
8.1000004 8.1000004 -0.050000001
8.1000004 8.1000004 0.050000001
8.1000004 8.1000004 0.15000001
8.1000004 8.1000004 0.25
8.1000004 8.1000004 0.34999999
8.1000004 8.1000004 0.44999999
8.1000004 8.1000004 0.55000001
8.1000004 8.1000004 0.64999998
8.1000004 8.1000004 0.75
8.1000004 8.1000004 0.85000002
8.1000004 8.1000004 0.94999999
8.1000004 8.1000004 1.05
8.1000004 8.1000004 1.15
8.1000004 8.1000004 1.25
8.1000004 8.1000004 1.35
8.1000004 8.1000004 1.45
8.1000004 8.1000004 1.55
8.1000004 8.1000004 1.65
8.1000004 8.1000004 1.75
8.1000004 8.1000004 1.85
8.1000004 8.1000004 1.95
8.1000004 8.1000004 2.05
8.1000004 8.1000004 2.1500001
8.1000004 8.1000004 2.25
8.1000004 8.1000004 2.3499999
8.1000004 8.1000004 2.45
8 8.1000004 -0.44999999
8 8.1000004 -0.34999999
8 8.1000004 -0.25
8 8.1000004 -0.15000001
8 8.1000004 -0.050000001
8 8.1000004 0.050000001
8 8.1000004 0.15000001
8 8.1000004 0.25
8 8.1000004 0.34999999
8 8.1000004 0.44999999
8 8.1000004 0.55000001
8 8.1000004 0.64999998
8 8.1000004 0.75
8 8.1000004 0.85000002
8 8.1000004 0.94999999
8 8.1000004 1.05
8 8.1000004 1.15
8 8.1000004 1.25
8 8.1000004 1.35
8 8.1000004 1.45
8 8.1000004 1.55
8 8.1000004 1.65
8 8.1000004 1.75
8 8.1000004 1.85
8 8.1000004 1.95
8 8.1000004 2.05
8 8.1000004 2.1500001
8 8.1000004 2.25
8 8.1000004 2.3499999
8 8.1000004 2.45
7.9000001 8.1000004 -0.44999999
7.9000001 8.1000004 -0.34999999
7.9000001 8.1000004 -0.25
7.9000001 8.1000004 -0.15000001
7.9000001 8.1000004 -0.050000001
7.9000001 8.1000004 0.050000001
7.9000001 8.1000004 0.15000001
7.9000001 8.1000004 0.25
7.9000001 8.1000004 0.34999999
7.9000001 8.1000004 0.44999999
7.9000001 8.1000004 0.55000001
7.9000001 8.1000004 0.64999998
7.9000001 8.1000004 0.75
7.9000001 8.1000004 0.85000002
7.9000001 8.1000004 0.94999999
7.9000001 8.1000004 1.05
7.9000001 8.1000004 1.15
7.9000001 8.1000004 1.25
7.9000001 8.1000004 1.35
7.9000001 8.1000004 1.45
7.9000001 8.1000004 1.55
7.9000001 8.1000004 1.65
7.9000001 8.1000004 1.75
7.9000001 8.1000004 1.85
7.9000001 8.1000004 1.95
7.9000001 8.1000004 2.05
7.9000001 8.1000004 2.1500001
7.9000001 8.1000004 2.25
7.9000001 8.1000004 2.3499999
7.9000001 8.1000004 2.45
8.1000004 8.1999998 -0.44999999
8.1000004 8.1999998 -0.34999999
8.1000004 8.1999998 -0.25
8.1000004 8.1999998 -0.15000001
8.1000004 8.1999998 -0.050000001
8.1000004 8.1999998 0.050000001
8.1000004 8.1999998 0.15000001
8.1000004 8.1999998 0.25
8.1000004 8.1999998 0.34999999
8.1000004 8.1999998 0.44999999
8.1000004 8.1999998 0.55000001
8.1000004 8.1999998 0.64999998
8.1000004 8.1999998 0.75
8.1000004 8.1999998 0.85000002
8.1000004 8.1999998 0.94999999
8.1000004 8.1999998 1.05
8.1000004 8.1999998 1.15
8.1000004 8.1999998 1.25
8.1000004 8.1999998 1.35
8.1000004 8.1999998 1.45
8.1000004 8.1999998 1.55
8.1000004 8.1999998 1.65
8.1000004 8.1999998 1.75
8.1000004 8.1999998 1.85
8.1000004 8.1999998 1.95
8.1000004 8.1999998 2.05
8.1000004 8.1999998 2.1500001
8.1000004 8.1999998 2.25
8.1000004 8.1999998 2.3499999
8.1000004 8.1999998 2.45
8 8.1999998 -0.44999999
8 8.1999998 -0.34999999
8 8.1999998 -0.25
8 8.1999998 -0.15000001
8 8.1999998 -0.050000001
8 8.1999998 0.050000001
8 8.1999998 0.15000001
8 8.1999998 0.25
8 8.1999998 0.34999999
8 8.1999998 0.44999999
8 8.1999998 0.55000001
8 8.1999998 0.64999998
8 8.1999998 0.75
8 8.1999998 0.85000002
8 8.1999998 0.94999999
8 8.1999998 1.05
8 8.1999998 1.15
8 8.1999998 1.25
8 8.1999998 1.35
8 8.1999998 1.45
8 8.1999998 1.55
8 8.1999998 1.65
8 8.1999998 1.75
8 8.1999998 1.85
8 8.1999998 1.95
8 8.1999998 2.05
8 8.1999998 2.1500001
8 8.1999998 2.25
8 8.1999998 2.3499999
8 8.1999998 2.45
7.9000001 8.1999998 -0.44999999
7.9000001 8.1999998 -0.34999999
7.9000001 8.1999998 -0.25
7.9000001 8.1999998 -0.15000001
7.9000001 8.1999998 -0.050000001
7.9000001 8.1999998 0.050000001
7.9000001 8.1999998 0.15000001
7.9000001 8.1999998 0.25
7.9000001 8.1999998 0.34999999
7.9000001 8.1999998 0.44999999
7.9000001 8.1999998 0.55000001
7.9000001 8.1999998 0.64999998
7.9000001 8.1999998 0.75
7.9000001 8.1999998 0.85000002
7.9000001 8.1999998 0.94999999
7.9000001 8.1999998 1.05
7.9000001 8.1999998 1.15
7.9000001 8.1999998 1.25
7.9000001 8.1999998 1.35
7.9000001 8.1999998 1.45
7.9000001 8.1999998 1.55
7.9000001 8.1999998 1.65
7.9000001 8.1999998 1.75
7.9000001 8.1999998 1.85
7.9000001 8.1999998 1.95
7.9000001 8.1999998 2.05
7.9000001 8.1999998 2.1500001
7.9000001 8.1999998 2.25
7.9000001 8.1999998 2.3499999
7.9000001 8.1999998 2.45
8.1000004 8.3000002 -0.44999999
8.1000004 8.3000002 -0.34999999
8.1000004 8.3000002 -0.25
8.1000004 8.3000002 -0.15000001
8.1000004 8.3000002 -0.050000001
8.1000004 8.3000002 0.050000001
8.1000004 8.3000002 0.15000001
8.1000004 8.3000002 0.25
8.1000004 8.3000002 0.34999999
8.1000004 8.3000002 0.44999999
8.1000004 8.3000002 0.55000001
8.1000004 8.3000002 0.64999998
8.1000004 8.3000002 0.75
8.1000004 8.3000002 0.85000002
8.1000004 8.3000002 0.94999999
8.1000004 8.3000002 1.05
8.1000004 8.3000002 1.15
8.1000004 8.3000002 1.25
8.1000004 8.3000002 1.35
8.1000004 8.3000002 1.45
8.1000004 8.3000002 1.55
8.1000004 8.3000002 1.65
8.1000004 8.3000002 1.75
8.1000004 8.3000002 1.85
8.1000004 8.3000002 1.95
8.1000004 8.3000002 2.05
8.1000004 8.3000002 2.1500001
8.1000004 8.3000002 2.25
8.1000004 8.3000002 2.3499999
8.1000004 8.3000002 2.45
8 8.3000002 -0.44999999
8 8.3000002 -0.34999999
8 8.3000002 -0.25
8 8.3000002 -0.15000001
8 8.3000002 -0.050000001
8 8.3000002 0.050000001
8 8.3000002 0.15000001
8 8.3000002 0.25
8 8.3000002 0.34999999
8 8.3000002 0.44999999
8 8.3000002 0.55000001
8 8.3000002 0.64999998
8 8.3000002 0.75
8 8.3000002 0.85000002
8 8.3000002 0.94999999
8 8.3000002 1.05
8 8.3000002 1.15
8 8.3000002 1.25
8 8.3000002 1.35
8 8.3000002 1.45
8 8.3000002 1.55
8 8.3000002 1.65
8 8.3000002 1.75
8 8.3000002 1.85
8 8.3000002 1.95
8 8.3000002 2.05
8 8.3000002 2.1500001
8 8.3000002 2.25
8 8.3000002 2.3499999
8 8.3000002 2.45
7.9000001 8.3000002 -0.44999999
7.9000001 8.3000002 -0.34999999
7.9000001 8.3000002 -0.25
7.9000001 8.3000002 -0.15000001
7.9000001 8.3000002 -0.050000001
7.9000001 8.3000002 0.050000001
7.9000001 8.3000002 0.15000001
7.9000001 8.3000002 0.25
7.9000001 8.3000002 0.34999999
7.9000001 8.3000002 0.44999999
7.9000001 8.3000002 0.55000001
7.9000001 8.3000002 0.64999998
7.9000001 8.3000002 0.75
7.9000001 8.3000002 0.85000002
7.9000001 8.3000002 0.94999999
7.9000001 8.3000002 1.05
7.9000001 8.3000002 1.15
7.9000001 8.3000002 1.25
7.9000001 8.3000002 1.35
7.9000001 8.3000002 1.45
7.9000001 8.3000002 1.55
7.9000001 8.3000002 1.65
7.9000001 8.3000002 1.75
7.9000001 8.3000002 1.85
7.9000001 8.3000002 1.95
7.9000001 8.3000002 2.05
7.9000001 8.3000002 2.1500001
7.9000001 8.3000002 2.25
7.9000001 8.3000002 2.3499999
7.9000001 8.3000002 2.45
8.1000004 8.3999996 -0.44999999
8.1000004 8.3999996 -0.34999999
8.1000004 8.3999996 -0.25
8.1000004 8.3999996 -0.15000001
8.1000004 8.3999996 -0.050000001
8.1000004 8.3999996 0.050000001
8.1000004 8.3999996 0.15000001
8.1000004 8.3999996 0.25
8.1000004 8.3999996 0.34999999
8.1000004 8.3999996 0.44999999
8.1000004 8.3999996 0.55000001
8.1000004 8.3999996 0.64999998
8.1000004 8.3999996 0.75
8.1000004 8.3999996 0.85000002
8.1000004 8.3999996 0.94999999
8.1000004 8.3999996 1.05
8.1000004 8.3999996 1.15
8.1000004 8.3999996 1.25
8.1000004 8.3999996 1.35
8.1000004 8.3999996 1.45
8.1000004 8.3999996 1.55
8.1000004 8.3999996 1.65
8.1000004 8.3999996 1.75
8.1000004 8.3999996 1.85
8.1000004 8.3999996 1.95
8.1000004 8.3999996 2.05
8.1000004 8.3999996 2.1500001
8.1000004 8.3999996 2.25
8.1000004 8.3999996 2.3499999
8.1000004 8.3999996 2.45
8 8.3999996 -0.44999999
8 8.3999996 -0.34999999
8 8.3999996 -0.25
8 8.3999996 -0.15000001
8 8.3999996 -0.050000001
8 8.3999996 0.050000001
8 8.3999996 0.15000001
8 8.3999996 0.25
8 8.3999996 0.34999999
8 8.3999996 0.44999999
8 8.3999996 0.55000001
8 8.3999996 0.64999998
8 8.3999996 0.75
8 8.3999996 0.85000002
8 8.3999996 0.94999999
8 8.3999996 1.05
8 8.3999996 1.15
8 8.3999996 1.25
8 8.3999996 1.35
8 8.3999996 1.45
8 8.3999996 1.55
8 8.3999996 1.65
8 8.3999996 1.75
8 8.3999996 1.85
8 8.3999996 1.95
8 8.3999996 2.05
8 8.3999996 2.1500001
8 8.3999996 2.25
8 8.3999996 2.3499999
8 8.3999996 2.45
7.9000001 8.3999996 -0.44999999
7.9000001 8.3999996 -0.34999999
7.9000001 8.3999996 -0.25
7.9000001 8.3999996 -0.15000001
7.9000001 8.3999996 -0.050000001
7.9000001 8.3999996 0.050000001
7.9000001 8.3999996 0.15000001
7.9000001 8.3999996 0.25
7.9000001 8.3999996 0.34999999
7.9000001 8.3999996 0.44999999
7.9000001 8.3999996 0.55000001
7.9000001 8.3999996 0.64999998
7.9000001 8.3999996 0.75
7.9000001 8.3999996 0.85000002
7.9000001 8.3999996 0.94999999
7.9000001 8.3999996 1.05
7.9000001 8.3999996 1.15
7.9000001 8.3999996 1.25
7.9000001 8.3999996 1.35
7.9000001 8.3999996 1.45
7.9000001 8.3999996 1.55
7.9000001 8.3999996 1.65
7.9000001 8.3999996 1.75
7.9000001 8.3999996 1.85
7.9000001 8.3999996 1.95
7.9000001 8.3999996 2.05
7.9000001 8.3999996 2.1500001
7.9000001 8.3999996 2.25
7.9000001 8.3999996 2.3499999
7.9000001 8.3999996 2.45
8.1000004 8.5 -0.44999999
8.1000004 8.5 -0.34999999
8.1000004 8.5 -0.25
8.1000004 8.5 -0.15000001
8.1000004 8.5 -0.050000001
8.1000004 8.5 0.050000001
8.1000004 8.5 0.15000001
8.1000004 8.5 0.25
8.1000004 8.5 0.34999999
8.1000004 8.5 0.44999999
8.1000004 8.5 0.55000001
8.1000004 8.5 0.64999998
8.1000004 8.5 0.75
8.1000004 8.5 0.85000002
8.1000004 8.5 0.94999999
8.1000004 8.5 1.05
8.1000004 8.5 1.15
8.1000004 8.5 1.25
8.1000004 8.5 1.35
8.1000004 8.5 1.45
8.1000004 8.5 1.55
8.1000004 8.5 1.65
8.1000004 8.5 1.75
8.1000004 8.5 1.85
8.1000004 8.5 1.95
8.1000004 8.5 2.05
8.1000004 8.5 2.1500001
8.1000004 8.5 2.25
8.1000004 8.5 2.3499999
8.1000004 8.5 2.45
8 8.5 -0.44999999
8 8.5 -0.34999999
8 8.5 -0.25
8 8.5 -0.15000001
8 8.5 -0.050000001
8 8.5 0.050000001
8 8.5 0.15000001
8 8.5 0.25
8 8.5 0.34999999
8 8.5 0.44999999
8 8.5 0.55000001
8 8.5 0.64999998
8 8.5 0.75
8 8.5 0.85000002
8 8.5 0.94999999
8 8.5 1.05
8 8.5 1.15
8 8.5 1.25
8 8.5 1.35
8 8.5 1.45
8 8.5 1.55
8 8.5 1.65
8 8.5 1.75
8 8.5 1.85
8 8.5 1.95
8 8.5 2.05
8 8.5 2.1500001
8 8.5 2.25
8 8.5 2.3499999
8 8.5 2.45
7.9000001 8.5 -0.44999999
7.9000001 8.5 -0.34999999
7.9000001 8.5 -0.25
7.9000001 8.5 -0.15000001
7.9000001 8.5 -0.050000001
7.9000001 8.5 0.050000001
7.9000001 8.5 0.15000001
7.9000001 8.5 0.25
7.9000001 8.5 0.34999999
7.9000001 8.5 0.44999999
7.9000001 8.5 0.55000001
7.9000001 8.5 0.64999998
7.9000001 8.5 0.75
7.9000001 8.5 0.85000002
7.9000001 8.5 0.94999999
7.9000001 8.5 1.05
7.9000001 8.5 1.15
7.9000001 8.5 1.25
7.9000001 8.5 1.35
7.9000001 8.5 1.45
7.9000001 8.5 1.55
7.9000001 8.5 1.65
7.9000001 8.5 1.75
7.9000001 8.5 1.85
7.9000001 8.5 1.95
7.9000001 8.5 2.05
7.9000001 8.5 2.1500001
7.9000001 8.5 2.25
7.9000001 8.5 2.3499999
7.9000001 8.5 2.45
8.1000004 8.6000004 -0.44999999
8.1000004 8.6000004 -0.34999999
8.1000004 8.6000004 -0.25
8.1000004 8.6000004 -0.15000001
8.1000004 8.6000004 -0.050000001
8.1000004 8.6000004 0.050000001
8.1000004 8.6000004 0.15000001
8.1000004 8.6000004 0.25
8.1000004 8.6000004 0.34999999
8.1000004 8.6000004 0.44999999
8.1000004 8.6000004 0.55000001
8.1000004 8.6000004 0.64999998
8.1000004 8.6000004 0.75
8.1000004 8.6000004 0.85000002
8.1000004 8.6000004 0.94999999
8.1000004 8.6000004 1.05
8.1000004 8.6000004 1.15
8.1000004 8.6000004 1.25
8.1000004 8.6000004 1.35
8.1000004 8.6000004 1.45
8.1000004 8.6000004 1.55
8.1000004 8.6000004 1.65
8.1000004 8.6000004 1.75
8.1000004 8.6000004 1.85
8.1000004 8.6000004 1.95
8.1000004 8.6000004 2.05
8.1000004 8.6000004 2.1500001
8.1000004 8.6000004 2.25
8.1000004 8.6000004 2.3499999
8.1000004 8.6000004 2.45
8 8.6000004 -0.44999999
8 8.6000004 -0.34999999
8 8.6000004 -0.25
8 8.6000004 -0.15000001
8 8.6000004 -0.050000001
8 8.6000004 0.050000001
8 8.6000004 0.15000001
8 8.6000004 0.25
8 8.6000004 0.34999999
8 8.6000004 0.44999999
8 8.6000004 0.55000001
8 8.6000004 0.64999998
8 8.6000004 0.75
8 8.6000004 0.85000002
8 8.6000004 0.94999999
8 8.6000004 1.05
8 8.6000004 1.15
8 8.6000004 1.25
8 8.6000004 1.35
8 8.6000004 1.45
8 8.6000004 1.55
8 8.6000004 1.65
8 8.6000004 1.75
8 8.6000004 1.85
8 8.6000004 1.95
8 8.6000004 2.05
8 8.6000004 2.1500001
8 8.6000004 2.25
8 8.6000004 2.3499999
8 8.6000004 2.45
7.9000001 8.6000004 -0.44999999
7.9000001 8.6000004 -0.34999999
7.9000001 8.6000004 -0.25
7.9000001 8.6000004 -0.15000001
7.9000001 8.6000004 -0.050000001
7.9000001 8.6000004 0.050000001
7.9000001 8.6000004 0.15000001
7.9000001 8.6000004 0.25
7.9000001 8.6000004 0.34999999
7.9000001 8.6000004 0.44999999
7.9000001 8.6000004 0.55000001
7.9000001 8.6000004 0.64999998
7.9000001 8.6000004 0.75
7.9000001 8.6000004 0.85000002
7.9000001 8.6000004 0.94999999
7.9000001 8.6000004 1.05
7.9000001 8.6000004 1.15
7.9000001 8.6000004 1.25
7.9000001 8.6000004 1.35
7.9000001 8.6000004 1.45
7.9000001 8.6000004 1.55
7.9000001 8.6000004 1.65
7.9000001 8.6000004 1.75
7.9000001 8.6000004 1.85
7.9000001 8.6000004 1.95
7.9000001 8.6000004 2.05
7.9000001 8.6000004 2.1500001
7.9000001 8.6000004 2.25
7.9000001 8.6000004 2.3499999
7.9000001 8.6000004 2.45
8.1000004 8.6999998 -0.44999999
8.1000004 8.6999998 -0.34999999
8.1000004 8.6999998 -0.25
8.1000004 8.6999998 -0.15000001
8.1000004 8.6999998 -0.050000001
8.1000004 8.6999998 0.050000001
8.1000004 8.6999998 0.15000001
8.1000004 8.6999998 0.25
8.1000004 8.6999998 0.34999999
8.1000004 8.6999998 0.44999999
8.1000004 8.6999998 0.55000001
8.1000004 8.6999998 0.64999998
8.1000004 8.6999998 0.75
8.1000004 8.6999998 0.85000002
8.1000004 8.6999998 0.94999999
8.1000004 8.6999998 1.05
8.1000004 8.6999998 1.15
8.1000004 8.6999998 1.25
8.1000004 8.6999998 1.35
8.1000004 8.6999998 1.45
8.1000004 8.6999998 1.55
8.1000004 8.6999998 1.65
8.1000004 8.6999998 1.75
8.1000004 8.6999998 1.85
8.1000004 8.6999998 1.95
8.1000004 8.6999998 2.05
8.1000004 8.6999998 2.1500001
8.1000004 8.6999998 2.25
8.1000004 8.6999998 2.3499999
8.1000004 8.6999998 2.45
8 8.6999998 -0.44999999
8 8.6999998 -0.34999999
8 8.6999998 -0.25
8 8.6999998 -0.15000001
8 8.6999998 -0.050000001
8 8.6999998 0.050000001
8 8.6999998 0.15000001
8 8.6999998 0.25
8 8.6999998 0.34999999
8 8.6999998 0.44999999
8 8.6999998 0.55000001
8 8.6999998 0.64999998
8 8.6999998 0.75
8 8.6999998 0.85000002
8 8.6999998 0.94999999
8 8.6999998 1.05
8 8.6999998 1.15
8 8.6999998 1.25
8 8.6999998 1.35
8 8.6999998 1.45
8 8.6999998 1.55
8 8.6999998 1.65
8 8.6999998 1.75
8 8.6999998 1.85
8 8.6999998 1.95
8 8.6999998 2.05
8 8.6999998 2.1500001
8 8.6999998 2.25
8 8.6999998 2.3499999
8 8.6999998 2.45
7.9000001 8.6999998 -0.44999999
7.9000001 8.6999998 -0.34999999
7.9000001 8.6999998 -0.25
7.9000001 8.6999998 -0.15000001
7.9000001 8.6999998 -0.050000001
7.9000001 8.6999998 0.050000001
7.9000001 8.6999998 0.15000001
7.9000001 8.6999998 0.25
7.9000001 8.6999998 0.34999999
7.9000001 8.6999998 0.44999999
7.9000001 8.6999998 0.55000001
7.9000001 8.6999998 0.64999998
7.9000001 8.6999998 0.75
7.9000001 8.6999998 0.85000002
7.9000001 8.6999998 0.94999999
7.9000001 8.6999998 1.05
7.9000001 8.6999998 1.15
7.9000001 8.6999998 1.25
7.9000001 8.6999998 1.35
7.9000001 8.6999998 1.45
7.9000001 8.6999998 1.55
7.9000001 8.6999998 1.65
7.9000001 8.6999998 1.75
7.9000001 8.6999998 1.85
7.9000001 8.6999998 1.95
7.9000001 8.6999998 2.05
7.9000001 8.6999998 2.1500001
7.9000001 8.6999998 2.25
7.9000001 8.6999998 2.3499999
7.9000001 8.6999998 2.45
8.1000004 8.8000002 -0.44999999
8.1000004 8.8000002 -0.34999999
8.1000004 8.8000002 -0.25
8.1000004 8.8000002 -0.15000001
8.1000004 8.8000002 -0.050000001
8.1000004 8.8000002 0.050000001
8.1000004 8.8000002 0.15000001
8.1000004 8.8000002 0.25
8.1000004 8.8000002 0.34999999
8.1000004 8.8000002 0.44999999
8.1000004 8.8000002 0.55000001
8.1000004 8.8000002 0.64999998
8.1000004 8.8000002 0.75
8.1000004 8.8000002 0.85000002
8.1000004 8.8000002 0.94999999
8.1000004 8.8000002 1.05
8.1000004 8.8000002 1.15
8.1000004 8.8000002 1.25
8.1000004 8.8000002 1.35
8.1000004 8.8000002 1.45
8.1000004 8.8000002 1.55
8.1000004 8.8000002 1.65
8.1000004 8.8000002 1.75
8.1000004 8.8000002 1.85
8.1000004 8.8000002 1.95
8.1000004 8.8000002 2.05
8.1000004 8.8000002 2.1500001
8.1000004 8.8000002 2.25
8.1000004 8.8000002 2.3499999
8.1000004 8.8000002 2.45
8 8.8000002 -0.44999999
8 8.8000002 -0.34999999
8 8.8000002 -0.25
8 8.8000002 -0.15000001
8 8.8000002 -0.050000001
8 8.8000002 0.050000001
8 8.8000002 0.15000001
8 8.8000002 0.25
8 8.8000002 0.34999999
8 8.8000002 0.44999999
8 8.8000002 0.55000001
8 8.8000002 0.64999998
8 8.8000002 0.75
8 8.8000002 0.85000002
8 8.8000002 0.94999999
8 8.8000002 1.05
8 8.8000002 1.15
8 8.8000002 1.25
8 8.8000002 1.35
8 8.8000002 1.45
8 8.8000002 1.55
8 8.8000002 1.65
8 8.8000002 1.75
8 8.8000002 1.85
8 8.8000002 1.95
8 8.8000002 2.05
8 8.8000002 2.1500001
8 8.8000002 2.25
8 8.8000002 2.3499999
8 8.8000002 2.45
7.9000001 8.8000002 -0.44999999
7.9000001 8.8000002 -0.34999999
7.9000001 8.8000002 -0.25
7.9000001 8.8000002 -0.15000001
7.9000001 8.8000002 -0.050000001
7.9000001 8.8000002 0.050000001
7.9000001 8.8000002 0.15000001
7.9000001 8.8000002 0.25
7.9000001 8.8000002 0.34999999
7.9000001 8.8000002 0.44999999
7.9000001 8.8000002 0.55000001
7.9000001 8.8000002 0.64999998
7.9000001 8.8000002 0.75
7.9000001 8.8000002 0.85000002
7.9000001 8.8000002 0.94999999
7.9000001 8.8000002 1.05
7.9000001 8.8000002 1.15
7.9000001 8.8000002 1.25
7.9000001 8.8000002 1.35
7.9000001 8.8000002 1.45
7.9000001 8.8000002 1.55
7.9000001 8.8000002 1.65
7.9000001 8.8000002 1.75
7.9000001 8.8000002 1.85
7.9000001 8.8000002 1.95
7.9000001 8.8000002 2.05
7.9000001 8.8000002 2.1500001
7.9000001 8.8000002 2.25
7.9000001 8.8000002 2.3499999
7.9000001 8.8000002 2.45
8.1000004 8.8999996 -0.44999999
8.1000004 8.8999996 -0.34999999
8.1000004 8.8999996 -0.25
8.1000004 8.8999996 -0.15000001
8.1000004 8.8999996 -0.050000001
8.1000004 8.8999996 0.050000001
8.1000004 8.8999996 0.15000001
8.1000004 8.8999996 0.25
8.1000004 8.8999996 0.34999999
8.1000004 8.8999996 0.44999999
8.1000004 8.8999996 0.55000001
8.1000004 8.8999996 0.64999998
8.1000004 8.8999996 0.75
8.1000004 8.8999996 0.85000002
8.1000004 8.8999996 0.94999999
8.1000004 8.8999996 1.05
8.1000004 8.8999996 1.15
8.1000004 8.8999996 1.25
8.1000004 8.8999996 1.35
8.1000004 8.8999996 1.45
8.1000004 8.8999996 1.55
8.1000004 8.8999996 1.65
8.1000004 8.8999996 1.75
8.1000004 8.8999996 1.85
8.1000004 8.8999996 1.95
8.1000004 8.8999996 2.05
8.1000004 8.8999996 2.1500001
8.1000004 8.8999996 2.25
8.1000004 8.8999996 2.3499999
8.1000004 8.8999996 2.45
8 8.8999996 -0.44999999
8 8.8999996 -0.34999999
8 8.8999996 -0.25
8 8.8999996 -0.15000001
8 8.8999996 -0.050000001
8 8.8999996 0.050000001
8 8.8999996 0.15000001
8 8.8999996 0.25
8 8.8999996 0.34999999
8 8.8999996 0.44999999
8 8.8999996 0.55000001
8 8.8999996 0.64999998
8 8.8999996 0.75
8 8.8999996 0.85000002
8 8.8999996 0.94999999
8 8.8999996 1.05
8 8.8999996 1.15
8 8.8999996 1.25
8 8.8999996 1.35
8 8.8999996 1.45
8 8.8999996 1.55
8 8.8999996 1.65
8 8.8999996 1.75
8 8.8999996 1.85
8 8.8999996 1.95
8 8.8999996 2.05
8 8.8999996 2.1500001
8 8.8999996 2.25
8 8.8999996 2.3499999
8 8.8999996 2.45
7.9000001 8.8999996 -0.44999999
7.9000001 8.8999996 -0.34999999
7.9000001 8.8999996 -0.25
7.9000001 8.8999996 -0.15000001
7.9000001 8.8999996 -0.050000001
7.9000001 8.8999996 0.050000001
7.9000001 8.8999996 0.15000001
7.9000001 8.8999996 0.25
7.9000001 8.8999996 0.34999999
7.9000001 8.8999996 0.44999999
7.9000001 8.8999996 0.55000001
7.9000001 8.8999996 0.64999998
7.9000001 8.8999996 0.75
7.9000001 8.8999996 0.85000002
7.9000001 8.8999996 0.94999999
7.9000001 8.8999996 1.05
7.9000001 8.8999996 1.15
7.9000001 8.8999996 1.25
7.9000001 8.8999996 1.35
7.9000001 8.8999996 1.45
7.9000001 8.8999996 1.55
7.9000001 8.8999996 1.65
7.9000001 8.8999996 1.75
7.9000001 8.8999996 1.85
7.9000001 8.8999996 1.95
7.9000001 8.8999996 2.05
7.9000001 8.8999996 2.1500001
7.9000001 8.8999996 2.25
7.9000001 8.8999996 2.3499999
7.9000001 8.8999996 2.45
8.1000004 9 -0.44999999
8.1000004 9 -0.34999999
8.1000004 9 -0.25
8.1000004 9 -0.15000001
8.1000004 9 -0.050000001
8.1000004 9 0.050000001
8.1000004 9 0.15000001
8.1000004 9 0.25
8.1000004 9 0.34999999
8.1000004 9 0.44999999
8.1000004 9 0.55000001
8.1000004 9 0.64999998
8.1000004 9 0.75
8.1000004 9 0.85000002
8.1000004 9 0.94999999
8.1000004 9 1.05
8.1000004 9 1.15
8.1000004 9 1.25
8.1000004 9 1.35
8.1000004 9 1.45
8.1000004 9 1.55
8.1000004 9 1.65
8.1000004 9 1.75
8.1000004 9 1.85
8.1000004 9 1.95
8.1000004 9 2.05
8.1000004 9 2.1500001
8.1000004 9 2.25
8.1000004 9 2.3499999
8.1000004 9 2.45
8 9 -0.44999999
8 9 -0.34999999
8 9 -0.25
8 9 -0.15000001
8 9 -0.050000001
8 9 0.050000001
8 9 0.15000001
8 9 0.25
8 9 0.34999999
8 9 0.44999999
8 9 0.55000001
8 9 0.64999998
8 9 0.75
8 9 0.85000002
8 9 0.94999999
8 9 1.05
8 9 1.15
8 9 1.25
8 9 1.35
8 9 1.45
8 9 1.55
8 9 1.65
8 9 1.75
8 9 1.85
8 9 1.95
8 9 2.05
8 9 2.1500001
8 9 2.25
8 9 2.3499999
8 9 2.45
7.9000001 9 -0.44999999
7.9000001 9 -0.34999999
7.9000001 9 -0.25
7.9000001 9 -0.15000001
7.9000001 9 -0.050000001
7.9000001 9 0.050000001
7.9000001 9 0.15000001
7.9000001 9 0.25
7.9000001 9 0.34999999
7.9000001 9 0.44999999
7.9000001 9 0.55000001
7.9000001 9 0.64999998
7.9000001 9 0.75
7.9000001 9 0.85000002
7.9000001 9 0.94999999
7.9000001 9 1.05
7.9000001 9 1.15
7.9000001 9 1.25
7.9000001 9 1.35
7.9000001 9 1.45
7.9000001 9 1.55
7.9000001 9 1.65
7.9000001 9 1.75
7.9000001 9 1.85
7.9000001 9 1.95
7.9000001 9 2.05
7.9000001 9 2.1500001
7.9000001 9 2.25
7.9000001 9 2.3499999
7.9000001 9 2.45
8.1000004 9.1000004 -0.44999999
8.1000004 9.1000004 -0.34999999
8.1000004 9.1000004 -0.25
8.1000004 9.1000004 -0.15000001
8.1000004 9.1000004 -0.050000001
8.1000004 9.1000004 0.050000001
8.1000004 9.1000004 0.15000001
8.1000004 9.1000004 0.25
8.1000004 9.1000004 0.34999999
8.1000004 9.1000004 0.44999999
8.1000004 9.1000004 0.55000001
8.1000004 9.1000004 0.64999998
8.1000004 9.1000004 0.75
8.1000004 9.1000004 0.85000002
8.1000004 9.1000004 0.94999999
8.1000004 9.1000004 1.05
8.1000004 9.1000004 1.15
8.1000004 9.1000004 1.25
8.1000004 9.1000004 1.35
8.1000004 9.1000004 1.45
8.1000004 9.1000004 1.55
8.1000004 9.1000004 1.65
8.1000004 9.1000004 1.75
8.1000004 9.1000004 1.85
8.1000004 9.1000004 1.95
8.1000004 9.1000004 2.05
8.1000004 9.1000004 2.1500001
8.1000004 9.1000004 2.25
8.1000004 9.1000004 2.3499999
8.1000004 9.1000004 2.45
8 9.1000004 -0.44999999
8 9.1000004 -0.34999999
8 9.1000004 -0.25
8 9.1000004 -0.15000001
8 9.1000004 -0.050000001
8 9.1000004 0.050000001
8 9.1000004 0.15000001
8 9.1000004 0.25
8 9.1000004 0.34999999
8 9.1000004 0.44999999
8 9.1000004 0.55000001
8 9.1000004 0.64999998
8 9.1000004 0.75
8 9.1000004 0.85000002
8 9.1000004 0.94999999
8 9.1000004 1.05
8 9.1000004 1.15
8 9.1000004 1.25
8 9.1000004 1.35
8 9.1000004 1.45
8 9.1000004 1.55
8 9.1000004 1.65
8 9.1000004 1.75
8 9.1000004 1.85
8 9.1000004 1.95
8 9.1000004 2.05
8 9.1000004 2.1500001
8 9.1000004 2.25
8 9.1000004 2.3499999
8 9.1000004 2.45
7.9000001 9.1000004 -0.44999999
7.9000001 9.1000004 -0.34999999
7.9000001 9.1000004 -0.25
7.9000001 9.1000004 -0.15000001
7.9000001 9.1000004 -0.050000001
7.9000001 9.1000004 0.050000001
7.9000001 9.1000004 0.15000001
7.9000001 9.1000004 0.25
7.9000001 9.1000004 0.34999999
7.9000001 9.1000004 0.44999999
7.9000001 9.1000004 0.55000001
7.9000001 9.1000004 0.64999998
7.9000001 9.1000004 0.75
7.9000001 9.1000004 0.85000002
7.9000001 9.1000004 0.94999999
7.9000001 9.1000004 1.05
7.9000001 9.1000004 1.15
7.9000001 9.1000004 1.25
7.9000001 9.1000004 1.35
7.9000001 9.1000004 1.45
7.9000001 9.1000004 1.55
7.9000001 9.1000004 1.65
7.9000001 9.1000004 1.75
7.9000001 9.1000004 1.85
7.9000001 9.1000004 1.95
7.9000001 9.1000004 2.05
7.9000001 9.1000004 2.1500001
7.9000001 9.1000004 2.25
7.9000001 9.1000004 2.3499999
7.9000001 9.1000004 2.45
8.1000004 9.1999998 -0.44999999
8.1000004 9.1999998 -0.34999999
8.1000004 9.1999998 -0.25
8.1000004 9.1999998 -0.15000001
8.1000004 9.1999998 -0.050000001
8.1000004 9.1999998 0.050000001
8.1000004 9.1999998 0.15000001
8.1000004 9.1999998 0.25
8.1000004 9.1999998 0.34999999
8.1000004 9.1999998 0.44999999
8.1000004 9.1999998 0.55000001
8.1000004 9.1999998 0.64999998
8.1000004 9.1999998 0.75
8.1000004 9.1999998 0.85000002
8.1000004 9.1999998 0.94999999
8.1000004 9.1999998 1.05
8.1000004 9.1999998 1.15
8.1000004 9.1999998 1.25
8.1000004 9.1999998 1.35
8.1000004 9.1999998 1.45
8.1000004 9.1999998 1.55
8.1000004 9.1999998 1.65
8.1000004 9.1999998 1.75
8.1000004 9.1999998 1.85
8.1000004 9.1999998 1.95
8.1000004 9.1999998 2.05
8.1000004 9.1999998 2.1500001
8.1000004 9.1999998 2.25
8.1000004 9.1999998 2.3499999
8.1000004 9.1999998 2.45
8 9.1999998 -0.44999999
8 9.1999998 -0.34999999
8 9.1999998 -0.25
8 9.1999998 -0.15000001
8 9.1999998 -0.050000001
8 9.1999998 0.050000001
8 9.1999998 0.15000001
8 9.1999998 0.25
8 9.1999998 0.34999999
8 9.1999998 0.44999999
8 9.1999998 0.55000001
8 9.1999998 0.64999998
8 9.1999998 0.75
8 9.1999998 0.85000002
8 9.1999998 0.94999999
8 9.1999998 1.05
8 9.1999998 1.15
8 9.1999998 1.25
8 9.1999998 1.35
8 9.1999998 1.45
8 9.1999998 1.55
8 9.1999998 1.65
8 9.1999998 1.75
8 9.1999998 1.85
8 9.1999998 1.95
8 9.1999998 2.05
8 9.1999998 2.1500001
8 9.1999998 2.25
8 9.1999998 2.3499999
8 9.1999998 2.45
7.9000001 9.1999998 -0.44999999
7.9000001 9.1999998 -0.34999999
7.9000001 9.1999998 -0.25
7.9000001 9.1999998 -0.15000001
7.9000001 9.1999998 -0.050000001
7.9000001 9.1999998 0.050000001
7.9000001 9.1999998 0.15000001
7.9000001 9.1999998 0.25
7.9000001 9.1999998 0.34999999
7.9000001 9.1999998 0.44999999
7.9000001 9.1999998 0.55000001
7.9000001 9.1999998 0.64999998
7.9000001 9.1999998 0.75
7.9000001 9.1999998 0.85000002
7.9000001 9.1999998 0.94999999
7.9000001 9.1999998 1.05
7.9000001 9.1999998 1.15
7.9000001 9.1999998 1.25
7.9000001 9.1999998 1.35
7.9000001 9.1999998 1.45
7.9000001 9.1999998 1.55
7.9000001 9.1999998 1.65
7.9000001 9.1999998 1.75
7.9000001 9.1999998 1.85
7.9000001 9.1999998 1.95
7.9000001 9.1999998 2.05
7.9000001 9.1999998 2.1500001
7.9000001 9.1999998 2.25
7.9000001 9.1999998 2.3499999
7.9000001 9.1999998 2.45
8.1000004 9.3000002 -0.44999999
8.1000004 9.3000002 -0.34999999
8.1000004 9.3000002 -0.25
8.1000004 9.3000002 -0.15000001
8.1000004 9.3000002 -0.050000001
8.1000004 9.3000002 0.050000001
8.1000004 9.3000002 0.15000001
8.1000004 9.3000002 0.25
8.1000004 9.3000002 0.34999999
8.1000004 9.3000002 0.44999999
8.1000004 9.3000002 0.55000001
8.1000004 9.3000002 0.64999998
8.1000004 9.3000002 0.75
8.1000004 9.3000002 0.85000002
8.1000004 9.3000002 0.94999999
8.1000004 9.3000002 1.05
8.1000004 9.3000002 1.15
8.1000004 9.3000002 1.25
8.1000004 9.3000002 1.35
8.1000004 9.3000002 1.45
8.1000004 9.3000002 1.55
8.1000004 9.3000002 1.65
8.1000004 9.3000002 1.75
8.1000004 9.3000002 1.85
8.1000004 9.3000002 1.95
8.1000004 9.3000002 2.05
8.1000004 9.3000002 2.1500001
8.1000004 9.3000002 2.25
8.1000004 9.3000002 2.3499999
8.1000004 9.3000002 2.45
8 9.3000002 -0.44999999
8 9.3000002 -0.34999999
8 9.3000002 -0.25
8 9.3000002 -0.15000001
8 9.3000002 -0.050000001
8 9.3000002 0.050000001
8 9.3000002 0.15000001
8 9.3000002 0.25
8 9.3000002 0.34999999
8 9.3000002 0.44999999
8 9.3000002 0.55000001
8 9.3000002 0.64999998
8 9.3000002 0.75
8 9.3000002 0.85000002
8 9.3000002 0.94999999
8 9.3000002 1.05
8 9.3000002 1.15
8 9.3000002 1.25
8 9.3000002 1.35
8 9.3000002 1.45
8 9.3000002 1.55
8 9.3000002 1.65
8 9.3000002 1.75
8 9.3000002 1.85
8 9.3000002 1.95
8 9.3000002 2.05
8 9.3000002 2.1500001
8 9.3000002 2.25
8 9.3000002 2.3499999
8 9.3000002 2.45
7.9000001 9.3000002 -0.44999999
7.9000001 9.3000002 -0.34999999
7.9000001 9.3000002 -0.25
7.9000001 9.3000002 -0.15000001
7.9000001 9.3000002 -0.050000001
7.9000001 9.3000002 0.050000001
7.9000001 9.3000002 0.15000001
7.9000001 9.3000002 0.25
7.9000001 9.3000002 0.34999999
7.9000001 9.3000002 0.44999999
7.9000001 9.3000002 0.55000001
7.9000001 9.3000002 0.64999998
7.9000001 9.3000002 0.75
7.9000001 9.3000002 0.85000002
7.9000001 9.3000002 0.94999999
7.9000001 9.3000002 1.05
7.9000001 9.3000002 1.15
7.9000001 9.3000002 1.25
7.9000001 9.3000002 1.35
7.9000001 9.3000002 1.45
7.9000001 9.3000002 1.55
7.9000001 9.3000002 1.65
7.9000001 9.3000002 1.75
7.9000001 9.3000002 1.85
7.9000001 9.3000002 1.95
7.9000001 9.3000002 2.05
7.9000001 9.3000002 2.1500001
7.9000001 9.3000002 2.25
7.9000001 9.3000002 2.3499999
7.9000001 9.3000002 2.45
8.1000004 9.3999996 -0.44999999
8.1000004 9.3999996 -0.34999999
8.1000004 9.3999996 -0.25
8.1000004 9.3999996 -0.15000001
8.1000004 9.3999996 -0.050000001
8.1000004 9.3999996 0.050000001
8.1000004 9.3999996 0.15000001
8.1000004 9.3999996 0.25
8.1000004 9.3999996 0.34999999
8.1000004 9.3999996 0.44999999
8.1000004 9.3999996 0.55000001
8.1000004 9.3999996 0.64999998
8.1000004 9.3999996 0.75
8.1000004 9.3999996 0.85000002
8.1000004 9.3999996 0.94999999
8.1000004 9.3999996 1.05
8.1000004 9.3999996 1.15
8.1000004 9.3999996 1.25
8.1000004 9.3999996 1.35
8.1000004 9.3999996 1.45
8.1000004 9.3999996 1.55
8.1000004 9.3999996 1.65
8.1000004 9.3999996 1.75
8.1000004 9.3999996 1.85
8.1000004 9.3999996 1.95
8.1000004 9.3999996 2.05
8.1000004 9.3999996 2.1500001
8.1000004 9.3999996 2.25
8.1000004 9.3999996 2.3499999
8.1000004 9.3999996 2.45
8 9.3999996 -0.44999999
8 9.3999996 -0.34999999
8 9.3999996 -0.25
8 9.3999996 -0.15000001
8 9.3999996 -0.050000001
8 9.3999996 0.050000001
8 9.3999996 0.15000001
8 9.3999996 0.25
8 9.3999996 0.34999999
8 9.3999996 0.44999999
8 9.3999996 0.55000001
8 9.3999996 0.64999998
8 9.3999996 0.75
8 9.3999996 0.85000002
8 9.3999996 0.94999999
8 9.3999996 1.05
8 9.3999996 1.15
8 9.3999996 1.25
8 9.3999996 1.35
8 9.3999996 1.45
8 9.3999996 1.55
8 9.3999996 1.65
8 9.3999996 1.75
8 9.3999996 1.85
8 9.3999996 1.95
8 9.3999996 2.05
8 9.3999996 2.1500001
8 9.3999996 2.25
8 9.3999996 2.3499999
8 9.3999996 2.45
7.9000001 9.3999996 -0.44999999
7.9000001 9.3999996 -0.34999999
7.9000001 9.3999996 -0.25
7.9000001 9.3999996 -0.15000001
7.9000001 9.3999996 -0.050000001
7.9000001 9.3999996 0.050000001
7.9000001 9.3999996 0.15000001
7.9000001 9.3999996 0.25
7.9000001 9.3999996 0.34999999
7.9000001 9.3999996 0.44999999
7.9000001 9.3999996 0.55000001
7.9000001 9.3999996 0.64999998
7.9000001 9.3999996 0.75
7.9000001 9.3999996 0.85000002
7.9000001 9.3999996 0.94999999
7.9000001 9.3999996 1.05
7.9000001 9.3999996 1.15
7.9000001 9.3999996 1.25
7.9000001 9.3999996 1.35
7.9000001 9.3999996 1.45
7.9000001 9.3999996 1.55
7.9000001 9.3999996 1.65
7.9000001 9.3999996 1.75
7.9000001 9.3999996 1.85
7.9000001 9.3999996 1.95
7.9000001 9.3999996 2.05
7.9000001 9.3999996 2.1500001
7.9000001 9.3999996 2.25
7.9000001 9.3999996 2.3499999
7.9000001 9.3999996 2.45
8.1000004 9.5 -0.44999999
8.1000004 9.5 -0.34999999
8.1000004 9.5 -0.25
8.1000004 9.5 -0.15000001
8.1000004 9.5 -0.050000001
8.1000004 9.5 0.050000001
8.1000004 9.5 0.15000001
8.1000004 9.5 0.25
8.1000004 9.5 0.34999999
8.1000004 9.5 0.44999999
8.1000004 9.5 0.55000001
8.1000004 9.5 0.64999998
8.1000004 9.5 0.75
8.1000004 9.5 0.85000002
8.1000004 9.5 0.94999999
8.1000004 9.5 1.05
8.1000004 9.5 1.15
8.1000004 9.5 1.25
8.1000004 9.5 1.35
8.1000004 9.5 1.45
8.1000004 9.5 1.55
8.1000004 9.5 1.65
8.1000004 9.5 1.75
8.1000004 9.5 1.85
8.1000004 9.5 1.95
8.1000004 9.5 2.05
8.1000004 9.5 2.1500001
8.1000004 9.5 2.25
8.1000004 9.5 2.3499999
8.1000004 9.5 2.45
8 9.5 -0.44999999
8 9.5 -0.34999999
8 9.5 -0.25
8 9.5 -0.15000001
8 9.5 -0.050000001
8 9.5 0.050000001
8 9.5 0.15000001
8 9.5 0.25
8 9.5 0.34999999
8 9.5 0.44999999
8 9.5 0.55000001
8 9.5 0.64999998
8 9.5 0.75
8 9.5 0.85000002
8 9.5 0.94999999
8 9.5 1.05
8 9.5 1.15
8 9.5 1.25
8 9.5 1.35
8 9.5 1.45
8 9.5 1.55
8 9.5 1.65
8 9.5 1.75
8 9.5 1.85
8 9.5 1.95
8 9.5 2.05
8 9.5 2.1500001
8 9.5 2.25
8 9.5 2.3499999
8 9.5 2.45
7.9000001 9.5 -0.44999999
7.9000001 9.5 -0.34999999
7.9000001 9.5 -0.25
7.9000001 9.5 -0.15000001
7.9000001 9.5 -0.050000001
7.9000001 9.5 0.050000001
7.9000001 9.5 0.15000001
7.9000001 9.5 0.25
7.9000001 9.5 0.34999999
7.9000001 9.5 0.44999999
7.9000001 9.5 0.55000001
7.9000001 9.5 0.64999998
7.9000001 9.5 0.75
7.9000001 9.5 0.85000002
7.9000001 9.5 0.94999999
7.9000001 9.5 1.05
7.9000001 9.5 1.15
7.9000001 9.5 1.25
7.9000001 9.5 1.35
7.9000001 9.5 1.45
7.9000001 9.5 1.55
7.9000001 9.5 1.65
7.9000001 9.5 1.75
7.9000001 9.5 1.85
7.9000001 9.5 1.95
7.9000001 9.5 2.05
7.9000001 9.5 2.1500001
7.9000001 9.5 2.25
7.9000001 9.5 2.3499999
7.9000001 9.5 2.45
8.1000004 9.6000004 -0.44999999
8.1000004 9.6000004 -0.34999999
8.1000004 9.6000004 -0.25
8.1000004 9.6000004 -0.15000001
8.1000004 9.6000004 -0.050000001
8.1000004 9.6000004 0.050000001
8.1000004 9.6000004 0.15000001
8.1000004 9.6000004 0.25
8.1000004 9.6000004 0.34999999
8.1000004 9.6000004 0.44999999
8.1000004 9.6000004 0.55000001
8.1000004 9.6000004 0.64999998
8.1000004 9.6000004 0.75
8.1000004 9.6000004 0.85000002
8.1000004 9.6000004 0.94999999
8.1000004 9.6000004 1.05
8.1000004 9.6000004 1.15
8.1000004 9.6000004 1.25
8.1000004 9.6000004 1.35
8.1000004 9.6000004 1.45
8.1000004 9.6000004 1.55
8.1000004 9.6000004 1.65
8.1000004 9.6000004 1.75
8.1000004 9.6000004 1.85
8.1000004 9.6000004 1.95
8.1000004 9.6000004 2.05
8.1000004 9.6000004 2.1500001
8.1000004 9.6000004 2.25
8.1000004 9.6000004 2.3499999
8.1000004 9.6000004 2.45
8 9.6000004 -0.44999999
8 9.6000004 -0.34999999
8 9.6000004 -0.25
8 9.6000004 -0.15000001
8 9.6000004 -0.050000001
8 9.6000004 0.050000001
8 9.6000004 0.15000001
8 9.6000004 0.25
8 9.6000004 0.34999999
8 9.6000004 0.44999999
8 9.6000004 0.55000001
8 9.6000004 0.64999998
8 9.6000004 0.75
8 9.6000004 0.85000002
8 9.6000004 0.94999999
8 9.6000004 1.05
8 9.6000004 1.15
8 9.6000004 1.25
8 9.6000004 1.35
8 9.6000004 1.45
8 9.6000004 1.55
8 9.6000004 1.65
8 9.6000004 1.75
8 9.6000004 1.85
8 9.6000004 1.95
8 9.6000004 2.05
8 9.6000004 2.1500001
8 9.6000004 2.25
8 9.6000004 2.3499999
8 9.6000004 2.45
7.9000001 9.6000004 -0.44999999
7.9000001 9.6000004 -0.34999999
7.9000001 9.6000004 -0.25
7.9000001 9.6000004 -0.15000001
7.9000001 9.6000004 -0.050000001
7.9000001 9.6000004 0.050000001
7.9000001 9.6000004 0.15000001
7.9000001 9.6000004 0.25
7.9000001 9.6000004 0.34999999
7.9000001 9.6000004 0.44999999
7.9000001 9.6000004 0.55000001
7.9000001 9.6000004 0.64999998
7.9000001 9.6000004 0.75
7.9000001 9.6000004 0.85000002
7.9000001 9.6000004 0.94999999
7.9000001 9.6000004 1.05
7.9000001 9.6000004 1.15
7.9000001 9.6000004 1.25
7.9000001 9.6000004 1.35
7.9000001 9.6000004 1.45
7.9000001 9.6000004 1.55
7.9000001 9.6000004 1.65
7.9000001 9.6000004 1.75
7.9000001 9.6000004 1.85
7.9000001 9.6000004 1.95
7.9000001 9.6000004 2.05
7.9000001 9.6000004 2.1500001
7.9000001 9.6000004 2.25
7.9000001 9.6000004 2.3499999
7.9000001 9.6000004 2.45
8.1000004 9.6999998 -0.44999999
8.1000004 9.6999998 -0.34999999
8.1000004 9.6999998 -0.25
8.1000004 9.6999998 -0.15000001
8.1000004 9.6999998 -0.050000001
8.1000004 9.6999998 0.050000001
8.1000004 9.6999998 0.15000001
8.1000004 9.6999998 0.25
8.1000004 9.6999998 0.34999999
8.1000004 9.6999998 0.44999999
8.1000004 9.6999998 0.55000001
8.1000004 9.6999998 0.64999998
8.1000004 9.6999998 0.75
8.1000004 9.6999998 0.85000002
8.1000004 9.6999998 0.94999999
8.1000004 9.6999998 1.05
8.1000004 9.6999998 1.15
8.1000004 9.6999998 1.25
8.1000004 9.6999998 1.35
8.1000004 9.6999998 1.45
8.1000004 9.6999998 1.55
8.1000004 9.6999998 1.65
8.1000004 9.6999998 1.75
8.1000004 9.6999998 1.85
8.1000004 9.6999998 1.95
8.1000004 9.6999998 2.05
8.1000004 9.6999998 2.1500001
8.1000004 9.6999998 2.25
8.1000004 9.6999998 2.3499999
8.1000004 9.6999998 2.45
8 9.6999998 -0.44999999
8 9.6999998 -0.34999999
8 9.6999998 -0.25
8 9.6999998 -0.15000001
8 9.6999998 -0.050000001
8 9.6999998 0.050000001
8 9.6999998 0.15000001
8 9.6999998 0.25
8 9.6999998 0.34999999
8 9.6999998 0.44999999
8 9.6999998 0.55000001
8 9.6999998 0.64999998
8 9.6999998 0.75
8 9.6999998 0.85000002
8 9.6999998 0.94999999
8 9.6999998 1.05
8 9.6999998 1.15
8 9.6999998 1.25
8 9.6999998 1.35
8 9.6999998 1.45
8 9.6999998 1.55
8 9.6999998 1.65
8 9.6999998 1.75
8 9.6999998 1.85
8 9.6999998 1.95
8 9.6999998 2.05
8 9.6999998 2.1500001
8 9.6999998 2.25
8 9.6999998 2.3499999
8 9.6999998 2.45
7.9000001 9.6999998 -0.44999999
7.9000001 9.6999998 -0.34999999
7.9000001 9.6999998 -0.25
7.9000001 9.6999998 -0.15000001
7.9000001 9.6999998 -0.050000001
7.9000001 9.6999998 0.050000001
7.9000001 9.6999998 0.15000001
7.9000001 9.6999998 0.25
7.9000001 9.6999998 0.34999999
7.9000001 9.6999998 0.44999999
7.9000001 9.6999998 0.55000001
7.9000001 9.6999998 0.64999998
7.9000001 9.6999998 0.75
7.9000001 9.6999998 0.85000002
7.9000001 9.6999998 0.94999999
7.9000001 9.6999998 1.05
7.9000001 9.6999998 1.15
7.9000001 9.6999998 1.25
7.9000001 9.6999998 1.35
7.9000001 9.6999998 1.45
7.9000001 9.6999998 1.55
7.9000001 9.6999998 1.65
7.9000001 9.6999998 1.75
7.9000001 9.6999998 1.85
7.9000001 9.6999998 1.95
7.9000001 9.6999998 2.05
7.9000001 9.6999998 2.1500001
7.9000001 9.6999998 2.25
7.9000001 9.6999998 2.3499999
7.9000001 9.6999998 2.45
8.1000004 9.8000002 -0.44999999
8.1000004 9.8000002 -0.34999999
8.1000004 9.8000002 -0.25
8.1000004 9.8000002 -0.15000001
8.1000004 9.8000002 -0.050000001
8.1000004 9.8000002 0.050000001
8.1000004 9.8000002 0.15000001
8.1000004 9.8000002 0.25
8.1000004 9.8000002 0.34999999
8.1000004 9.8000002 0.44999999
8.1000004 9.8000002 0.55000001
8.1000004 9.8000002 0.64999998
8.1000004 9.8000002 0.75
8.1000004 9.8000002 0.85000002
8.1000004 9.8000002 0.94999999
8.1000004 9.8000002 1.05
8.1000004 9.8000002 1.15
8.1000004 9.8000002 1.25
8.1000004 9.8000002 1.35
8.1000004 9.8000002 1.45
8.1000004 9.8000002 1.55
8.1000004 9.8000002 1.65
8.1000004 9.8000002 1.75
8.1000004 9.8000002 1.85
8.1000004 9.8000002 1.95
8.1000004 9.8000002 2.05
8.1000004 9.8000002 2.1500001
8.1000004 9.8000002 2.25
8.1000004 9.8000002 2.3499999
8.1000004 9.8000002 2.45
8 9.8000002 -0.44999999
8 9.8000002 -0.34999999
8 9.8000002 -0.25
8 9.8000002 -0.15000001
8 9.8000002 -0.050000001
8 9.8000002 0.050000001
8 9.8000002 0.15000001
8 9.8000002 0.25
8 9.8000002 0.34999999
8 9.8000002 0.44999999
8 9.8000002 0.55000001
8 9.8000002 0.64999998
8 9.8000002 0.75
8 9.8000002 0.85000002
8 9.8000002 0.94999999
8 9.8000002 1.05
8 9.8000002 1.15
8 9.8000002 1.25
8 9.8000002 1.35
8 9.8000002 1.45
8 9.8000002 1.55
8 9.8000002 1.65
8 9.8000002 1.75
8 9.8000002 1.85
8 9.8000002 1.95
8 9.8000002 2.05
8 9.8000002 2.1500001
8 9.8000002 2.25
8 9.8000002 2.3499999
8 9.8000002 2.45
7.9000001 9.8000002 -0.44999999
7.9000001 9.8000002 -0.34999999
7.9000001 9.8000002 -0.25
7.9000001 9.8000002 -0.15000001
7.9000001 9.8000002 -0.050000001
7.9000001 9.8000002 0.050000001
7.9000001 9.8000002 0.15000001
7.9000001 9.8000002 0.25
7.9000001 9.8000002 0.34999999
7.9000001 9.8000002 0.44999999
7.9000001 9.8000002 0.55000001
7.9000001 9.8000002 0.64999998
7.9000001 9.8000002 0.75
7.9000001 9.8000002 0.85000002
7.9000001 9.8000002 0.94999999
7.9000001 9.8000002 1.05
7.9000001 9.8000002 1.15
7.9000001 9.8000002 1.25
7.9000001 9.8000002 1.35
7.9000001 9.8000002 1.45
7.9000001 9.8000002 1.55
7.9000001 9.8000002 1.65
7.9000001 9.8000002 1.75
7.9000001 9.8000002 1.85
7.9000001 9.8000002 1.95
7.9000001 9.8000002 2.05
7.9000001 9.8000002 2.1500001
7.9000001 9.8000002 2.25
7.9000001 9.8000002 2.3499999
7.9000001 9.8000002 2.45
8.1000004 9.8999996 -0.44999999
8.1000004 9.8999996 -0.34999999
8.1000004 9.8999996 -0.25
8.1000004 9.8999996 -0.15000001
8.1000004 9.8999996 -0.050000001
8.1000004 9.8999996 0.050000001
8.1000004 9.8999996 0.15000001
8.1000004 9.8999996 0.25
8.1000004 9.8999996 0.34999999
8.1000004 9.8999996 0.44999999
8.1000004 9.8999996 0.55000001
8.1000004 9.8999996 0.64999998
8.1000004 9.8999996 0.75
8.1000004 9.8999996 0.85000002
8.1000004 9.8999996 0.94999999
8.1000004 9.8999996 1.05
8.1000004 9.8999996 1.15
8.1000004 9.8999996 1.25
8.1000004 9.8999996 1.35
8.1000004 9.8999996 1.45
8.1000004 9.8999996 1.55
8.1000004 9.8999996 1.65
8.1000004 9.8999996 1.75
8.1000004 9.8999996 1.85
8.1000004 9.8999996 1.95
8.1000004 9.8999996 2.05
8.1000004 9.8999996 2.1500001
8.1000004 9.8999996 2.25
8.1000004 9.8999996 2.3499999
8.1000004 9.8999996 2.45
8 9.8999996 -0.44999999
8 9.8999996 -0.34999999
8 9.8999996 -0.25
8 9.8999996 -0.15000001
8 9.8999996 -0.050000001
8 9.8999996 0.050000001
8 9.8999996 0.15000001
8 9.8999996 0.25
8 9.8999996 0.34999999
8 9.8999996 0.44999999
8 9.8999996 0.55000001
8 9.8999996 0.64999998
8 9.8999996 0.75
8 9.8999996 0.85000002
8 9.8999996 0.94999999
8 9.8999996 1.05
8 9.8999996 1.15
8 9.8999996 1.25
8 9.8999996 1.35
8 9.8999996 1.45
8 9.8999996 1.55
8 9.8999996 1.65
8 9.8999996 1.75
8 9.8999996 1.85
8 9.8999996 1.95
8 9.8999996 2.05
8 9.8999996 2.1500001
8 9.8999996 2.25
8 9.8999996 2.3499999
8 9.8999996 2.45
7.9000001 9.8999996 -0.44999999
7.9000001 9.8999996 -0.34999999
7.9000001 9.8999996 -0.25
7.9000001 9.8999996 -0.15000001
7.9000001 9.8999996 -0.050000001
7.9000001 9.8999996 0.050000001
7.9000001 9.8999996 0.15000001
7.9000001 9.8999996 0.25
7.9000001 9.8999996 0.34999999
7.9000001 9.8999996 0.44999999
7.9000001 9.8999996 0.55000001
7.9000001 9.8999996 0.64999998
7.9000001 9.8999996 0.75
7.9000001 9.8999996 0.85000002
7.9000001 9.8999996 0.94999999
7.9000001 9.8999996 1.05
7.9000001 9.8999996 1.15
7.9000001 9.8999996 1.25
7.9000001 9.8999996 1.35
7.9000001 9.8999996 1.45
7.9000001 9.8999996 1.55
7.9000001 9.8999996 1.65
7.9000001 9.8999996 1.75
7.9000001 9.8999996 1.85
7.9000001 9.8999996 1.95
7.9000001 9.8999996 2.05
7.9000001 9.8999996 2.1500001
7.9000001 9.8999996 2.25
7.9000001 9.8999996 2.3499999
7.9000001 9.8999996 2.45
8.1000004 10 -0.44999999
8.1000004 10 -0.34999999
8.1000004 10 -0.25
8.1000004 10 -0.15000001
8.1000004 10 -0.050000001
8.1000004 10 0.050000001
8.1000004 10 0.15000001
8.1000004 10 0.25
8.1000004 10 0.34999999
8.1000004 10 0.44999999
8.1000004 10 0.55000001
8.1000004 10 0.64999998
8.1000004 10 0.75
8.1000004 10 0.85000002
8.1000004 10 0.94999999
8.1000004 10 1.05
8.1000004 10 1.15
8.1000004 10 1.25
8.1000004 10 1.35
8.1000004 10 1.45
8.1000004 10 1.55
8.1000004 10 1.65
8.1000004 10 1.75
8.1000004 10 1.85
8.1000004 10 1.95
8.1000004 10 2.05
8.1000004 10 2.1500001
8.1000004 10 2.25
8.1000004 10 2.3499999
8.1000004 10 2.45
8 10 -0.44999999
8 10 -0.34999999
8 10 -0.25
8 10 -0.15000001
8 10 -0.050000001
8 10 0.050000001
8 10 0.15000001
8 10 0.25
8 10 0.34999999
8 10 0.44999999
8 10 0.55000001
8 10 0.64999998
8 10 0.75
8 10 0.85000002
8 10 0.94999999
8 10 1.05
8 10 1.15
8 10 1.25
8 10 1.35
8 10 1.45
8 10 1.55
8 10 1.65
8 10 1.75
8 10 1.85
8 10 1.95
8 10 2.05
8 10 2.1500001
8 10 2.25
8 10 2.3499999
8 10 2.45
7.9000001 10 -0.44999999
7.9000001 10 -0.34999999
7.9000001 10 -0.25
7.9000001 10 -0.15000001
7.9000001 10 -0.050000001
7.9000001 10 0.050000001
7.9000001 10 0.15000001
7.9000001 10 0.25
7.9000001 10 0.34999999
7.9000001 10 0.44999999
7.9000001 10 0.55000001
7.9000001 10 0.64999998
7.9000001 10 0.75
7.9000001 10 0.85000002
7.9000001 10 0.94999999
7.9000001 10 1.05
7.9000001 10 1.15
7.9000001 10 1.25
7.9000001 10 1.35
7.9000001 10 1.45
7.9000001 10 1.55
7.9000001 10 1.65
7.9000001 10 1.75
7.9000001 10 1.85
7.9000001 10 1.95
7.9000001 10 2.05
7.9000001 10 2.1500001
7.9000001 10 2.25
7.9000001 10 2.3499999
7.9000001 10 2.45
