# .PCD v0.7 - Point Cloud Data file format
VERSION 0.7
FIELDS x y z
SIZE 4 4 4
TYPE F F F
COUNT 1 1 1
WIDTH 17100
HEIGHT 1
VIEWPOINT 0 0 0 1 0 0 0
POINTS 17100
DATA ascii
8.1000004 -10 -0.44999999
8.1000004 -10 -0.34999999
8.1000004 -10 -0.25
8.1000004 -10 -0.15000001
8.1000004 -10 -0.050000001
8.1000004 -10 0.050000001
8.1000004 -10 0.15000001
8.1000004 -10 0.25
8.1000004 -10 0.34999999
8.1000004 -10 0.44999999
8.1000004 -10 0.55000001
8.1000004 -10 0.64999998
8.1000004 -10 0.75
8.1000004 -10 0.85000002
8.1000004 -10 0.94999999
8.1000004 -10 1.05
8.1000004 -10 1.15
8.1000004 -10 1.25
8.1000004 -10 1.35
8.1000004 -10 1.45
8.1000004 -10 1.55
8.1000004 -10 1.65
8.1000004 -10 1.75
8.1000004 -10 1.85
8.1000004 -10 1.95
8.1000004 -10 2.05
8.1000004 -10 2.1500001
8.1000004 -10 2.25
8.1000004 -10 2.3499999
8.1000004 -10 2.45
8 -10 -0.44999999
8 -10 -0.34999999
8 -10 -0.25
8 -10 -0.15000001
8 -10 -0.050000001
8 -10 0.050000001
8 -10 0.15000001
8 -10 0.25
8 -10 0.34999999
8 -10 0.44999999
8 -10 0.55000001
8 -10 0.64999998
8 -10 0.75
8 -10 0.85000002
8 -10 0.94999999
8 -10 1.05
8 -10 1.15
8 -10 1.25
8 -10 1.35
8 -10 1.45
8 -10 1.55
8 -10 1.65
8 -10 1.75
8 -10 1.85
8 -10 1.95
8 -10 2.05
8 -10 2.1500001
8 -10 2.25
8 -10 2.3499999
8 -10 2.45
7.9000001 -10 -0.44999999
7.9000001 -10 -0.34999999
7.9000001 -10 -0.25
7.9000001 -10 -0.15000001
7.9000001 -10 -0.050000001
7.9000001 -10 0.050000001
7.9000001 -10 0.15000001
7.9000001 -10 0.25
7.9000001 -10 0.34999999
7.9000001 -10 0.44999999
7.9000001 -10 0.55000001
7.9000001 -10 0.64999998
7.9000001 -10 0.75
7.9000001 -10 0.85000002
7.9000001 -10 0.94999999
7.9000001 -10 1.05
7.9000001 -10 1.15
7.9000001 -10 1.25
7.9000001 -10 1.35
7.9000001 -10 1.45
7.9000001 -10 1.55
7.9000001 -10 1.65
7.9000001 -10 1.75
7.9000001 -10 1.85
7.9000001 -10 1.95
7.9000001 -10 2.05
7.9000001 -10 2.1500001
7.9000001 -10 2.25
7.9000001 -10 2.3499999
7.9000001 -10 2.45
8.1000004 -9.8999996 -0.44999999
8.1000004 -9.8999996 -0.34999999
8.1000004 -9.8999996 -0.25
8.1000004 -9.8999996 -0.15000001
8.1000004 -9.8999996 -0.050000001
8.1000004 -9.8999996 0.050000001
8.1000004 -9.8999996 0.15000001
8.1000004 -9.8999996 0.25
8.1000004 -9.8999996 0.34999999
8.1000004 -9.8999996 0.44999999
8.1000004 -9.8999996 0.55000001
8.1000004 -9.8999996 0.64999998
8.1000004 -9.8999996 0.75
8.1000004 -9.8999996 0.85000002
8.1000004 -9.8999996 0.94999999
8.1000004 -9.8999996 1.05
8.1000004 -9.8999996 1.15
8.1000004 -9.8999996 1.25
8.1000004 -9.8999996 1.35
8.1000004 -9.8999996 1.45
8.1000004 -9.8999996 1.55
8.1000004 -9.8999996 1.65
8.1000004 -9.8999996 1.75
8.1000004 -9.8999996 1.85
8.1000004 -9.8999996 1.95
8.1000004 -9.8999996 2.05
8.1000004 -9.8999996 2.1500001
8.1000004 -9.8999996 2.25
8.1000004 -9.8999996 2.3499999
8.1000004 -9.8999996 2.45
8 -9.8999996 -0.44999999
8 -9.8999996 -0.34999999
8 -9.8999996 -0.25
8 -9.8999996 -0.15000001
8 -9.8999996 -0.050000001
8 -9.8999996 0.050000001
8 -9.8999996 0.15000001
8 -9.8999996 0.25
8 -9.8999996 0.34999999
8 -9.8999996 0.44999999
8 -9.8999996 0.55000001
8 -9.8999996 0.64999998
8 -9.8999996 0.75
8 -9.8999996 0.85000002
8 -9.8999996 0.94999999
8 -9.8999996 1.05
8 -9.8999996 1.15
8 -9.8999996 1.25
8 -9.8999996 1.35
8 -9.8999996 1.45
8 -9.8999996 1.55
8 -9.8999996 1.65
8 -9.8999996 1.75
8 -9.8999996 1.85
8 -9.8999996 1.95
8 -9.8999996 2.05
8 -9.8999996 2.1500001
8 -9.8999996 2.25
8 -9.8999996 2.3499999
8 -9.8999996 2.45
7.9000001 -9.8999996 -0.44999999
7.9000001 -9.8999996 -0.34999999
7.9000001 -9.8999996 -0.25
7.9000001 -9.8999996 -0.15000001
7.9000001 -9.8999996 -0.050000001
7.9000001 -9.8999996 0.050000001
7.9000001 -9.8999996 0.15000001
7.9000001 -9.8999996 0.25
7.9000001 -9.8999996 0.34999999
7.9000001 -9.8999996 0.44999999
7.9000001 -9.8999996 0.55000001
7.9000001 -9.8999996 0.64999998
7.9000001 -9.8999996 0.75
7.9000001 -9.8999996 0.85000002
7.9000001 -9.8999996 0.94999999
7.9000001 -9.8999996 1.05
7.9000001 -9.8999996 1.15
7.9000001 -9.8999996 1.25
7.9000001 -9.8999996 1.35
7.9000001 -9.8999996 1.45
7.9000001 -9.8999996 1.55
7.9000001 -9.8999996 1.65
7.9000001 -9.8999996 1.75
7.9000001 -9.8999996 1.85
7.9000001 -9.8999996 1.95
7.9000001 -9.8999996 2.05
7.9000001 -9.8999996 2.1500001
7.9000001 -9.8999996 2.25
7.9000001 -9.8999996 2.3499999
7.9000001 -9.8999996 2.45
8.1000004 -9.8000002 -0.44999999
8.1000004 -9.8000002 -0.34999999
8.1000004 -9.8000002 -0.25
8.1000004 -9.8000002 -0.15000001
8.1000004 -9.8000002 -0.050000001
8.1000004 -9.8000002 0.050000001
8.1000004 -9.8000002 0.15000001
8.1000004 -9.8000002 0.25
8.1000004 -9.8000002 0.34999999
8.1000004 -9.8000002 0.44999999
8.1000004 -9.8000002 0.55000001
8.1000004 -9.8000002 0.64999998
8.1000004 -9.8000002 0.75
8.1000004 -9.8000002 0.85000002
8.1000004 -9.8000002 0.94999999
8.1000004 -9.8000002 1.05
8.1000004 -9.8000002 1.15
8.1000004 -9.8000002 1.25
8.1000004 -9.8000002 1.35
8.1000004 -9.8000002 1.45
8.1000004 -9.8000002 1.55
8.1000004 -9.8000002 1.65
8.1000004 -9.8000002 1.75
8.1000004 -9.8000002 1.85
8.1000004 -9.8000002 1.95
8.1000004 -9.8000002 2.05
8.1000004 -9.8000002 2.1500001
8.1000004 -9.8000002 2.25
8.1000004 -9.8000002 2.3499999
8.1000004 -9.8000002 2.45
8 -9.8000002 -0.44999999
8 -9.8000002 -0.34999999
8 -9.8000002 -0.25
8 -9.8000002 -0.15000001
8 -9.8000002 -0.050000001
8 -9.8000002 0.050000001
8 -9.8000002 0.15000001
8 -9.8000002 0.25
8 -9.8000002 0.34999999
8 -9.8000002 0.44999999
8 -9.8000002 0.55000001
8 -9.8000002 0.64999998
8 -9.8000002 0.75
8 -9.8000002 0.85000002
8 -9.8000002 0.94999999
8 -9.8000002 1.05
8 -9.8000002 1.15
8 -9.8000002 1.25
8 -9.8000002 1.35
8 -9.8000002 1.45
8 -9.8000002 1.55
8 -9.8000002 1.65
8 -9.8000002 1.75
8 -9.8000002 1.85
8 -9.8000002 1.95
8 -9.8000002 2.05
8 -9.8000002 2.1500001
8 -9.8000002 2.25
8 -9.8000002 2.3499999
8 -9.8000002 2.45
7.9000001 -9.8000002 -0.44999999
7.9000001 -9.8000002 -0.34999999
7.9000001 -9.8000002 -0.25
7.9000001 -9.8000002 -0.15000001
7.9000001 -9.8000002 -0.050000001
7.9000001 -9.8000002 0.050000001
7.9000001 -9.8000002 0.15000001
7.9000001 -9.8000002 0.25
7.9000001 -9.8000002 0.34999999
7.9000001 -9.8000002 0.44999999
7.9000001 -9.8000002 0.55000001
7.9000001 -9.8000002 0.64999998
7.9000001 -9.8000002 0.75
7.9000001 -9.8000002 0.85000002
7.9000001 -9.8000002 0.94999999
7.9000001 -9.8000002 1.05
7.9000001 -9.8000002 1.15
7.9000001 -9.8000002 1.25
7.9000001 -9.8000002 1.35
7.9000001 -9.8000002 1.45
7.9000001 -9.8000002 1.55
7.9000001 -9.8000002 1.65
7.9000001 -9.8000002 1.75
7.9000001 -9.8000002 1.85
7.9000001 -9.8000002 1.95
7.9000001 -9.8000002 2.05
7.9000001 -9.8000002 2.1500001
7.9000001 -9.8000002 2.25
7.9000001 -9.8000002 2.3499999
7.9000001 -9.8000002 2.45
8.1000004 -9.6999998 -0.44999999
8.1000004 -9.6999998 -0.34999999
8.1000004 -9.6999998 -0.25
8.1000004 -9.6999998 -0.15000001
8.1000004 -9.6999998 -0.050000001
8.1000004 -9.6999998 0.050000001
8.1000004 -9.6999998 0.15000001
8.1000004 -9.6999998 0.25
8.1000004 -9.6999998 0.34999999
8.1000004 -9.6999998 0.44999999
8.1000004 -9.6999998 0.55000001
8.1000004 -9.6999998 0.64999998
8.1000004 -9.6999998 0.75
8.1000004 -9.6999998 0.85000002
8.1000004 -9.6999998 0.94999999
8.1000004 -9.6999998 1.05
8.1000004 -9.6999998 1.15
8.1000004 -9.6999998 1.25
8.1000004 -9.6999998 1.35
8.1000004 -9.6999998 1.45
8.1000004 -9.6999998 1.55
8.1000004 -9.6999998 1.65
8.1000004 -9.6999998 1.75
8.1000004 -9.6999998 1.85
8.1000004 -9.6999998 1.95
8.1000004 -9.6999998 2.05
8.1000004 -9.6999998 2.1500001
8.1000004 -9.6999998 2.25
8.1000004 -9.6999998 2.3499999
8.1000004 -9.6999998 2.45
8 -9.6999998 -0.44999999
8 -9.6999998 -0.34999999
8 -9.6999998 -0.25
8 -9.6999998 -0.15000001
8 -9.6999998 -0.050000001
8 -9.6999998 0.050000001
8 -9.6999998 0.15000001
8 -9.6999998 0.25
8 -9.6999998 0.34999999
8 -9.6999998 0.44999999
8 -9.6999998 0.55000001
8 -9.6999998 0.64999998
8 -9.6999998 0.75
8 -9.6999998 0.85000002
8 -9.6999998 0.94999999
8 -9.6999998 1.05
8 -9.6999998 1.15
8 -9.6999998 1.25
8 -9.6999998 1.35
8 -9.6999998 1.45
8 -9.6999998 1.55
8 -9.6999998 1.65
8 -9.6999998 1.75
8 -9.6999998 1.85
8 -9.6999998 1.95
8 -9.6999998 2.05
8 -9.6999998 2.1500001
8 -9.6999998 2.25
8 -9.6999998 2.3499999
8 -9.6999998 2.45
7.9000001 -9.6999998 -0.44999999
7.9000001 -9.6999998 -0.34999999
7.9000001 -9.6999998 -0.25
7.9000001 -9.6999998 -0.15000001
7.9000001 -9.6999998 -0.050000001
7.9000001 -9.6999998 0.050000001
7.9000001 -9.6999998 0.15000001
7.9000001 -9.6999998 0.25
7.9000001 -9.6999998 0.34999999
7.9000001 -9.6999998 0.44999999
7.9000001 -9.6999998 0.55000001
7.9000001 -9.6999998 0.64999998
7.9000001 -9.6999998 0.75
7.9000001 -9.6999998 0.85000002
7.9000001 -9.6999998 0.94999999
7.9000001 -9.6999998 1.05
7.9000001 -9.6999998 1.15
7.9000001 -9.6999998 1.25
7.9000001 -9.6999998 1.35
7.9000001 -9.6999998 1.45
7.9000001 -9.6999998 1.55
7.9000001 -9.6999998 1.65
7.9000001 -9.6999998 1.75
7.9000001 -9.6999998 1.85
7.9000001 -9.6999998 1.95
7.9000001 -9.6999998 2.05
7.9000001 -9.6999998 2.1500001
7.9000001 -9.6999998 2.25
7.9000001 -9.6999998 2.3499999
7.9000001 -9.6999998 2.45
8.1000004 -9.6000004 -0.44999999
8.1000004 -9.6000004 -0.34999999
8.1000004 -9.6000004 -0.25
8.1000004 -9.6000004 -0.15000001
8.1000004 -9.6000004 -0.050000001
8.1000004 -9.6000004 0.050000001
8.1000004 -9.6000004 0.15000001
8.1000004 -9.6000004 0.25
8.1000004 -9.6000004 0.34999999
8.1000004 -9.6000004 0.44999999
8.1000004 -9.6000004 0.55000001
8.1000004 -9.6000004 0.64999998
8.1000004 -9.6000004 0.75
8.1000004 -9.6000004 0.85000002
8.1000004 -9.6000004 0.94999999
8.1000004 -9.6000004 1.05
8.1000004 -9.6000004 1.15
8.1000004 -9.6000004 1.25
8.1000004 -9.6000004 1.35
8.1000004 -9.6000004 1.45
8.1000004 -9.6000004 1.55
8.1000004 -9.6000004 1.65
8.1000004 -9.6000004 1.75
8.1000004 -9.6000004 1.85
8.1000004 -9.6000004 1.95
8.1000004 -9.6000004 2.05
8.1000004 -9.6000004 2.1500001
8.1000004 -9.6000004 2.25
8.1000004 -9.6000004 2.3499999
8.1000004 -9.6000004 2.45
8 -9.6000004 -0.44999999
8 -9.6000004 -0.34999999
8 -9.6000004 -0.25
8 -9.6000004 -0.15000001
8 -9.6000004 -0.050000001
8 -9.6000004 0.050000001
8 -9.6000004 0.15000001
8 -9.6000004 0.25
8 -9.6000004 0.34999999
8 -9.6000004 0.44999999
8 -9.6000004 0.55000001
8 -9.6000004 0.64999998
8 -9.6000004 0.75
8 -9.6000004 0.85000002
8 -9.6000004 0.94999999
8 -9.6000004 1.05
8 -9.6000004 1.15
8 -9.6000004 1.25
8 -9.6000004 1.35
8 -9.6000004 1.45
8 -9.6000004 1.55
8 -9.6000004 1.65
8 -9.6000004 1.75
8 -9.6000004 1.85
8 -9.6000004 1.95
8 -9.6000004 2.05
8 -9.6000004 2.1500001
8 -9.6000004 2.25
8 -9.6000004 2.3499999
8 -9.6000004 2.45
7.9000001 -9.6000004 -0.44999999
7.9000001 -9.6000004 -0.34999999
7.9000001 -9.6000004 -0.25
7.9000001 -9.6000004 -0.15000001
7.9000001 -9.6000004 -0.050000001
7.9000001 -9.6000004 0.050000001
7.9000001 -9.6000004 0.15000001
7.9000001 -9.6000004 0.25
7.9000001 -9.6000004 0.34999999
7.9000001 -9.6000004 0.44999999
7.9000001 -9.6000004 0.55000001
7.9000001 -9.6000004 0.64999998
7.9000001 -9.6000004 0.75
7.9000001 -9.6000004 0.85000002
7.9000001 -9.6000004 0.94999999
7.9000001 -9.6000004 1.05
7.9000001 -9.6000004 1.15
7.9000001 -9.6000004 1.25
7.9000001 -9.6000004 1.35
7.9000001 -9.6000004 1.45
7.9000001 -9.6000004 1.55
7.9000001 -9.6000004 1.65
7.9000001 -9.6000004 1.75
7.9000001 -9.6000004 1.85
7.9000001 -9.6000004 1.95
7.9000001 -9.6000004 2.05
7.9000001 -9.6000004 2.1500001
7.9000001 -9.6000004 2.25
7.9000001 -9.6000004 2.3499999
7.9000001 -9.6000004 2.45
8.1000004 -9.5 -0.44999999
8.1000004 -9.5 -0.34999999
8.1000004 -9.5 -0.25
8.1000004 -9.5 -0.15000001
8.1000004 -9.5 -0.050000001
8.1000004 -9.5 0.050000001
8.1000004 -9.5 0.15000001
8.1000004 -9.5 0.25
8.1000004 -9.5 0.34999999
8.1000004 -9.5 0.44999999
8.1000004 -9.5 0.55000001
8.1000004 -9.5 0.64999998
8.1000004 -9.5 0.75
8.1000004 -9.5 0.85000002
8.1000004 -9.5 0.94999999
8.1000004 -9.5 1.05
8.1000004 -9.5 1.15
8.1000004 -9.5 1.25
8.1000004 -9.5 1.35
8.1000004 -9.5 1.45
8.1000004 -9.5 1.55
8.1000004 -9.5 1.65
8.1000004 -9.5 1.75
8.1000004 -9.5 1.85
8.1000004 -9.5 1.95
8.1000004 -9.5 2.05
8.1000004 -9.5 2.1500001
8.1000004 -9.5 2.25
8.1000004 -9.5 2.3499999
8.1000004 -9.5 2.45
8 -9.5 -0.44999999
8 -9.5 -0.34999999
8 -9.5 -0.25
8 -9.5 -0.15000001
8 -9.5 -0.050000001
8 -9.5 0.050000001
8 -9.5 0.15000001
8 -9.5 0.25
8 -9.5 0.34999999
8 -9.5 0.44999999
8 -9.5 0.55000001
8 -9.5 0.64999998
8 -9.5 0.75
8 -9.5 0.85000002
8 -9.5 0.94999999
8 -9.5 1.05
8 -9.5 1.15
8 -9.5 1.25
8 -9.5 1.35
8 -9.5 1.45
8 -9.5 1.55
8 -9.5 1.65
8 -9.5 1.75
8 -9.5 1.85
8 -9.5 1.95
8 -9.5 2.05
8 -9.5 2.1500001
8 -9.5 2.25
8 -9.5 2.3499999
8 -9.5 2.45
7.9000001 -9.5 -0.44999999
7.9000001 -9.5 -0.34999999
7.9000001 -9.5 -0.25
7.9000001 -9.5 -0.15000001
7.9000001 -9.5 -0.050000001
7.9000001 -9.5 0.050000001
7.9000001 -9.5 0.15000001
7.9000001 -9.5 0.25
7.9000001 -9.5 0.34999999
7.9000001 -9.5 0.44999999
7.9000001 -9.5 0.55000001
7.9000001 -9.5 0.64999998
7.9000001 -9.5 0.75
7.9000001 -9.5 0.85000002
7.9000001 -9.5 0.94999999
7.9000001 -9.5 1.05
7.9000001 -9.5 1.15
7.9000001 -9.5 1.25
7.9000001 -9.5 1.35
7.9000001 -9.5 1.45
7.9000001 -9.5 1.55
7.9000001 -9.5 1.65
7.9000001 -9.5 1.75
7.9000001 -9.5 1.85
7.9000001 -9.5 1.95
7.9000001 -9.5 2.05
7.9000001 -9.5 2.1500001
7.9000001 -9.5 2.25
7.9000001 -9.5 2.3499999
7.9000001 -9.5 2.45
8.1000004 -9.3999996 -0.44999999
8.1000004 -9.3999996 -0.34999999
8.1000004 -9.3999996 -0.25
8.1000004 -9.3999996 -0.15000001
8.1000004 -9.3999996 -0.050000001
8.1000004 -9.3999996 0.050000001
8.1000004 -9.3999996 0.15000001
8.1000004 -9.3999996 0.25
8.1000004 -9.3999996 0.34999999
8.1000004 -9.3999996 0.44999999
8.1000004 -9.3999996 0.55000001
8.1000004 -9.3999996 0.64999998
8.1000004 -9.3999996 0.75
8.1000004 -9.3999996 0.85000002
8.1000004 -9.3999996 0.94999999
8.1000004 -9.3999996 1.05
8.1000004 -9.3999996 1.15
8.1000004 -9.3999996 1.25
8.1000004 -9.3999996 1.35
8.1000004 -9.3999996 1.45
8.1000004 -9.3999996 1.55
8.1000004 -9.3999996 1.65
8.1000004 -9.3999996 1.75
8.1000004 -9.3999996 1.85
8.1000004 -9.3999996 1.95
8.1000004 -9.3999996 2.05
8.1000004 -9.3999996 2.1500001
8.1000004 -9.3999996 2.25
8.1000004 -9.3999996 2.3499999
8.1000004 -9.3999996 2.45
8 -9.3999996 -0.44999999
8 -9.3999996 -0.34999999
8 -9.3999996 -0.25
8 -9.3999996 -0.15000001
8 -9.3999996 -0.050000001
8 -9.3999996 0.050000001
8 -9.3999996 0.15000001
8 -9.3999996 0.25
8 -9.3999996 0.34999999
8 -9.3999996 0.44999999
8 -9.3999996 0.55000001
8 -9.3999996 0.64999998
8 -9.3999996 0.75
8 -9.3999996 0.85000002
8 -9.3999996 0.94999999
8 -9.3999996 1.05
8 -9.3999996 1.15
8 -9.3999996 1.25
8 -9.3999996 1.35
8 -9.3999996 1.45
8 -9.3999996 1.55
8 -9.3999996 1.65
8 -9.3999996 1.75
8 -9.3999996 1.85
8 -9.3999996 1.95
8 -9.3999996 2.05
8 -9.3999996 2.1500001
8 -9.3999996 2.25
8 -9.3999996 2.3499999
8 -9.3999996 2.45
7.9000001 -9.3999996 -0.44999999
7.9000001 -9.3999996 -0.34999999
7.9000001 -9.3999996 -0.25
7.9000001 -9.3999996 -0.15000001
7.9000001 -9.3999996 -0.050000001
7.9000001 -9.3999996 0.050000001
7.9000001 -9.3999996 0.15000001
7.9000001 -9.3999996 0.25
7.9000001 -9.3999996 0.34999999
7.9000001 -9.3999996 0.44999999
7.9000001 -9.3999996 0.55000001
7.9000001 -9.3999996 0.64999998
7.9000001 -9.3999996 0.75
7.9000001 -9.3999996 0.85000002
7.9000001 -9.3999996 0.94999999
7.9000001 -9.3999996 1.05
7.9000001 -9.3999996 1.15
7.9000001 -9.3999996 1.25
7.9000001 -9.3999996 1.35
7.9000001 -9.3999996 1.45
7.9000001 -9.3999996 1.55
7.9000001 -9.3999996 1.65
7.9000001 -9.3999996 1.75
7.9000001 -9.3999996 1.85
7.9000001 -9.3999996 1.95
7.9000001 -9.3999996 2.05
7.9000001 -9.3999996 2.1500001
7.9000001 -9.3999996 2.25
7.9000001 -9.3999996 2.3499999
7.9000001 -9.3999996 2.45
8.1000004 -9.3000002 -0.44999999
8.1000004 -9.3000002 -0.34999999
8.1000004 -9.3000002 -0.25
8.1000004 -9.3000002 -0.15000001
8.1000004 -9.3000002 -0.050000001
8.1000004 -9.3000002 0.050000001
8.1000004 -9.3000002 0.15000001
8.1000004 -9.3000002 0.25
8.1000004 -9.3000002 0.34999999
8.1000004 -9.3000002 0.44999999
8.1000004 -9.3000002 0.55000001
8.1000004 -9.3000002 0.64999998
8.1000004 -9.3000002 0.75
8.1000004 -9.3000002 0.85000002
8.1000004 -9.3000002 0.94999999
8.1000004 -9.3000002 1.05
8.1000004 -9.3000002 1.15
8.1000004 -9.3000002 1.25
8.1000004 -9.3000002 1.35
8.1000004 -9.3000002 1.45
8.1000004 -9.3000002 1.55
8.1000004 -9.3000002 1.65
8.1000004 -9.3000002 1.75
8.1000004 -9.3000002 1.85
8.1000004 -9.3000002 1.95
8.1000004 -9.3000002 2.05
8.1000004 -9.3000002 2.1500001
8.1000004 -9.3000002 2.25
8.1000004 -9.3000002 2.3499999
8.1000004 -9.3000002 2.45
8 -9.3000002 -0.44999999
8 -9.3000002 -0.34999999
8 -9.3000002 -0.25
8 -9.3000002 -0.15000001
8 -9.3000002 -0.050000001
8 -9.3000002 0.050000001
8 -9.3000002 0.15000001
8 -9.3000002 0.25
8 -9.3000002 0.34999999
8 -9.3000002 0.44999999
8 -9.3000002 0.55000001
8 -9.3000002 0.64999998
8 -9.3000002 0.75
8 -9.3000002 0.85000002
8 -9.3000002 0.94999999
8 -9.3000002 1.05
8 -9.3000002 1.15
8 -9.3000002 1.25
8 -9.3000002 1.35
8 -9.3000002 1.45
8 -9.3000002 1.55
8 -9.3000002 1.65
8 -9.3000002 1.75
8 -9.3000002 1.85
8 -9.3000002 1.95
8 -9.3000002 2.05
8 -9.3000002 2.1500001
8 -9.3000002 2.25
8 -9.3000002 2.3499999
8 -9.3000002 2.45
7.9000001 -9.3000002 -0.44999999
7.9000001 -9.3000002 -0.34999999
7.9000001 -9.3000002 -0.25
7.9000001 -9.3000002 -0.15000001
7.9000001 -9.3000002 -0.050000001
7.9000001 -9.3000002 0.050000001
7.9000001 -9.3000002 0.15000001
7.9000001 -9.3000002 0.25
7.9000001 -9.3000002 0.34999999
7.9000001 -9.3000002 0.44999999
7.9000001 -9.3000002 0.55000001
7.9000001 -9.3000002 0.64999998
7.9000001 -9.3000002 0.75
7.9000001 -9.3000002 0.85000002
7.9000001 -9.3000002 0.94999999
7.9000001 -9.3000002 1.05
7.9000001 -9.3000002 1.15
7.9000001 -9.3000002 1.25
7.9000001 -9.3000002 1.35
7.9000001 -9.3000002 1.45
7.9000001 -9.3000002 1.55
7.9000001 -9.3000002 1.65
7.9000001 -9.3000002 1.75
7.9000001 -9.3000002 1.85
7.9000001 -9.3000002 1.95
7.9000001 -9.3000002 2.05
7.9000001 -9.3000002 2.1500001
7.9000001 -9.3000002 2.25
7.9000001 -9.3000002 2.3499999
7.9000001 -9.3000002 2.45
8.1000004 -9.1999998 -0.44999999
8.1000004 -9.1999998 -0.34999999
8.1000004 -9.1999998 -0.25
8.1000004 -9.1999998 -0.15000001
8.1000004 -9.1999998 -0.050000001
8.1000004 -9.1999998 0.050000001
8.1000004 -9.1999998 0.15000001
8.1000004 -9.1999998 0.25
8.1000004 -9.1999998 0.34999999
8.1000004 -9.1999998 0.44999999
8.1000004 -9.1999998 0.55000001
8.1000004 -9.1999998 0.64999998
8.1000004 -9.1999998 0.75
8.1000004 -9.1999998 0.85000002
8.1000004 -9.1999998 0.94999999
8.1000004 -9.1999998 1.05
8.1000004 -9.1999998 1.15
8.1000004 -9.1999998 1.25
8.1000004 -9.1999998 1.35
8.1000004 -9.1999998 1.45
8.1000004 -9.1999998 1.55
8.1000004 -9.1999998 1.65
8.1000004 -9.1999998 1.75
8.1000004 -9.1999998 1.85
8.1000004 -9.1999998 1.95
8.1000004 -9.1999998 2.05
8.1000004 -9.1999998 2.1500001
8.1000004 -9.1999998 2.25
8.1000004 -9.1999998 2.3499999
8.1000004 -9.1999998 2.45
8 -9.1999998 -0.44999999
8 -9.1999998 -0.34999999
8 -9.1999998 -0.25
8 -9.1999998 -0.15000001
8 -9.1999998 -0.050000001
8 -9.1999998 0.050000001
8 -9.1999998 0.15000001
8 -9.1999998 0.25
8 -9.1999998 0.34999999
8 -9.1999998 0.44999999
8 -9.1999998 0.55000001
8 -9.1999998 0.64999998
8 -9.1999998 0.75
8 -9.1999998 0.85000002
8 -9.1999998 0.94999999
8 -9.1999998 1.05
8 -9.1999998 1.15
8 -9.1999998 1.25
8 -9.1999998 1.35
8 -9.1999998 1.45
8 -9.1999998 1.55
8 -9.1999998 1.65
8 -9.1999998 1.75
8 -9.1999998 1.85
8 -9.1999998 1.95
8 -9.1999998 2.05
8 -9.1999998 2.1500001
8 -9.1999998 2.25
8 -9.1999998 2.3499999
8 -9.1999998 2.45
7.9000001 -9.1999998 -0.44999999
7.9000001 -9.1999998 -0.34999999
7.9000001 -9.1999998 -0.25
7.9000001 -9.1999998 -0.15000001
7.9000001 -9.1999998 -0.050000001
7.9000001 -9.1999998 0.050000001
7.9000001 -9.1999998 0.15000001
7.9000001 -9.1999998 0.25
7.9000001 -9.1999998 0.34999999
7.9000001 -9.1999998 0.44999999
7.9000001 -9.1999998 0.55000001
7.9000001 -9.1999998 0.64999998
7.9000001 -9.1999998 0.75
7.9000001 -9.1999998 0.85000002
7.9000001 -9.1999998 0.94999999
7.9000001 -9.1999998 1.05
7.9000001 -9.1999998 1.15
7.9000001 -9.1999998 1.25
7.9000001 -9.1999998 1.35
7.9000001 -9.1999998 1.45
7.9000001 -9.1999998 1.55
7.9000001 -9.1999998 1.65
7.9000001 -9.1999998 1.75
7.9000001 -9.1999998 1.85
7.9000001 -9.1999998 1.95
7.9000001 -9.1999998 2.05
7.9000001 -9.1999998 2.1500001
7.9000001 -9.1999998 2.25
7.9000001 -9.1999998 2.3499999
7.9000001 -9.1999998 2.45
8.1000004 -9.1000004 -0.44999999
8.1000004 -9.1000004 -0.34999999
8.1000004 -9.1000004 -0.25
8.1000004 -9.1000004 -0.15000001
8.1000004 -9.1000004 -0.050000001
8.1000004 -9.1000004 0.050000001
8.1000004 -9.1000004 0.15000001
8.1000004 -9.1000004 0.25
8.1000004 -9.1000004 0.34999999
8.1000004 -9.1000004 0.44999999
8.1000004 -9.1000004 0.55000001
8.1000004 -9.1000004 0.64999998
8.1000004 -9.1000004 0.75
8.1000004 -9.1000004 0.85000002
8.1000004 -9.1000004 0.94999999
8.1000004 -9.1000004 1.05
8.1000004 -9.1000004 1.15
8.1000004 -9.1000004 1.25
8.1000004 -9.1000004 1.35
8.1000004 -9.1000004 1.45
8.1000004 -9.1000004 1.55
8.1000004 -9.1000004 1.65
8.1000004 -9.1000004 1.75
8.1000004 -9.1000004 1.85
8.1000004 -9.1000004 1.95
8.1000004 -9.1000004 2.05
8.1000004 -9.1000004 2.1500001
8.1000004 -9.1000004 2.25
8.1000004 -9.1000004 2.3499999
8.1000004 -9.1000004 2.45
8 -9.1000004 -0.44999999
8 -9.1000004 -0.34999999
8 -9.1000004 -0.25
8 -9.1000004 -0.15000001
8 -9.1000004 -0.050000001
8 -9.1000004 0.050000001
8 -9.1000004 0.15000001
8 -9.1000004 0.25
8 -9.1000004 0.34999999
8 -9.1000004 0.44999999
8 -9.1000004 0.55000001
8 -9.1000004 0.64999998
8 -9.1000004 0.75
8 -9.1000004 0.85000002
8 -9.1000004 0.94999999
8 -9.1000004 1.05
8 -9.1000004 1.15
8 -9.1000004 1.25
8 -9.1000004 1.35
8 -9.1000004 1.45
8 -9.1000004 1.55
8 -9.1000004 1.65
8 -9.1000004 1.75
8 -9.1000004 1.85
8 -9.1000004 1.95
8 -9.1000004 2.05
8 -9.1000004 2.1500001
8 -9.1000004 2.25
8 -9.1000004 2.3499999
8 -9.1000004 2.45
7.9000001 -9.1000004 -0.44999999
7.9000001 -9.1000004 -0.34999999
7.9000001 -9.1000004 -0.25
7.9000001 -9.1000004 -0.15000001
7.9000001 -9.1000004 -0.050000001
7.9000001 -9.1000004 0.050000001
7.9000001 -9.1000004 0.15000001
7.9000001 -9.1000004 0.25
7.9000001 -9.1000004 0.34999999
7.9000001 -9.1000004 0.44999999
7.9000001 -9.1000004 0.55000001
7.9000001 -9.1000004 0.64999998
7.9000001 -9.1000004 0.75
7.9000001 -9.1000004 0.85000002
7.9000001 -9.1000004 0.94999999
7.9000001 -9.1000004 1.05
7.9000001 -9.1000004 1.15
7.9000001 -9.1000004 1.25
7.9000001 -9.1000004 1.35
7.9000001 -9.1000004 1.45
7.9000001 -9.1000004 1.55
7.9000001 -9.1000004 1.65
7.9000001 -9.1000004 1.75
7.9000001 -9.1000004 1.85
7.9000001 -9.1000004 1.95
7.9000001 -9.1000004 2.05
7.9000001 -9.1000004 2.1500001
7.9000001 -9.1000004 2.25
7.9000001 -9.1000004 2.3499999
7.9000001 -9.1000004 2.45
8.1000004 -9 -0.44999999
8.1000004 -9 -0.34999999
8.1000004 -9 -0.25
8.1000004 -9 -0.15000001
8.1000004 -9 -0.050000001
8.1000004 -9 0.050000001
8.1000004 -9 0.15000001
8.1000004 -9 0.25
8.1000004 -9 0.34999999
8.1000004 -9 0.44999999
8.1000004 -9 0.55000001
8.1000004 -9 0.64999998
8.1000004 -9 0.75
8.1000004 -9 0.85000002
8.1000004 -9 0.94999999
8.1000004 -9 1.05
8.1000004 -9 1.15
8.1000004 -9 1.25
8.1000004 -9 1.35
8.1000004 -9 1.45
8.1000004 -9 1.55
8.1000004 -9 1.65
8.1000004 -9 1.75
8.1000004 -9 1.85
8.1000004 -9 1.95
8.1000004 -9 2.05
8.1000004 -9 2.1500001
8.1000004 -9 2.25
8.1000004 -9 2.3499999
8.1000004 -9 2.45
8 -9 -0.44999999
8 -9 -0.34999999
8 -9 -0.25
8 -9 -0.15000001
8 -9 -0.050000001
8 -9 0.050000001
8 -9 0.15000001
8 -9 0.25
8 -9 0.34999999
8 -9 0.44999999
8 -9 0.55000001
8 -9 0.64999998
8 -9 0.75
8 -9 0.85000002
8 -9 0.94999999
8 -9 1.05
8 -9 1.15
8 -9 1.25
8 -9 1.35
8 -9 1.45
8 -9 1.55
8 -9 1.65
8 -9 1.75
8 -9 1.85
8 -9 1.95
8 -9 2.05
8 -9 2.1500001
8 -9 2.25
8 -9 2.3499999
8 -9 2.45
7.9000001 -9 -0.44999999
7.9000001 -9 -0.34999999
7.9000001 -9 -0.25
7.9000001 -9 -0.15000001
7.9000001 -9 -0.050000001
7.9000001 -9 0.050000001
7.9000001 -9 0.15000001
7.9000001 -9 0.25
7.9000001 -9 0.34999999
7.9000001 -9 0.44999999
7.9000001 -9 0.55000001
7.9000001 -9 0.64999998
7.9000001 -9 0.75
7.9000001 -9 0.85000002
7.9000001 -9 0.94999999
7.9000001 -9 1.05
7.9000001 -9 1.15
7.9000001 -9 1.25
7.9000001 -9 1.35
7.9000001 -9 1.45
7.9000001 -9 1.55
7.9000001 -9 1.65
7.9000001 -9 1.75
7.9000001 -9 1.85
7.9000001 -9 1.95
7.9000001 -9 2.05
7.9000001 -9 2.1500001
7.9000001 -9 2.25
7.9000001 -9 2.3499999
7.9000001 -9 2.45
8.1000004 -8.8999996 -0.44999999
8.1000004 -8.8999996 -0.34999999
8.1000004 -8.8999996 -0.25
8.1000004 -8.8999996 -0.15000001
8.1000004 -8.8999996 -0.050000001
8.1000004 -8.8999996 0.050000001
8.1000004 -8.8999996 0.15000001
8.1000004 -8.8999996 0.25
8.1000004 -8.8999996 0.34999999
8.1000004 -8.8999996 0.44999999
8.1000004 -8.8999996 0.55000001
8.1000004 -8.8999996 0.64999998
8.1000004 -8.8999996 0.75
8.1000004 -8.8999996 0.85000002
8.1000004 -8.8999996 0.94999999
8.1000004 -8.8999996 1.05
8.1000004 -8.8999996 1.15
8.1000004 -8.8999996 1.25
8.1000004 -8.8999996 1.35
8.1000004 -8.8999996 1.45
8.1000004 -8.8999996 1.55
8.1000004 -8.8999996 1.65
8.1000004 -8.8999996 1.75
8.1000004 -8.8999996 1.85
8.1000004 -8.8999996 1.95
8.1000004 -8.8999996 2.05
8.1000004 -8.8999996 2.1500001
8.1000004 -8.8999996 2.25
8.1000004 -8.8999996 2.3499999
8.1000004 -8.8999996 2.45
8 -8.8999996 -0.44999999
8 -8.8999996 -0.34999999
8 -8.8999996 -0.25
8 -8.8999996 -0.15000001
8 -8.8999996 -0.050000001
8 -8.8999996 0.050000001
8 -8.8999996 0.15000001
8 -8.8999996 0.25
8 -8.8999996 0.34999999
8 -8.8999996 0.44999999
8 -8.8999996 0.55000001
8 -8.8999996 0.64999998
8 -8.8999996 0.75
8 -8.8999996 0.85000002
8 -8.8999996 0.94999999
8 -8.8999996 1.05
8 -8.8999996 1.15
8 -8.8999996 1.25
8 -8.8999996 1.35
8 -8.8999996 1.45
8 -8.8999996 1.55
8 -8.8999996 1.65
8 -8.8999996 1.75
8 -8.8999996 1.85
8 -8.8999996 1.95
8 -8.8999996 2.05
8 -8.8999996 2.1500001
8 -8.8999996 2.25
8 -8.8999996 2.3499999
8 -8.8999996 2.45
7.9000001 -8.8999996 -0.44999999
7.9000001 -8.8999996 -0.34999999
7.9000001 -8.8999996 -0.25
7.9000001 -8.8999996 -0.15000001
7.9000001 -8.8999996 -0.050000001
7.9000001 -8.8999996 0.050000001
7.9000001 -8.8999996 0.15000001
7.9000001 -8.8999996 0.25
7.9000001 -8.8999996 0.34999999
7.9000001 -8.8999996 0.44999999
7.9000001 -8.8999996 0.55000001
7.9000001 -8.8999996 0.64999998
7.9000001 -8.8999996 0.75
7.9000001 -8.8999996 0.85000002
7.9000001 -8.8999996 0.94999999
7.9000001 -8.8999996 1.05
7.9000001 -8.8999996 1.15
7.9000001 -8.8999996 1.25
7.9000001 -8.8999996 1.35
7.9000001 -8.8999996 1.45
7.9000001 -8.8999996 1.55
7.9000001 -8.8999996 1.65
7.9000001 -8.8999996 1.75
7.9000001 -8.8999996 1.85
7.9000001 -8.8999996 1.95
7.9000001 -8.8999996 2.05
7.9000001 -8.8999996 2.1500001
7.9000001 -8.8999996 2.25
7.9000001 -8.8999996 2.3499999
7.9000001 -8.8999996 2.45
8.1000004 -8.8000002 -0.44999999
8.1000004 -8.8000002 -0.34999999
8.1000004 -8.8000002 -0.25
8.1000004 -8.8000002 -0.15000001
8.1000004 -8.8000002 -0.050000001
8.1000004 -8.8000002 0.050000001
8.1000004 -8.8000002 0.15000001
8.1000004 -8.8000002 0.25
8.1000004 -8.8000002 0.34999999
8.1000004 -8.8000002 0.44999999
8.1000004 -8.8000002 0.55000001
8.1000004 -8.8000002 0.64999998
8.1000004 -8.8000002 0.75
8.1000004 -8.8000002 0.85000002
8.1000004 -8.8000002 0.94999999
8.1000004 -8.8000002 1.05
8.1000004 -8.8000002 1.15
8.1000004 -8.8000002 1.25
8.1000004 -8.8000002 1.35
8.1000004 -8.8000002 1.45
8.1000004 -8.8000002 1.55
8.1000004 -8.8000002 1.65
8.1000004 -8.8000002 1.75
8.1000004 -8.8000002 1.85
8.1000004 -8.8000002 1.95
8.1000004 -8.8000002 2.05
8.1000004 -8.8000002 2.1500001
8.1000004 -8.8000002 2.25
8.1000004 -8.8000002 2.3499999
8.1000004 -8.8000002 2.45
8 -8.8000002 -0.44999999
8 -8.8000002 -0.34999999
8 -8.8000002 -0.25
8 -8.8000002 -0.15000001
8 -8.8000002 -0.050000001
8 -8.8000002 0.050000001
8 -8.8000002 0.15000001
8 -8.8000002 0.25
8 -8.8000002 0.34999999
8 -8.8000002 0.44999999
8 -8.8000002 0.55000001
8 -8.8000002 0.64999998
8 -8.8000002 0.75
8 -8.8000002 0.85000002
8 -8.8000002 0.94999999
8 -8.8000002 1.05
8 -8.8000002 1.15
8 -8.8000002 1.25
8 -8.8000002 1.35
8 -8.8000002 1.45
8 -8.8000002 1.55
8 -8.8000002 1.65
8 -8.8000002 1.75
8 -8.8000002 1.85
8 -8.8000002 1.95
8 -8.8000002 2.05
8 -8.8000002 2.1500001
8 -8.8000002 2.25
8 -8.8000002 2.3499999
8 -8.8000002 2.45
7.9000001 -8.8000002 -0.44999999
7.9000001 -8.8000002 -0.34999999
7.9000001 -8.8000002 -0.25
7.9000001 -8.8000002 -0.15000001
7.9000001 -8.8000002 -0.050000001
7.9000001 -8.8000002 0.050000001
7.9000001 -8.8000002 0.15000001
7.9000001 -8.8000002 0.25
7.9000001 -8.8000002 0.34999999
7.9000001 -8.8000002 0.44999999
7.9000001 -8.8000002 0.55000001
7.9000001 -8.8000002 0.64999998
7.9000001 -8.8000002 0.75
7.9000001 -8.8000002 0.85000002
7.9000001 -8.8000002 0.94999999
7.9000001 -8.8000002 1.05
7.9000001 -8.8000002 1.15
7.9000001 -8.8000002 1.25
7.9000001 -8.8000002 1.35
7.9000001 -8.8000002 1.45
7.9000001 -8.8000002 1.55
7.9000001 -8.8000002 1.65
7.9000001 -8.8000002 1.75
7.9000001 -8.8000002 1.85
7.9000001 -8.8000002 1.95
7.9000001 -8.8000002 2.05
7.9000001 -8.8000002 2.1500001
7.9000001 -8.8000002 2.25
7.9000001 -8.8000002 2.3499999
7.9000001 -8.8000002 2.45
8.1000004 -8.6999998 -0.44999999
8.1000004 -8.6999998 -0.34999999
8.1000004 -8.6999998 -0.25
8.1000004 -8.6999998 -0.15000001
8.1000004 -8.6999998 -0.050000001
8.1000004 -8.6999998 0.050000001
8.1000004 -8.6999998 0.15000001
8.1000004 -8.6999998 0.25
8.1000004 -8.6999998 0.34999999
8.1000004 -8.6999998 0.44999999
8.1000004 -8.6999998 0.55000001
8.1000004 -8.6999998 0.64999998
8.1000004 -8.6999998 0.75
8.1000004 -8.6999998 0.85000002
8.1000004 -8.6999998 0.94999999
8.1000004 -8.6999998 1.05
8.1000004 -8.6999998 1.15
8.1000004 -8.6999998 1.25
8.1000004 -8.6999998 1.35
8.1000004 -8.6999998 1.45
8.1000004 -8.6999998 1.55
8.1000004 -8.6999998 1.65
8.1000004 -8.6999998 1.75
8.1000004 -8.6999998 1.85
8.1000004 -8.6999998 1.95
8.1000004 -8.6999998 2.05
8.1000004 -8.6999998 2.1500001
8.1000004 -8.6999998 2.25
8.1000004 -8.6999998 2.3499999
8.1000004 -8.6999998 2.45
8 -8.6999998 -0.44999999
8 -8.6999998 -0.34999999
8 -8.6999998 -0.25
8 -8.6999998 -0.15000001
8 -8.6999998 -0.050000001
8 -8.6999998 0.050000001
8 -8.6999998 0.15000001
8 -8.6999998 0.25
8 -8.6999998 0.34999999
8 -8.6999998 0.44999999
8 -8.6999998 0.55000001
8 -8.6999998 0.64999998
8 -8.6999998 0.75
8 -8.6999998 0.85000002
8 -8.6999998 0.94999999
8 -8.6999998 1.05
8 -8.6999998 1.15
8 -8.6999998 1.25
8 -8.6999998 1.35
8 -8.6999998 1.45
8 -8.6999998 1.55
8 -8.6999998 1.65
8 -8.6999998 1.75
8 -8.6999998 1.85
8 -8.6999998 1.95
8 -8.6999998 2.05
8 -8.6999998 2.1500001
8 -8.6999998 2.25
8 -8.6999998 2.3499999
8 -8.6999998 2.45
7.9000001 -8.6999998 -0.44999999
7.9000001 -8.6999998 -0.34999999
7.9000001 -8.6999998 -0.25
7.9000001 -8.6999998 -0.15000001
7.9000001 -8.6999998 -0.050000001
7.9000001 -8.6999998 0.050000001
7.9000001 -8.6999998 0.15000001
7.9000001 -8.6999998 0.25
7.9000001 -8.6999998 0.34999999
7.9000001 -8.6999998 0.44999999
7.9000001 -8.6999998 0.55000001
7.9000001 -8.6999998 0.64999998
7.9000001 -8.6999998 0.75
7.9000001 -8.6999998 0.85000002
7.9000001 -8.6999998 0.94999999
7.9000001 -8.6999998 1.05
7.9000001 -8.6999998 1.15
7.9000001 -8.6999998 1.25
7.9000001 -8.6999998 1.35
7.9000001 -8.6999998 1.45
7.9000001 -8.6999998 1.55
7.9000001 -8.6999998 1.65
7.9000001 -8.6999998 1.75
7.9000001 -8.6999998 1.85
7.9000001 -8.6999998 1.95
7.9000001 -8.6999998 2.05
7.9000001 -8.6999998 2.1500001
7.9000001 -8.6999998 2.25
7.9000001 -8.6999998 2.3499999
7.9000001 -8.6999998 2.45
8.1000004 -8.6000004 -0.44999999
8.1000004 -8.6000004 -0.34999999
8.1000004 -8.6000004 -0.25
8.1000004 -8.6000004 -0.15000001
8.1000004 -8.6000004 -0.050000001
8.1000004 -8.6000004 0.050000001
8.1000004 -8.6000004 0.15000001
8.1000004 -8.6000004 0.25
8.1000004 -8.6000004 0.34999999
8.1000004 -8.6000004 0.44999999
8.1000004 -8.6000004 0.55000001
8.1000004 -8.6000004 0.64999998
8.1000004 -8.6000004 0.75
8.1000004 -8.6000004 0.85000002
8.1000004 -8.6000004 0.94999999
8.1000004 -8.6000004 1.05
8.1000004 -8.6000004 1.15
8.1000004 -8.6000004 1.25
8.1000004 -8.6000004 1.35
8.1000004 -8.6000004 1.45
8.1000004 -8.6000004 1.55
8.1000004 -8.6000004 1.65
8.1000004 -8.6000004 1.75
8.1000004 -8.6000004 1.85
8.1000004 -8.6000004 1.95
8.1000004 -8.6000004 2.05
8.1000004 -8.6000004 2.1500001
8.1000004 -8.6000004 2.25
8.1000004 -8.6000004 2.3499999
8.1000004 -8.6000004 2.45
8 -8.6000004 -0.44999999
8 -8.6000004 -0.34999999
8 -8.6000004 -0.25
8 -8.6000004 -0.15000001
8 -8.6000004 -0.050000001
8 -8.6000004 0.050000001
8 -8.6000004 0.15000001
8 -8.6000004 0.25
8 -8.6000004 0.34999999
8 -8.6000004 0.44999999
8 -8.6000004 0.55000001
8 -8.6000004 0.64999998
8 -8.6000004 0.75
8 -8.6000004 0.85000002
8 -8.6000004 0.94999999
8 -8.6000004 1.05
8 -8.6000004 1.15
8 -8.6000004 1.25
8 -8.6000004 1.35
8 -8.6000004 1.45
8 -8.6000004 1.55
8 -8.6000004 1.65
8 -8.6000004 1.75
8 -8.6000004 1.85
8 -8.6000004 1.95
8 -8.6000004 2.05
8 -8.6000004 2.1500001
8 -8.6000004 2.25
8 -8.6000004 2.3499999
8 -8.6000004 2.45
7.9000001 -8.6000004 -0.44999999
7.9000001 -8.6000004 -0.34999999
7.9000001 -8.6000004 -0.25
7.9000001 -8.6000004 -0.15000001
7.9000001 -8.6000004 -0.050000001
7.9000001 -8.6000004 0.050000001
7.9000001 -8.6000004 0.15000001
7.9000001 -8.6000004 0.25
7.9000001 -8.6000004 0.34999999
7.9000001 -8.6000004 0.44999999
7.9000001 -8.6000004 0.55000001
7.9000001 -8.6000004 0.64999998
7.9000001 -8.6000004 0.75
7.9000001 -8.6000004 0.85000002
7.9000001 -8.6000004 0.94999999
7.9000001 -8.6000004 1.05
7.9000001 -8.6000004 1.15
7.9000001 -8.6000004 1.25
7.9000001 -8.6000004 1.35
7.9000001 -8.6000004 1.45
7.9000001 -8.6000004 1.55
7.9000001 -8.6000004 1.65
7.9000001 -8.6000004 1.75
7.9000001 -8.6000004 1.85
7.9000001 -8.6000004 1.95
7.9000001 -8.6000004 2.05
7.9000001 -8.6000004 2.1500001
7.9000001 -8.6000004 2.25
7.9000001 -8.6000004 2.3499999
7.9000001 -8.6000004 2.45
8.1000004 -8.5 -0.44999999
8.1000004 -8.5 -0.34999999
8.1000004 -8.5 -0.25
8.1000004 -8.5 -0.15000001
8.1000004 -8.5 -0.050000001
8.1000004 -8.5 0.050000001
8.1000004 -8.5 0.15000001
8.1000004 -8.5 0.25
8.1000004 -8.5 0.34999999
8.1000004 -8.5 0.44999999
8.1000004 -8.5 0.55000001
8.1000004 -8.5 0.64999998
8.1000004 -8.5 0.75
8.1000004 -8.5 0.85000002
8.1000004 -8.5 0.94999999
8.1000004 -8.5 1.05
8.1000004 -8.5 1.15
8.1000004 -8.5 1.25
8.1000004 -8.5 1.35
8.1000004 -8.5 1.45
8.1000004 -8.5 1.55
8.1000004 -8.5 1.65
8.1000004 -8.5 1.75
8.1000004 -8.5 1.85
8.1000004 -8.5 1.95
8.1000004 -8.5 2.05
8.1000004 -8.5 2.1500001
8.1000004 -8.5 2.25
8.1000004 -8.5 2.3499999
8.1000004 -8.5 2.45
8 -8.5 -0.44999999
8 -8.5 -0.34999999
8 -8.5 -0.25
8 -8.5 -0.15000001
8 -8.5 -0.050000001
8 -8.5 0.050000001
8 -8.5 0.15000001
8 -8.5 0.25
8 -8.5 0.34999999
8 -8.5 0.44999999
8 -8.5 0.55000001
8 -8.5 0.64999998
8 -8.5 0.75
8 -8.5 0.85000002
8 -8.5 0.94999999
8 -8.5 1.05
8 -8.5 1.15
8 -8.5 1.25
8 -8.5 1.35
8 -8.5 1.45
8 -8.5 1.55
8 -8.5 1.65
8 -8.5 1.75
8 -8.5 1.85
8 -8.5 1.95
8 -8.5 2.05
8 -8.5 2.1500001
8 -8.5 2.25
8 -8.5 2.3499999
8 -8.5 2.45
7.9000001 -8.5 -0.44999999
7.9000001 -8.5 -0.34999999
7.9000001 -8.5 -0.25
7.9000001 -8.5 -0.15000001
7.9000001 -8.5 -0.050000001
7.9000001 -8.5 0.050000001
7.9000001 -8.5 0.15000001
7.9000001 -8.5 0.25
7.9000001 -8.5 0.34999999
7.9000001 -8.5 0.44999999
7.9000001 -8.5 0.55000001
7.9000001 -8.5 0.64999998
7.9000001 -8.5 0.75
7.9000001 -8.5 0.85000002
7.9000001 -8.5 0.94999999
7.9000001 -8.5 1.05
7.9000001 -8.5 1.15
7.9000001 -8.5 1.25
7.9000001 -8.5 1.35
7.9000001 -8.5 1.45
7.9000001 -8.5 1.55
7.9000001 -8.5 1.65
7.9000001 -8.5 1.75
7.9000001 -8.5 1.85
7.9000001 -8.5 1.95
7.9000001 -8.5 2.05
7.9000001 -8.5 2.1500001
7.9000001 -8.5 2.25
7.9000001 -8.5 2.3499999
7.9000001 -8.5 2.45
8.1000004 -8.3999996 -0.44999999
8.1000004 -8.3999996 -0.34999999
8.1000004 -8.3999996 -0.25
8.1000004 -8.3999996 -0.15000001
8.1000004 -8.3999996 -0.050000001
8.1000004 -8.3999996 0.050000001
8.1000004 -8.3999996 0.15000001
8.1000004 -8.3999996 0.25
8.1000004 -8.3999996 0.34999999
8.1000004 -8.3999996 0.44999999
8.1000004 -8.3999996 0.55000001
8.1000004 -8.3999996 0.64999998
8.1000004 -8.3999996 0.75
8.1000004 -8.3999996 0.85000002
8.1000004 -8.3999996 0.94999999
8.1000004 -8.3999996 1.05
8.1000004 -8.3999996 1.15
8.1000004 -8.3999996 1.25
8.1000004 -8.3999996 1.35
8.1000004 -8.3999996 1.45
8.1000004 -8.3999996 1.55
8.1000004 -8.3999996 1.65
8.1000004 -8.3999996 1.75
8.1000004 -8.3999996 1.85
8.1000004 -8.3999996 1.95
8.1000004 -8.3999996 2.05
8.1000004 -8.3999996 2.1500001
8.1000004 -8.3999996 2.25
8.1000004 -8.3999996 2.3499999
8.1000004 -8.3999996 2.45
8 -8.3999996 -0.44999999
8 -8.3999996 -0.34999999
8 -8.3999996 -0.25
8 -8.3999996 -0.15000001
8 -8.3999996 -0.050000001
8 -8.3999996 0.050000001
8 -8.3999996 0.15000001
8 -8.3999996 0.25
8 -8.3999996 0.34999999
8 -8.3999996 0.44999999
8 -8.3999996 0.55000001
8 -8.3999996 0.64999998
8 -8.3999996 0.75
8 -8.3999996 0.85000002
8 -8.3999996 0.94999999
8 -8.3999996 1.05
8 -8.3999996 1.15
8 -8.3999996 1.25
8 -8.3999996 1.35
8 -8.3999996 1.45
8 -8.3999996 1.55
8 -8.3999996 1.65
8 -8.3999996 1.75
8 -8.3999996 1.85
8 -8.3999996 1.95
8 -8.3999996 2.05
8 -8.3999996 2.1500001
8 -8.3999996 2.25
8 -8.3999996 2.3499999
8 -8.3999996 2.45
7.9000001 -8.3999996 -0.44999999
7.9000001 -8.3999996 -0.34999999
7.9000001 -8.3999996 -0.25
7.9000001 -8.3999996 -0.15000001
7.9000001 -8.3999996 -0.050000001
7.9000001 -8.3999996 0.050000001
7.9000001 -8.3999996 0.15000001
7.9000001 -8.3999996 0.25
7.9000001 -8.3999996 0.34999999
7.9000001 -8.3999996 0.44999999
7.9000001 -8.3999996 0.55000001
7.9000001 -8.3999996 0.64999998
7.9000001 -8.3999996 0.75
7.9000001 -8.3999996 0.85000002
7.9000001 -8.3999996 0.94999999
7.9000001 -8.3999996 1.05
7.9000001 -8.3999996 1.15
7.9000001 -8.3999996 1.25
7.9000001 -8.3999996 1.35
7.9000001 -8.3999996 1.45
7.9000001 -8.3999996 1.55
7.9000001 -8.3999996 1.65
7.9000001 -8.3999996 1.75
7.9000001 -8.3999996 1.85
7.9000001 -8.3999996 1.95
7.9000001 -8.3999996 2.05
7.9000001 -8.3999996 2.1500001
7.9000001 -8.3999996 2.25
7.9000001 -8.3999996 2.3499999
7.9000001 -8.3999996 2.45
8.1000004 -8.3000002 -0.44999999
8.1000004 -8.3000002 -0.34999999
8.1000004 -8.3000002 -0.25
8.1000004 -8.3000002 -0.15000001
8.1000004 -8.3000002 -0.050000001
8.1000004 -8.3000002 0.050000001
8.1000004 -8.3000002 0.15000001
8.1000004 -8.3000002 0.25
8.1000004 -8.3000002 0.34999999
8.1000004 -8.3000002 0.44999999
8.1000004 -8.3000002 0.55000001
8.1000004 -8.3000002 0.64999998
8.1000004 -8.3000002 0.75
8.1000004 -8.3000002 0.85000002
8.1000004 -8.3000002 0.94999999
8.1000004 -8.3000002 1.05
8.1000004 -8.3000002 1.15
8.1000004 -8.3000002 1.25
8.1000004 -8.3000002 1.35
8.1000004 -8.3000002 1.45
8.1000004 -8.3000002 1.55
8.1000004 -8.3000002 1.65
8.1000004 -8.3000002 1.75
8.1000004 -8.3000002 1.85
8.1000004 -8.3000002 1.95
8.1000004 -8.3000002 2.05
8.1000004 -8.3000002 2.1500001
8.1000004 -8.3000002 2.25
8.1000004 -8.3000002 2.3499999
8.1000004 -8.3000002 2.45
8 -8.3000002 -0.44999999
8 -8.3000002 -0.34999999
8 -8.3000002 -0.25
8 -8.3000002 -0.15000001
8 -8.3000002 -0.050000001
8 -8.3000002 0.050000001
8 -8.3000002 0.15000001
8 -8.3000002 0.25
8 -8.3000002 0.34999999
8 -8.3000002 0.44999999
8 -8.3000002 0.55000001
8 -8.3000002 0.64999998
8 -8.3000002 0.75
8 -8.3000002 0.85000002
8 -8.3000002 0.94999999
8 -8.3000002 1.05
8 -8.3000002 1.15
8 -8.3000002 1.25
8 -8.3000002 1.35
8 -8.3000002 1.45
8 -8.3000002 1.55
8 -8.3000002 1.65
8 -8.3000002 1.75
8 -8.3000002 1.85
8 -8.3000002 1.95
8 -8.3000002 2.05
8 -8.3000002 2.1500001
8 -8.3000002 2.25
8 -8.3000002 2.3499999
8 -8.3000002 2.45
7.9000001 -8.3000002 -0.44999999
7.9000001 -8.3000002 -0.34999999
7.9000001 -8.3000002 -0.25
7.9000001 -8.3000002 -0.15000001
7.9000001 -8.3000002 -0.050000001
7.9000001 -8.3000002 0.050000001
7.9000001 -8.3000002 0.15000001
7.9000001 -8.3000002 0.25
7.9000001 -8.3000002 0.34999999
7.9000001 -8.3000002 0.44999999
7.9000001 -8.3000002 0.55000001
7.9000001 -8.3000002 0.64999998
7.9000001 -8.3000002 0.75
7.9000001 -8.3000002 0.85000002
7.9000001 -8.3000002 0.94999999
7.9000001 -8.3000002 1.05
7.9000001 -8.3000002 1.15
7.9000001 -8.3000002 1.25
7.9000001 -8.3000002 1.35
7.9000001 -8.3000002 1.45
7.9000001 -8.3000002 1.55
7.9000001 -8.3000002 1.65
7.9000001 -8.3000002 1.75
7.9000001 -8.3000002 1.85
7.9000001 -8.3000002 1.95
7.9000001 -8.3000002 2.05
7.9000001 -8.3000002 2.1500001
7.9000001 -8.3000002 2.25
7.9000001 -8.3000002 2.3499999
7.9000001 -8.3000002 2.45
8.1000004 -8.1999998 -0.44999999
8.1000004 -8.1999998 -0.34999999
8.1000004 -8.1999998 -0.25
8.1000004 -8.1999998 -0.15000001
8.1000004 -8.1999998 -0.050000001
8.1000004 -8.1999998 0.050000001
8.1000004 -8.1999998 0.15000001
8.1000004 -8.1999998 0.25
8.1000004 -8.1999998 0.34999999
8.1000004 -8.1999998 0.44999999
8.1000004 -8.1999998 0.55000001
8.1000004 -8.1999998 0.64999998
8.1000004 -8.1999998 0.75
8.1000004 -8.1999998 0.85000002
8.1000004 -8.1999998 0.94999999
8.1000004 -8.1999998 1.05
8.1000004 -8.1999998 1.15
8.1000004 -8.1999998 1.25
8.1000004 -8.1999998 1.35
8.1000004 -8.1999998 1.45
8.1000004 -8.1999998 1.55
8.1000004 -8.1999998 1.65
8.1000004 -8.1999998 1.75
8.1000004 -8.1999998 1.85
8.1000004 -8.1999998 1.95
8.1000004 -8.1999998 2.05
8.1000004 -8.1999998 2.1500001
8.1000004 -8.1999998 2.25
8.1000004 -8.1999998 2.3499999
8.1000004 -8.1999998 2.45
8 -8.1999998 -0.44999999
8 -8.1999998 -0.34999999
8 -8.1999998 -0.25
8 -8.1999998 -0.15000001
8 -8.1999998 -0.050000001
8 -8.1999998 0.050000001
8 -8.1999998 0.15000001
8 -8.1999998 0.25
8 -8.1999998 0.34999999
8 -8.1999998 0.44999999
8 -8.1999998 0.55000001
8 -8.1999998 0.64999998
8 -8.1999998 0.75
8 -8.1999998 0.85000002
8 -8.1999998 0.94999999
8 -8.1999998 1.05
8 -8.1999998 1.15
8 -8.1999998 1.25
8 -8.1999998 1.35
8 -8.1999998 1.45
8 -8.1999998 1.55
8 -8.1999998 1.65
8 -8.1999998 1.75
8 -8.1999998 1.85
8 -8.1999998 1.95
8 -8.1999998 2.05
8 -8.1999998 2.1500001
8 -8.1999998 2.25
8 -8.1999998 2.3499999
8 -8.1999998 2.45
7.9000001 -8.1999998 -0.44999999
7.9000001 -8.1999998 -0.34999999
7.9000001 -8.1999998 -0.25
7.9000001 -8.1999998 -0.15000001
7.9000001 -8.1999998 -0.050000001
7.9000001 -8.1999998 0.050000001
7.9000001 -8.1999998 0.15000001
7.9000001 -8.1999998 0.25
7.9000001 -8.1999998 0.34999999
7.9000001 -8.1999998 0.44999999
7.9000001 -8.1999998 0.55000001
7.9000001 -8.1999998 0.64999998
7.9000001 -8.1999998 0.75
7.9000001 -8.1999998 0.85000002
7.9000001 -8.1999998 0.94999999
7.9000001 -8.1999998 1.05
7.9000001 -8.1999998 1.15
7.9000001 -8.1999998 1.25
7.9000001 -8.1999998 1.35
7.9000001 -8.1999998 1.45
7.9000001 -8.1999998 1.55
7.9000001 -8.1999998 1.65
7.9000001 -8.1999998 1.75
7.9000001 -8.1999998 1.85
7.9000001 -8.1999998 1.95
7.9000001 -8.1999998 2.05
7.9000001 -8.1999998 2.1500001
7.9000001 -8.1999998 2.25
7.9000001 -8.1999998 2.3499999
7.9000001 -8.1999998 2.45
8.1000004 -8.1000004 -0.44999999
8.1000004 -8.1000004 -0.34999999
8.1000004 -8.1000004 -0.25
8.1000004 -8.1000004 -0.15000001
8.1000004 -8.1000004 -0.050000001
8.1000004 -8.1000004 0.050000001
8.1000004 -8.1000004 0.15000001
8.1000004 -8.1000004 0.25
8.1000004 -8.1000004 0.34999999
8.1000004 -8.1000004 0.44999999
8.1000004 -8.1000004 0.55000001
8.1000004 -8.1000004 0.64999998
8.1000004 -8.1000004 0.75
8.1000004 -8.1000004 0.85000002
8.1000004 -8.1000004 0.94999999
8.1000004 -8.1000004 1.05
8.1000004 -8.1000004 1.15
8.1000004 -8.1000004 1.25
8.1000004 -8.1000004 1.35
8.1000004 -8.1000004 1.45
8.1000004 -8.1000004 1.55
8.1000004 -8.1000004 1.65
8.1000004 -8.1000004 1.75
8.1000004 -8.1000004 1.85
8.1000004 -8.1000004 1.95
8.1000004 -8.1000004 2.05
8.1000004 -8.1000004 2.1500001
8.1000004 -8.1000004 2.25
8.1000004 -8.1000004 2.3499999
8.1000004 -8.1000004 2.45
8 -8.1000004 -0.44999999
8 -8.1000004 -0.34999999
8 -8.1000004 -0.25
8 -8.1000004 -0.15000001
8 -8.1000004 -0.050000001
8 -8.1000004 0.050000001
8 -8.1000004 0.15000001
8 -8.1000004 0.25
8 -8.1000004 0.34999999
8 -8.1000004 0.44999999
8 -8.1000004 0.55000001
8 -8.1000004 0.64999998
8 -8.1000004 0.75
8 -8.1000004 0.85000002
8 -8.1000004 0.94999999
8 -8.1000004 1.05
8 -8.1000004 1.15
8 -8.1000004 1.25
8 -8.1000004 1.35
8 -8.1000004 1.45
8 -8.1000004 1.55
8 -8.1000004 1.65
8 -8.1000004 1.75
8 -8.1000004 1.85
8 -8.1000004 1.95
8 -8.1000004 2.05
8 -8.1000004 2.1500001
8 -8.1000004 2.25
8 -8.1000004 2.3499999
8 -8.1000004 2.45
7.9000001 -8.1000004 -0.44999999
7.9000001 -8.1000004 -0.34999999
7.9000001 -8.1000004 -0.25
7.9000001 -8.1000004 -0.15000001
7.9000001 -8.1000004 -0.050000001
7.9000001 -8.1000004 0.050000001
7.9000001 -8.1000004 0.15000001
7.9000001 -8.1000004 0.25
7.9000001 -8.1000004 0.34999999
7.9000001 -8.1000004 0.44999999
7.9000001 -8.1000004 0.55000001
7.9000001 -8.1000004 0.64999998
7.9000001 -8.1000004 0.75
7.9000001 -8.1000004 0.85000002
7.9000001 -8.1000004 0.94999999
7.9000001 -8.1000004 1.05
7.9000001 -8.1000004 1.15
7.9000001 -8.1000004 1.25
7.9000001 -8.1000004 1.35
7.9000001 -8.1000004 1.45
7.9000001 -8.1000004 1.55
7.9000001 -8.1000004 1.65
7.9000001 -8.1000004 1.75
7.9000001 -8.1000004 1.85
7.9000001 -8.1000004 1.95
7.9000001 -8.1000004 2.05
7.9000001 -8.1000004 2.1500001
7.9000001 -8.1000004 2.25
7.9000001 -8.1000004 2.3499999
7.9000001 -8.1000004 2.45
8.1000004 -8 -0.44999999
8.1000004 -8 -0.34999999
8.1000004 -8 -0.25
8.1000004 -8 -0.15000001
8.1000004 -8 -0.050000001
8.1000004 -8 0.050000001
8.1000004 -8 0.15000001
8.1000004 -8 0.25
8.1000004 -8 0.34999999
8.1000004 -8 0.44999999
8.1000004 -8 0.55000001
8.1000004 -8 0.64999998
8.1000004 -8 0.75
8.1000004 -8 0.85000002
8.1000004 -8 0.94999999
8.1000004 -8 1.05
8.1000004 -8 1.15
8.1000004 -8 1.25
8.1000004 -8 1.35
8.1000004 -8 1.45
8.1000004 -8 1.55
8.1000004 -8 1.65
8.1000004 -8 1.75
8.1000004 -8 1.85
8.1000004 -8 1.95
8.1000004 -8 2.05
8.1000004 -8 2.1500001
8.1000004 -8 2.25
8.1000004 -8 2.3499999
8.1000004 -8 2.45
8 -8 -0.44999999
8 -8 -0.34999999
8 -8 -0.25
8 -8 -0.15000001
8 -8 -0.050000001
8 -8 0.050000001
8 -8 0.15000001
8 -8 0.25
8 -8 0.34999999
8 -8 0.44999999
8 -8 0.55000001
8 -8 0.64999998
8 -8 0.75
8 -8 0.85000002
8 -8 0.94999999
8 -8 1.05
8 -8 1.15
8 -8 1.25
8 -8 1.35
8 -8 1.45
8 -8 1.55
8 -8 1.65
8 -8 1.75
8 -8 1.85
8 -8 1.95
8 -8 2.05
8 -8 2.1500001
8 -8 2.25
8 -8 2.3499999
8 -8 2.45
7.9000001 -8 -0.44999999
7.9000001 -8 -0.34999999
7.9000001 -8 -0.25
7.9000001 -8 -0.15000001
7.9000001 -8 -0.050000001
7.9000001 -8 0.050000001
7.9000001 -8 0.15000001
7.9000001 -8 0.25
7.9000001 -8 0.34999999
7.9000001 -8 0.44999999
7.9000001 -8 0.55000001
7.9000001 -8 0.64999998
7.9000001 -8 0.75
7.9000001 -8 0.85000002
7.9000001 -8 0.94999999
7.9000001 -8 1.05
7.9000001 -8 1.15
7.9000001 -8 1.25
7.9000001 -8 1.35
7.9000001 -8 1.45
7.9000001 -8 1.55
7.9000001 -8 1.65
7.9000001 -8 1.75
7.9000001 -8 1.85
7.9000001 -8 1.95
7.9000001 -8 2.05
7.9000001 -8 2.1500001
7.9000001 -8 2.25
7.9000001 -8 2.3499999
7.9000001 -8 2.45
8.1000004 -7.9000001 -0.44999999
8.1000004 -7.9000001 -0.34999999
8.1000004 -7.9000001 -0.25
8.1000004 -7.9000001 -0.15000001
8.1000004 -7.9000001 -0.050000001
8.1000004 -7.9000001 0.050000001
8.1000004 -7.9000001 0.15000001
8.1000004 -7.9000001 0.25
8.1000004 -7.9000001 0.34999999
8.1000004 -7.9000001 0.44999999
8.1000004 -7.9000001 0.55000001
8.1000004 -7.9000001 0.64999998
8.1000004 -7.9000001 0.75
8.1000004 -7.9000001 0.85000002
8.1000004 -7.9000001 0.94999999
8.1000004 -7.9000001 1.05
8.1000004 -7.9000001 1.15
8.1000004 -7.9000001 1.25
8.1000004 -7.9000001 1.35
8.1000004 -7.9000001 1.45
8.1000004 -7.9000001 1.55
8.1000004 -7.9000001 1.65
8.1000004 -7.9000001 1.75
8.1000004 -7.9000001 1.85
8.1000004 -7.9000001 1.95
8.1000004 -7.9000001 2.05
8.1000004 -7.9000001 2.1500001
8.1000004 -7.9000001 2.25
8.1000004 -7.9000001 2.3499999
8.1000004 -7.9000001 2.45
8 -7.9000001 -0.44999999
8 -7.9000001 -0.34999999
8 -7.9000001 -0.25
8 -7.9000001 -0.15000001
8 -7.9000001 -0.050000001
8 -7.9000001 0.050000001
8 -7.9000001 0.15000001
8 -7.9000001 0.25
8 -7.9000001 0.34999999
8 -7.9000001 0.44999999
8 -7.9000001 0.55000001
8 -7.9000001 0.64999998
8 -7.9000001 0.75
8 -7.9000001 0.85000002
8 -7.9000001 0.94999999
8 -7.9000001 1.05
8 -7.9000001 1.15
8 -7.9000001 1.25
8 -7.9000001 1.35
8 -7.9000001 1.45
8 -7.9000001 1.55
8 -7.9000001 1.65
8 -7.9000001 1.75
8 -7.9000001 1.85
8 -7.9000001 1.95
8 -7.9000001 2.05
8 -7.9000001 2.1500001
8 -7.9000001 2.25
8 -7.9000001 2.3499999
8 -7.9000001 2.45
7.9000001 -7.9000001 -0.44999999
7.9000001 -7.9000001 -0.34999999
7.9000001 -7.9000001 -0.25
7.9000001 -7.9000001 -0.15000001
7.9000001 -7.9000001 -0.050000001
7.9000001 -7.9000001 0.050000001
7.9000001 -7.9000001 0.15000001
7.9000001 -7.9000001 0.25
7.9000001 -7.9000001 0.34999999
7.9000001 -7.9000001 0.44999999
7.9000001 -7.9000001 0.55000001
7.9000001 -7.9000001 0.64999998
7.9000001 -7.9000001 0.75
7.9000001 -7.9000001 0.85000002
7.9000001 -7.9000001 0.94999999
7.9000001 -7.9000001 1.05
7.9000001 -7.9000001 1.15
7.9000001 -7.9000001 1.25
7.9000001 -7.9000001 1.35
7.9000001 -7.9000001 1.45
7.9000001 -7.9000001 1.55
7.9000001 -7.9000001 1.65
7.9000001 -7.9000001 1.75
7.9000001 -7.9000001 1.85
7.9000001 -7.9000001 1.95
7.9000001 -7.9000001 2.05
7.9000001 -7.9000001 2.1500001
7.9000001 -7.9000001 2.25
7.9000001 -7.9000001 2.3499999
7.9000001 -7.9000001 2.45
8.1000004 -7.8000002 -0.44999999
8.1000004 -7.8000002 -0.34999999
8.1000004 -7.8000002 -0.25
8.1000004 -7.8000002 -0.15000001
8.1000004 -7.8000002 -0.050000001
8.1000004 -7.8000002 0.050000001
8.1000004 -7.8000002 0.15000001
8.1000004 -7.8000002 0.25
8.1000004 -7.8000002 0.34999999
8.1000004 -7.8000002 0.44999999
8.1000004 -7.8000002 0.55000001
8.1000004 -7.8000002 0.64999998
8.1000004 -7.8000002 0.75
8.1000004 -7.8000002 0.85000002
8.1000004 -7.8000002 0.94999999
8.1000004 -7.8000002 1.05
8.1000004 -7.8000002 1.15
8.1000004 -7.8000002 1.25
8.1000004 -7.8000002 1.35
8.1000004 -7.8000002 1.45
8.1000004 -7.8000002 1.55
8.1000004 -7.8000002 1.65
8.1000004 -7.8000002 1.75
8.1000004 -7.8000002 1.85
8.1000004 -7.8000002 1.95
8.1000004 -7.8000002 2.05
8.1000004 -7.8000002 2.1500001
8.1000004 -7.8000002 2.25
8.1000004 -7.8000002 2.3499999
8.1000004 -7.8000002 2.45
8 -7.8000002 -0.44999999
8 -7.8000002 -0.34999999
8 -7.8000002 -0.25
8 -7.8000002 -0.15000001
8 -7.8000002 -0.050000001
8 -7.8000002 0.050000001
8 -7.8000002 0.15000001
8 -7.8000002 0.25
8 -7.8000002 0.34999999
8 -7.8000002 0.44999999
8 -7.8000002 0.55000001
8 -7.8000002 0.64999998
8 -7.8000002 0.75
8 -7.8000002 0.85000002
8 -7.8000002 0.94999999
8 -7.8000002 1.05
8 -7.8000002 1.15
8 -7.8000002 1.25
8 -7.8000002 1.35
8 -7.8000002 1.45
8 -7.8000002 1.55
8 -7.8000002 1.65
8 -7.8000002 1.75
8 -7.8000002 1.85
8 -7.8000002 1.95
8 -7.8000002 2.05
8 -7.8000002 2.1500001
8 -7.8000002 2.25
8 -7.8000002 2.3499999
8 -7.8000002 2.45
7.9000001 -7.8000002 -0.44999999
7.9000001 -7.8000002 -0.34999999
7.9000001 -7.8000002 -0.25
7.9000001 -7.8000002 -0.15000001
7.9000001 -7.8000002 -0.050000001
7.9000001 -7.8000002 0.050000001
7.9000001 -7.8000002 0.15000001
7.9000001 -7.8000002 0.25
7.9000001 -7.8000002 0.34999999
7.9000001 -7.8000002 0.44999999
7.9000001 -7.8000002 0.55000001
7.9000001 -7.8000002 0.64999998
7.9000001 -7.8000002 0.75
7.9000001 -7.8000002 0.85000002
7.9000001 -7.8000002 0.94999999
7.9000001 -7.8000002 1.05
7.9000001 -7.8000002 1.15
7.9000001 -7.8000002 1.25
7.9000001 -7.8000002 1.35
7.9000001 -7.8000002 1.45
7.9000001 -7.8000002 1.55
7.9000001 -7.8000002 1.65
7.9000001 -7.8000002 1.75
7.9000001 -7.8000002 1.85
7.9000001 -7.8000002 1.95
7.9000001 -7.8000002 2.05
7.9000001 -7.8000002 2.1500001
7.9000001 -7.8000002 2.25
7.9000001 -7.8000002 2.3499999
7.9000001 -7.8000002 2.45
8.1000004 -7.6999998 -0.44999999
8.1000004 -7.6999998 -0.34999999
8.1000004 -7.6999998 -0.25
8.1000004 -7.6999998 -0.15000001
8.1000004 -7.6999998 -0.050000001
8.1000004 -7.6999998 0.050000001
8.1000004 -7.6999998 0.15000001
8.1000004 -7.6999998 0.25
8.1000004 -7.6999998 0.34999999
8.1000004 -7.6999998 0.44999999
8.1000004 -7.6999998 0.55000001
8.1000004 -7.6999998 0.64999998
8.1000004 -7.6999998 0.75
8.1000004 -7.6999998 0.85000002
8.1000004 -7.6999998 0.94999999
8.1000004 -7.6999998 1.05
8.1000004 -7.6999998 1.15
8.1000004 -7.6999998 1.25
8.1000004 -7.6999998 1.35
8.1000004 -7.6999998 1.45
8.1000004 -7.6999998 1.55
8.1000004 -7.6999998 1.65
8.1000004 -7.6999998 1.75
8.1000004 -7.6999998 1.85
8.1000004 -7.6999998 1.95
8.1000004 -7.6999998 2.05
8.1000004 -7.6999998 2.1500001
8.1000004 -7.6999998 2.25
8.1000004 -7.6999998 2.3499999
8.1000004 -7.6999998 2.45
8 -7.6999998 -0.44999999
8 -7.6999998 -0.34999999
8 -7.6999998 -0.25
8 -7.6999998 -0.15000001
8 -7.6999998 -0.050000001
8 -7.6999998 0.050000001
8 -7.6999998 0.15000001
8 -7.6999998 0.25
8 -7.6999998 0.34999999
8 -7.6999998 0.44999999
8 -7.6999998 0.55000001
8 -7.6999998 0.64999998
8 -7.6999998 0.75
8 -7.6999998 0.85000002
8 -7.6999998 0.94999999
8 -7.6999998 1.05
8 -7.6999998 1.15
8 -7.6999998 1.25
8 -7.6999998 1.35
8 -7.6999998 1.45
8 -7.6999998 1.55
8 -7.6999998 1.65
8 -7.6999998 1.75
8 -7.6999998 1.85
8 -7.6999998 1.95
8 -7.6999998 2.05
8 -7.6999998 2.1500001
8 -7.6999998 2.25
8 -7.6999998 2.3499999
8 -7.6999998 2.45
7.9000001 -7.6999998 -0.44999999
7.9000001 -7.6999998 -0.34999999
7.9000001 -7.6999998 -0.25
7.9000001 -7.6999998 -0.15000001
7.9000001 -7.6999998 -0.050000001
7.9000001 -7.6999998 0.050000001
7.9000001 -7.6999998 0.15000001
7.9000001 -7.6999998 0.25
7.9000001 -7.6999998 0.34999999
7.9000001 -7.6999998 0.44999999
7.9000001 -7.6999998 0.55000001
7.9000001 -7.6999998 0.64999998
7.9000001 -7.6999998 0.75
7.9000001 -7.6999998 0.85000002
7.9000001 -7.6999998 0.94999999
7.9000001 -7.6999998 1.05
7.9000001 -7.6999998 1.15
7.9000001 -7.6999998 1.25
7.9000001 -7.6999998 1.35
7.9000001 -7.6999998 1.45
7.9000001 -7.6999998 1.55
7.9000001 -7.6999998 1.65
7.9000001 -7.6999998 1.75
7.9000001 -7.6999998 1.85
7.9000001 -7.6999998 1.95
7.9000001 -7.6999998 2.05
7.9000001 -7.6999998 2.1500001
7.9000001 -7.6999998 2.25
7.9000001 -7.6999998 2.3499999
7.9000001 -7.6999998 2.45
8.1000004 -7.5999999 -0.44999999
8.1000004 -7.5999999 -0.34999999
8.1000004 -7.5999999 -0.25
8.1000004 -7.5999999 -0.15000001
8.1000004 -7.5999999 -0.050000001
8.1000004 -7.5999999 0.050000001
8.1000004 -7.5999999 0.15000001
8.1000004 -7.5999999 0.25
8.1000004 -7.5999999 0.34999999
8.1000004 -7.5999999 0.44999999
8.1000004 -7.5999999 0.55000001
8.1000004 -7.5999999 0.64999998
8.1000004 -7.5999999 0.75
8.1000004 -7.5999999 0.85000002
8.1000004 -7.5999999 0.94999999
8.1000004 -7.5999999 1.05
8.1000004 -7.5999999 1.15
8.1000004 -7.5999999 1.25
8.1000004 -7.5999999 1.35
8.1000004 -7.5999999 1.45
8.1000004 -7.5999999 1.55
8.1000004 -7.5999999 1.65
8.1000004 -7.5999999 1.75
8.1000004 -7.5999999 1.85
8.1000004 -7.5999999 1.95
8.1000004 -7.5999999 2.05
8.1000004 -7.5999999 2.1500001
8.1000004 -7.5999999 2.25
8.1000004 -7.5999999 2.3499999
8.1000004 -7.5999999 2.45
8 -7.5999999 -0.44999999
8 -7.5999999 -0.34999999
8 -7.5999999 -0.25
8 -7.5999999 -0.15000001
8 -7.5999999 -0.050000001
8 -7.5999999 0.050000001
8 -7.5999999 0.15000001
8 -7.5999999 0.25
8 -7.5999999 0.34999999
8 -7.5999999 0.44999999
8 -7.5999999 0.55000001
8 -7.5999999 0.64999998
8 -7.5999999 0.75
8 -7.5999999 0.85000002
8 -7.5999999 0.94999999
8 -7.5999999 1.05
8 -7.5999999 1.15
8 -7.5999999 1.25
8 -7.5999999 1.35
8 -7.5999999 1.45
8 -7.5999999 1.55
8 -7.5999999 1.65
8 -7.5999999 1.75
8 -7.5999999 1.85
8 -7.5999999 1.95
8 -7.5999999 2.05
8 -7.5999999 2.1500001
8 -7.5999999 2.25
8 -7.5999999 2.3499999
8 -7.5999999 2.45
7.9000001 -7.5999999 -0.44999999
7.9000001 -7.5999999 -0.34999999
7.9000001 -7.5999999 -0.25
7.9000001 -7.5999999 -0.15000001
7.9000001 -7.5999999 -0.050000001
7.9000001 -7.5999999 0.050000001
7.9000001 -7.5999999 0.15000001
7.9000001 -7.5999999 0.25
7.9000001 -7.5999999 0.34999999
7.9000001 -7.5999999 0.44999999
7.9000001 -7.5999999 0.55000001
7.9000001 -7.5999999 0.64999998
7.9000001 -7.5999999 0.75
7.9000001 -7.5999999 0.85000002
7.9000001 -7.5999999 0.94999999
7.9000001 -7.5999999 1.05
7.9000001 -7.5999999 1.15
7.9000001 -7.5999999 1.25
7.9000001 -7.5999999 1.35
7.9000001 -7.5999999 1.45
7.9000001 -7.5999999 1.55
7.9000001 -7.5999999 1.65
7.9000001 -7.5999999 1.75
7.9000001 -7.5999999 1.85
7.9000001 -7.5999999 1.95
7.9000001 -7.5999999 2.05
7.9000001 -7.5999999 2.1500001
7.9000001 -7.5999999 2.25
7.9000001 -7.5999999 2.3499999
7.9000001 -7.5999999 2.45
8.1000004 -7.5 -0.44999999
8.1000004 -7.5 -0.34999999
8.1000004 -7.5 -0.25
8.1000004 -7.5 -0.15000001
8.1000004 -7.5 -0.050000001
8.1000004 -7.5 0.050000001
8.1000004 -7.5 0.15000001
8.1000004 -7.5 0.25
8.1000004 -7.5 0.34999999
8.1000004 -7.5 0.44999999
8.1000004 -7.5 0.55000001
8.1000004 -7.5 0.64999998
8.1000004 -7.5 0.75
8.1000004 -7.5 0.85000002
8.1000004 -7.5 0.94999999
8.1000004 -7.5 1.05
8.1000004 -7.5 1.15
8.1000004 -7.5 1.25
8.1000004 -7.5 1.35
8.1000004 -7.5 1.45
8.1000004 -7.5 1.55
8.1000004 -7.5 1.65
8.1000004 -7.5 1.75
8.1000004 -7.5 1.85
8.1000004 -7.5 1.95
8.1000004 -7.5 2.05
8.1000004 -7.5 2.1500001
8.1000004 -7.5 2.25
8.1000004 -7.5 2.3499999
8.1000004 -7.5 2.45
8 -7.5 -0.44999999
8 -7.5 -0.34999999
8 -7.5 -0.25
8 -7.5 -0.15000001
8 -7.5 -0.050000001
8 -7.5 0.050000001
8 -7.5 0.15000001
8 -7.5 0.25
8 -7.5 0.34999999
8 -7.5 0.44999999
8 -7.5 0.55000001
8 -7.5 0.64999998
8 -7.5 0.75
8 -7.5 0.85000002
8 -7.5 0.94999999
8 -7.5 1.05
8 -7.5 1.15
8 -7.5 1.25
8 -7.5 1.35
8 -7.5 1.45
8 -7.5 1.55
8 -7.5 1.65
8 -7.5 1.75
8 -7.5 1.85
8 -7.5 1.95
8 -7.5 2.05
8 -7.5 2.1500001
8 -7.5 2.25
8 -7.5 2.3499999
8 -7.5 2.45
7.9000001 -7.5 -0.44999999
7.9000001 -7.5 -0.34999999
7.9000001 -7.5 -0.25
7.9000001 -7.5 -0.15000001
7.9000001 -7.5 -0.050000001
7.9000001 -7.5 0.050000001
7.9000001 -7.5 0.15000001
7.9000001 -7.5 0.25
7.9000001 -7.5 0.34999999
7.9000001 -7.5 0.44999999
7.9000001 -7.5 0.55000001
7.9000001 -7.5 0.64999998
7.9000001 -7.5 0.75
7.9000001 -7.5 0.85000002
7.9000001 -7.5 0.94999999
7.9000001 -7.5 1.05
7.9000001 -7.5 1.15
7.9000001 -7.5 1.25
7.9000001 -7.5 1.35
7.9000001 -7.5 1.45
7.9000001 -7.5 1.55
7.9000001 -7.5 1.65
7.9000001 -7.5 1.75
7.9000001 -7.5 1.85
7.9000001 -7.5 1.95
7.9000001 -7.5 2.05
7.9000001 -7.5 2.1500001
7.9000001 -7.5 2.25
7.9000001 -7.5 2.3499999
7.9000001 -7.5 2.45
8.1000004 -7.4000001 -0.44999999
8.1000004 -7.4000001 -0.34999999
8.1000004 -7.4000001 -0.25
8.1000004 -7.4000001 -0.15000001
8.1000004 -7.4000001 -0.050000001
8.1000004 -7.4000001 0.050000001
8.1000004 -7.4000001 0.15000001
8.1000004 -7.4000001 0.25
8.1000004 -7.4000001 0.34999999
8.1000004 -7.4000001 0.44999999
8.1000004 -7.4000001 0.55000001
8.1000004 -7.4000001 0.64999998
8.1000004 -7.4000001 0.75
8.1000004 -7.4000001 0.85000002
8.1000004 -7.4000001 0.94999999
8.1000004 -7.4000001 1.05
8.1000004 -7.4000001 1.15
8.1000004 -7.4000001 1.25
8.1000004 -7.4000001 1.35
8.1000004 -7.4000001 1.45
8.1000004 -7.4000001 1.55
8.1000004 -7.4000001 1.65
8.1000004 -7.4000001 1.75
8.1000004 -7.4000001 1.85
8.1000004 -7.4000001 1.95
8.1000004 -7.4000001 2.05
8.1000004 -7.4000001 2.1500001
8.1000004 -7.4000001 2.25
8.1000004 -7.4000001 2.3499999
8.1000004 -7.4000001 2.45
8 -7.4000001 -0.44999999
8 -7.4000001 -0.34999999
8 -7.4000001 -0.25
8 -7.4000001 -0.15000001
8 -7.4000001 -0.050000001
8 -7.4000001 0.050000001
8 -7.4000001 0.15000001
8 -7.4000001 0.25
8 -7.4000001 0.34999999
8 -7.4000001 0.44999999
8 -7.4000001 0.55000001
8 -7.4000001 0.64999998
8 -7.4000001 0.75
8 -7.4000001 0.85000002
8 -7.4000001 0.94999999
8 -7.4000001 1.05
8 -7.4000001 1.15
8 -7.4000001 1.25
8 -7.4000001 1.35
8 -7.4000001 1.45
8 -7.4000001 1.55
8 -7.4000001 1.65
8 -7.4000001 1.75
8 -7.4000001 1.85
8 -7.4000001 1.95
8 -7.4000001 2.05
8 -7.4000001 2.1500001
8 -7.4000001 2.25
8 -7.4000001 2.3499999
8 -7.4000001 2.45
7.9000001 -7.4000001 -0.44999999
7.9000001 -7.4000001 -0.34999999
7.9000001 -7.4000001 -0.25
7.9000001 -7.4000001 -0.15000001
7.9000001 -7.4000001 -0.050000001
7.9000001 -7.4000001 0.050000001
7.9000001 -7.4000001 0.15000001
7.9000001 -7.4000001 0.25
7.9000001 -7.4000001 0.34999999
7.9000001 -7.4000001 0.44999999
7.9000001 -7.4000001 0.55000001
7.9000001 -7.4000001 0.64999998
7.9000001 -7.4000001 0.75
7.9000001 -7.4000001 0.85000002
7.9000001 -7.4000001 0.94999999
7.9000001 -7.4000001 1.05
7.9000001 -7.4000001 1.15
7.9000001 -7.4000001 1.25
7.9000001 -7.4000001 1.35
7.9000001 -7.4000001 1.45
7.9000001 -7.4000001 1.55
7.9000001 -7.4000001 1.65
7.9000001 -7.4000001 1.75
7.9000001 -7.4000001 1.85
7.9000001 -7.4000001 1.95
7.9000001 -7.4000001 2.05
7.9000001 -7.4000001 2.1500001
7.9000001 -7.4000001 2.25
7.9000001 -7.4000001 2.3499999
7.9000001 -7.4000001 2.45
8.1000004 -7.3000002 -0.44999999
8.1000004 -7.3000002 -0.34999999
8.1000004 -7.3000002 -0.25
8.1000004 -7.3000002 -0.15000001
8.1000004 -7.3000002 -0.050000001
8.1000004 -7.3000002 0.050000001
8.1000004 -7.3000002 0.15000001
8.1000004 -7.3000002 0.25
8.1000004 -7.3000002 0.34999999
8.1000004 -7.3000002 0.44999999
8.1000004 -7.3000002 0.55000001
8.1000004 -7.3000002 0.64999998
8.1000004 -7.3000002 0.75
8.1000004 -7.3000002 0.85000002
8.1000004 -7.3000002 0.94999999
8.1000004 -7.3000002 1.05
8.1000004 -7.3000002 1.15
8.1000004 -7.3000002 1.25
8.1000004 -7.3000002 1.35
8.1000004 -7.3000002 1.45
8.1000004 -7.3000002 1.55
8.1000004 -7.3000002 1.65
8.1000004 -7.3000002 1.75
8.1000004 -7.3000002 1.85
8.1000004 -7.3000002 1.95
8.1000004 -7.3000002 2.05
8.1000004 -7.3000002 2.1500001
8.1000004 -7.3000002 2.25
8.1000004 -7.3000002 2.3499999
8.1000004 -7.3000002 2.45
8 -7.3000002 -0.44999999
8 -7.3000002 -0.34999999
8 -7.3000002 -0.25
8 -7.3000002 -0.15000001
8 -7.3000002 -0.050000001
8 -7.3000002 0.050000001
8 -7.3000002 0.15000001
8 -7.3000002 0.25
8 -7.3000002 0.34999999
8 -7.3000002 0.44999999
8 -7.3000002 0.55000001
8 -7.3000002 0.64999998
8 -7.3000002 0.75
8 -7.3000002 0.85000002
8 -7.3000002 0.94999999
8 -7.3000002 1.05
8 -7.3000002 1.15
8 -7.3000002 1.25
8 -7.3000002 1.35
8 -7.3000002 1.45
8 -7.3000002 1.55
8 -7.3000002 1.65
8 -7.3000002 1.75
8 -7.3000002 1.85
8 -7.3000002 1.95
8 -7.3000002 2.05
8 -7.3000002 2.1500001
8 -7.3000002 2.25
8 -7.3000002 2.3499999
8 -7.3000002 2.45
7.9000001 -7.3000002 -0.44999999
7.9000001 -7.3000002 -0.34999999
7.9000001 -7.3000002 -0.25
7.9000001 -7.3000002 -0.15000001
7.9000001 -7.3000002 -0.050000001
7.9000001 -7.3000002 0.050000001
7.9000001 -7.3000002 0.15000001
7.9000001 -7.3000002 0.25
7.9000001 -7.3000002 0.34999999
7.9000001 -7.3000002 0.44999999
7.9000001 -7.3000002 0.55000001
7.9000001 -7.3000002 0.64999998
7.9000001 -7.3000002 0.75
7.9000001 -7.3000002 0.85000002
7.9000001 -7.3000002 0.94999999
7.9000001 -7.3000002 1.05
7.9000001 -7.3000002 1.15
7.9000001 -7.3000002 1.25
7.9000001 -7.3000002 1.35
7.9000001 -7.3000002 1.45
7.9000001 -7.3000002 1.55
7.9000001 -7.3000002 1.65
7.9000001 -7.3000002 1.75
7.9000001 -7.3000002 1.85
7.9000001 -7.3000002 1.95
7.9000001 -7.3000002 2.05
7.9000001 -7.3000002 2.1500001
7.9000001 -7.3000002 2.25
7.9000001 -7.3000002 2.3499999
7.9000001 -7.3000002 2.45
8.1000004 -7.1999998 -0.44999999
8.1000004 -7.1999998 -0.34999999
8.1000004 -7.1999998 -0.25
8.1000004 -7.1999998 -0.15000001
8.1000004 -7.1999998 -0.050000001
8.1000004 -7.1999998 0.050000001
8.1000004 -7.1999998 0.15000001
8.1000004 -7.1999998 0.25
8.1000004 -7.1999998 0.34999999
8.1000004 -7.1999998 0.44999999
8.1000004 -7.1999998 0.55000001
8.1000004 -7.1999998 0.64999998
8.1000004 -7.1999998 0.75
8.1000004 -7.1999998 0.85000002
8.1000004 -7.1999998 0.94999999
8.1000004 -7.1999998 1.05
8.1000004 -7.1999998 1.15
8.1000004 -7.1999998 1.25
8.1000004 -7.1999998 1.35
8.1000004 -7.1999998 1.45
8.1000004 -7.1999998 1.55
8.1000004 -7.1999998 1.65
8.1000004 -7.1999998 1.75
8.1000004 -7.1999998 1.85
8.1000004 -7.1999998 1.95
8.1000004 -7.1999998 2.05
8.1000004 -7.1999998 2.1500001
8.1000004 -7.1999998 2.25
8.1000004 -7.1999998 2.3499999
8.1000004 -7.1999998 2.45
8 -7.1999998 -0.44999999
8 -7.1999998 -0.34999999
8 -7.1999998 -0.25
8 -7.1999998 -0.15000001
8 -7.1999998 -0.050000001
8 -7.1999998 0.050000001
8 -7.1999998 0.15000001
8 -7.1999998 0.25
8 -7.1999998 0.34999999
8 -7.1999998 0.44999999
8 -7.1999998 0.55000001
8 -7.1999998 0.64999998
8 -7.1999998 0.75
8 -7.1999998 0.85000002
8 -7.1999998 0.94999999
8 -7.1999998 1.05
8 -7.1999998 1.15
8 -7.1999998 1.25
8 -7.1999998 1.35
8 -7.1999998 1.45
8 -7.1999998 1.55
8 -7.1999998 1.65
8 -7.1999998 1.75
8 -7.1999998 1.85
8 -7.1999998 1.95
8 -7.1999998 2.05
8 -7.1999998 2.1500001
8 -7.1999998 2.25
8 -7.1999998 2.3499999
8 -7.1999998 2.45
7.9000001 -7.1999998 -0.44999999
7.9000001 -7.1999998 -0.34999999
7.9000001 -7.1999998 -0.25
7.9000001 -7.1999998 -0.15000001
7.9000001 -7.1999998 -0.050000001
7.9000001 -7.1999998 0.050000001
7.9000001 -7.1999998 0.15000001
7.9000001 -7.1999998 0.25
7.9000001 -7.1999998 0.34999999
7.9000001 -7.1999998 0.44999999
7.9000001 -7.1999998 0.55000001
7.9000001 -7.1999998 0.64999998
7.9000001 -7.1999998 0.75
7.9000001 -7.1999998 0.85000002
7.9000001 -7.1999998 0.94999999
7.9000001 -7.1999998 1.05
7.9000001 -7.1999998 1.15
7.9000001 -7.1999998 1.25
7.9000001 -7.1999998 1.35
7.9000001 -7.1999998 1.45
7.9000001 -7.1999998 1.55
7.9000001 -7.1999998 1.65
7.9000001 -7.1999998 1.75
7.9000001 -7.1999998 1.85
7.9000001 -7.1999998 1.95
7.9000001 -7.1999998 2.05
7.9000001 -7.1999998 2.1500001
7.9000001 -7.1999998 2.25
7.9000001 -7.1999998 2.3499999
7.9000001 -7.1999998 2.45
8.1000004 -7.0999999 -0.44999999
8.1000004 -7.0999999 -0.34999999
8.1000004 -7.0999999 -0.25
8.1000004 -7.0999999 -0.15000001
8.1000004 -7.0999999 -0.050000001
8.1000004 -7.0999999 0.050000001
8.1000004 -7.0999999 0.15000001
8.1000004 -7.0999999 0.25
8.1000004 -7.0999999 0.34999999
8.1000004 -7.0999999 0.44999999
8.1000004 -7.0999999 0.55000001
8.1000004 -7.0999999 0.64999998
8.1000004 -7.0999999 0.75
8.1000004 -7.0999999 0.85000002
8.1000004 -7.0999999 0.94999999
8.1000004 -7.0999999 1.05
8.1000004 -7.0999999 1.15
8.1000004 -7.0999999 1.25
8.1000004 -7.0999999 1.35
8.1000004 -7.0999999 1.45
8.1000004 -7.0999999 1.55
8.1000004 -7.0999999 1.65
8.1000004 -7.0999999 1.75
8.1000004 -7.0999999 1.85
8.1000004 -7.0999999 1.95
8.1000004 -7.0999999 2.05
8.1000004 -7.0999999 2.1500001
8.1000004 -7.0999999 2.25
8.1000004 -7.0999999 2.3499999
8.1000004 -7.0999999 2.45
8 -7.0999999 -0.44999999
8 -7.0999999 -0.34999999
8 -7.0999999 -0.25
8 -7.0999999 -0.15000001
8 -7.0999999 -0.050000001
8 -7.0999999 0.050000001
8 -7.0999999 0.15000001
8 -7.0999999 0.25
8 -7.0999999 0.34999999
8 -7.0999999 0.44999999
8 -7.0999999 0.55000001
8 -7.0999999 0.64999998
8 -7.0999999 0.75
8 -7.0999999 0.85000002
8 -7.0999999 0.94999999
8 -7.0999999 1.05
8 -7.0999999 1.15
8 -7.0999999 1.25
8 -7.0999999 1.35
8 -7.0999999 1.45
8 -7.0999999 1.55
8 -7.0999999 1.65
8 -7.0999999 1.75
8 -7.0999999 1.85
8 -7.0999999 1.95
8 -7.0999999 2.05
8 -7.0999999 2.1500001
8 -7.0999999 2.25
8 -7.0999999 2.3499999
8 -7.0999999 2.45
7.9000001 -7.0999999 -0.44999999
7.9000001 -7.0999999 -0.34999999
7.9000001 -7.0999999 -0.25
7.9000001 -7.0999999 -0.15000001
7.9000001 -7.0999999 -0.050000001
7.9000001 -7.0999999 0.050000001
7.9000001 -7.0999999 0.15000001
7.9000001 -7.0999999 0.25
7.9000001 -7.0999999 0.34999999
7.9000001 -7.0999999 0.44999999
7.9000001 -7.0999999 0.55000001
7.9000001 -7.0999999 0.64999998
7.9000001 -7.0999999 0.75
7.9000001 -7.0999999 0.85000002
7.9000001 -7.0999999 0.94999999
7.9000001 -7.0999999 1.05
7.9000001 -7.0999999 1.15
7.9000001 -7.0999999 1.25
7.9000001 -7.0999999 1.35
7.9000001 -7.0999999 1.45
7.9000001 -7.0999999 1.55
7.9000001 -7.0999999 1.65
7.9000001 -7.0999999 1.75
7.9000001 -7.0999999 1.85
7.9000001 -7.0999999 1.95
7.9000001 -7.0999999 2.05
7.9000001 -7.0999999 2.1500001
7.9000001 -7.0999999 2.25
7.9000001 -7.0999999 2.3499999
7.9000001 -7.0999999 2.45
8.1000004 -7 -0.44999999
8.1000004 -7 -0.34999999
8.1000004 -7 -0.25
8.1000004 -7 -0.15000001
8.1000004 -7 -0.050000001
8.1000004 -7 0.050000001
8.1000004 -7 0.15000001
8.1000004 -7 0.25
8.1000004 -7 0.34999999
8.1000004 -7 0.44999999
8.1000004 -7 0.55000001
8.1000004 -7 0.64999998
8.1000004 -7 0.75
8.1000004 -7 0.85000002
8.1000004 -7 0.94999999
8.1000004 -7 1.05
8.1000004 -7 1.15
8.1000004 -7 1.25
8.1000004 -7 1.35
8.1000004 -7 1.45
8.1000004 -7 1.55
8.1000004 -7 1.65
8.1000004 -7 1.75
8.1000004 -7 1.85
8.1000004 -7 1.95
8.1000004 -7 2.05
8.1000004 -7 2.1500001
8.1000004 -7 2.25
8.1000004 -7 2.3499999
8.1000004 -7 2.45
8 -7 -0.44999999
8 -7 -0.34999999
8 -7 -0.25
8 -7 -0.15000001
8 -7 -0.050000001
8 -7 0.050000001
8 -7 0.15000001
8 -7 0.25
8 -7 0.34999999
8 -7 0.44999999
8 -7 0.55000001
8 -7 0.64999998
8 -7 0.75
8 -7 0.85000002
8 -7 0.94999999
8 -7 1.05
8 -7 1.15
8 -7 1.25
8 -7 1.35
8 -7 1.45
8 -7 1.55
8 -7 1.65
8 -7 1.75
8 -7 1.85
8 -7 1.95
8 -7 2.05
8 -7 2.1500001
8 -7 2.25
8 -7 2.3499999
8 -7 2.45
7.9000001 -7 -0.44999999
7.9000001 -7 -0.34999999
7.9000001 -7 -0.25
7.9000001 -7 -0.15000001
7.9000001 -7 -0.050000001
7.9000001 -7 0.050000001
7.9000001 -7 0.15000001
7.9000001 -7 0.25
7.9000001 -7 0.34999999
7.9000001 -7 0.44999999
7.9000001 -7 0.55000001
7.9000001 -7 0.64999998
7.9000001 -7 0.75
7.9000001 -7 0.85000002
7.9000001 -7 0.94999999
7.9000001 -7 1.05
7.9000001 -7 1.15
7.9000001 -7 1.25
7.9000001 -7 1.35
7.9000001 -7 1.45
7.9000001 -7 1.55
7.9000001 -7 1.65
7.9000001 -7 1.75
7.9000001 -7 1.85
7.9000001 -7 1.95
7.9000001 -7 2.05
7.9000001 -7 2.1500001
7.9000001 -7 2.25
7.9000001 -7 2.3499999
7.9000001 -7 2.45
8.1000004 -6.9000001 -0.44999999
8.1000004 -6.9000001 -0.34999999
8.1000004 -6.9000001 -0.25
8.1000004 -6.9000001 -0.15000001
8.1000004 -6.9000001 -0.050000001
8.1000004 -6.9000001 0.050000001
8.1000004 -6.9000001 0.15000001
8.1000004 -6.9000001 0.25
8.1000004 -6.9000001 0.34999999
8.1000004 -6.9000001 0.44999999
8.1000004 -6.9000001 0.55000001
8.1000004 -6.9000001 0.64999998
8.1000004 -6.9000001 0.75
8.1000004 -6.9000001 0.85000002
8.1000004 -6.9000001 0.94999999
8.1000004 -6.9000001 1.05
8.1000004 -6.9000001 1.15
8.1000004 -6.9000001 1.25
8.1000004 -6.9000001 1.35
8.1000004 -6.9000001 1.45
8.1000004 -6.9000001 1.55
8.1000004 -6.9000001 1.65
8.1000004 -6.9000001 1.75
8.1000004 -6.9000001 1.85
8.1000004 -6.9000001 1.95
8.1000004 -6.9000001 2.05
8.1000004 -6.9000001 2.1500001
8.1000004 -6.9000001 2.25
8.1000004 -6.9000001 2.3499999
8.1000004 -6.9000001 2.45
8 -6.9000001 -0.44999999
8 -6.9000001 -0.34999999
8 -6.9000001 -0.25
8 -6.9000001 -0.15000001
8 -6.9000001 -0.050000001
8 -6.9000001 0.050000001
8 -6.9000001 0.15000001
8 -6.9000001 0.25
8 -6.9000001 0.34999999
8 -6.9000001 0.44999999
8 -6.9000001 0.55000001
8 -6.9000001 0.64999998
8 -6.9000001 0.75
8 -6.9000001 0.85000002
8 -6.9000001 0.94999999
8 -6.9000001 1.05
8 -6.9000001 1.15
8 -6.9000001 1.25
8 -6.9000001 1.35
8 -6.9000001 1.45
8 -6.9000001 1.55
8 -6.9000001 1.65
8 -6.9000001 1.75
8 -6.9000001 1.85
8 -6.9000001 1.95
8 -6.9000001 2.05
8 -6.9000001 2.1500001
8 -6.9000001 2.25
8 -6.9000001 2.3499999
8 -6.9000001 2.45
7.9000001 -6.9000001 -0.44999999
7.9000001 -6.9000001 -0.34999999
7.9000001 -6.9000001 -0.25
7.9000001 -6.9000001 -0.15000001
7.9000001 -6.9000001 -0.050000001
7.9000001 -6.9000001 0.050000001
7.9000001 -6.9000001 0.15000001
7.9000001 -6.9000001 0.25
7.9000001 -6.9000001 0.34999999
7.9000001 -6.9000001 0.44999999
7.9000001 -6.9000001 0.55000001
7.9000001 -6.9000001 0.64999998
7.9000001 -6.9000001 0.75
7.9000001 -6.9000001 0.85000002
7.9000001 -6.9000001 0.94999999
7.9000001 -6.9000001 1.05
7.9000001 -6.9000001 1.15
7.9000001 -6.9000001 1.25
7.9000001 -6.9000001 1.35
7.9000001 -6.9000001 1.45
7.9000001 -6.9000001 1.55
7.9000001 -6.9000001 1.65
7.9000001 -6.9000001 1.75
7.9000001 -6.9000001 1.85
7.9000001 -6.9000001 1.95
7.9000001 -6.9000001 2.05
7.9000001 -6.9000001 2.1500001
7.9000001 -6.9000001 2.25
7.9000001 -6.9000001 2.3499999
7.9000001 -6.9000001 2.45
8.1000004 -6.8000002 -0.44999999
8.1000004 -6.8000002 -0.34999999
8.1000004 -6.8000002 -0.25
8.1000004 -6.8000002 -0.15000001
8.1000004 -6.8000002 -0.050000001
8.1000004 -6.8000002 0.050000001
8.1000004 -6.8000002 0.15000001
8.1000004 -6.8000002 0.25
8.1000004 -6.8000002 0.34999999
8.1000004 -6.8000002 0.44999999
8.1000004 -6.8000002 0.55000001
8.1000004 -6.8000002 0.64999998
8.1000004 -6.8000002 0.75
8.1000004 -6.8000002 0.85000002
8.1000004 -6.8000002 0.94999999
8.1000004 -6.8000002 1.05
8.1000004 -6.8000002 1.15
8.1000004 -6.8000002 1.25
8.1000004 -6.8000002 1.35
8.1000004 -6.8000002 1.45
8.1000004 -6.8000002 1.55
8.1000004 -6.8000002 1.65
8.1000004 -6.8000002 1.75
8.1000004 -6.8000002 1.85
8.1000004 -6.8000002 1.95
8.1000004 -6.8000002 2.05
8.1000004 -6.8000002 2.1500001
8.1000004 -6.8000002 2.25
8.1000004 -6.8000002 2.3499999
8.1000004 -6.8000002 2.45
8 -6.8000002 -0.44999999
8 -6.8000002 -0.34999999
8 -6.8000002 -0.25
8 -6.8000002 -0.15000001
8 -6.8000002 -0.050000001
8 -6.8000002 0.050000001
8 -6.8000002 0.15000001
8 -6.8000002 0.25
8 -6.8000002 0.34999999
8 -6.8000002 0.44999999
8 -6.8000002 0.55000001
8 -6.8000002 0.64999998
8 -6.8000002 0.75
8 -6.8000002 0.85000002
8 -6.8000002 0.94999999
8 -6.8000002 1.05
8 -6.8000002 1.15
8 -6.8000002 1.25
8 -6.8000002 1.35
8 -6.8000002 1.45
8 -6.8000002 1.55
8 -6.8000002 1.65
8 -6.8000002 1.75
8 -6.8000002 1.85
8 -6.8000002 1.95
8 -6.8000002 2.05
8 -6.8000002 2.1500001
8 -6.8000002 2.25
8 -6.8000002 2.3499999
8 -6.8000002 2.45
7.9000001 -6.8000002 -0.44999999
7.9000001 -6.8000002 -0.34999999
7.9000001 -6.8000002 -0.25
7.9000001 -6.8000002 -0.15000001
7.9000001 -6.8000002 -0.050000001
7.9000001 -6.8000002 0.050000001
7.9000001 -6.8000002 0.15000001
7.9000001 -6.8000002 0.25
7.9000001 -6.8000002 0.34999999
7.9000001 -6.8000002 0.44999999
7.9000001 -6.8000002 0.55000001
7.9000001 -6.8000002 0.64999998
7.9000001 -6.8000002 0.75
7.9000001 -6.8000002 0.85000002
7.9000001 -6.8000002 0.94999999
7.9000001 -6.8000002 1.05
7.9000001 -6.8000002 1.15
7.9000001 -6.8000002 1.25
7.9000001 -6.8000002 1.35
7.9000001 -6.8000002 1.45
7.9000001 -6.8000002 1.55
7.9000001 -6.8000002 1.65
7.9000001 -6.8000002 1.75
7.9000001 -6.8000002 1.85
7.9000001 -6.8000002 1.95
7.9000001 -6.8000002 2.05
7.9000001 -6.8000002 2.1500001
7.9000001 -6.8000002 2.25
7.9000001 -6.8000002 2.3499999
7.9000001 -6.8000002 2.45
8.1000004 -6.6999998 -0.44999999
8.1000004 -6.6999998 -0.34999999
8.1000004 -6.6999998 -0.25
8.1000004 -6.6999998 -0.15000001
8.1000004 -6.6999998 -0.050000001
8.1000004 -6.6999998 0.050000001
8.1000004 -6.6999998 0.15000001
8.1000004 -6.6999998 0.25
8.1000004 -6.6999998 0.34999999
8.1000004 -6.6999998 0.44999999
8.1000004 -6.6999998 0.55000001
8.1000004 -6.6999998 0.64999998
8.1000004 -6.6999998 0.75
8.1000004 -6.6999998 0.85000002
8.1000004 -6.6999998 0.94999999
8.1000004 -6.6999998 1.05
8.1000004 -6.6999998 1.15
8.1000004 -6.6999998 1.25
8.1000004 -6.6999998 1.35
8.1000004 -6.6999998 1.45
8.1000004 -6.6999998 1.55
8.1000004 -6.6999998 1.65
8.1000004 -6.6999998 1.75
8.1000004 -6.6999998 1.85
8.1000004 -6.6999998 1.95
8.1000004 -6.6999998 2.05
8.1000004 -6.6999998 2.1500001
8.1000004 -6.6999998 2.25
8.1000004 -6.6999998 2.3499999
8.1000004 -6.6999998 2.45
8 -6.6999998 -0.44999999
8 -6.6999998 -0.34999999
8 -6.6999998 -0.25
8 -6.6999998 -0.15000001
8 -6.6999998 -0.050000001
8 -6.6999998 0.050000001
8 -6.6999998 0.15000001
8 -6.6999998 0.25
8 -6.6999998 0.34999999
8 -6.6999998 0.44999999
8 -6.6999998 0.55000001
8 -6.6999998 0.64999998
8 -6.6999998 0.75
8 -6.6999998 0.85000002
8 -6.6999998 0.94999999
8 -6.6999998 1.05
8 -6.6999998 1.15
8 -6.6999998 1.25
8 -6.6999998 1.35
8 -6.6999998 1.45
8 -6.6999998 1.55
8 -6.6999998 1.65
8 -6.6999998 1.75
8 -6.6999998 1.85
8 -6.6999998 1.95
8 -6.6999998 2.05
8 -6.6999998 2.1500001
8 -6.6999998 2.25
8 -6.6999998 2.3499999
8 -6.6999998 2.45
7.9000001 -6.6999998 -0.44999999
7.9000001 -6.6999998 -0.34999999
7.9000001 -6.6999998 -0.25
7.9000001 -6.6999998 -0.15000001
7.9000001 -6.6999998 -0.050000001
7.9000001 -6.6999998 0.050000001
7.9000001 -6.6999998 0.15000001
7.9000001 -6.6999998 0.25
7.9000001 -6.6999998 0.34999999
7.9000001 -6.6999998 0.44999999
7.9000001 -6.6999998 0.55000001
7.9000001 -6.6999998 0.64999998
7.9000001 -6.6999998 0.75
7.9000001 -6.6999998 0.85000002
7.9000001 -6.6999998 0.94999999
7.9000001 -6.6999998 1.05
7.9000001 -6.6999998 1.15
7.9000001 -6.6999998 1.25
7.9000001 -6.6999998 1.35
7.9000001 -6.6999998 1.45
7.9000001 -6.6999998 1.55
7.9000001 -6.6999998 1.65
7.9000001 -6.6999998 1.75
7.9000001 -6.6999998 1.85
7.9000001 -6.6999998 1.95
7.9000001 -6.6999998 2.05
7.9000001 -6.6999998 2.1500001
7.9000001 -6.6999998 2.25
7.9000001 -6.6999998 2.3499999
7.9000001 -6.6999998 2.45
8.1000004 -6.5999999 -0.44999999
8.1000004 -6.5999999 -0.34999999
8.1000004 -6.5999999 -0.25
8.1000004 -6.5999999 -0.15000001
8.1000004 -6.5999999 -0.050000001
8.1000004 -6.5999999 0.050000001
8.1000004 -6.5999999 0.15000001
8.1000004 -6.5999999 0.25
8.1000004 -6.5999999 0.34999999
8.1000004 -6.5999999 0.44999999
8.1000004 -6.5999999 0.55000001
8.1000004 -6.5999999 0.64999998
8.1000004 -6.5999999 0.75
8.1000004 -6.5999999 0.85000002
8.1000004 -6.5999999 0.94999999
8.1000004 -6.5999999 1.05
8.1000004 -6.5999999 1.15
8.1000004 -6.5999999 1.25
8.1000004 -6.5999999 1.35
8.1000004 -6.5999999 1.45
8.1000004 -6.5999999 1.55
8.1000004 -6.5999999 1.65
8.1000004 -6.5999999 1.75
8.1000004 -6.5999999 1.85
8.1000004 -6.5999999 1.95
8.1000004 -6.5999999 2.05
8.1000004 -6.5999999 2.1500001
8.1000004 -6.5999999 2.25
8.1000004 -6.5999999 2.3499999
8.1000004 -6.5999999 2.45
8 -6.5999999 -0.44999999
8 -6.5999999 -0.34999999
8 -6.5999999 -0.25
8 -6.5999999 -0.15000001
8 -6.5999999 -0.050000001
8 -6.5999999 0.050000001
8 -6.5999999 0.15000001
8 -6.5999999 0.25
8 -6.5999999 0.34999999
8 -6.5999999 0.44999999
8 -6.5999999 0.55000001
8 -6.5999999 0.64999998
8 -6.5999999 0.75
8 -6.5999999 0.85000002
8 -6.5999999 0.94999999
8 -6.5999999 1.05
8 -6.5999999 1.15
8 -6.5999999 1.25
8 -6.5999999 1.35
8 -6.5999999 1.45
8 -6.5999999 1.55
8 -6.5999999 1.65
8 -6.5999999 1.75
8 -6.5999999 1.85
8 -6.5999999 1.95
8 -6.5999999 2.05
8 -6.5999999 2.1500001
8 -6.5999999 2.25
8 -6.5999999 2.3499999
8 -6.5999999 2.45
7.9000001 -6.5999999 -0.44999999
7.9000001 -6.5999999 -0.34999999
7.9000001 -6.5999999 -0.25
7.9000001 -6.5999999 -0.15000001
7.9000001 -6.5999999 -0.050000001
7.9000001 -6.5999999 0.050000001
7.9000001 -6.5999999 0.15000001
7.9000001 -6.5999999 0.25
7.9000001 -6.5999999 0.34999999
7.9000001 -6.5999999 0.44999999
7.9000001 -6.5999999 0.55000001
7.9000001 -6.5999999 0.64999998
7.9000001 -6.5999999 0.75
7.9000001 -6.5999999 0.85000002
7.9000001 -6.5999999 0.94999999
7.9000001 -6.5999999 1.05
7.9000001 -6.5999999 1.15
7.9000001 -6.5999999 1.25
7.9000001 -6.5999999 1.35
7.9000001 -6.5999999 1.45
7.9000001 -6.5999999 1.55
7.9000001 -6.5999999 1.65
7.9000001 -6.5999999 1.75
7.9000001 -6.5999999 1.85
7.9000001 -6.5999999 1.95
7.9000001 -6.5999999 2.05
7.9000001 -6.5999999 2.1500001
7.9000001 -6.5999999 2.25
7.9000001 -6.5999999 2.3499999
7.9000001 -6.5999999 2.45
8.1000004 -6.5 -0.44999999
8.1000004 -6.5 -0.34999999
8.1000004 -6.5 -0.25
8.1000004 -6.5 -0.15000001
8.1000004 -6.5 -0.050000001
8.1000004 -6.5 0.050000001
8.1000004 -6.5 0.15000001
8.1000004 -6.5 0.25
8.1000004 -6.5 0.34999999
8.1000004 -6.5 0.44999999
8.1000004 -6.5 0.55000001
8.1000004 -6.5 0.64999998
8.1000004 -6.5 0.75
8.1000004 -6.5 0.85000002
8.1000004 -6.5 0.94999999
8.1000004 -6.5 1.05
8.1000004 -6.5 1.15
8.1000004 -6.5 1.25
8.1000004 -6.5 1.35
8.1000004 -6.5 1.45
8.1000004 -6.5 1.55
8.1000004 -6.5 1.65
8.1000004 -6.5 1.75
8.1000004 -6.5 1.85
8.1000004 -6.5 1.95
8.1000004 -6.5 2.05
8.1000004 -6.5 2.1500001
8.1000004 -6.5 2.25
8.1000004 -6.5 2.3499999
8.1000004 -6.5 2.45
8 -6.5 -0.44999999
8 -6.5 -0.34999999
8 -6.5 -0.25
8 -6.5 -0.15000001
8 -6.5 -0.050000001
8 -6.5 0.050000001
8 -6.5 0.15000001
8 -6.5 0.25
8 -6.5 0.34999999
8 -6.5 0.44999999
8 -6.5 0.55000001
8 -6.5 0.64999998
8 -6.5 0.75
8 -6.5 0.85000002
8 -6.5 0.94999999
8 -6.5 1.05
8 -6.5 1.15
8 -6.5 1.25
8 -6.5 1.35
8 -6.5 1.45
8 -6.5 1.55
8 -6.5 1.65
8 -6.5 1.75
8 -6.5 1.85
8 -6.5 1.95
8 -6.5 2.05
8 -6.5 2.1500001
8 -6.5 2.25
8 -6.5 2.3499999
8 -6.5 2.45
7.9000001 -6.5 -0.44999999
7.9000001 -6.5 -0.34999999
7.9000001 -6.5 -0.25
7.9000001 -6.5 -0.15000001
7.9000001 -6.5 -0.050000001
7.9000001 -6.5 0.050000001
7.9000001 -6.5 0.15000001
7.9000001 -6.5 0.25
7.9000001 -6.5 0.34999999
7.9000001 -6.5 0.44999999
7.9000001 -6.5 0.55000001
7.9000001 -6.5 0.64999998
7.9000001 -6.5 0.75
7.9000001 -6.5 0.85000002
7.9000001 -6.5 0.94999999
7.9000001 -6.5 1.05
7.9000001 -6.5 1.15
7.9000001 -6.5 1.25
7.9000001 -6.5 1.35
7.9000001 -6.5 1.45
7.9000001 -6.5 1.55
7.9000001 -6.5 1.65
7.9000001 -6.5 1.75
7.9000001 -6.5 1.85
7.9000001 -6.5 1.95
7.9000001 -6.5 2.05
7.9000001 -6.5 2.1500001
7.9000001 -6.5 2.25
7.9000001 -6.5 2.3499999
7.9000001 -6.5 2.45
8.1000004 -6.4000001 -0.44999999
8.1000004 -6.4000001 -0.34999999
8.1000004 -6.4000001 -0.25
8.1000004 -6.4000001 -0.15000001
8.1000004 -6.4000001 -0.050000001
8.1000004 -6.4000001 0.050000001
8.1000004 -6.4000001 0.15000001
8.1000004 -6.4000001 0.25
8.1000004 -6.4000001 0.34999999
8.1000004 -6.4000001 0.44999999
8.1000004 -6.4000001 0.55000001
8.1000004 -6.4000001 0.64999998
8.1000004 -6.4000001 0.75
8.1000004 -6.4000001 0.85000002
8.1000004 -6.4000001 0.94999999
8.1000004 -6.4000001 1.05
8.1000004 -6.4000001 1.15
8.1000004 -6.4000001 1.25
8.1000004 -6.4000001 1.35
8.1000004 -6.4000001 1.45
8.1000004 -6.4000001 1.55
8.1000004 -6.4000001 1.65
8.1000004 -6.4000001 1.75
8.1000004 -6.4000001 1.85
8.1000004 -6.4000001 1.95
8.1000004 -6.4000001 2.05
8.1000004 -6.4000001 2.1500001
8.1000004 -6.4000001 2.25
8.1000004 -6.4000001 2.3499999
8.1000004 -6.4000001 2.45
8 -6.4000001 -0.44999999
8 -6.4000001 -0.34999999
8 -6.4000001 -0.25
8 -6.4000001 -0.15000001
8 -6.4000001 -0.050000001
8 -6.4000001 0.050000001
8 -6.4000001 0.15000001
8 -6.4000001 0.25
8 -6.4000001 0.34999999
8 -6.4000001 0.44999999
8 -6.4000001 0.55000001
8 -6.4000001 0.64999998
8 -6.4000001 0.75
8 -6.4000001 0.85000002
8 -6.4000001 0.94999999
8 -6.4000001 1.05
8 -6.4000001 1.15
8 -6.4000001 1.25
8 -6.4000001 1.35
8 -6.4000001 1.45
8 -6.4000001 1.55
8 -6.4000001 1.65
8 -6.4000001 1.75
8 -6.4000001 1.85
8 -6.4000001 1.95
8 -6.4000001 2.05
8 -6.4000001 2.1500001
8 -6.4000001 2.25
8 -6.4000001 2.3499999
8 -6.4000001 2.45
7.9000001 -6.4000001 -0.44999999
7.9000001 -6.4000001 -0.34999999
7.9000001 -6.4000001 -0.25
7.9000001 -6.4000001 -0.15000001
7.9000001 -6.4000001 -0.050000001
7.9000001 -6.4000001 0.050000001
7.9000001 -6.4000001 0.15000001
7.9000001 -6.4000001 0.25
7.9000001 -6.4000001 0.34999999
7.9000001 -6.4000001 0.44999999
7.9000001 -6.4000001 0.55000001
7.9000001 -6.4000001 0.64999998
7.9000001 -6.4000001 0.75
7.9000001 -6.4000001 0.85000002
7.9000001 -6.4000001 0.94999999
7.9000001 -6.4000001 1.05
7.9000001 -6.4000001 1.15
7.9000001 -6.4000001 1.25
7.9000001 -6.4000001 1.35
7.9000001 -6.4000001 1.45
7.9000001 -6.4000001 1.55
7.9000001 -6.4000001 1.65
7.9000001 -6.4000001 1.75
7.9000001 -6.4000001 1.85
7.9000001 -6.4000001 1.95
7.9000001 -6.4000001 2.05
7.9000001 -6.4000001 2.1500001
7.9000001 -6.4000001 2.25
7.9000001 -6.4000001 2.3499999
7.9000001 -6.4000001 2.45
8.1000004 -6.3000002 -0.44999999
8.1000004 -6.3000002 -0.34999999
8.1000004 -6.3000002 -0.25
8.1000004 -6.3000002 -0.15000001
8.1000004 -6.3000002 -0.050000001
8.1000004 -6.3000002 0.050000001
8.1000004 -6.3000002 0.15000001
8.1000004 -6.3000002 0.25
8.1000004 -6.3000002 0.34999999
8.1000004 -6.3000002 0.44999999
8.1000004 -6.3000002 0.55000001
8.1000004 -6.3000002 0.64999998
8.1000004 -6.3000002 0.75
8.1000004 -6.3000002 0.85000002
8.1000004 -6.3000002 0.94999999
8.1000004 -6.3000002 1.05
8.1000004 -6.3000002 1.15
8.1000004 -6.3000002 1.25
8.1000004 -6.3000002 1.35
8.1000004 -6.3000002 1.45
8.1000004 -6.3000002 1.55
8.1000004 -6.3000002 1.65
8.1000004 -6.3000002 1.75
8.1000004 -6.3000002 1.85
8.1000004 -6.3000002 1.95
8.1000004 -6.3000002 2.05
8.1000004 -6.3000002 2.1500001
8.1000004 -6.3000002 2.25
8.1000004 -6.3000002 2.3499999
8.1000004 -6.3000002 2.45
8 -6.3000002 -0.44999999
8 -6.3000002 -0.34999999
8 -6.3000002 -0.25
8 -6.3000002 -0.15000001
8 -6.3000002 -0.050000001
8 -6.3000002 0.050000001
8 -6.3000002 0.15000001
8 -6.3000002 0.25
8 -6.3000002 0.34999999
8 -6.3000002 0.44999999
8 -6.3000002 0.55000001
8 -6.3000002 0.64999998
8 -6.3000002 0.75
8 -6.3000002 0.85000002
8 -6.3000002 0.94999999
8 -6.3000002 1.05
8 -6.3000002 1.15
8 -6.3000002 1.25
8 -6.3000002 1.35
8 -6.3000002 1.45
8 -6.3000002 1.55
8 -6.3000002 1.65
8 -6.3000002 1.75
8 -6.3000002 1.85
8 -6.3000002 1.95
8 -6.3000002 2.05
8 -6.3000002 2.1500001
8 -6.3000002 2.25
8 -6.3000002 2.3499999
8 -6.3000002 2.45
7.9000001 -6.3000002 -0.44999999
7.9000001 -6.3000002 -0.34999999
7.9000001 -6.3000002 -0.25
7.9000001 -6.3000002 -0.15000001
7.9000001 -6.3000002 -0.050000001
7.9000001 -6.3000002 0.050000001
7.9000001 -6.3000002 0.15000001
7.9000001 -6.3000002 0.25
7.9000001 -6.3000002 0.34999999
7.9000001 -6.3000002 0.44999999
7.9000001 -6.3000002 0.55000001
7.9000001 -6.3000002 0.64999998
7.9000001 -6.3000002 0.75
7.9000001 -6.3000002 0.85000002
7.9000001 -6.3000002 0.94999999
7.9000001 -6.3000002 1.05
7.9000001 -6.3000002 1.15
7.9000001 -6.3000002 1.25
7.9000001 -6.3000002 1.35
7.9000001 -6.3000002 1.45
7.9000001 -6.3000002 1.55
7.9000001 -6.3000002 1.65
7.9000001 -6.3000002 1.75
7.9000001 -6.3000002 1.85
7.9000001 -6.3000002 1.95
7.9000001 -6.3000002 2.05
7.9000001 -6.3000002 2.1500001
7.9000001 -6.3000002 2.25
7.9000001 -6.3000002 2.3499999
7.9000001 -6.3000002 2.45
8.1000004 -6.1999998 -0.44999999
8.1000004 -6.1999998 -0.34999999
8.1000004 -6.1999998 -0.25
8.1000004 -6.1999998 -0.15000001
8.1000004 -6.1999998 -0.050000001
8.1000004 -6.1999998 0.050000001
8.1000004 -6.1999998 0.15000001
8.1000004 -6.1999998 0.25
8.1000004 -6.1999998 0.34999999
8.1000004 -6.1999998 0.44999999
8.1000004 -6.1999998 0.55000001
8.1000004 -6.1999998 0.64999998
8.1000004 -6.1999998 0.75
8.1000004 -6.1999998 0.85000002
8.1000004 -6.1999998 0.94999999
8.1000004 -6.1999998 1.05
8.1000004 -6.1999998 1.15
8.1000004 -6.1999998 1.25
8.1000004 -6.1999998 1.35
8.1000004 -6.1999998 1.45
8.1000004 -6.1999998 1.55
8.1000004 -6.1999998 1.65
8.1000004 -6.1999998 1.75
8.1000004 -6.1999998 1.85
8.1000004 -6.1999998 1.95
8.1000004 -6.1999998 2.05
8.1000004 -6.1999998 2.1500001
8.1000004 -6.1999998 2.25
8.1000004 -6.1999998 2.3499999
8.1000004 -6.1999998 2.45
8 -6.1999998 -0.44999999
8 -6.1999998 -0.34999999
8 -6.1999998 -0.25
8 -6.1999998 -0.15000001
8 -6.1999998 -0.050000001
8 -6.1999998 0.050000001
8 -6.1999998 0.15000001
8 -6.1999998 0.25
8 -6.1999998 0.34999999
8 -6.1999998 0.44999999
8 -6.1999998 0.55000001
8 -6.1999998 0.64999998
8 -6.1999998 0.75
8 -6.1999998 0.85000002
8 -6.1999998 0.94999999
8 -6.1999998 1.05
8 -6.1999998 1.15
8 -6.1999998 1.25
8 -6.1999998 1.35
8 -6.1999998 1.45
8 -6.1999998 1.55
8 -6.1999998 1.65
8 -6.1999998 1.75
8 -6.1999998 1.85
8 -6.1999998 1.95
8 -6.1999998 2.05
8 -6.1999998 2.1500001
8 -6.1999998 2.25
8 -6.1999998 2.3499999
8 -6.1999998 2.45
7.9000001 -6.1999998 -0.44999999
7.9000001 -6.1999998 -0.34999999
7.9000001 -6.1999998 -0.25
7.9000001 -6.1999998 -0.15000001
7.9000001 -6.1999998 -0.050000001
7.9000001 -6.1999998 0.050000001
7.9000001 -6.1999998 0.15000001
7.9000001 -6.1999998 0.25
7.9000001 -6.1999998 0.34999999
7.9000001 -6.1999998 0.44999999
7.9000001 -6.1999998 0.55000001
7.9000001 -6.1999998 0.64999998
7.9000001 -6.1999998 0.75
7.9000001 -6.1999998 0.85000002
7.9000001 -6.1999998 0.94999999
7.9000001 -6.1999998 1.05
7.9000001 -6.1999998 1.15
7.9000001 -6.1999998 1.25
7.9000001 -6.1999998 1.35
7.9000001 -6.1999998 1.45
7.9000001 -6.1999998 1.55
7.9000001 -6.1999998 1.65
7.9000001 -6.1999998 1.75
7.9000001 -6.1999998 1.85
7.9000001 -6.1999998 1.95
7.9000001 -6.1999998 2.05
7.9000001 -6.1999998 2.1500001
7.9000001 -6.1999998 2.25
7.9000001 -6.1999998 2.3499999
7.9000001 -6.1999998 2.45
8.1000004 -6.0999999 -0.44999999
8.1000004 -6.0999999 -0.34999999
8.1000004 -6.0999999 -0.25
8.1000004 -6.0999999 -0.15000001
8.1000004 -6.0999999 -0.050000001
8.1000004 -6.0999999 0.050000001
8.1000004 -6.0999999 0.15000001
8.1000004 -6.0999999 0.25
8.1000004 -6.0999999 0.34999999
8.1000004 -6.0999999 0.44999999
8.1000004 -6.0999999 0.55000001
8.1000004 -6.0999999 0.64999998
8.1000004 -6.0999999 0.75
8.1000004 -6.0999999 0.85000002
8.1000004 -6.0999999 0.94999999
8.1000004 -6.0999999 1.05
8.1000004 -6.0999999 1.15
8.1000004 -6.0999999 1.25
8.1000004 -6.0999999 1.35
8.1000004 -6.0999999 1.45
8.1000004 -6.0999999 1.55
8.1000004 -6.0999999 1.65
8.1000004 -6.0999999 1.75
8.1000004 -6.0999999 1.85
8.1000004 -6.0999999 1.95
8.1000004 -6.0999999 2.05
8.1000004 -6.0999999 2.1500001
8.1000004 -6.0999999 2.25
8.1000004 -6.0999999 2.3499999
8.1000004 -6.0999999 2.45
8 -6.0999999 -0.44999999
8 -6.0999999 -0.34999999
8 -6.0999999 -0.25
8 -6.0999999 -0.15000001
8 -6.0999999 -0.050000001
8 -6.0999999 0.050000001
8 -6.0999999 0.15000001
8 -6.0999999 0.25
8 -6.0999999 0.34999999
8 -6.0999999 0.44999999
8 -6.0999999 0.55000001
8 -6.0999999 0.64999998
8 -6.0999999 0.75
8 -6.0999999 0.85000002
8 -6.0999999 0.94999999
8 -6.0999999 1.05
8 -6.0999999 1.15
8 -6.0999999 1.25
8 -6.0999999 1.35
8 -6.0999999 1.45
8 -6.0999999 1.55
8 -6.0999999 1.65
8 -6.0999999 1.75
8 -6.0999999 1.85
8 -6.0999999 1.95
8 -6.0999999 2.05
8 -6.0999999 2.1500001
8 -6.0999999 2.25
8 -6.0999999 2.3499999
8 -6.0999999 2.45
7.9000001 -6.0999999 -0.44999999
7.9000001 -6.0999999 -0.34999999
7.9000001 -6.0999999 -0.25
7.9000001 -6.0999999 -0.15000001
7.9000001 -6.0999999 -0.050000001
7.9000001 -6.0999999 0.050000001
7.9000001 -6.0999999 0.15000001
7.9000001 -6.0999999 0.25
7.9000001 -6.0999999 0.34999999
7.9000001 -6.0999999 0.44999999
7.9000001 -6.0999999 0.55000001
7.9000001 -6.0999999 0.64999998
7.9000001 -6.0999999 0.75
7.9000001 -6.0999999 0.85000002
7.9000001 -6.0999999 0.94999999
7.9000001 -6.0999999 1.05
7.9000001 -6.0999999 1.15
7.9000001 -6.0999999 1.25
7.9000001 -6.0999999 1.35
7.9000001 -6.0999999 1.45
7.9000001 -6.0999999 1.55
7.9000001 -6.0999999 1.65
7.9000001 -6.0999999 1.75
7.9000001 -6.0999999 1.85
7.9000001 -6.0999999 1.95
7.9000001 -6.0999999 2.05
7.9000001 -6.0999999 2.1500001
7.9000001 -6.0999999 2.25
7.9000001 -6.0999999 2.3499999
7.9000001 -6.0999999 2.45
8.1000004 -6 -0.44999999
8.1000004 -6 -0.34999999
8.1000004 -6 -0.25
8.1000004 -6 -0.15000001
8.1000004 -6 -0.050000001
8.1000004 -6 0.050000001
8.1000004 -6 0.15000001
8.1000004 -6 0.25
8.1000004 -6 0.34999999
8.1000004 -6 0.44999999
8.1000004 -6 0.55000001
8.1000004 -6 0.64999998
8.1000004 -6 0.75
8.1000004 -6 0.85000002
8.1000004 -6 0.94999999
8.1000004 -6 1.05
8.1000004 -6 1.15
8.1000004 -6 1.25
8.1000004 -6 1.35
8.1000004 -6 1.45
8.1000004 -6 1.55
8.1000004 -6 1.65
8.1000004 -6 1.75
8.1000004 -6 1.85
8.1000004 -6 1.95
8.1000004 -6 2.05
8.1000004 -6 2.1500001
8.1000004 -6 2.25
8.1000004 -6 2.3499999
8.1000004 -6 2.45
8 -6 -0.44999999
8 -6 -0.34999999
8 -6 -0.25
8 -6 -0.15000001
8 -6 -0.050000001
8 -6 0.050000001
8 -6 0.15000001
8 -6 0.25
8 -6 0.34999999
8 -6 0.44999999
8 -6 0.55000001
8 -6 0.64999998
8 -6 0.75
8 -6 0.85000002
8 -6 0.94999999
8 -6 1.05
8 -6 1.15
8 -6 1.25
8 -6 1.35
8 -6 1.45
8 -6 1.55
8 -6 1.65
8 -6 1.75
8 -6 1.85
8 -6 1.95
8 -6 2.05
8 -6 2.1500001
8 -6 2.25
8 -6 2.3499999
8 -6 2.45
7.9000001 -6 -0.44999999
7.9000001 -6 -0.34999999
7.9000001 -6 -0.25
7.9000001 -6 -0.15000001
7.9000001 -6 -0.050000001
7.9000001 -6 0.050000001
7.9000001 -6 0.15000001
7.9000001 -6 0.25
7.9000001 -6 0.34999999
7.9000001 -6 0.44999999
7.9000001 -6 0.55000001
7.9000001 -6 0.64999998
7.9000001 -6 0.75
7.9000001 -6 0.85000002
7.9000001 -6 0.94999999
7.9000001 -6 1.05
7.9000001 -6 1.15
7.9000001 -6 1.25
7.9000001 -6 1.35
7.9000001 -6 1.45
7.9000001 -6 1.55
7.9000001 -6 1.65
7.9000001 -6 1.75
7.9000001 -6 1.85
7.9000001 -6 1.95
7.9000001 -6 2.05
7.9000001 -6 2.1500001
7.9000001 -6 2.25
7.9000001 -6 2.3499999
7.9000001 -6 2.45
8.1000004 -5.9000001 -0.44999999
8.1000004 -5.9000001 -0.34999999
8.1000004 -5.9000001 -0.25
8.1000004 -5.9000001 -0.15000001
8.1000004 -5.9000001 -0.050000001
8.1000004 -5.9000001 0.050000001
8.1000004 -5.9000001 0.15000001
8.1000004 -5.9000001 0.25
8.1000004 -5.9000001 0.34999999
8.1000004 -5.9000001 0.44999999
8.1000004 -5.9000001 0.55000001
8.1000004 -5.9000001 0.64999998
8.1000004 -5.9000001 0.75
8.1000004 -5.9000001 0.85000002
8.1000004 -5.9000001 0.94999999
8.1000004 -5.9000001 1.05
8.1000004 -5.9000001 1.15
8.1000004 -5.9000001 1.25
8.1000004 -5.9000001 1.35
8.1000004 -5.9000001 1.45
8.1000004 -5.9000001 1.55
8.1000004 -5.9000001 1.65
8.1000004 -5.9000001 1.75
8.1000004 -5.9000001 1.85
8.1000004 -5.9000001 1.95
8.1000004 -5.9000001 2.05
8.1000004 -5.9000001 2.1500001
8.1000004 -5.9000001 2.25
8.1000004 -5.9000001 2.3499999
8.1000004 -5.9000001 2.45
8 -5.9000001 -0.44999999
8 -5.9000001 -0.34999999
8 -5.9000001 -0.25
8 -5.9000001 -0.15000001
8 -5.9000001 -0.050000001
8 -5.9000001 0.050000001
8 -5.9000001 0.15000001
8 -5.9000001 0.25
8 -5.9000001 0.34999999
8 -5.9000001 0.44999999
8 -5.9000001 0.55000001
8 -5.9000001 0.64999998
8 -5.9000001 0.75
8 -5.9000001 0.85000002
8 -5.9000001 0.94999999
8 -5.9000001 1.05
8 -5.9000001 1.15
8 -5.9000001 1.25
8 -5.9000001 1.35
8 -5.9000001 1.45
8 -5.9000001 1.55
8 -5.9000001 1.65
8 -5.9000001 1.75
8 -5.9000001 1.85
8 -5.9000001 1.95
8 -5.9000001 2.05
8 -5.9000001 2.1500001
8 -5.9000001 2.25
8 -5.9000001 2.3499999
8 -5.9000001 2.45
7.9000001 -5.9000001 -0.44999999
7.9000001 -5.9000001 -0.34999999
7.9000001 -5.9000001 -0.25
7.9000001 -5.9000001 -0.15000001
7.9000001 -5.9000001 -0.050000001
7.9000001 -5.9000001 0.050000001
7.9000001 -5.9000001 0.15000001
7.9000001 -5.9000001 0.25
7.9000001 -5.9000001 0.34999999
7.9000001 -5.9000001 0.44999999
7.9000001 -5.9000001 0.55000001
7.9000001 -5.9000001 0.64999998
7.9000001 -5.9000001 0.75
7.9000001 -5.9000001 0.85000002
7.9000001 -5.9000001 0.94999999
7.9000001 -5.9000001 1.05
7.9000001 -5.9000001 1.15
7.9000001 -5.9000001 1.25
7.9000001 -5.9000001 1.35
7.9000001 -5.9000001 1.45
7.9000001 -5.9000001 1.55
7.9000001 -5.9000001 1.65
7.9000001 -5.9000001 1.75
7.9000001 -5.9000001 1.85
7.9000001 -5.9000001 1.95
7.9000001 -5.9000001 2.05
7.9000001 -5.9000001 2.1500001
7.9000001 -5.9000001 2.25
7.9000001 -5.9000001 2.3499999
7.9000001 -5.9000001 2.45
8.1000004 -5.8000002 -0.44999999
8.1000004 -5.8000002 -0.34999999
8.1000004 -5.8000002 -0.25
8.1000004 -5.8000002 -0.15000001
8.1000004 -5.8000002 -0.050000001
8.1000004 -5.8000002 0.050000001
8.1000004 -5.8000002 0.15000001
8.1000004 -5.8000002 0.25
8.1000004 -5.8000002 0.34999999
8.1000004 -5.8000002 0.44999999
8.1000004 -5.8000002 0.55000001
8.1000004 -5.8000002 0.64999998
8.1000004 -5.8000002 0.75
8.1000004 -5.8000002 0.85000002
8.1000004 -5.8000002 0.94999999
8.1000004 -5.8000002 1.05
8.1000004 -5.8000002 1.15
8.1000004 -5.8000002 1.25
8.1000004 -5.8000002 1.35
8.1000004 -5.8000002 1.45
8.1000004 -5.8000002 1.55
8.1000004 -5.8000002 1.65
8.1000004 -5.8000002 1.75
8.1000004 -5.8000002 1.85
8.1000004 -5.8000002 1.95
8.1000004 -5.8000002 2.05
8.1000004 -5.8000002 2.1500001
8.1000004 -5.8000002 2.25
8.1000004 -5.8000002 2.3499999
8.1000004 -5.8000002 2.45
8 -5.8000002 -0.44999999
8 -5.8000002 -0.34999999
8 -5.8000002 -0.25
8 -5.8000002 -0.15000001
8 -5.8000002 -0.050000001
8 -5.8000002 0.050000001
8 -5.8000002 0.15000001
8 -5.8000002 0.25
8 -5.8000002 0.34999999
8 -5.8000002 0.44999999
8 -5.8000002 0.55000001
8 -5.8000002 0.64999998
8 -5.8000002 0.75
8 -5.8000002 0.85000002
8 -5.8000002 0.94999999
8 -5.8000002 1.05
8 -5.8000002 1.15
8 -5.8000002 1.25
8 -5.8000002 1.35
8 -5.8000002 1.45
8 -5.8000002 1.55
8 -5.8000002 1.65
8 -5.8000002 1.75
8 -5.8000002 1.85
8 -5.8000002 1.95
8 -5.8000002 2.05
8 -5.8000002 2.1500001
8 -5.8000002 2.25
8 -5.8000002 2.3499999
8 -5.8000002 2.45
7.9000001 -5.8000002 -0.44999999
7.9000001 -5.8000002 -0.34999999
7.9000001 -5.8000002 -0.25
7.9000001 -5.8000002 -0.15000001
7.9000001 -5.8000002 -0.050000001
7.9000001 -5.8000002 0.050000001
7.9000001 -5.8000002 0.15000001
7.9000001 -5.8000002 0.25
7.9000001 -5.8000002 0.34999999
7.9000001 -5.8000002 0.44999999
7.9000001 -5.8000002 0.55000001
7.9000001 -5.8000002 0.64999998
7.9000001 -5.8000002 0.75
7.9000001 -5.8000002 0.85000002
7.9000001 -5.8000002 0.94999999
7.9000001 -5.8000002 1.05
7.9000001 -5.8000002 1.15
7.9000001 -5.8000002 1.25
7.9000001 -5.8000002 1.35
7.9000001 -5.8000002 1.45
7.9000001 -5.8000002 1.55
7.9000001 -5.8000002 1.65
7.9000001 -5.8000002 1.75
7.9000001 -5.8000002 1.85
7.9000001 -5.8000002 1.95
7.9000001 -5.8000002 2.05
7.9000001 -5.8000002 2.1500001
7.9000001 -5.8000002 2.25
7.9000001 -5.8000002 2.3499999
7.9000001 -5.8000002 2.45
8.1000004 -5.6999998 -0.44999999
8.1000004 -5.6999998 -0.34999999
8.1000004 -5.6999998 -0.25
8.1000004 -5.6999998 -0.15000001
8.1000004 -5.6999998 -0.050000001
8.1000004 -5.6999998 0.050000001
8.1000004 -5.6999998 0.15000001
8.1000004 -5.6999998 0.25
8.1000004 -5.6999998 0.34999999
8.1000004 -5.6999998 0.44999999
8.1000004 -5.6999998 0.55000001
8.1000004 -5.6999998 0.64999998
8.1000004 -5.6999998 0.75
8.1000004 -5.6999998 0.85000002
8.1000004 -5.6999998 0.94999999
8.1000004 -5.6999998 1.05
8.1000004 -5.6999998 1.15
8.1000004 -5.6999998 1.25
8.1000004 -5.6999998 1.35
8.1000004 -5.6999998 1.45
8.1000004 -5.6999998 1.55
8.1000004 -5.6999998 1.65
8.1000004 -5.6999998 1.75
8.1000004 -5.6999998 1.85
8.1000004 -5.6999998 1.95
8.1000004 -5.6999998 2.05
8.1000004 -5.6999998 2.1500001
8.1000004 -5.6999998 2.25
8.1000004 -5.6999998 2.3499999
8.1000004 -5.6999998 2.45
8 -5.6999998 -0.44999999
8 -5.6999998 -0.34999999
8 -5.6999998 -0.25
8 -5.6999998 -0.15000001
8 -5.6999998 -0.050000001
8 -5.6999998 0.050000001
8 -5.6999998 0.15000001
8 -5.6999998 0.25
8 -5.6999998 0.34999999
8 -5.6999998 0.44999999
8 -5.6999998 0.55000001
8 -5.6999998 0.64999998
8 -5.6999998 0.75
8 -5.6999998 0.85000002
8 -5.6999998 0.94999999
8 -5.6999998 1.05
8 -5.6999998 1.15
8 -5.6999998 1.25
8 -5.6999998 1.35
8 -5.6999998 1.45
8 -5.6999998 1.55
8 -5.6999998 1.65
8 -5.6999998 1.75
8 -5.6999998 1.85
8 -5.6999998 1.95
8 -5.6999998 2.05
8 -5.6999998 2.1500001
8 -5.6999998 2.25
8 -5.6999998 2.3499999
8 -5.6999998 2.45
7.9000001 -5.6999998 -0.44999999
7.9000001 -5.6999998 -0.34999999
7.9000001 -5.6999998 -0.25
7.9000001 -5.6999998 -0.15000001
7.9000001 -5.6999998 -0.050000001
7.9000001 -5.6999998 0.050000001
7.9000001 -5.6999998 0.15000001
7.9000001 -5.6999998 0.25
7.9000001 -5.6999998 0.34999999
7.9000001 -5.6999998 0.44999999
7.9000001 -5.6999998 0.55000001
7.9000001 -5.6999998 0.64999998
7.9000001 -5.6999998 0.75
7.9000001 -5.6999998 0.85000002
7.9000001 -5.6999998 0.94999999
7.9000001 -5.6999998 1.05
7.9000001 -5.6999998 1.15
7.9000001 -5.6999998 1.25
7.9000001 -5.6999998 1.35
7.9000001 -5.6999998 1.45
7.9000001 -5.6999998 1.55
7.9000001 -5.6999998 1.65
7.9000001 -5.6999998 1.75
7.9000001 -5.6999998 1.85
7.9000001 -5.6999998 1.95
7.9000001 -5.6999998 2.05
7.9000001 -5.6999998 2.1500001
7.9000001 -5.6999998 2.25
7.9000001 -5.6999998 2.3499999
7.9000001 -5.6999998 2.45
8.1000004 -5.5999999 -0.44999999
8.1000004 -5.5999999 -0.34999999
8.1000004 -5.5999999 -0.25
8.1000004 -5.5999999 -0.15000001
8.1000004 -5.5999999 -0.050000001
8.1000004 -5.5999999 0.050000001
8.1000004 -5.5999999 0.15000001
8.1000004 -5.5999999 0.25
8.1000004 -5.5999999 0.34999999
8.1000004 -5.5999999 0.44999999
8.1000004 -5.5999999 0.55000001
8.1000004 -5.5999999 0.64999998
8.1000004 -5.5999999 0.75
8.1000004 -5.5999999 0.85000002
8.1000004 -5.5999999 0.94999999
8.1000004 -5.5999999 1.05
8.1000004 -5.5999999 1.15
8.1000004 -5.5999999 1.25
8.1000004 -5.5999999 1.35
8.1000004 -5.5999999 1.45
8.1000004 -5.5999999 1.55
8.1000004 -5.5999999 1.65
8.1000004 -5.5999999 1.75
8.1000004 -5.5999999 1.85
8.1000004 -5.5999999 1.95
8.1000004 -5.5999999 2.05
8.1000004 -5.5999999 2.1500001
8.1000004 -5.5999999 2.25
8.1000004 -5.5999999 2.3499999
8.1000004 -5.5999999 2.45
8 -5.5999999 -0.44999999
8 -5.5999999 -0.34999999
8 -5.5999999 -0.25
8 -5.5999999 -0.15000001
8 -5.5999999 -0.050000001
8 -5.5999999 0.050000001
8 -5.5999999 0.15000001
8 -5.5999999 0.25
8 -5.5999999 0.34999999
8 -5.5999999 0.44999999
8 -5.5999999 0.55000001
8 -5.5999999 0.64999998
8 -5.5999999 0.75
8 -5.5999999 0.85000002
8 -5.5999999 0.94999999
8 -5.5999999 1.05
8 -5.5999999 1.15
8 -5.5999999 1.25
8 -5.5999999 1.35
8 -5.5999999 1.45
8 -5.5999999 1.55
8 -5.5999999 1.65
8 -5.5999999 1.75
8 -5.5999999 1.85
8 -5.5999999 1.95
8 -5.5999999 2.05
8 -5.5999999 2.1500001
8 -5.5999999 2.25
8 -5.5999999 2.3499999
8 -5.5999999 2.45
7.9000001 -5.5999999 -0.44999999
7.9000001 -5.5999999 -0.34999999
7.9000001 -5.5999999 -0.25
7.9000001 -5.5999999 -0.15000001
7.9000001 -5.5999999 -0.050000001
7.9000001 -5.5999999 0.050000001
7.9000001 -5.5999999 0.15000001
7.9000001 -5.5999999 0.25
7.9000001 -5.5999999 0.34999999
7.9000001 -5.5999999 0.44999999
7.9000001 -5.5999999 0.55000001
7.9000001 -5.5999999 0.64999998
7.9000001 -5.5999999 0.75
7.9000001 -5.5999999 0.85000002
7.9000001 -5.5999999 0.94999999
7.9000001 -5.5999999 1.05
7.9000001 -5.5999999 1.15
7.9000001 -5.5999999 1.25
7.9000001 -5.5999999 1.35
7.9000001 -5.5999999 1.45
7.9000001 -5.5999999 1.55
7.9000001 -5.5999999 1.65
7.9000001 -5.5999999 1.75
7.9000001 -5.5999999 1.85
7.9000001 -5.5999999 1.95
7.9000001 -5.5999999 2.05
7.9000001 -5.5999999 2.1500001
7.9000001 -5.5999999 2.25
7.9000001 -5.5999999 2.3499999
7.9000001 -5.5999999 2.45
8.1000004 -5.5 -0.44999999
8.1000004 -5.5 -0.34999999
8.1000004 -5.5 -0.25
8.1000004 -5.5 -0.15000001
8.1000004 -5.5 -0.050000001
8.1000004 -5.5 0.050000001
8.1000004 -5.5 0.15000001
8.1000004 -5.5 0.25
8.1000004 -5.5 0.34999999
8.1000004 -5.5 0.44999999
8.1000004 -5.5 0.55000001
8.1000004 -5.5 0.64999998
8.1000004 -5.5 0.75
8.1000004 -5.5 0.85000002
8.1000004 -5.5 0.94999999
8.1000004 -5.5 1.05
8.1000004 -5.5 1.15
8.1000004 -5.5 1.25
8.1000004 -5.5 1.35
8.1000004 -5.5 1.45
8.1000004 -5.5 1.55
8.1000004 -5.5 1.65
8.1000004 -5.5 1.75
8.1000004 -5.5 1.85
8.1000004 -5.5 1.95
8.1000004 -5.5 2.05
8.1000004 -5.5 2.1500001
8.1000004 -5.5 2.25
8.1000004 -5.5 2.3499999
8.1000004 -5.5 2.45
8 -5.5 -0.44999999
8 -5.5 -0.34999999
8 -5.5 -0.25
8 -5.5 -0.15000001
8 -5.5 -0.050000001
8 -5.5 0.050000001
8 -5.5 0.15000001
8 -5.5 0.25
8 -5.5 0.34999999
8 -5.5 0.44999999
8 -5.5 0.55000001
8 -5.5 0.64999998
8 -5.5 0.75
8 -5.5 0.85000002
8 -5.5 0.94999999
8 -5.5 1.05
8 -5.5 1.15
8 -5.5 1.25
8 -5.5 1.35
8 -5.5 1.45
8 -5.5 1.55
8 -5.5 1.65
8 -5.5 1.75
8 -5.5 1.85
8 -5.5 1.95
8 -5.5 2.05
8 -5.5 2.1500001
8 -5.5 2.25
8 -5.5 2.3499999
8 -5.5 2.45
7.9000001 -5.5 -0.44999999
7.9000001 -5.5 -0.34999999
7.9000001 -5.5 -0.25
7.9000001 -5.5 -0.15000001
7.9000001 -5.5 -0.050000001
7.9000001 -5.5 0.050000001
7.9000001 -5.5 0.15000001
7.9000001 -5.5 0.25
7.9000001 -5.5 0.34999999
7.9000001 -5.5 0.44999999
7.9000001 -5.5 0.55000001
7.9000001 -5.5 0.64999998
7.9000001 -5.5 0.75
7.9000001 -5.5 0.85000002
7.9000001 -5.5 0.94999999
7.9000001 -5.5 1.05
7.9000001 -5.5 1.15
7.9000001 -5.5 1.25
7.9000001 -5.5 1.35
7.9000001 -5.5 1.45
7.9000001 -5.5 1.55
7.9000001 -5.5 1.65
7.9000001 -5.5 1.75
7.9000001 -5.5 1.85
7.9000001 -5.5 1.95
7.9000001 -5.5 2.05
7.9000001 -5.5 2.1500001
7.9000001 -5.5 2.25
7.9000001 -5.5 2.3499999
7.9000001 -5.5 2.45
8.1000004 -5.4000001 -0.44999999
8.1000004 -5.4000001 -0.34999999
8.1000004 -5.4000001 -0.25
8.1000004 -5.4000001 -0.15000001
8.1000004 -5.4000001 -0.050000001
8.1000004 -5.4000001 0.050000001
8.1000004 -5.4000001 0.15000001
8.1000004 -5.4000001 0.25
8.1000004 -5.4000001 0.34999999
8.1000004 -5.4000001 0.44999999
8.1000004 -5.4000001 0.55000001
8.1000004 -5.4000001 0.64999998
8.1000004 -5.4000001 0.75
8.1000004 -5.4000001 0.85000002
8.1000004 -5.4000001 0.94999999
8.1000004 -5.4000001 1.05
8.1000004 -5.4000001 1.15
8.1000004 -5.4000001 1.25
8.1000004 -5.4000001 1.35
8.1000004 -5.4000001 1.45
8.1000004 -5.4000001 1.55
8.1000004 -5.4000001 1.65
8.1000004 -5.4000001 1.75
8.1000004 -5.4000001 1.85
8.1000004 -5.4000001 1.95
8.1000004 -5.4000001 2.05
8.1000004 -5.4000001 2.1500001
8.1000004 -5.4000001 2.25
8.1000004 -5.4000001 2.3499999
8.1000004 -5.4000001 2.45
8 -5.4000001 -0.44999999
8 -5.4000001 -0.34999999
8 -5.4000001 -0.25
8 -5.4000001 -0.15000001
8 -5.4000001 -0.050000001
8 -5.4000001 0.050000001
8 -5.4000001 0.15000001
8 -5.4000001 0.25
8 -5.4000001 0.34999999
8 -5.4000001 0.44999999
8 -5.4000001 0.55000001
8 -5.4000001 0.64999998
8 -5.4000001 0.75
8 -5.4000001 0.85000002
8 -5.4000001 0.94999999
8 -5.4000001 1.05
8 -5.4000001 1.15
8 -5.4000001 1.25
8 -5.4000001 1.35
8 -5.4000001 1.45
8 -5.4000001 1.55
8 -5.4000001 1.65
8 -5.4000001 1.75
8 -5.4000001 1.85
8 -5.4000001 1.95
8 -5.4000001 2.05
8 -5.4000001 2.1500001
8 -5.4000001 2.25
8 -5.4000001 2.3499999
8 -5.4000001 2.45
7.9000001 -5.4000001 -0.44999999
7.9000001 -5.4000001 -0.34999999
7.9000001 -5.4000001 -0.25
7.9000001 -5.4000001 -0.15000001
7.9000001 -5.4000001 -0.050000001
7.9000001 -5.4000001 0.050000001
7.9000001 -5.4000001 0.15000001
7.9000001 -5.4000001 0.25
7.9000001 -5.4000001 0.34999999
7.9000001 -5.4000001 0.44999999
7.9000001 -5.4000001 0.55000001
7.9000001 -5.4000001 0.64999998
7.9000001 -5.4000001 0.75
7.9000001 -5.4000001 0.85000002
7.9000001 -5.4000001 0.94999999
7.9000001 -5.4000001 1.05
7.9000001 -5.4000001 1.15
7.9000001 -5.4000001 1.25
7.9000001 -5.4000001 1.35
7.9000001 -5.4000001 1.45
7.9000001 -5.4000001 1.55
7.9000001 -5.4000001 1.65
7.9000001 -5.4000001 1.75
7.9000001 -5.4000001 1.85
7.9000001 -5.4000001 1.95
7.9000001 -5.4000001 2.05
7.9000001 -5.4000001 2.1500001
7.9000001 -5.4000001 2.25
7.9000001 -5.4000001 2.3499999
7.9000001 -5.4000001 2.45
8.1000004 -5.3000002 -0.44999999
8.1000004 -5.3000002 -0.34999999
8.1000004 -5.3000002 -0.25
8.1000004 -5.3000002 -0.15000001
8.1000004 -5.3000002 -0.050000001
8.1000004 -5.3000002 0.050000001
8.1000004 -5.3000002 0.15000001
8.1000004 -5.3000002 0.25
8.1000004 -5.3000002 0.34999999
8.1000004 -5.3000002 0.44999999
8.1000004 -5.3000002 0.55000001
8.1000004 -5.3000002 0.64999998
8.1000004 -5.3000002 0.75
8.1000004 -5.3000002 0.85000002
8.1000004 -5.3000002 0.94999999
8.1000004 -5.3000002 1.05
8.1000004 -5.3000002 1.15
8.1000004 -5.3000002 1.25
8.1000004 -5.3000002 1.35
8.1000004 -5.3000002 1.45
8.1000004 -5.3000002 1.55
8.1000004 -5.3000002 1.65
8.1000004 -5.3000002 1.75
8.1000004 -5.3000002 1.85
8.1000004 -5.3000002 1.95
8.1000004 -5.3000002 2.05
8.1000004 -5.3000002 2.1500001
8.1000004 -5.3000002 2.25
8.1000004 -5.3000002 2.3499999
8.1000004 -5.3000002 2.45
8 -5.3000002 -0.44999999
8 -5.3000002 -0.34999999
8 -5.3000002 -0.25
8 -5.3000002 -0.15000001
8 -5.3000002 -0.050000001
8 -5.3000002 0.050000001
8 -5.3000002 0.15000001
8 -5.3000002 0.25
8 -5.3000002 0.34999999
8 -5.3000002 0.44999999
8 -5.3000002 0.55000001
8 -5.3000002 0.64999998
8 -5.3000002 0.75
8 -5.3000002 0.85000002
8 -5.3000002 0.94999999
8 -5.3000002 1.05
8 -5.3000002 1.15
8 -5.3000002 1.25
8 -5.3000002 1.35
8 -5.3000002 1.45
8 -5.3000002 1.55
8 -5.3000002 1.65
8 -5.3000002 1.75
8 -5.3000002 1.85
8 -5.3000002 1.95
8 -5.3000002 2.05
8 -5.3000002 2.1500001
8 -5.3000002 2.25
8 -5.3000002 2.3499999
8 -5.3000002 2.45
7.9000001 -5.3000002 -0.44999999
7.9000001 -5.3000002 -0.34999999
7.9000001 -5.3000002 -0.25
7.9000001 -5.3000002 -0.15000001
7.9000001 -5.3000002 -0.050000001
7.9000001 -5.3000002 0.050000001
7.9000001 -5.3000002 0.15000001
7.9000001 -5.3000002 0.25
7.9000001 -5.3000002 0.34999999
7.9000001 -5.3000002 0.44999999
7.9000001 -5.3000002 0.55000001
7.9000001 -5.3000002 0.64999998
7.9000001 -5.3000002 0.75
7.9000001 -5.3000002 0.85000002
7.9000001 -5.3000002 0.94999999
7.9000001 -5.3000002 1.05
7.9000001 -5.3000002 1.15
7.9000001 -5.3000002 1.25
7.9000001 -5.3000002 1.35
7.9000001 -5.3000002 1.45
7.9000001 -5.3000002 1.55
7.9000001 -5.3000002 1.65
7.9000001 -5.3000002 1.75
7.9000001 -5.3000002 1.85
7.9000001 -5.3000002 1.95
7.9000001 -5.3000002 2.05
7.9000001 -5.3000002 2.1500001
7.9000001 -5.3000002 2.25
7.9000001 -5.3000002 2.3499999
7.9000001 -5.3000002 2.45
8.1000004 -5.1999998 -0.44999999
8.1000004 -5.1999998 -0.34999999
8.1000004 -5.1999998 -0.25
8.1000004 -5.1999998 -0.15000001
8.1000004 -5.1999998 -0.050000001
8.1000004 -5.1999998 0.050000001
8.1000004 -5.1999998 0.15000001
8.1000004 -5.1999998 0.25
8.1000004 -5.1999998 0.34999999
8.1000004 -5.1999998 0.44999999
8.1000004 -5.1999998 0.55000001
8.1000004 -5.1999998 0.64999998
8.1000004 -5.1999998 0.75
8.1000004 -5.1999998 0.85000002
8.1000004 -5.1999998 0.94999999
8.1000004 -5.1999998 1.05
8.1000004 -5.1999998 1.15
8.1000004 -5.1999998 1.25
8.1000004 -5.1999998 1.35
8.1000004 -5.1999998 1.45
8.1000004 -5.1999998 1.55
8.1000004 -5.1999998 1.65
8.1000004 -5.1999998 1.75
8.1000004 -5.1999998 1.85
8.1000004 -5.1999998 1.95
8.1000004 -5.1999998 2.05
8.1000004 -5.1999998 2.1500001
8.1000004 -5.1999998 2.25
8.1000004 -5.1999998 2.3499999
8.1000004 -5.1999998 2.45
8 -5.1999998 -0.44999999
8 -5.1999998 -0.34999999
8 -5.1999998 -0.25
8 -5.1999998 -0.15000001
8 -5.1999998 -0.050000001
8 -5.1999998 0.050000001
8 -5.1999998 0.15000001
8 -5.1999998 0.25
8 -5.1999998 0.34999999
8 -5.1999998 0.44999999
8 -5.1999998 0.55000001
8 -5.1999998 0.64999998
8 -5.1999998 0.75
8 -5.1999998 0.85000002
8 -5.1999998 0.94999999
8 -5.1999998 1.05
8 -5.1999998 1.15
8 -5.1999998 1.25
8 -5.1999998 1.35
8 -5.1999998 1.45
8 -5.1999998 1.55
8 -5.1999998 1.65
8 -5.1999998 1.75
8 -5.1999998 1.85
8 -5.1999998 1.95
8 -5.1999998 2.05
8 -5.1999998 2.1500001
8 -5.1999998 2.25
8 -5.1999998 2.3499999
8 -5.1999998 2.45
7.9000001 -5.1999998 -0.44999999
7.9000001 -5.1999998 -0.34999999
7.9000001 -5.1999998 -0.25
7.9000001 -5.1999998 -0.15000001
7.9000001 -5.1999998 -0.050000001
7.9000001 -5.1999998 0.050000001
7.9000001 -5.1999998 0.15000001
7.9000001 -5.1999998 0.25
7.9000001 -5.1999998 0.34999999
7.9000001 -5.1999998 0.44999999
7.9000001 -5.1999998 0.55000001
7.9000001 -5.1999998 0.64999998
7.9000001 -5.1999998 0.75
7.9000001 -5.1999998 0.85000002
7.9000001 -5.1999998 0.94999999
7.9000001 -5.1999998 1.05
7.9000001 -5.1999998 1.15
7.9000001 -5.1999998 1.25
7.9000001 -5.1999998 1.35
7.9000001 -5.1999998 1.45
7.9000001 -5.1999998 1.55
7.9000001 -5.1999998 1.65
7.9000001 -5.1999998 1.75
7.9000001 -5.1999998 1.85
7.9000001 -5.1999998 1.95
7.9000001 -5.1999998 2.05
7.9000001 -5.1999998 2.1500001
7.9000001 -5.1999998 2.25
7.9000001 -5.1999998 2.3499999
7.9000001 -5.1999998 2.45
8.1000004 -5.0999999 -0.44999999
8.1000004 -5.0999999 -0.34999999
8.1000004 -5.0999999 -0.25
8.1000004 -5.0999999 -0.15000001
8.1000004 -5.0999999 -0.050000001
8.1000004 -5.0999999 0.050000001
8.1000004 -5.0999999 0.15000001
8.1000004 -5.0999999 0.25
8.1000004 -5.0999999 0.34999999
8.1000004 -5.0999999 0.44999999
8.1000004 -5.0999999 0.55000001
8.1000004 -5.0999999 0.64999998
8.1000004 -5.0999999 0.75
8.1000004 -5.0999999 0.85000002
8.1000004 -5.0999999 0.94999999
8.1000004 -5.0999999 1.05
8.1000004 -5.0999999 1.15
8.1000004 -5.0999999 1.25
8.1000004 -5.0999999 1.35
8.1000004 -5.0999999 1.45
8.1000004 -5.0999999 1.55
8.1000004 -5.0999999 1.65
8.1000004 -5.0999999 1.75
8.1000004 -5.0999999 1.85
8.1000004 -5.0999999 1.95
8.1000004 -5.0999999 2.05
8.1000004 -5.0999999 2.1500001
8.1000004 -5.0999999 2.25
8.1000004 -5.0999999 2.3499999
8.1000004 -5.0999999 2.45
8 -5.0999999 -0.44999999
8 -5.0999999 -0.34999999
8 -5.0999999 -0.25
8 -5.0999999 -0.15000001
8 -5.0999999 -0.050000001
8 -5.0999999 0.050000001
8 -5.0999999 0.15000001
8 -5.0999999 0.25
8 -5.0999999 0.34999999
8 -5.0999999 0.44999999
8 -5.0999999 0.55000001
8 -5.0999999 0.64999998
8 -5.0999999 0.75
8 -5.0999999 0.85000002
8 -5.0999999 0.94999999
8 -5.0999999 1.05
8 -5.0999999 1.15
8 -5.0999999 1.25
8 -5.0999999 1.35
8 -5.0999999 1.45
8 -5.0999999 1.55
8 -5.0999999 1.65
8 -5.0999999 1.75
8 -5.0999999 1.85
8 -5.0999999 1.95
8 -5.0999999 2.05
8 -5.0999999 2.1500001
8 -5.0999999 2.25
8 -5.0999999 2.3499999
8 -5.0999999 2.45
7.9000001 -5.0999999 -0.44999999
7.9000001 -5.0999999 -0.34999999
7.9000001 -5.0999999 -0.25
7.9000001 -5.0999999 -0.15000001
7.9000001 -5.0999999 -0.050000001
7.9000001 -5.0999999 0.050000001
7.9000001 -5.0999999 0.15000001
7.9000001 -5.0999999 0.25
7.9000001 -5.0999999 0.34999999
7.9000001 -5.0999999 0.44999999
7.9000001 -5.0999999 0.55000001
7.9000001 -5.0999999 0.64999998
7.9000001 -5.0999999 0.75
7.9000001 -5.0999999 0.85000002
7.9000001 -5.0999999 0.94999999
7.9000001 -5.0999999 1.05
7.9000001 -5.0999999 1.15
7.9000001 -5.0999999 1.25
7.9000001 -5.0999999 1.35
7.9000001 -5.0999999 1.45
7.9000001 -5.0999999 1.55
7.9000001 -5.0999999 1.65
7.9000001 -5.0999999 1.75
7.9000001 -5.0999999 1.85
7.9000001 -5.0999999 1.95
7.9000001 -5.0999999 2.05
7.9000001 -5.0999999 2.1500001
7.9000001 -5.0999999 2.25
7.9000001 -5.0999999 2.3499999
7.9000001 -5.0999999 2.45
8.1000004 -5 -0.44999999
8.1000004 -5 -0.34999999
8.1000004 -5 -0.25
8.1000004 -5 -0.15000001
8.1000004 -5 -0.050000001
8.1000004 -5 0.050000001
8.1000004 -5 0.15000001
8.1000004 -5 0.25
8.1000004 -5 0.34999999
8.1000004 -5 0.44999999
8.1000004 -5 0.55000001
8.1000004 -5 0.64999998
8.1000004 -5 0.75
8.1000004 -5 0.85000002
8.1000004 -5 0.94999999
8.1000004 -5 1.05
8.1000004 -5 1.15
8.1000004 -5 1.25
8.1000004 -5 1.35
8.1000004 -5 1.45
8.1000004 -5 1.55
8.1000004 -5 1.65
8.1000004 -5 1.75
8.1000004 -5 1.85
8.1000004 -5 1.95
8.1000004 -5 2.05
8.1000004 -5 2.1500001
8.1000004 -5 2.25
8.1000004 -5 2.3499999
8.1000004 -5 2.45
8 -5 -0.44999999
8 -5 -0.34999999
8 -5 -0.25
8 -5 -0.15000001
8 -5 -0.050000001
8 -5 0.050000001
8 -5 0.15000001
8 -5 0.25
8 -5 0.34999999
8 -5 0.44999999
8 -5 0.55000001
8 -5 0.64999998
8 -5 0.75
8 -5 0.85000002
8 -5 0.94999999
8 -5 1.05
8 -5 1.15
8 -5 1.25
8 -5 1.35
8 -5 1.45
8 -5 1.55
8 -5 1.65
8 -5 1.75
8 -5 1.85
8 -5 1.95
8 -5 2.05
8 -5 2.1500001
8 -5 2.25
8 -5 2.3499999
8 -5 2.45
7.9000001 -5 -0.44999999
7.9000001 -5 -0.34999999
7.9000001 -5 -0.25
7.9000001 -5 -0.15000001
7.9000001 -5 -0.050000001
7.9000001 -5 0.050000001
7.9000001 -5 0.15000001
7.9000001 -5 0.25
7.9000001 -5 0.34999999
7.9000001 -5 0.44999999
7.9000001 -5 0.55000001
7.9000001 -5 0.64999998
7.9000001 -5 0.75
7.9000001 -5 0.85000002
7.9000001 -5 0.94999999
7.9000001 -5 1.05
7.9000001 -5 1.15
7.9000001 -5 1.25
7.9000001 -5 1.35
7.9000001 -5 1.45
7.9000001 -5 1.55
7.9000001 -5 1.65
7.9000001 -5 1.75
7.9000001 -5 1.85
7.9000001 -5 1.95
7.9000001 -5 2.05
7.9000001 -5 2.1500001
7.9000001 -5 2.25
7.9000001 -5 2.3499999
7.9000001 -5 2.45
8.1000004 -4.9000001 -0.44999999
8.1000004 -4.9000001 -0.34999999
8.1000004 -4.9000001 -0.25
8.1000004 -4.9000001 -0.15000001
8.1000004 -4.9000001 -0.050000001
8.1000004 -4.9000001 0.050000001
8.1000004 -4.9000001 0.15000001
8.1000004 -4.9000001 0.25
8.1000004 -4.9000001 0.34999999
8.1000004 -4.9000001 0.44999999
8.1000004 -4.9000001 0.55000001
8.1000004 -4.9000001 0.64999998
8.1000004 -4.9000001 0.75
8.1000004 -4.9000001 0.85000002
8.1000004 -4.9000001 0.94999999
8.1000004 -4.9000001 1.05
8.1000004 -4.9000001 1.15
8.1000004 -4.9000001 1.25
8.1000004 -4.9000001 1.35
8.1000004 -4.9000001 1.45
8.1000004 -4.9000001 1.55
8.1000004 -4.9000001 1.65
8.1000004 -4.9000001 1.75
8.1000004 -4.9000001 1.85
8.1000004 -4.9000001 1.95
8.1000004 -4.9000001 2.05
8.1000004 -4.9000001 2.1500001
8.1000004 -4.9000001 2.25
8.1000004 -4.9000001 2.3499999
8.1000004 -4.9000001 2.45
8 -4.9000001 -0.44999999
8 -4.9000001 -0.34999999
8 -4.9000001 -0.25
8 -4.9000001 -0.15000001
8 -4.9000001 -0.050000001
8 -4.9000001 0.050000001
8 -4.9000001 0.15000001
8 -4.9000001 0.25
8 -4.9000001 0.34999999
8 -4.9000001 0.44999999
8 -4.9000001 0.55000001
8 -4.9000001 0.64999998
8 -4.9000001 0.75
8 -4.9000001 0.85000002
8 -4.9000001 0.94999999
8 -4.9000001 1.05
8 -4.9000001 1.15
8 -4.9000001 1.25
8 -4.9000001 1.35
8 -4.9000001 1.45
8 -4.9000001 1.55
8 -4.9000001 1.65
8 -4.9000001 1.75
8 -4.9000001 1.85
8 -4.9000001 1.95
8 -4.9000001 2.05
8 -4.9000001 2.1500001
8 -4.9000001 2.25
8 -4.9000001 2.3499999
8 -4.9000001 2.45
7.9000001 -4.9000001 -0.44999999
7.9000001 -4.9000001 -0.34999999
7.9000001 -4.9000001 -0.25
7.9000001 -4.9000001 -0.15000001
7.9000001 -4.9000001 -0.050000001
7.9000001 -4.9000001 0.050000001
7.9000001 -4.9000001 0.15000001
7.9000001 -4.9000001 0.25
7.9000001 -4.9000001 0.34999999
7.9000001 -4.9000001 0.44999999
7.9000001 -4.9000001 0.55000001
7.9000001 -4.9000001 0.64999998
7.9000001 -4.9000001 0.75
7.9000001 -4.9000001 0.85000002
7.9000001 -4.9000001 0.94999999
7.9000001 -4.9000001 1.05
7.9000001 -4.9000001 1.15
7.9000001 -4.9000001 1.25
7.9000001 -4.9000001 1.35
7.9000001 -4.9000001 1.45
7.9000001 -4.9000001 1.55
7.9000001 -4.9000001 1.65
7.9000001 -4.9000001 1.75
7.9000001 -4.9000001 1.85
7.9000001 -4.9000001 1.95
7.9000001 -4.9000001 2.05
7.9000001 -4.9000001 2.1500001
7.9000001 -4.9000001 2.25
7.9000001 -4.9000001 2.3499999
7.9000001 -4.9000001 2.45
8.1000004 -4.8000002 -0.44999999
8.1000004 -4.8000002 -0.34999999
8.1000004 -4.8000002 -0.25
8.1000004 -4.8000002 -0.15000001
8.1000004 -4.8000002 -0.050000001
8.1000004 -4.8000002 0.050000001
8.1000004 -4.8000002 0.15000001
8.1000004 -4.8000002 0.25
8.1000004 -4.8000002 0.34999999
8.1000004 -4.8000002 0.44999999
8.1000004 -4.8000002 0.55000001
8.1000004 -4.8000002 0.64999998
8.1000004 -4.8000002 0.75
8.1000004 -4.8000002 0.85000002
8.1000004 -4.8000002 0.94999999
8.1000004 -4.8000002 1.05
8.1000004 -4.8000002 1.15
8.1000004 -4.8000002 1.25
8.1000004 -4.8000002 1.35
8.1000004 -4.8000002 1.45
8.1000004 -4.8000002 1.55
8.1000004 -4.8000002 1.65
8.1000004 -4.8000002 1.75
8.1000004 -4.8000002 1.85
8.1000004 -4.8000002 1.95
8.1000004 -4.8000002 2.05
8.1000004 -4.8000002 2.1500001
8.1000004 -4.8000002 2.25
8.1000004 -4.8000002 2.3499999
8.1000004 -4.8000002 2.45
8 -4.8000002 -0.44999999
8 -4.8000002 -0.34999999
8 -4.8000002 -0.25
8 -4.8000002 -0.15000001
8 -4.8000002 -0.050000001
8 -4.8000002 0.050000001
8 -4.8000002 0.15000001
8 -4.8000002 0.25
8 -4.8000002 0.34999999
8 -4.8000002 0.44999999
8 -4.8000002 0.55000001
8 -4.8000002 0.64999998
8 -4.8000002 0.75
8 -4.8000002 0.85000002
8 -4.8000002 0.94999999
8 -4.8000002 1.05
8 -4.8000002 1.15
8 -4.8000002 1.25
8 -4.8000002 1.35
8 -4.8000002 1.45
8 -4.8000002 1.55
8 -4.8000002 1.65
8 -4.8000002 1.75
8 -4.8000002 1.85
8 -4.8000002 1.95
8 -4.8000002 2.05
8 -4.8000002 2.1500001
8 -4.8000002 2.25
8 -4.8000002 2.3499999
8 -4.8000002 2.45
7.9000001 -4.8000002 -0.44999999
7.9000001 -4.8000002 -0.34999999
7.9000001 -4.8000002 -0.25
7.9000001 -4.8000002 -0.15000001
7.9000001 -4.8000002 -0.050000001
7.9000001 -4.8000002 0.050000001
7.9000001 -4.8000002 0.15000001
7.9000001 -4.8000002 0.25
7.9000001 -4.8000002 0.34999999
7.9000001 -4.8000002 0.44999999
7.9000001 -4.8000002 0.55000001
7.9000001 -4.8000002 0.64999998
7.9000001 -4.8000002 0.75
7.9000001 -4.8000002 0.85000002
7.9000001 -4.8000002 0.94999999
7.9000001 -4.8000002 1.05
7.9000001 -4.8000002 1.15
7.9000001 -4.8000002 1.25
7.9000001 -4.8000002 1.35
7.9000001 -4.8000002 1.45
7.9000001 -4.8000002 1.55
7.9000001 -4.8000002 1.65
7.9000001 -4.8000002 1.75
7.9000001 -4.8000002 1.85
7.9000001 -4.8000002 1.95
7.9000001 -4.8000002 2.05
7.9000001 -4.8000002 2.1500001
7.9000001 -4.8000002 2.25
7.9000001 -4.8000002 2.3499999
7.9000001 -4.8000002 2.45
8.1000004 -4.6999998 -0.44999999
8.1000004 -4.6999998 -0.34999999
8.1000004 -4.6999998 -0.25
8.1000004 -4.6999998 -0.15000001
8.1000004 -4.6999998 -0.050000001
8.1000004 -4.6999998 0.050000001
8.1000004 -4.6999998 0.15000001
8.1000004 -4.6999998 0.25
8.1000004 -4.6999998 0.34999999
8.1000004 -4.6999998 0.44999999
8.1000004 -4.6999998 0.55000001
8.1000004 -4.6999998 0.64999998
8.1000004 -4.6999998 0.75
8.1000004 -4.6999998 0.85000002
8.1000004 -4.6999998 0.94999999
8.1000004 -4.6999998 1.05
8.1000004 -4.6999998 1.15
8.1000004 -4.6999998 1.25
8.1000004 -4.6999998 1.35
8.1000004 -4.6999998 1.45
8.1000004 -4.6999998 1.55
8.1000004 -4.6999998 1.65
8.1000004 -4.6999998 1.75
8.1000004 -4.6999998 1.85
8.1000004 -4.6999998 1.95
8.1000004 -4.6999998 2.05
8.1000004 -4.6999998 2.1500001
8.1000004 -4.6999998 2.25
8.1000004 -4.6999998 2.3499999
8.1000004 -4.6999998 2.45
8 -4.6999998 -0.44999999
8 -4.6999998 -0.34999999
8 -4.6999998 -0.25
8 -4.6999998 -0.15000001
8 -4.6999998 -0.050000001
8 -4.6999998 0.050000001
8 -4.6999998 0.15000001
8 -4.6999998 0.25
8 -4.6999998 0.34999999
8 -4.6999998 0.44999999
8 -4.6999998 0.55000001
8 -4.6999998 0.64999998
8 -4.6999998 0.75
8 -4.6999998 0.85000002
8 -4.6999998 0.94999999
8 -4.6999998 1.05
8 -4.6999998 1.15
8 -4.6999998 1.25
8 -4.6999998 1.35
8 -4.6999998 1.45
8 -4.6999998 1.55
8 -4.6999998 1.65
8 -4.6999998 1.75
8 -4.6999998 1.85
8 -4.6999998 1.95
8 -4.6999998 2.05
8 -4.6999998 2.1500001
8 -4.6999998 2.25
8 -4.6999998 2.3499999
8 -4.6999998 2.45
7.9000001 -4.6999998 -0.44999999
7.9000001 -4.6999998 -0.34999999
7.9000001 -4.6999998 -0.25
7.9000001 -4.6999998 -0.15000001
7.9000001 -4.6999998 -0.050000001
7.9000001 -4.6999998 0.050000001
7.9000001 -4.6999998 0.15000001
7.9000001 -4.6999998 0.25
7.9000001 -4.6999998 0.34999999
7.9000001 -4.6999998 0.44999999
7.9000001 -4.6999998 0.55000001
7.9000001 -4.6999998 0.64999998
7.9000001 -4.6999998 0.75
7.9000001 -4.6999998 0.85000002
7.9000001 -4.6999998 0.94999999
7.9000001 -4.6999998 1.05
7.9000001 -4.6999998 1.15
7.9000001 -4.6999998 1.25
7.9000001 -4.6999998 1.35
7.9000001 -4.6999998 1.45
7.9000001 -4.6999998 1.55
7.9000001 -4.6999998 1.65
7.9000001 -4.6999998 1.75
7.9000001 -4.6999998 1.85
7.9000001 -4.6999998 1.95
7.9000001 -4.6999998 2.05
7.9000001 -4.6999998 2.1500001
7.9000001 -4.6999998 2.25
7.9000001 -4.6999998 2.3499999
7.9000001 -4.6999998 2.45
8.1000004 -4.5999999 -0.44999999
8.1000004 -4.5999999 -0.34999999
8.1000004 -4.5999999 -0.25
8.1000004 -4.5999999 -0.15000001
8.1000004 -4.5999999 -0.050000001
8.1000004 -4.5999999 0.050000001
8.1000004 -4.5999999 0.15000001
8.1000004 -4.5999999 0.25
8.1000004 -4.5999999 0.34999999
8.1000004 -4.5999999 0.44999999
8.1000004 -4.5999999 0.55000001
8.1000004 -4.5999999 0.64999998
8.1000004 -4.5999999 0.75
8.1000004 -4.5999999 0.85000002
8.1000004 -4.5999999 0.94999999
8.1000004 -4.5999999 1.05
8.1000004 -4.5999999 1.15
8.1000004 -4.5999999 1.25
8.1000004 -4.5999999 1.35
8.1000004 -4.5999999 1.45
8.1000004 -4.5999999 1.55
8.1000004 -4.5999999 1.65
8.1000004 -4.5999999 1.75
8.1000004 -4.5999999 1.85
8.1000004 -4.5999999 1.95
8.1000004 -4.5999999 2.05
8.1000004 -4.5999999 2.1500001
8.1000004 -4.5999999 2.25
8.1000004 -4.5999999 2.3499999
8.1000004 -4.5999999 2.45
8 -4.5999999 -0.44999999
8 -4.5999999 -0.34999999
8 -4.5999999 -0.25
8 -4.5999999 -0.15000001
8 -4.5999999 -0.050000001
8 -4.5999999 0.050000001
8 -4.5999999 0.15000001
8 -4.5999999 0.25
8 -4.5999999 0.34999999
8 -4.5999999 0.44999999
8 -4.5999999 0.55000001
8 -4.5999999 0.64999998
8 -4.5999999 0.75
8 -4.5999999 0.85000002
8 -4.5999999 0.94999999
8 -4.5999999 1.05
8 -4.5999999 1.15
8 -4.5999999 1.25
8 -4.5999999 1.35
8 -4.5999999 1.45
8 -4.5999999 1.55
8 -4.5999999 1.65
8 -4.5999999 1.75
8 -4.5999999 1.85
8 -4.5999999 1.95
8 -4.5999999 2.05
8 -4.5999999 2.1500001
8 -4.5999999 2.25
8 -4.5999999 2.3499999
8 -4.5999999 2.45
7.9000001 -4.5999999 -0.44999999
7.9000001 -4.5999999 -0.34999999
7.9000001 -4.5999999 -0.25
7.9000001 -4.5999999 -0.15000001
7.9000001 -4.5999999 -0.050000001
7.9000001 -4.5999999 0.050000001
7.9000001 -4.5999999 0.15000001
7.9000001 -4.5999999 0.25
7.9000001 -4.5999999 0.34999999
7.9000001 -4.5999999 0.44999999
7.9000001 -4.5999999 0.55000001
7.9000001 -4.5999999 0.64999998
7.9000001 -4.5999999 0.75
7.9000001 -4.5999999 0.85000002
7.9000001 -4.5999999 0.94999999
7.9000001 -4.5999999 1.05
7.9000001 -4.5999999 1.15
7.9000001 -4.5999999 1.25
7.9000001 -4.5999999 1.35
7.9000001 -4.5999999 1.45
7.9000001 -4.5999999 1.55
7.9000001 -4.5999999 1.65
7.9000001 -4.5999999 1.75
7.9000001 -4.5999999 1.85
7.9000001 -4.5999999 1.95
7.9000001 -4.5999999 2.05
7.9000001 -4.5999999 2.1500001
7.9000001 -4.5999999 2.25
7.9000001 -4.5999999 2.3499999
7.9000001 -4.5999999 2.45
8.1000004 -4.5 -0.44999999
8.1000004 -4.5 -0.34999999
8.1000004 -4.5 -0.25
8.1000004 -4.5 -0.15000001
8.1000004 -4.5 -0.050000001
8.1000004 -4.5 0.050000001
8.1000004 -4.5 0.15000001
8.1000004 -4.5 0.25
8.1000004 -4.5 0.34999999
8.1000004 -4.5 0.44999999
8.1000004 -4.5 0.55000001
8.1000004 -4.5 0.64999998
8.1000004 -4.5 0.75
8.1000004 -4.5 0.85000002
8.1000004 -4.5 0.94999999
8.1000004 -4.5 1.05
8.1000004 -4.5 1.15
8.1000004 -4.5 1.25
8.1000004 -4.5 1.35
8.1000004 -4.5 1.45
8.1000004 -4.5 1.55
8.1000004 -4.5 1.65
8.1000004 -4.5 1.75
8.1000004 -4.5 1.85
8.1000004 -4.5 1.95
8.1000004 -4.5 2.05
8.1000004 -4.5 2.1500001
8.1000004 -4.5 2.25
8.1000004 -4.5 2.3499999
8.1000004 -4.5 2.45
8 -4.5 -0.44999999
8 -4.5 -0.34999999
8 -4.5 -0.25
8 -4.5 -0.15000001
8 -4.5 -0.050000001
8 -4.5 0.050000001
8 -4.5 0.15000001
8 -4.5 0.25
8 -4.5 0.34999999
8 -4.5 0.44999999
8 -4.5 0.55000001
8 -4.5 0.64999998
8 -4.5 0.75
8 -4.5 0.85000002
8 -4.5 0.94999999
8 -4.5 1.05
8 -4.5 1.15
8 -4.5 1.25
8 -4.5 1.35
8 -4.5 1.45
8 -4.5 1.55
8 -4.5 1.65
8 -4.5 1.75
8 -4.5 1.85
8 -4.5 1.95
8 -4.5 2.05
8 -4.5 2.1500001
8 -4.5 2.25
8 -4.5 2.3499999
8 -4.5 2.45
7.9000001 -4.5 -0.44999999
7.9000001 -4.5 -0.34999999
7.9000001 -4.5 -0.25
7.9000001 -4.5 -0.15000001
7.9000001 -4.5 -0.050000001
7.9000001 -4.5 0.050000001
7.9000001 -4.5 0.15000001
7.9000001 -4.5 0.25
7.9000001 -4.5 0.34999999
7.9000001 -4.5 0.44999999
7.9000001 -4.5 0.55000001
7.9000001 -4.5 0.64999998
7.9000001 -4.5 0.75
7.9000001 -4.5 0.85000002
7.9000001 -4.5 0.94999999
7.9000001 -4.5 1.05
7.9000001 -4.5 1.15
7.9000001 -4.5 1.25
7.9000001 -4.5 1.35
7.9000001 -4.5 1.45
7.9000001 -4.5 1.55
7.9000001 -4.5 1.65
7.9000001 -4.5 1.75
7.9000001 -4.5 1.85
7.9000001 -4.5 1.95
7.9000001 -4.5 2.05
7.9000001 -4.5 2.1500001
7.9000001 -4.5 2.25
7.9000001 -4.5 2.3499999
7.9000001 -4.5 2.45
8.1000004 -4.4000001 -0.44999999
8.1000004 -4.4000001 -0.34999999
8.1000004 -4.4000001 -0.25
8.1000004 -4.4000001 -0.15000001
8.1000004 -4.4000001 -0.050000001
8.1000004 -4.4000001 0.050000001
8.1000004 -4.4000001 0.15000001
8.1000004 -4.4000001 0.25
8.1000004 -4.4000001 0.34999999
8.1000004 -4.4000001 0.44999999
8.1000004 -4.4000001 0.55000001
8.1000004 -4.4000001 0.64999998
8.1000004 -4.4000001 0.75
8.1000004 -4.4000001 0.85000002
8.1000004 -4.4000001 0.94999999
8.1000004 -4.4000001 1.05
8.1000004 -4.4000001 1.15
8.1000004 -4.4000001 1.25
8.1000004 -4.4000001 1.35
8.1000004 -4.4000001 1.45
8.1000004 -4.4000001 1.55
8.1000004 -4.4000001 1.65
8.1000004 -4.4000001 1.75
8.1000004 -4.4000001 1.85
8.1000004 -4.4000001 1.95
8.1000004 -4.4000001 2.05
8.1000004 -4.4000001 2.1500001
8.1000004 -4.4000001 2.25
8.1000004 -4.4000001 2.3499999
8.1000004 -4.4000001 2.45
8 -4.4000001 -0.44999999
8 -4.4000001 -0.34999999
8 -4.4000001 -0.25
8 -4.4000001 -0.15000001
8 -4.4000001 -0.050000001
8 -4.4000001 0.050000001
8 -4.4000001 0.15000001
8 -4.4000001 0.25
8 -4.4000001 0.34999999
8 -4.4000001 0.44999999
8 -4.4000001 0.55000001
8 -4.4000001 0.64999998
8 -4.4000001 0.75
8 -4.4000001 0.85000002
8 -4.4000001 0.94999999
8 -4.4000001 1.05
8 -4.4000001 1.15
8 -4.4000001 1.25
8 -4.4000001 1.35
8 -4.4000001 1.45
8 -4.4000001 1.55
8 -4.4000001 1.65
8 -4.4000001 1.75
8 -4.4000001 1.85
8 -4.4000001 1.95
8 -4.4000001 2.05
8 -4.4000001 2.1500001
8 -4.4000001 2.25
8 -4.4000001 2.3499999
8 -4.4000001 2.45
7.9000001 -4.4000001 -0.44999999
7.9000001 -4.4000001 -0.34999999
7.9000001 -4.4000001 -0.25
7.9000001 -4.4000001 -0.15000001
7.9000001 -4.4000001 -0.050000001
7.9000001 -4.4000001 0.050000001
7.9000001 -4.4000001 0.15000001
7.9000001 -4.4000001 0.25
7.9000001 -4.4000001 0.34999999
7.9000001 -4.4000001 0.44999999
7.9000001 -4.4000001 0.55000001
7.9000001 -4.4000001 0.64999998
7.9000001 -4.4000001 0.75
7.9000001 -4.4000001 0.85000002
7.9000001 -4.4000001 0.94999999
7.9000001 -4.4000001 1.05
7.9000001 -4.4000001 1.15
7.9000001 -4.4000001 1.25
7.9000001 -4.4000001 1.35
7.9000001 -4.4000001 1.45
7.9000001 -4.4000001 1.55
7.9000001 -4.4000001 1.65
7.9000001 -4.4000001 1.75
7.9000001 -4.4000001 1.85
7.9000001 -4.4000001 1.95
7.9000001 -4.4000001 2.05
7.9000001 -4.4000001 2.1500001
7.9000001 -4.4000001 2.25
7.9000001 -4.4000001 2.3499999
7.9000001 -4.4000001 2.45
8.1000004 -4.3000002 -0.44999999
8.1000004 -4.3000002 -0.34999999
8.1000004 -4.3000002 -0.25
8.1000004 -4.3000002 -0.15000001
8.1000004 -4.3000002 -0.050000001
8.1000004 -4.3000002 0.050000001
8.1000004 -4.3000002 0.15000001
8.1000004 -4.3000002 0.25
8.1000004 -4.3000002 0.34999999
8.1000004 -4.3000002 0.44999999
8.1000004 -4.3000002 0.55000001
8.1000004 -4.3000002 0.64999998
8.1000004 -4.3000002 0.75
8.1000004 -4.3000002 0.85000002
8.1000004 -4.3000002 0.94999999
8.1000004 -4.3000002 1.05
8.1000004 -4.3000002 1.15
8.1000004 -4.3000002 1.25
8.1000004 -4.3000002 1.35
8.1000004 -4.3000002 1.45
8.1000004 -4.3000002 1.55
8.1000004 -4.3000002 1.65
8.1000004 -4.3000002 1.75
8.1000004 -4.3000002 1.85
8.1000004 -4.3000002 1.95
8.1000004 -4.3000002 2.05
8.1000004 -4.3000002 2.1500001
8.1000004 -4.3000002 2.25
8.1000004 -4.3000002 2.3499999
8.1000004 -4.3000002 2.45
8 -4.3000002 -0.44999999
8 -4.3000002 -0.34999999
8 -4.3000002 -0.25
8 -4.3000002 -0.15000001
8 -4.3000002 -0.050000001
8 -4.3000002 0.050000001
8 -4.3000002 0.15000001
8 -4.3000002 0.25
8 -4.3000002 0.34999999
8 -4.3000002 0.44999999
8 -4.3000002 0.55000001
8 -4.3000002 0.64999998
8 -4.3000002 0.75
8 -4.3000002 0.85000002
8 -4.3000002 0.94999999
8 -4.3000002 1.05
8 -4.3000002 1.15
8 -4.3000002 1.25
8 -4.3000002 1.35
8 -4.3000002 1.45
8 -4.3000002 1.55
8 -4.3000002 1.65
8 -4.3000002 1.75
8 -4.3000002 1.85
8 -4.3000002 1.95
8 -4.3000002 2.05
8 -4.3000002 2.1500001
8 -4.3000002 2.25
8 -4.3000002 2.3499999
8 -4.3000002 2.45
7.9000001 -4.3000002 -0.44999999
7.9000001 -4.3000002 -0.34999999
7.9000001 -4.3000002 -0.25
7.9000001 -4.3000002 -0.15000001
7.9000001 -4.3000002 -0.050000001
7.9000001 -4.3000002 0.050000001
7.9000001 -4.3000002 0.15000001
7.9000001 -4.3000002 0.25
7.9000001 -4.3000002 0.34999999
7.9000001 -4.3000002 0.44999999
7.9000001 -4.3000002 0.55000001
7.9000001 -4.3000002 0.64999998
7.9000001 -4.3000002 0.75
7.9000001 -4.3000002 0.85000002
7.9000001 -4.3000002 0.94999999
7.9000001 -4.3000002 1.05
7.9000001 -4.3000002 1.15
7.9000001 -4.3000002 1.25
7.9000001 -4.3000002 1.35
7.9000001 -4.3000002 1.45
7.9000001 -4.3000002 1.55
7.9000001 -4.3000002 1.65
7.9000001 -4.3000002 1.75
7.9000001 -4.3000002 1.85
7.9000001 -4.3000002 1.95
7.9000001 -4.3000002 2.05
7.9000001 -4.3000002 2.1500001
7.9000001 -4.3000002 2.25
7.9000001 -4.3000002 2.3499999
7.9000001 -4.3000002 2.45
8.1000004 -4.1999998 -0.44999999
8.1000004 -4.1999998 -0.34999999
8.1000004 -4.1999998 -0.25
8.1000004 -4.1999998 -0.15000001
8.1000004 -4.1999998 -0.050000001
8.1000004 -4.1999998 0.050000001
8.1000004 -4.1999998 0.15000001
8.1000004 -4.1999998 0.25
8.1000004 -4.1999998 0.34999999
8.1000004 -4.1999998 0.44999999
8.1000004 -4.1999998 0.55000001
8.1000004 -4.1999998 0.64999998
8.1000004 -4.1999998 0.75
8.1000004 -4.1999998 0.85000002
8.1000004 -4.1999998 0.94999999
8.1000004 -4.1999998 1.05
8.1000004 -4.1999998 1.15
8.1000004 -4.1999998 1.25
8.1000004 -4.1999998 1.35
8.1000004 -4.1999998 1.45
8.1000004 -4.1999998 1.55
8.1000004 -4.1999998 1.65
8.1000004 -4.1999998 1.75
8.1000004 -4.1999998 1.85
8.1000004 -4.1999998 1.95
8.1000004 -4.1999998 2.05
8.1000004 -4.1999998 2.1500001
8.1000004 -4.1999998 2.25
8.1000004 -4.1999998 2.3499999
8.1000004 -4.1999998 2.45
8 -4.1999998 -0.44999999
8 -4.1999998 -0.34999999
8 -4.1999998 -0.25
8 -4.1999998 -0.15000001
8 -4.1999998 -0.050000001
8 -4.1999998 0.050000001
8 -4.1999998 0.15000001
8 -4.1999998 0.25
8 -4.1999998 0.34999999
8 -4.1999998 0.44999999
8 -4.1999998 0.55000001
8 -4.1999998 0.64999998
8 -4.1999998 0.75
8 -4.1999998 0.85000002
8 -4.1999998 0.94999999
8 -4.1999998 1.05
8 -4.1999998 1.15
8 -4.1999998 1.25
8 -4.1999998 1.35
8 -4.1999998 1.45
8 -4.1999998 1.55
8 -4.1999998 1.65
8 -4.1999998 1.75
8 -4.1999998 1.85
8 -4.1999998 1.95
8 -4.1999998 2.05
8 -4.1999998 2.1500001
8 -4.1999998 2.25
8 -4.1999998 2.3499999
8 -4.1999998 2.45
7.9000001 -4.1999998 -0.44999999
7.9000001 -4.1999998 -0.34999999
7.9000001 -4.1999998 -0.25
7.9000001 -4.1999998 -0.15000001
7.9000001 -4.1999998 -0.050000001
7.9000001 -4.1999998 0.050000001
7.9000001 -4.1999998 0.15000001
7.9000001 -4.1999998 0.25
7.9000001 -4.1999998 0.34999999
7.9000001 -4.1999998 0.44999999
7.9000001 -4.1999998 0.55000001
7.9000001 -4.1999998 0.64999998
7.9000001 -4.1999998 0.75
7.9000001 -4.1999998 0.85000002
7.9000001 -4.1999998 0.94999999
7.9000001 -4.1999998 1.05
7.9000001 -4.1999998 1.15
7.9000001 -4.1999998 1.25
7.9000001 -4.1999998 1.35
7.9000001 -4.1999998 1.45
7.9000001 -4.1999998 1.55
7.9000001 -4.1999998 1.65
7.9000001 -4.1999998 1.75
7.9000001 -4.1999998 1.85
7.9000001 -4.1999998 1.95
7.9000001 -4.1999998 2.05
7.9000001 -4.1999998 2.1500001
7.9000001 -4.1999998 2.25
7.9000001 -4.1999998 2.3499999
7.9000001 -4.1999998 2.45
8.1000004 -4.0999999 -0.44999999
8.1000004 -4.0999999 -0.34999999
8.1000004 -4.0999999 -0.25
8.1000004 -4.0999999 -0.15000001
8.1000004 -4.0999999 -0.050000001
8.1000004 -4.0999999 0.050000001
8.1000004 -4.0999999 0.15000001
8.1000004 -4.0999999 0.25
8.1000004 -4.0999999 0.34999999
8.1000004 -4.0999999 0.44999999
8.1000004 -4.0999999 0.55000001
8.1000004 -4.0999999 0.64999998
8.1000004 -4.0999999 0.75
8.1000004 -4.0999999 0.85000002
8.1000004 -4.0999999 0.94999999
8.1000004 -4.0999999 1.05
8.1000004 -4.0999999 1.15
8.1000004 -4.0999999 1.25
8.1000004 -4.0999999 1.35
8.1000004 -4.0999999 1.45
8.1000004 -4.0999999 1.55
8.1000004 -4.0999999 1.65
8.1000004 -4.0999999 1.75
8.1000004 -4.0999999 1.85
8.1000004 -4.0999999 1.95
8.1000004 -4.0999999 2.05
8.1000004 -4.0999999 2.1500001
8.1000004 -4.0999999 2.25
8.1000004 -4.0999999 2.3499999
8.1000004 -4.0999999 2.45
8 -4.0999999 -0.44999999
8 -4.0999999 -0.34999999
8 -4.0999999 -0.25
8 -4.0999999 -0.15000001
8 -4.0999999 -0.050000001
8 -4.0999999 0.050000001
8 -4.0999999 0.15000001
8 -4.0999999 0.25
8 -4.0999999 0.34999999
8 -4.0999999 0.44999999
8 -4.0999999 0.55000001
8 -4.0999999 0.64999998
8 -4.0999999 0.75
8 -4.0999999 0.85000002
8 -4.0999999 0.94999999
8 -4.0999999 1.05
8 -4.0999999 1.15
8 -4.0999999 1.25
8 -4.0999999 1.35
8 -4.0999999 1.45
8 -4.0999999 1.55
8 -4.0999999 1.65
8 -4.0999999 1.75
8 -4.0999999 1.85
8 -4.0999999 1.95
8 -4.0999999 2.05
8 -4.0999999 2.1500001
8 -4.0999999 2.25
8 -4.0999999 2.3499999
8 -4.0999999 2.45
7.9000001 -4.0999999 -0.44999999
7.9000001 -4.0999999 -0.34999999
7.9000001 -4.0999999 -0.25
7.9000001 -4.0999999 -0.15000001
7.9000001 -4.0999999 -0.050000001
7.9000001 -4.0999999 0.050000001
7.9000001 -4.0999999 0.15000001
7.9000001 -4.0999999 0.25
7.9000001 -4.0999999 0.34999999
7.9000001 -4.0999999 0.44999999
7.9000001 -4.0999999 0.55000001
7.9000001 -4.0999999 0.64999998
7.9000001 -4.0999999 0.75
7.9000001 -4.0999999 0.85000002
7.9000001 -4.0999999 0.94999999
7.9000001 -4.0999999 1.05
7.9000001 -4.0999999 1.15
7.9000001 -4.0999999 1.25
7.9000001 -4.0999999 1.35
7.9000001 -4.0999999 1.45
7.9000001 -4.0999999 1.55
7.9000001 -4.0999999 1.65
7.9000001 -4.0999999 1.75
7.9000001 -4.0999999 1.85
7.9000001 -4.0999999 1.95
7.9000001 -4.0999999 2.05
7.9000001 -4.0999999 2.1500001
7.9000001 -4.0999999 2.25
7.9000001 -4.0999999 2.3499999
7.9000001 -4.0999999 2.45
8.1000004 -4 -0.44999999
8.1000004 -4 -0.34999999
8.1000004 -4 -0.25
8.1000004 -4 -0.15000001
8.1000004 -4 -0.050000001
8.1000004 -4 0.050000001
8.1000004 -4 0.15000001
8.1000004 -4 0.25
8.1000004 -4 0.34999999
8.1000004 -4 0.44999999
8.1000004 -4 0.55000001
8.1000004 -4 0.64999998
8.1000004 -4 0.75
8.1000004 -4 0.85000002
8.1000004 -4 0.94999999
8.1000004 -4 1.05
8.1000004 -4 1.15
8.1000004 -4 1.25
8.1000004 -4 1.35
8.1000004 -4 1.45
8.1000004 -4 1.55
8.1000004 -4 1.65
8.1000004 -4 1.75
8.1000004 -4 1.85
8.1000004 -4 1.95
8.1000004 -4 2.05
8.1000004 -4 2.1500001
8.1000004 -4 2.25
8.1000004 -4 2.3499999
8.1000004 -4 2.45
8 -4 -0.44999999
8 -4 -0.34999999
8 -4 -0.25
8 -4 -0.15000001
8 -4 -0.050000001
8 -4 0.050000001
8 -4 0.15000001
8 -4 0.25
8 -4 0.34999999
8 -4 0.44999999
8 -4 0.55000001
8 -4 0.64999998
8 -4 0.75
8 -4 0.85000002
8 -4 0.94999999
8 -4 1.05
8 -4 1.15
8 -4 1.25
8 -4 1.35
8 -4 1.45
8 -4 1.55
8 -4 1.65
8 -4 1.75
8 -4 1.85
8 -4 1.95
8 -4 2.05
8 -4 2.1500001
8 -4 2.25
8 -4 2.3499999
8 -4 2.45
7.9000001 -4 -0.44999999
7.9000001 -4 -0.34999999
7.9000001 -4 -0.25
7.9000001 -4 -0.15000001
7.9000001 -4 -0.050000001
7.9000001 -4 0.050000001
7.9000001 -4 0.15000001
7.9000001 -4 0.25
7.9000001 -4 0.34999999
7.9000001 -4 0.44999999
7.9000001 -4 0.55000001
7.9000001 -4 0.64999998
7.9000001 -4 0.75
7.9000001 -4 0.85000002
7.9000001 -4 0.94999999
7.9000001 -4 1.05
7.9000001 -4 1.15
7.9000001 -4 1.25
7.9000001 -4 1.35
7.9000001 -4 1.45
7.9000001 -4 1.55
7.9000001 -4 1.65
7.9000001 -4 1.75
7.9000001 -4 1.85
7.9000001 -4 1.95
7.9000001 -4 2.05
7.9000001 -4 2.1500001
7.9000001 -4 2.25
7.9000001 -4 2.3499999
7.9000001 -4 2.45
8.1000004 -3.9000001 -0.44999999
8.1000004 -3.9000001 -0.34999999
8.1000004 -3.9000001 -0.25
8.1000004 -3.9000001 -0.15000001
8.1000004 -3.9000001 -0.050000001
8.1000004 -3.9000001 0.050000001
8.1000004 -3.9000001 0.15000001
8.1000004 -3.9000001 0.25
8.1000004 -3.9000001 0.34999999
8.1000004 -3.9000001 0.44999999
8.1000004 -3.9000001 0.55000001
8.1000004 -3.9000001 0.64999998
8.1000004 -3.9000001 0.75
8.1000004 -3.9000001 0.85000002
8.1000004 -3.9000001 0.94999999
8.1000004 -3.9000001 1.05
8.1000004 -3.9000001 1.15
8.1000004 -3.9000001 1.25
8.1000004 -3.9000001 1.35
8.1000004 -3.9000001 1.45
8.1000004 -3.9000001 1.55
8.1000004 -3.9000001 1.65
8.1000004 -3.9000001 1.75
8.1000004 -3.9000001 1.85
8.1000004 -3.9000001 1.95
8.1000004 -3.9000001 2.05
8.1000004 -3.9000001 2.1500001
8.1000004 -3.9000001 2.25
8.1000004 -3.9000001 2.3499999
8.1000004 -3.9000001 2.45
8 -3.9000001 -0.44999999
8 -3.9000001 -0.34999999
8 -3.9000001 -0.25
8 -3.9000001 -0.15000001
8 -3.9000001 -0.050000001
8 -3.9000001 0.050000001
8 -3.9000001 0.15000001
8 -3.9000001 0.25
8 -3.9000001 0.34999999
8 -3.9000001 0.44999999
8 -3.9000001 0.55000001
8 -3.9000001 0.64999998
8 -3.9000001 0.75
8 -3.9000001 0.85000002
8 -3.9000001 0.94999999
8 -3.9000001 1.05
8 -3.9000001 1.15
8 -3.9000001 1.25
8 -3.9000001 1.35
8 -3.9000001 1.45
8 -3.9000001 1.55
8 -3.9000001 1.65
8 -3.9000001 1.75
8 -3.9000001 1.85
8 -3.9000001 1.95
8 -3.9000001 2.05
8 -3.9000001 2.1500001
8 -3.9000001 2.25
8 -3.9000001 2.3499999
8 -3.9000001 2.45
7.9000001 -3.9000001 -0.44999999
7.9000001 -3.9000001 -0.34999999
7.9000001 -3.9000001 -0.25
7.9000001 -3.9000001 -0.15000001
7.9000001 -3.9000001 -0.050000001
7.9000001 -3.9000001 0.050000001
7.9000001 -3.9000001 0.15000001
7.9000001 -3.9000001 0.25
7.9000001 -3.9000001 0.34999999
7.9000001 -3.9000001 0.44999999
7.9000001 -3.9000001 0.55000001
7.9000001 -3.9000001 0.64999998
7.9000001 -3.9000001 0.75
7.9000001 -3.9000001 0.85000002
7.9000001 -3.9000001 0.94999999
7.9000001 -3.9000001 1.05
7.9000001 -3.9000001 1.15
7.9000001 -3.9000001 1.25
7.9000001 -3.9000001 1.35
7.9000001 -3.9000001 1.45
7.9000001 -3.9000001 1.55
7.9000001 -3.9000001 1.65
7.9000001 -3.9000001 1.75
7.9000001 -3.9000001 1.85
7.9000001 -3.9000001 1.95
7.9000001 -3.9000001 2.05
7.9000001 -3.9000001 2.1500001
7.9000001 -3.9000001 2.25
7.9000001 -3.9000001 2.3499999
7.9000001 -3.9000001 2.45
8.1000004 -3.8 -0.44999999
8.1000004 -3.8 -0.34999999
8.1000004 -3.8 -0.25
8.1000004 -3.8 -0.15000001
8.1000004 -3.8 -0.050000001
8.1000004 -3.8 0.050000001
8.1000004 -3.8 0.15000001
8.1000004 -3.8 0.25
8.1000004 -3.8 0.34999999
8.1000004 -3.8 0.44999999
8.1000004 -3.8 0.55000001
8.1000004 -3.8 0.64999998
8.1000004 -3.8 0.75
8.1000004 -3.8 0.85000002
8.1000004 -3.8 0.94999999
8.1000004 -3.8 1.05
8.1000004 -3.8 1.15
8.1000004 -3.8 1.25
8.1000004 -3.8 1.35
8.1000004 -3.8 1.45
8.1000004 -3.8 1.55
8.1000004 -3.8 1.65
8.1000004 -3.8 1.75
8.1000004 -3.8 1.85
8.1000004 -3.8 1.95
8.1000004 -3.8 2.05
8.1000004 -3.8 2.1500001
8.1000004 -3.8 2.25
8.1000004 -3.8 2.3499999
8.1000004 -3.8 2.45
8 -3.8 -0.44999999
8 -3.8 -0.34999999
8 -3.8 -0.25
8 -3.8 -0.15000001
8 -3.8 -0.050000001
8 -3.8 0.050000001
8 -3.8 0.15000001
8 -3.8 0.25
8 -3.8 0.34999999
8 -3.8 0.44999999
8 -3.8 0.55000001
8 -3.8 0.64999998
8 -3.8 0.75
8 -3.8 0.85000002
8 -3.8 0.94999999
8 -3.8 1.05
8 -3.8 1.15
8 -3.8 1.25
8 -3.8 1.35
8 -3.8 1.45
8 -3.8 1.55
8 -3.8 1.65
8 -3.8 1.75
8 -3.8 1.85
8 -3.8 1.95
8 -3.8 2.05
8 -3.8 2.1500001
8 -3.8 2.25
8 -3.8 2.3499999
8 -3.8 2.45
7.9000001 -3.8 -0.44999999
7.9000001 -3.8 -0.34999999
7.9000001 -3.8 -0.25
7.9000001 -3.8 -0.15000001
7.9000001 -3.8 -0.050000001
7.9000001 -3.8 0.050000001
7.9000001 -3.8 0.15000001
7.9000001 -3.8 0.25
7.9000001 -3.8 0.34999999
7.9000001 -3.8 0.44999999
7.9000001 -3.8 0.55000001
7.9000001 -3.8 0.64999998
7.9000001 -3.8 0.75
7.9000001 -3.8 0.85000002
7.9000001 -3.8 0.94999999
7.9000001 -3.8 1.05
7.9000001 -3.8 1.15
7.9000001 -3.8 1.25
7.9000001 -3.8 1.35
7.9000001 -3.8 1.45
7.9000001 -3.8 1.55
7.9000001 -3.8 1.65
7.9000001 -3.8 1.75
7.9000001 -3.8 1.85
7.9000001 -3.8 1.95
7.9000001 -3.8 2.05
7.9000001 -3.8 2.1500001
7.9000001 -3.8 2.25
7.9000001 -3.8 2.3499999
7.9000001 -3.8 2.45
8.1000004 -3.7 -0.44999999
8.1000004 -3.7 -0.34999999
8.1000004 -3.7 -0.25
8.1000004 -3.7 -0.15000001
8.1000004 -3.7 -0.050000001
8.1000004 -3.7 0.050000001
8.1000004 -3.7 0.15000001
8.1000004 -3.7 0.25
8.1000004 -3.7 0.34999999
8.1000004 -3.7 0.44999999
8.1000004 -3.7 0.55000001
8.1000004 -3.7 0.64999998
8.1000004 -3.7 0.75
8.1000004 -3.7 0.85000002
8.1000004 -3.7 0.94999999
8.1000004 -3.7 1.05
8.1000004 -3.7 1.15
8.1000004 -3.7 1.25
8.1000004 -3.7 1.35
8.1000004 -3.7 1.45
8.1000004 -3.7 1.55
8.1000004 -3.7 1.65
8.1000004 -3.7 1.75
8.1000004 -3.7 1.85
8.1000004 -3.7 1.95
8.1000004 -3.7 2.05
8.1000004 -3.7 2.1500001
8.1000004 -3.7 2.25
8.1000004 -3.7 2.3499999
8.1000004 -3.7 2.45
8 -3.7 -0.44999999
8 -3.7 -0.34999999
8 -3.7 -0.25
8 -3.7 -0.15000001
8 -3.7 -0.050000001
8 -3.7 0.050000001
8 -3.7 0.15000001
8 -3.7 0.25
8 -3.7 0.34999999
8 -3.7 0.44999999
8 -3.7 0.55000001
8 -3.7 0.64999998
8 -3.7 0.75
8 -3.7 0.85000002
8 -3.7 0.94999999
8 -3.7 1.05
8 -3.7 1.15
8 -3.7 1.25
8 -3.7 1.35
8 -3.7 1.45
8 -3.7 1.55
8 -3.7 1.65
8 -3.7 1.75
8 -3.7 1.85
8 -3.7 1.95
8 -3.7 2.05
8 -3.7 2.1500001
8 -3.7 2.25
8 -3.7 2.3499999
8 -3.7 2.45
7.9000001 -3.7 -0.44999999
7.9000001 -3.7 -0.34999999
7.9000001 -3.7 -0.25
7.9000001 -3.7 -0.15000001
7.9000001 -3.7 -0.050000001
7.9000001 -3.7 0.050000001
7.9000001 -3.7 0.15000001
7.9000001 -3.7 0.25
7.9000001 -3.7 0.34999999
7.9000001 -3.7 0.44999999
7.9000001 -3.7 0.55000001
7.9000001 -3.7 0.64999998
7.9000001 -3.7 0.75
7.9000001 -3.7 0.85000002
7.9000001 -3.7 0.94999999
7.9000001 -3.7 1.05
7.9000001 -3.7 1.15
7.9000001 -3.7 1.25
7.9000001 -3.7 1.35
7.9000001 -3.7 1.45
7.9000001 -3.7 1.55
7.9000001 -3.7 1.65
7.9000001 -3.7 1.75
7.9000001 -3.7 1.85
7.9000001 -3.7 1.95
7.9000001 -3.7 2.05
7.9000001 -3.7 2.1500001
7.9000001 -3.7 2.25
7.9000001 -3.7 2.3499999
7.9000001 -3.7 2.45
8.1000004 -3.5999999 -0.44999999
8.1000004 -3.5999999 -0.34999999
8.1000004 -3.5999999 -0.25
8.1000004 -3.5999999 -0.15000001
8.1000004 -3.5999999 -0.050000001
8.1000004 -3.5999999 0.050000001
8.1000004 -3.5999999 0.15000001
8.1000004 -3.5999999 0.25
8.1000004 -3.5999999 0.34999999
8.1000004 -3.5999999 0.44999999
8.1000004 -3.5999999 0.55000001
8.1000004 -3.5999999 0.64999998
8.1000004 -3.5999999 0.75
8.1000004 -3.5999999 0.85000002
8.1000004 -3.5999999 0.94999999
8.1000004 -3.5999999 1.05
8.1000004 -3.5999999 1.15
8.1000004 -3.5999999 1.25
8.1000004 -3.5999999 1.35
8.1000004 -3.5999999 1.45
8.1000004 -3.5999999 1.55
8.1000004 -3.5999999 1.65
8.1000004 -3.5999999 1.75
8.1000004 -3.5999999 1.85
8.1000004 -3.5999999 1.95
8.1000004 -3.5999999 2.05
8.1000004 -3.5999999 2.1500001
8.1000004 -3.5999999 2.25
8.1000004 -3.5999999 2.3499999
8.1000004 -3.5999999 2.45
8 -3.5999999 -0.44999999
8 -3.5999999 -0.34999999
8 -3.5999999 -0.25
8 -3.5999999 -0.15000001
8 -3.5999999 -0.050000001
8 -3.5999999 0.050000001
8 -3.5999999 0.15000001
8 -3.5999999 0.25
8 -3.5999999 0.34999999
8 -3.5999999 0.44999999
8 -3.5999999 0.55000001
8 -3.5999999 0.64999998
8 -3.5999999 0.75
8 -3.5999999 0.85000002
8 -3.5999999 0.94999999
8 -3.5999999 1.05
8 -3.5999999 1.15
8 -3.5999999 1.25
8 -3.5999999 1.35
8 -3.5999999 1.45
8 -3.5999999 1.55
8 -3.5999999 1.65
8 -3.5999999 1.75
8 -3.5999999 1.85
8 -3.5999999 1.95
8 -3.5999999 2.05
8 -3.5999999 2.1500001
8 -3.5999999 2.25
8 -3.5999999 2.3499999
8 -3.5999999 2.45
7.9000001 -3.5999999 -0.44999999
7.9000001 -3.5999999 -0.34999999
7.9000001 -3.5999999 -0.25
7.9000001 -3.5999999 -0.15000001
7.9000001 -3.5999999 -0.050000001
7.9000001 -3.5999999 0.050000001
7.9000001 -3.5999999 0.15000001
7.9000001 -3.5999999 0.25
7.9000001 -3.5999999 0.34999999
7.9000001 -3.5999999 0.44999999
7.9000001 -3.5999999 0.55000001
7.9000001 -3.5999999 0.64999998
7.9000001 -3.5999999 0.75
7.9000001 -3.5999999 0.85000002
7.9000001 -3.5999999 0.94999999
7.9000001 -3.5999999 1.05
7.9000001 -3.5999999 1.15
7.9000001 -3.5999999 1.25
7.9000001 -3.5999999 1.35
7.9000001 -3.5999999 1.45
7.9000001 -3.5999999 1.55
7.9000001 -3.5999999 1.65
7.9000001 -3.5999999 1.75
7.9000001 -3.5999999 1.85
7.9000001 -3.5999999 1.95
7.9000001 -3.5999999 2.05
7.9000001 -3.5999999 2.1500001
7.9000001 -3.5999999 2.25
7.9000001 -3.5999999 2.3499999
7.9000001 -3.5999999 2.45
8.1000004 -3.5 -0.44999999
8.1000004 -3.5 -0.34999999
8.1000004 -3.5 -0.25
8.1000004 -3.5 -0.15000001
8.1000004 -3.5 -0.050000001
8.1000004 -3.5 0.050000001
8.1000004 -3.5 0.15000001
8.1000004 -3.5 0.25
8.1000004 -3.5 0.34999999
8.1000004 -3.5 0.44999999
8.1000004 -3.5 0.55000001
8.1000004 -3.5 0.64999998
8.1000004 -3.5 0.75
8.1000004 -3.5 0.85000002
8.1000004 -3.5 0.94999999
8.1000004 -3.5 1.05
8.1000004 -3.5 1.15
8.1000004 -3.5 1.25
8.1000004 -3.5 1.35
8.1000004 -3.5 1.45
8.1000004 -3.5 1.55
8.1000004 -3.5 1.65
8.1000004 -3.5 1.75
8.1000004 -3.5 1.85
8.1000004 -3.5 1.95
8.1000004 -3.5 2.05
8.1000004 -3.5 2.1500001
8.1000004 -3.5 2.25
8.1000004 -3.5 2.3499999
8.1000004 -3.5 2.45
8 -3.5 -0.44999999
8 -3.5 -0.34999999
8 -3.5 -0.25
8 -3.5 -0.15000001
8 -3.5 -0.050000001
8 -3.5 0.050000001
8 -3.5 0.15000001
8 -3.5 0.25
8 -3.5 0.34999999
8 -3.5 0.44999999
8 -3.5 0.55000001
8 -3.5 0.64999998
8 -3.5 0.75
8 -3.5 0.85000002
8 -3.5 0.94999999
8 -3.5 1.05
8 -3.5 1.15
8 -3.5 1.25
8 -3.5 1.35
8 -3.5 1.45
8 -3.5 1.55
8 -3.5 1.65
8 -3.5 1.75
8 -3.5 1.85
8 -3.5 1.95
8 -3.5 2.05
8 -3.5 2.1500001
8 -3.5 2.25
8 -3.5 2.3499999
8 -3.5 2.45
7.9000001 -3.5 -0.44999999
7.9000001 -3.5 -0.34999999
7.9000001 -3.5 -0.25
7.9000001 -3.5 -0.15000001
7.9000001 -3.5 -0.050000001
7.9000001 -3.5 0.050000001
7.9000001 -3.5 0.15000001
7.9000001 -3.5 0.25
7.9000001 -3.5 0.34999999
7.9000001 -3.5 0.44999999
7.9000001 -3.5 0.55000001
7.9000001 -3.5 0.64999998
7.9000001 -3.5 0.75
7.9000001 -3.5 0.85000002
7.9000001 -3.5 0.94999999
7.9000001 -3.5 1.05
7.9000001 -3.5 1.15
7.9000001 -3.5 1.25
7.9000001 -3.5 1.35
7.9000001 -3.5 1.45
7.9000001 -3.5 1.55
7.9000001 -3.5 1.65
7.9000001 -3.5 1.75
7.9000001 -3.5 1.85
7.9000001 -3.5 1.95
7.9000001 -3.5 2.05
7.9000001 -3.5 2.1500001
7.9000001 -3.5 2.25
7.9000001 -3.5 2.3499999
7.9000001 -3.5 2.45
8.1000004 -3.4000001 -0.44999999
8.1000004 -3.4000001 -0.34999999
8.1000004 -3.4000001 -0.25
8.1000004 -3.4000001 -0.15000001
8.1000004 -3.4000001 -0.050000001
8.1000004 -3.4000001 0.050000001
8.1000004 -3.4000001 0.15000001
8.1000004 -3.4000001 0.25
8.1000004 -3.4000001 0.34999999
8.1000004 -3.4000001 0.44999999
8.1000004 -3.4000001 0.55000001
8.1000004 -3.4000001 0.64999998
8.1000004 -3.4000001 0.75
8.1000004 -3.4000001 0.85000002
8.1000004 -3.4000001 0.94999999
8.1000004 -3.4000001 1.05
8.1000004 -3.4000001 1.15
8.1000004 -3.4000001 1.25
8.1000004 -3.4000001 1.35
8.1000004 -3.4000001 1.45
8.1000004 -3.4000001 1.55
8.1000004 -3.4000001 1.65
8.1000004 -3.4000001 1.75
8.1000004 -3.4000001 1.85
8.1000004 -3.4000001 1.95
8.1000004 -3.4000001 2.05
8.1000004 -3.4000001 2.1500001
8.1000004 -3.4000001 2.25
8.1000004 -3.4000001 2.3499999
8.1000004 -3.4000001 2.45
8 -3.4000001 -0.44999999
8 -3.4000001 -0.34999999
8 -3.4000001 -0.25
8 -3.4000001 -0.15000001
8 -3.4000001 -0.050000001
8 -3.4000001 0.050000001
8 -3.4000001 0.15000001
8 -3.4000001 0.25
8 -3.4000001 0.34999999
8 -3.4000001 0.44999999
8 -3.4000001 0.55000001
8 -3.4000001 0.64999998
8 -3.4000001 0.75
8 -3.4000001 0.85000002
8 -3.4000001 0.94999999
8 -3.4000001 1.05
8 -3.4000001 1.15
8 -3.4000001 1.25
8 -3.4000001 1.35
8 -3.4000001 1.45
8 -3.4000001 1.55
8 -3.4000001 1.65
8 -3.4000001 1.75
8 -3.4000001 1.85
8 -3.4000001 1.95
8 -3.4000001 2.05
8 -3.4000001 2.1500001
8 -3.4000001 2.25
8 -3.4000001 2.3499999
8 -3.4000001 2.45
7.9000001 -3.4000001 -0.44999999
7.9000001 -3.4000001 -0.34999999
7.9000001 -3.4000001 -0.25
7.9000001 -3.4000001 -0.15000001
7.9000001 -3.4000001 -0.050000001
7.9000001 -3.4000001 0.050000001
7.9000001 -3.4000001 0.15000001
7.9000001 -3.4000001 0.25
7.9000001 -3.4000001 0.34999999
7.9000001 -3.4000001 0.44999999
7.9000001 -3.4000001 0.55000001
7.9000001 -3.4000001 0.64999998
7.9000001 -3.4000001 0.75
7.9000001 -3.4000001 0.85000002
7.9000001 -3.4000001 0.94999999
7.9000001 -3.4000001 1.05
7.9000001 -3.4000001 1.15
7.9000001 -3.4000001 1.25
7.9000001 -3.4000001 1.35
7.9000001 -3.4000001 1.45
7.9000001 -3.4000001 1.55
7.9000001 -3.4000001 1.65
7.9000001 -3.4000001 1.75
7.9000001 -3.4000001 1.85
7.9000001 -3.4000001 1.95
7.9000001 -3.4000001 2.05
7.9000001 -3.4000001 2.1500001
7.9000001 -3.4000001 2.25
7.9000001 -3.4000001 2.3499999
7.9000001 -3.4000001 2.45
8.1000004 -3.3 -0.44999999
8.1000004 -3.3 -0.34999999
8.1000004 -3.3 -0.25
8.1000004 -3.3 -0.15000001
8.1000004 -3.3 -0.050000001
8.1000004 -3.3 0.050000001
8.1000004 -3.3 0.15000001
8.1000004 -3.3 0.25
8.1000004 -3.3 0.34999999
8.1000004 -3.3 0.44999999
8.1000004 -3.3 0.55000001
8.1000004 -3.3 0.64999998
8.1000004 -3.3 0.75
8.1000004 -3.3 0.85000002
8.1000004 -3.3 0.94999999
8.1000004 -3.3 1.05
8.1000004 -3.3 1.15
8.1000004 -3.3 1.25
8.1000004 -3.3 1.35
8.1000004 -3.3 1.45
8.1000004 -3.3 1.55
8.1000004 -3.3 1.65
8.1000004 -3.3 1.75
8.1000004 -3.3 1.85
8.1000004 -3.3 1.95
8.1000004 -3.3 2.05
8.1000004 -3.3 2.1500001
8.1000004 -3.3 2.25
8.1000004 -3.3 2.3499999
8.1000004 -3.3 2.45
8 -3.3 -0.44999999
8 -3.3 -0.34999999
8 -3.3 -0.25
8 -3.3 -0.15000001
8 -3.3 -0.050000001
8 -3.3 0.050000001
8 -3.3 0.15000001
8 -3.3 0.25
8 -3.3 0.34999999
8 -3.3 0.44999999
8 -3.3 0.55000001
8 -3.3 0.64999998
8 -3.3 0.75
8 -3.3 0.85000002
8 -3.3 0.94999999
8 -3.3 1.05
8 -3.3 1.15
8 -3.3 1.25
8 -3.3 1.35
8 -3.3 1.45
8 -3.3 1.55
8 -3.3 1.65
8 -3.3 1.75
8 -3.3 1.85
8 -3.3 1.95
8 -3.3 2.05
8 -3.3 2.1500001
8 -3.3 2.25
8 -3.3 2.3499999
8 -3.3 2.45
7.9000001 -3.3 -0.44999999
7.9000001 -3.3 -0.34999999
7.9000001 -3.3 -0.25
7.9000001 -3.3 -0.15000001
7.9000001 -3.3 -0.050000001
7.9000001 -3.3 0.050000001
7.9000001 -3.3 0.15000001
7.9000001 -3.3 0.25
7.9000001 -3.3 0.34999999
7.9000001 -3.3 0.44999999
7.9000001 -3.3 0.55000001
7.9000001 -3.3 0.64999998
7.9000001 -3.3 0.75
7.9000001 -3.3 0.85000002
7.9000001 -3.3 0.94999999
7.9000001 -3.3 1.05
7.9000001 -3.3 1.15
7.9000001 -3.3 1.25
7.9000001 -3.3 1.35
7.9000001 -3.3 1.45
7.9000001 -3.3 1.55
7.9000001 -3.3 1.65
7.9000001 -3.3 1.75
7.9000001 -3.3 1.85
7.9000001 -3.3 1.95
7.9000001 -3.3 2.05
7.9000001 -3.3 2.1500001
7.9000001 -3.3 2.25
7.9000001 -3.3 2.3499999
7.9000001 -3.3 2.45
8.1000004 -3.2 -0.44999999
8.1000004 -3.2 -0.34999999
8.1000004 -3.2 -0.25
8.1000004 -3.2 -0.15000001
8.1000004 -3.2 -0.050000001
8.1000004 -3.2 0.050000001
8.1000004 -3.2 0.15000001
8.1000004 -3.2 0.25
8.1000004 -3.2 0.34999999
8.1000004 -3.2 0.44999999
8.1000004 -3.2 0.55000001
8.1000004 -3.2 0.64999998
8.1000004 -3.2 0.75
8.1000004 -3.2 0.85000002
8.1000004 -3.2 0.94999999
8.1000004 -3.2 1.05
8.1000004 -3.2 1.15
8.1000004 -3.2 1.25
8.1000004 -3.2 1.35
8.1000004 -3.2 1.45
8.1000004 -3.2 1.55
8.1000004 -3.2 1.65
8.1000004 -3.2 1.75
8.1000004 -3.2 1.85
8.1000004 -3.2 1.95
8.1000004 -3.2 2.05
8.1000004 -3.2 2.1500001
8.1000004 -3.2 2.25
8.1000004 -3.2 2.3499999
8.1000004 -3.2 2.45
8 -3.2 -0.44999999
8 -3.2 -0.34999999
8 -3.2 -0.25
8 -3.2 -0.15000001
8 -3.2 -0.050000001
8 -3.2 0.050000001
8 -3.2 0.15000001
8 -3.2 0.25
8 -3.2 0.34999999
8 -3.2 0.44999999
8 -3.2 0.55000001
8 -3.2 0.64999998
8 -3.2 0.75
8 -3.2 0.85000002
8 -3.2 0.94999999
8 -3.2 1.05
8 -3.2 1.15
8 -3.2 1.25
8 -3.2 1.35
8 -3.2 1.45
8 -3.2 1.55
8 -3.2 1.65
8 -3.2 1.75
8 -3.2 1.85
8 -3.2 1.95
8 -3.2 2.05
8 -3.2 2.1500001
8 -3.2 2.25
8 -3.2 2.3499999
8 -3.2 2.45
7.9000001 -3.2 -0.44999999
7.9000001 -3.2 -0.34999999
7.9000001 -3.2 -0.25
7.9000001 -3.2 -0.15000001
7.9000001 -3.2 -0.050000001
7.9000001 -3.2 0.050000001
7.9000001 -3.2 0.15000001
7.9000001 -3.2 0.25
7.9000001 -3.2 0.34999999
7.9000001 -3.2 0.44999999
7.9000001 -3.2 0.55000001
7.9000001 -3.2 0.64999998
7.9000001 -3.2 0.75
7.9000001 -3.2 0.85000002
7.9000001 -3.2 0.94999999
7.9000001 -3.2 1.05
7.9000001 -3.2 1.15
7.9000001 -3.2 1.25
7.9000001 -3.2 1.35
7.9000001 -3.2 1.45
7.9000001 -3.2 1.55
7.9000001 -3.2 1.65
7.9000001 -3.2 1.75
7.9000001 -3.2 1.85
7.9000001 -3.2 1.95
7.9000001 -3.2 2.05
7.9000001 -3.2 2.1500001
7.9000001 -3.2 2.25
7.9000001 -3.2 2.3499999
7.9000001 -3.2 2.45
8.1000004 -3.0999999 -0.44999999
8.1000004 -3.0999999 -0.34999999
8.1000004 -3.0999999 -0.25
8.1000004 -3.0999999 -0.15000001
8.1000004 -3.0999999 -0.050000001
8.1000004 -3.0999999 0.050000001
8.1000004 -3.0999999 0.15000001
8.1000004 -3.0999999 0.25
8.1000004 -3.0999999 0.34999999
8.1000004 -3.0999999 0.44999999
8.1000004 -3.0999999 0.55000001
8.1000004 -3.0999999 0.64999998
8.1000004 -3.0999999 0.75
8.1000004 -3.0999999 0.85000002
8.1000004 -3.0999999 0.94999999
8.1000004 -3.0999999 1.05
8.1000004 -3.0999999 1.15
8.1000004 -3.0999999 1.25
8.1000004 -3.0999999 1.35
8.1000004 -3.0999999 1.45
8.1000004 -3.0999999 1.55
8.1000004 -3.0999999 1.65
8.1000004 -3.0999999 1.75
8.1000004 -3.0999999 1.85
8.1000004 -3.0999999 1.95
8.1000004 -3.0999999 2.05
8.1000004 -3.0999999 2.1500001
8.1000004 -3.0999999 2.25
8.1000004 -3.0999999 2.3499999
8.1000004 -3.0999999 2.45
8 -3.0999999 -0.44999999
8 -3.0999999 -0.34999999
8 -3.0999999 -0.25
8 -3.0999999 -0.15000001
8 -3.0999999 -0.050000001
8 -3.0999999 0.050000001
8 -3.0999999 0.15000001
8 -3.0999999 0.25
8 -3.0999999 0.34999999
8 -3.0999999 0.44999999
8 -3.0999999 0.55000001
8 -3.0999999 0.64999998
8 -3.0999999 0.75
8 -3.0999999 0.85000002
8 -3.0999999 0.94999999
8 -3.0999999 1.05
8 -3.0999999 1.15
8 -3.0999999 1.25
8 -3.0999999 1.35
8 -3.0999999 1.45
8 -3.0999999 1.55
8 -3.0999999 1.65
8 -3.0999999 1.75
8 -3.0999999 1.85
8 -3.0999999 1.95
8 -3.0999999 2.05
8 -3.0999999 2.1500001
8 -3.0999999 2.25
8 -3.0999999 2.3499999
8 -3.0999999 2.45
7.9000001 -3.0999999 -0.44999999
7.9000001 -3.0999999 -0.34999999
7.9000001 -3.0999999 -0.25
7.9000001 -3.0999999 -0.15000001
7.9000001 -3.0999999 -0.050000001
7.9000001 -3.0999999 0.050000001
7.9000001 -3.0999999 0.15000001
7.9000001 -3.0999999 0.25
7.9000001 -3.0999999 0.34999999
7.9000001 -3.0999999 0.44999999
7.9000001 -3.0999999 0.55000001
7.9000001 -3.0999999 0.64999998
7.9000001 -3.0999999 0.75
7.9000001 -3.0999999 0.85000002
7.9000001 -3.0999999 0.94999999
7.9000001 -3.0999999 1.05
7.9000001 -3.0999999 1.15
7.9000001 -3.0999999 1.25
7.9000001 -3.0999999 1.35
7.9000001 -3.0999999 1.45
7.9000001 -3.0999999 1.55
7.9000001 -3.0999999 1.65
7.9000001 -3.0999999 1.75
7.9000001 -3.0999999 1.85
7.9000001 -3.0999999 1.95
7.9000001 -3.0999999 2.05
7.9000001 -3.0999999 2.1500001
7.9000001 -3.0999999 2.25
7.9000001 -3.0999999 2.3499999
7.9000001 -3.0999999 2.45
8.1000004 -3 -0.44999999
8.1000004 -3 -0.34999999
8.1000004 -3 -0.25
8.1000004 -3 -0.15000001
8.1000004 -3 -0.050000001
8.1000004 -3 0.050000001
8.1000004 -3 0.15000001
8.1000004 -3 0.25
8.1000004 -3 0.34999999
8.1000004 -3 0.44999999
8.1000004 -3 0.55000001
8.1000004 -3 0.64999998
8.1000004 -3 0.75
8.1000004 -3 0.85000002
8.1000004 -3 0.94999999
8.1000004 -3 1.05
8.1000004 -3 1.15
8.1000004 -3 1.25
8.1000004 -3 1.35
8.1000004 -3 1.45
8.1000004 -3 1.55
8.1000004 -3 1.65
8.1000004 -3 1.75
8.1000004 -3 1.85
8.1000004 -3 1.95
8.1000004 -3 2.05
8.1000004 -3 2.1500001
8.1000004 -3 2.25
8.1000004 -3 2.3499999
8.1000004 -3 2.45
8 -3 -0.44999999
8 -3 -0.34999999
8 -3 -0.25
8 -3 -0.15000001
8 -3 -0.050000001
8 -3 0.050000001
8 -3 0.15000001
8 -3 0.25
8 -3 0.34999999
8 -3 0.44999999
8 -3 0.55000001
8 -3 0.64999998
8 -3 0.75
8 -3 0.85000002
8 -3 0.94999999
8 -3 1.05
8 -3 1.15
8 -3 1.25
8 -3 1.35
8 -3 1.45
8 -3 1.55
8 -3 1.65
8 -3 1.75
8 -3 1.85
8 -3 1.95
8 -3 2.05
8 -3 2.1500001
8 -3 2.25
8 -3 2.3499999
8 -3 2.45
7.9000001 -3 -0.44999999
7.9000001 -3 -0.34999999
7.9000001 -3 -0.25
7.9000001 -3 -0.15000001
7.9000001 -3 -0.050000001
7.9000001 -3 0.050000001
7.9000001 -3 0.15000001
7.9000001 -3 0.25
7.9000001 -3 0.34999999
7.9000001 -3 0.44999999
7.9000001 -3 0.55000001
7.9000001 -3 0.64999998
7.9000001 -3 0.75
7.9000001 -3 0.85000002
7.9000001 -3 0.94999999
7.9000001 -3 1.05
7.9000001 -3 1.15
7.9000001 -3 1.25
7.9000001 -3 1.35
7.9000001 -3 1.45
7.9000001 -3 1.55
7.9000001 -3 1.65
7.9000001 -3 1.75
7.9000001 -3 1.85
7.9000001 -3 1.95
7.9000001 -3 2.05
7.9000001 -3 2.1500001
7.9000001 -3 2.25
7.9000001 -3 2.3499999
7.9000001 -3 2.45
8.1000004 -2.9000001 -0.44999999
8.1000004 -2.9000001 -0.34999999
8.1000004 -2.9000001 -0.25
8.1000004 -2.9000001 -0.15000001
8.1000004 -2.9000001 -0.050000001
8.1000004 -2.9000001 0.050000001
8.1000004 -2.9000001 0.15000001
8.1000004 -2.9000001 0.25
8.1000004 -2.9000001 0.34999999
8.1000004 -2.9000001 0.44999999
8.1000004 -2.9000001 0.55000001
8.1000004 -2.9000001 0.64999998
8.1000004 -2.9000001 0.75
8.1000004 -2.9000001 0.85000002
8.1000004 -2.9000001 0.94999999
8.1000004 -2.9000001 1.05
8.1000004 -2.9000001 1.15
8.1000004 -2.9000001 1.25
8.1000004 -2.9000001 1.35
8.1000004 -2.9000001 1.45
8.1000004 -2.9000001 1.55
8.1000004 -2.9000001 1.65
8.1000004 -2.9000001 1.75
8.1000004 -2.9000001 1.85
8.1000004 -2.9000001 1.95
8.1000004 -2.9000001 2.05
8.1000004 -2.9000001 2.1500001
8.1000004 -2.9000001 2.25
8.1000004 -2.9000001 2.3499999
8.1000004 -2.9000001 2.45
8 -2.9000001 -0.44999999
8 -2.9000001 -0.34999999
8 -2.9000001 -0.25
8 -2.9000001 -0.15000001
8 -2.9000001 -0.050000001
8 -2.9000001 0.050000001
8 -2.9000001 0.15000001
8 -2.9000001 0.25
8 -2.9000001 0.34999999
8 -2.9000001 0.44999999
8 -2.9000001 0.55000001
8 -2.9000001 0.64999998
8 -2.9000001 0.75
8 -2.9000001 0.85000002
8 -2.9000001 0.94999999
8 -2.9000001 1.05
8 -2.9000001 1.15
8 -2.9000001 1.25
8 -2.9000001 1.35
8 -2.9000001 1.45
8 -2.9000001 1.55
8 -2.9000001 1.65
8 -2.9000001 1.75
8 -2.9000001 1.85
8 -2.9000001 1.95
8 -2.9000001 2.05
8 -2.9000001 2.1500001
8 -2.9000001 2.25
8 -2.9000001 2.3499999
8 -2.9000001 2.45
7.9000001 -2.9000001 -0.44999999
7.9000001 -2.9000001 -0.34999999
7.9000001 -2.9000001 -0.25
7.9000001 -2.9000001 -0.15000001
7.9000001 -2.9000001 -0.050000001
7.9000001 -2.9000001 0.050000001
7.9000001 -2.9000001 0.15000001
7.9000001 -2.9000001 0.25
7.9000001 -2.9000001 0.34999999
7.9000001 -2.9000001 0.44999999
7.9000001 -2.9000001 0.55000001
7.9000001 -2.9000001 0.64999998
7.9000001 -2.9000001 0.75
7.9000001 -2.9000001 0.85000002
7.9000001 -2.9000001 0.94999999
7.9000001 -2.9000001 1.05
7.9000001 -2.9000001 1.15
7.9000001 -2.9000001 1.25
7.9000001 -2.9000001 1.35
7.9000001 -2.9000001 1.45
7.9000001 -2.9000001 1.55
7.9000001 -2.9000001 1.65
7.9000001 -2.9000001 1.75
7.9000001 -2.9000001 1.85
7.9000001 -2.9000001 1.95
7.9000001 -2.9000001 2.05
7.9000001 -2.9000001 2.1500001
7.9000001 -2.9000001 2.25
7.9000001 -2.9000001 2.3499999
7.9000001 -2.9000001 2.45
8.1000004 -2.8 -0.44999999
8.1000004 -2.8 -0.34999999
8.1000004 -2.8 -0.25
8.1000004 -2.8 -0.15000001
8.1000004 -2.8 -0.050000001
8.1000004 -2.8 0.050000001
8.1000004 -2.8 0.15000001
8.1000004 -2.8 0.25
8.1000004 -2.8 0.34999999
8.1000004 -2.8 0.44999999
8.1000004 -2.8 0.55000001
8.1000004 -2.8 0.64999998
8.1000004 -2.8 0.75
8.1000004 -2.8 0.85000002
8.1000004 -2.8 0.94999999
8.1000004 -2.8 1.05
8.1000004 -2.8 1.15
8.1000004 -2.8 1.25
8.1000004 -2.8 1.35
8.1000004 -2.8 1.45
8.1000004 -2.8 1.55
8.1000004 -2.8 1.65
8.1000004 -2.8 1.75
8.1000004 -2.8 1.85
8.1000004 -2.8 1.95
8.1000004 -2.8 2.05
8.1000004 -2.8 2.1500001
8.1000004 -2.8 2.25
8.1000004 -2.8 2.3499999
8.1000004 -2.8 2.45
8 -2.8 -0.44999999
8 -2.8 -0.34999999
8 -2.8 -0.25
8 -2.8 -0.15000001
8 -2.8 -0.050000001
8 -2.8 0.050000001
8 -2.8 0.15000001
8 -2.8 0.25
8 -2.8 0.34999999
8 -2.8 0.44999999
8 -2.8 0.55000001
8 -2.8 0.64999998
8 -2.8 0.75
8 -2.8 0.85000002
8 -2.8 0.94999999
8 -2.8 1.05
8 -2.8 1.15
8 -2.8 1.25
8 -2.8 1.35
8 -2.8 1.45
8 -2.8 1.55
8 -2.8 1.65
8 -2.8 1.75
8 -2.8 1.85
8 -2.8 1.95
8 -2.8 2.05
8 -2.8 2.1500001
8 -2.8 2.25
8 -2.8 2.3499999
8 -2.8 2.45
7.9000001 -2.8 -0.44999999
7.9000001 -2.8 -0.34999999
7.9000001 -2.8 -0.25
7.9000001 -2.8 -0.15000001
7.9000001 -2.8 -0.050000001
7.9000001 -2.8 0.050000001
7.9000001 -2.8 0.15000001
7.9000001 -2.8 0.25
7.9000001 -2.8 0.34999999
7.9000001 -2.8 0.44999999
7.9000001 -2.8 0.55000001
7.9000001 -2.8 0.64999998
7.9000001 -2.8 0.75
7.9000001 -2.8 0.85000002
7.9000001 -2.8 0.94999999
7.9000001 -2.8 1.05
7.9000001 -2.8 1.15
7.9000001 -2.8 1.25
7.9000001 -2.8 1.35
7.9000001 -2.8 1.45
7.9000001 -2.8 1.55
7.9000001 -2.8 1.65
7.9000001 -2.8 1.75
7.9000001 -2.8 1.85
7.9000001 -2.8 1.95
7.9000001 -2.8 2.05
7.9000001 -2.8 2.1500001
7.9000001 -2.8 2.25
7.9000001 -2.8 2.3499999
7.9000001 -2.8 2.45
8.1000004 -2.7 -0.44999999
8.1000004 -2.7 -0.34999999
8.1000004 -2.7 -0.25
8.1000004 -2.7 -0.15000001
8.1000004 -2.7 -0.050000001
8.1000004 -2.7 0.050000001
8.1000004 -2.7 0.15000001
8.1000004 -2.7 0.25
8.1000004 -2.7 0.34999999
8.1000004 -2.7 0.44999999
8.1000004 -2.7 0.55000001
8.1000004 -2.7 0.64999998
8.1000004 -2.7 0.75
8.1000004 -2.7 0.85000002
8.1000004 -2.7 0.94999999
8.1000004 -2.7 1.05
8.1000004 -2.7 1.15
8.1000004 -2.7 1.25
8.1000004 -2.7 1.35
8.1000004 -2.7 1.45
8.1000004 -2.7 1.55
8.1000004 -2.7 1.65
8.1000004 -2.7 1.75
8.1000004 -2.7 1.85
8.1000004 -2.7 1.95
8.1000004 -2.7 2.05
8.1000004 -2.7 2.1500001
8.1000004 -2.7 2.25
8.1000004 -2.7 2.3499999
8.1000004 -2.7 2.45
8 -2.7 -0.44999999
8 -2.7 -0.34999999
8 -2.7 -0.25
8 -2.7 -0.15000001
8 -2.7 -0.050000001
8 -2.7 0.050000001
8 -2.7 0.15000001
8 -2.7 0.25
8 -2.7 0.34999999
8 -2.7 0.44999999
8 -2.7 0.55000001
8 -2.7 0.64999998
8 -2.7 0.75
8 -2.7 0.85000002
8 -2.7 0.94999999
8 -2.7 1.05
8 -2.7 1.15
8 -2.7 1.25
8 -2.7 1.35
8 -2.7 1.45
8 -2.7 1.55
8 -2.7 1.65
8 -2.7 1.75
8 -2.7 1.85
8 -2.7 1.95
8 -2.7 2.05
8 -2.7 2.1500001
8 -2.7 2.25
8 -2.7 2.3499999
8 -2.7 2.45
7.9000001 -2.7 -0.44999999
7.9000001 -2.7 -0.34999999
7.9000001 -2.7 -0.25
7.9000001 -2.7 -0.15000001
7.9000001 -2.7 -0.050000001
7.9000001 -2.7 0.050000001
7.9000001 -2.7 0.15000001
7.9000001 -2.7 0.25
7.9000001 -2.7 0.34999999
7.9000001 -2.7 0.44999999
7.9000001 -2.7 0.55000001
7.9000001 -2.7 0.64999998
7.9000001 -2.7 0.75
7.9000001 -2.7 0.85000002
7.9000001 -2.7 0.94999999
7.9000001 -2.7 1.05
7.9000001 -2.7 1.15
7.9000001 -2.7 1.25
7.9000001 -2.7 1.35
7.9000001 -2.7 1.45
7.9000001 -2.7 1.55
7.9000001 -2.7 1.65
7.9000001 -2.7 1.75
7.9000001 -2.7 1.85
7.9000001 -2.7 1.95
7.9000001 -2.7 2.05
7.9000001 -2.7 2.1500001
7.9000001 -2.7 2.25
7.9000001 -2.7 2.3499999
7.9000001 -2.7 2.45
8.1000004 -2.5999999 -0.44999999
8.1000004 -2.5999999 -0.34999999
8.1000004 -2.5999999 -0.25
8.1000004 -2.5999999 -0.15000001
8.1000004 -2.5999999 -0.050000001
8.1000004 -2.5999999 0.050000001
8.1000004 -2.5999999 0.15000001
8.1000004 -2.5999999 0.25
8.1000004 -2.5999999 0.34999999
8.1000004 -2.5999999 0.44999999
8.1000004 -2.5999999 0.55000001
8.1000004 -2.5999999 0.64999998
8.1000004 -2.5999999 0.75
8.1000004 -2.5999999 0.85000002
8.1000004 -2.5999999 0.94999999
8.1000004 -2.5999999 1.05
8.1000004 -2.5999999 1.15
8.1000004 -2.5999999 1.25
8.1000004 -2.5999999 1.35
8.1000004 -2.5999999 1.45
8.1000004 -2.5999999 1.55
8.1000004 -2.5999999 1.65
8.1000004 -2.5999999 1.75
8.1000004 -2.5999999 1.85
8.1000004 -2.5999999 1.95
8.1000004 -2.5999999 2.05
8.1000004 -2.5999999 2.1500001
8.1000004 -2.5999999 2.25
8.1000004 -2.5999999 2.3499999
8.1000004 -2.5999999 2.45
8 -2.5999999 -0.44999999
8 -2.5999999 -0.34999999
8 -2.5999999 -0.25
8 -2.5999999 -0.15000001
8 -2.5999999 -0.050000001
8 -2.5999999 0.050000001
8 -2.5999999 0.15000001
8 -2.5999999 0.25
8 -2.5999999 0.34999999
8 -2.5999999 0.44999999
8 -2.5999999 0.55000001
8 -2.5999999 0.64999998
8 -2.5999999 0.75
8 -2.5999999 0.85000002
8 -2.5999999 0.94999999
8 -2.5999999 1.05
8 -2.5999999 1.15
8 -2.5999999 1.25
8 -2.5999999 1.35
8 -2.5999999 1.45
8 -2.5999999 1.55
8 -2.5999999 1.65
8 -2.5999999 1.75
8 -2.5999999 1.85
8 -2.5999999 1.95
8 -2.5999999 2.05
8 -2.5999999 2.1500001
8 -2.5999999 2.25
8 -2.5999999 2.3499999
8 -2.5999999 2.45
7.9000001 -2.5999999 -0.44999999
7.9000001 -2.5999999 -0.34999999
7.9000001 -2.5999999 -0.25
7.9000001 -2.5999999 -0.15000001
7.9000001 -2.5999999 -0.050000001
7.9000001 -2.5999999 0.050000001
7.9000001 -2.5999999 0.15000001
7.9000001 -2.5999999 0.25
7.9000001 -2.5999999 0.34999999
7.9000001 -2.5999999 0.44999999
7.9000001 -2.5999999 0.55000001
7.9000001 -2.5999999 0.64999998
7.9000001 -2.5999999 0.75
7.9000001 -2.5999999 0.85000002
7.9000001 -2.5999999 0.94999999
7.9000001 -2.5999999 1.05
7.9000001 -2.5999999 1.15
7.9000001 -2.5999999 1.25
7.9000001 -2.5999999 1.35
7.9000001 -2.5999999 1.45
7.9000001 -2.5999999 1.55
7.9000001 -2.5999999 1.65
7.9000001 -2.5999999 1.75
7.9000001 -2.5999999 1.85
7.9000001 -2.5999999 1.95
7.9000001 -2.5999999 2.05
7.9000001 -2.5999999 2.1500001
7.9000001 -2.5999999 2.25
7.9000001 -2.5999999 2.3499999
7.9000001 -2.5999999 2.45
8.1000004 -2.5 -0.44999999
8.1000004 -2.5 -0.34999999
8.1000004 -2.5 -0.25
8.1000004 -2.5 -0.15000001
8.1000004 -2.5 -0.050000001
8.1000004 -2.5 0.050000001
8.1000004 -2.5 0.15000001
8.1000004 -2.5 0.25
8.1000004 -2.5 0.34999999
8.1000004 -2.5 0.44999999
8.1000004 -2.5 0.55000001
8.1000004 -2.5 0.64999998
8.1000004 -2.5 0.75
8.1000004 -2.5 0.85000002
8.1000004 -2.5 0.94999999
8.1000004 -2.5 1.05
8.1000004 -2.5 1.15
8.1000004 -2.5 1.25
8.1000004 -2.5 1.35
8.1000004 -2.5 1.45
8.1000004 -2.5 1.55
8.1000004 -2.5 1.65
8.1000004 -2.5 1.75
8.1000004 -2.5 1.85
8.1000004 -2.5 1.95
8.1000004 -2.5 2.05
8.1000004 -2.5 2.1500001
8.1000004 -2.5 2.25
8.1000004 -2.5 2.3499999
8.1000004 -2.5 2.45
8 -2.5 -0.44999999
8 -2.5 -0.34999999
8 -2.5 -0.25
8 -2.5 -0.15000001
8 -2.5 -0.050000001
8 -2.5 0.050000001
8 -2.5 0.15000001
8 -2.5 0.25
8 -2.5 0.34999999
8 -2.5 0.44999999
8 -2.5 0.55000001
8 -2.5 0.64999998
8 -2.5 0.75
8 -2.5 0.85000002
8 -2.5 0.94999999
8 -2.5 1.05
8 -2.5 1.15
8 -2.5 1.25
8 -2.5 1.35
8 -2.5 1.45
8 -2.5 1.55
8 -2.5 1.65
8 -2.5 1.75
8 -2.5 1.85
8 -2.5 1.95
8 -2.5 2.05
8 -2.5 2.1500001
8 -2.5 2.25
8 -2.5 2.3499999
8 -2.5 2.45
7.9000001 -2.5 -0.44999999
7.9000001 -2.5 -0.34999999
7.9000001 -2.5 -0.25
7.9000001 -2.5 -0.15000001
7.9000001 -2.5 -0.050000001
7.9000001 -2.5 0.050000001
7.9000001 -2.5 0.15000001
7.9000001 -2.5 0.25
7.9000001 -2.5 0.34999999
7.9000001 -2.5 0.44999999
7.9000001 -2.5 0.55000001
7.9000001 -2.5 0.64999998
7.9000001 -2.5 0.75
7.9000001 -2.5 0.85000002
7.9000001 -2.5 0.94999999
7.9000001 -2.5 1.05
7.9000001 -2.5 1.15
7.9000001 -2.5 1.25
7.9000001 -2.5 1.35
7.9000001 -2.5 1.45
7.9000001 -2.5 1.55
7.9000001 -2.5 1.65
7.9000001 -2.5 1.75
7.9000001 -2.5 1.85
7.9000001 -2.5 1.95
7.9000001 -2.5 2.05
7.9000001 -2.5 2.1500001
7.9000001 -2.5 2.25
7.9000001 -2.5 2.3499999
7.9000001 -2.5 2.45
8.1000004 -2.4000001 -0.44999999
8.1000004 -2.4000001 -0.34999999
8.1000004 -2.4000001 -0.25
8.1000004 -2.4000001 -0.15000001
8.1000004 -2.4000001 -0.050000001
8.1000004 -2.4000001 0.050000001
8.1000004 -2.4000001 0.15000001
8.1000004 -2.4000001 0.25
8.1000004 -2.4000001 0.34999999
8.1000004 -2.4000001 0.44999999
8.1000004 -2.4000001 0.55000001
8.1000004 -2.4000001 0.64999998
8.1000004 -2.4000001 0.75
8.1000004 -2.4000001 0.85000002
8.1000004 -2.4000001 0.94999999
8.1000004 -2.4000001 1.05
8.1000004 -2.4000001 1.15
8.1000004 -2.4000001 1.25
8.1000004 -2.4000001 1.35
8.1000004 -2.4000001 1.45
8.1000004 -2.4000001 1.55
8.1000004 -2.4000001 1.65
8.1000004 -2.4000001 1.75
8.1000004 -2.4000001 1.85
8.1000004 -2.4000001 1.95
8.1000004 -2.4000001 2.05
8.1000004 -2.4000001 2.1500001
8.1000004 -2.4000001 2.25
8.1000004 -2.4000001 2.3499999
8.1000004 -2.4000001 2.45
8 -2.4000001 -0.44999999
8 -2.4000001 -0.34999999
8 -2.4000001 -0.25
8 -2.4000001 -0.15000001
8 -2.4000001 -0.050000001
8 -2.4000001 0.050000001
8 -2.4000001 0.15000001
8 -2.4000001 0.25
8 -2.4000001 0.34999999
8 -2.4000001 0.44999999
8 -2.4000001 0.55000001
8 -2.4000001 0.64999998
8 -2.4000001 0.75
8 -2.4000001 0.85000002
8 -2.4000001 0.94999999
8 -2.4000001 1.05
8 -2.4000001 1.15
8 -2.4000001 1.25
8 -2.4000001 1.35
8 -2.4000001 1.45
8 -2.4000001 1.55
8 -2.4000001 1.65
8 -2.4000001 1.75
8 -2.4000001 1.85
8 -2.4000001 1.95
8 -2.4000001 2.05
8 -2.4000001 2.1500001
8 -2.4000001 2.25
8 -2.4000001 2.3499999
8 -2.4000001 2.45
7.9000001 -2.4000001 -0.44999999
7.9000001 -2.4000001 -0.34999999
7.9000001 -2.4000001 -0.25
7.9000001 -2.4000001 -0.15000001
7.9000001 -2.4000001 -0.050000001
7.9000001 -2.4000001 0.050000001
7.9000001 -2.4000001 0.15000001
7.9000001 -2.4000001 0.25
7.9000001 -2.4000001 0.34999999
7.9000001 -2.4000001 0.44999999
7.9000001 -2.4000001 0.55000001
7.9000001 -2.4000001 0.64999998
7.9000001 -2.4000001 0.75
7.9000001 -2.4000001 0.85000002
7.9000001 -2.4000001 0.94999999
7.9000001 -2.4000001 1.05
7.9000001 -2.4000001 1.15
7.9000001 -2.4000001 1.25
7.9000001 -2.4000001 1.35
7.9000001 -2.4000001 1.45
7.9000001 -2.4000001 1.55
7.9000001 -2.4000001 1.65
7.9000001 -2.4000001 1.75
7.9000001 -2.4000001 1.85
7.9000001 -2.4000001 1.95
7.9000001 -2.4000001 2.05
7.9000001 -2.4000001 2.1500001
7.9000001 -2.4000001 2.25
7.9000001 -2.4000001 2.3499999
7.9000001 -2.4000001 2.45
8.1000004 -2.3 -0.44999999
8.1000004 -2.3 -0.34999999
8.1000004 -2.3 -0.25
8.1000004 -2.3 -0.15000001
8.1000004 -2.3 -0.050000001
8.1000004 -2.3 0.050000001
8.1000004 -2.3 0.15000001
8.1000004 -2.3 0.25
8.1000004 -2.3 0.34999999
8.1000004 -2.3 0.44999999
8.1000004 -2.3 0.55000001
8.1000004 -2.3 0.64999998
8.1000004 -2.3 0.75
8.1000004 -2.3 0.85000002
8.1000004 -2.3 0.94999999
8.1000004 -2.3 1.05
8.1000004 -2.3 1.15
8.1000004 -2.3 1.25
8.1000004 -2.3 1.35
8.1000004 -2.3 1.45
8.1000004 -2.3 1.55
8.1000004 -2.3 1.65
8.1000004 -2.3 1.75
8.1000004 -2.3 1.85
8.1000004 -2.3 1.95
8.1000004 -2.3 2.05
8.1000004 -2.3 2.1500001
8.1000004 -2.3 2.25
8.1000004 -2.3 2.3499999
8.1000004 -2.3 2.45
8 -2.3 -0.44999999
8 -2.3 -0.34999999
8 -2.3 -0.25
8 -2.3 -0.15000001
8 -2.3 -0.050000001
8 -2.3 0.050000001
8 -2.3 0.15000001
8 -2.3 0.25
8 -2.3 0.34999999
8 -2.3 0.44999999
8 -2.3 0.55000001
8 -2.3 0.64999998
8 -2.3 0.75
8 -2.3 0.85000002
8 -2.3 0.94999999
8 -2.3 1.05
8 -2.3 1.15
8 -2.3 1.25
8 -2.3 1.35
8 -2.3 1.45
8 -2.3 1.55
8 -2.3 1.65
8 -2.3 1.75
8 -2.3 1.85
8 -2.3 1.95
8 -2.3 2.05
8 -2.3 2.1500001
8 -2.3 2.25
8 -2.3 2.3499999
8 -2.3 2.45
7.9000001 -2.3 -0.44999999
7.9000001 -2.3 -0.34999999
7.9000001 -2.3 -0.25
7.9000001 -2.3 -0.15000001
7.9000001 -2.3 -0.050000001
7.9000001 -2.3 0.050000001
7.9000001 -2.3 0.15000001
7.9000001 -2.3 0.25
7.9000001 -2.3 0.34999999
7.9000001 -2.3 0.44999999
7.9000001 -2.3 0.55000001
7.9000001 -2.3 0.64999998
7.9000001 -2.3 0.75
7.9000001 -2.3 0.85000002
7.9000001 -2.3 0.94999999
7.9000001 -2.3 1.05
7.9000001 -2.3 1.15
7.9000001 -2.3 1.25
7.9000001 -2.3 1.35
7.9000001 -2.3 1.45
7.9000001 -2.3 1.55
7.9000001 -2.3 1.65
7.9000001 -2.3 1.75
7.9000001 -2.3 1.85
7.9000001 -2.3 1.95
7.9000001 -2.3 2.05
7.9000001 -2.3 2.1500001
7.9000001 -2.3 2.25
7.9000001 -2.3 2.3499999
7.9000001 -2.3 2.45
8.1000004 -2.2 -0.44999999
8.1000004 -2.2 -0.34999999
8.1000004 -2.2 -0.25
8.1000004 -2.2 -0.15000001
8.1000004 -2.2 -0.050000001
8.1000004 -2.2 0.050000001
8.1000004 -2.2 0.15000001
8.1000004 -2.2 0.25
8.1000004 -2.2 0.34999999
8.1000004 -2.2 0.44999999
8.1000004 -2.2 0.55000001
8.1000004 -2.2 0.64999998
8.1000004 -2.2 0.75
8.1000004 -2.2 0.85000002
8.1000004 -2.2 0.94999999
8.1000004 -2.2 1.05
8.1000004 -2.2 1.15
8.1000004 -2.2 1.25
8.1000004 -2.2 1.35
8.1000004 -2.2 1.45
8.1000004 -2.2 1.55
8.1000004 -2.2 1.65
8.1000004 -2.2 1.75
8.1000004 -2.2 1.85
8.1000004 -2.2 1.95
8.1000004 -2.2 2.05
8.1000004 -2.2 2.1500001
8.1000004 -2.2 2.25
8.1000004 -2.2 2.3499999
8.1000004 -2.2 2.45
8 -2.2 -0.44999999
8 -2.2 -0.34999999
8 -2.2 -0.25
8 -2.2 -0.15000001
8 -2.2 -0.050000001
8 -2.2 0.050000001
8 -2.2 0.15000001
8 -2.2 0.25
8 -2.2 0.34999999
8 -2.2 0.44999999
8 -2.2 0.55000001
8 -2.2 0.64999998
8 -2.2 0.75
8 -2.2 0.85000002
8 -2.2 0.94999999
8 -2.2 1.05
8 -2.2 1.15
8 -2.2 1.25
8 -2.2 1.35
8 -2.2 1.45
8 -2.2 1.55
8 -2.2 1.65
8 -2.2 1.75
8 -2.2 1.85
8 -2.2 1.95
8 -2.2 2.05
8 -2.2 2.1500001
8 -2.2 2.25
8 -2.2 2.3499999
8 -2.2 2.45
7.9000001 -2.2 -0.44999999
7.9000001 -2.2 -0.34999999
7.9000001 -2.2 -0.25
7.9000001 -2.2 -0.15000001
7.9000001 -2.2 -0.050000001
7.9000001 -2.2 0.050000001
7.9000001 -2.2 0.15000001
7.9000001 -2.2 0.25
7.9000001 -2.2 0.34999999
7.9000001 -2.2 0.44999999
7.9000001 -2.2 0.55000001
7.9000001 -2.2 0.64999998
7.9000001 -2.2 0.75
7.9000001 -2.2 0.85000002
7.9000001 -2.2 0.94999999
7.9000001 -2.2 1.05
7.9000001 -2.2 1.15
7.9000001 -2.2 1.25
7.9000001 -2.2 1.35
7.9000001 -2.2 1.45
7.9000001 -2.2 1.55
7.9000001 -2.2 1.65
7.9000001 -2.2 1.75
7.9000001 -2.2 1.85
7.9000001 -2.2 1.95
7.9000001 -2.2 2.05
7.9000001 -2.2 2.1500001
7.9000001 -2.2 2.25
7.9000001 -2.2 2.3499999
7.9000001 -2.2 2.45
8.1000004 -2.0999999 -0.44999999
8.1000004 -2.0999999 -0.34999999
8.1000004 -2.0999999 -0.25
8.1000004 -2.0999999 -0.15000001
8.1000004 -2.0999999 -0.050000001
8.1000004 -2.0999999 0.050000001
8.1000004 -2.0999999 0.15000001
8.1000004 -2.0999999 0.25
8.1000004 -2.0999999 0.34999999
8.1000004 -2.0999999 0.44999999
8.1000004 -2.0999999 0.55000001
8.1000004 -2.0999999 0.64999998
8.1000004 -2.0999999 0.75
8.1000004 -2.0999999 0.85000002
8.1000004 -2.0999999 0.94999999
8.1000004 -2.0999999 1.05
8.1000004 -2.0999999 1.15
8.1000004 -2.0999999 1.25
8.1000004 -2.0999999 1.35
8.1000004 -2.0999999 1.45
8.1000004 -2.0999999 1.55
8.1000004 -2.0999999 1.65
8.1000004 -2.0999999 1.75
8.1000004 -2.0999999 1.85
8.1000004 -2.0999999 1.95
8.1000004 -2.0999999 2.05
8.1000004 -2.0999999 2.1500001
8.1000004 -2.0999999 2.25
8.1000004 -2.0999999 2.3499999
8.1000004 -2.0999999 2.45
8 -2.0999999 -0.44999999
8 -2.0999999 -0.34999999
8 -2.0999999 -0.25
8 -2.0999999 -0.15000001
8 -2.0999999 -0.050000001
8 -2.0999999 0.050000001
8 -2.0999999 0.15000001
8 -2.0999999 0.25
8 -2.0999999 0.34999999
8 -2.0999999 0.44999999
8 -2.0999999 0.55000001
8 -2.0999999 0.64999998
8 -2.0999999 0.75
8 -2.0999999 0.85000002
8 -2.0999999 0.94999999
8 -2.0999999 1.05
8 -2.0999999 1.15
8 -2.0999999 1.25
8 -2.0999999 1.35
8 -2.0999999 1.45
8 -2.0999999 1.55
8 -2.0999999 1.65
8 -2.0999999 1.75
8 -2.0999999 1.85
8 -2.0999999 1.95
8 -2.0999999 2.05
8 -2.0999999 2.1500001
8 -2.0999999 2.25
8 -2.0999999 2.3499999
8 -2.0999999 2.45
7.9000001 -2.0999999 -0.44999999
7.9000001 -2.0999999 -0.34999999
7.9000001 -2.0999999 -0.25
7.9000001 -2.0999999 -0.15000001
7.9000001 -2.0999999 -0.050000001
7.9000001 -2.0999999 0.050000001
7.9000001 -2.0999999 0.15000001
7.9000001 -2.0999999 0.25
7.9000001 -2.0999999 0.34999999
7.9000001 -2.0999999 0.44999999
7.9000001 -2.0999999 0.55000001
7.9000001 -2.0999999 0.64999998
7.9000001 -2.0999999 0.75
7.9000001 -2.0999999 0.85000002
7.9000001 -2.0999999 0.94999999
7.9000001 -2.0999999 1.05
7.9000001 -2.0999999 1.15
7.9000001 -2.0999999 1.25
7.9000001 -2.0999999 1.35
7.9000001 -2.0999999 1.45
7.9000001 -2.0999999 1.55
7.9000001 -2.0999999 1.65
7.9000001 -2.0999999 1.75
7.9000001 -2.0999999 1.85
7.9000001 -2.0999999 1.95
7.9000001 -2.0999999 2.05
7.9000001 -2.0999999 2.1500001
7.9000001 -2.0999999 2.25
7.9000001 -2.0999999 2.3499999
7.9000001 -2.0999999 2.45
8.1000004 -2 -0.44999999
8.1000004 -2 -0.34999999
8.1000004 -2 -0.25
8.1000004 -2 -0.15000001
8.1000004 -2 -0.050000001
8.1000004 -2 0.050000001
8.1000004 -2 0.15000001
8.1000004 -2 0.25
8.1000004 -2 0.34999999
8.1000004 -2 0.44999999
8.1000004 -2 0.55000001
8.1000004 -2 0.64999998
8.1000004 -2 0.75
8.1000004 -2 0.85000002
8.1000004 -2 0.94999999
8.1000004 -2 1.05
8.1000004 -2 1.15
8.1000004 -2 1.25
8.1000004 -2 1.35
8.1000004 -2 1.45
8.1000004 -2 1.55
8.1000004 -2 1.65
8.1000004 -2 1.75
8.1000004 -2 1.85
8.1000004 -2 1.95
8.1000004 -2 2.05
8.1000004 -2 2.1500001
8.1000004 -2 2.25
8.1000004 -2 2.3499999
8.1000004 -2 2.45
8 -2 -0.44999999
8 -2 -0.34999999
8 -2 -0.25
8 -2 -0.15000001
8 -2 -0.050000001
8 -2 0.050000001
8 -2 0.15000001
8 -2 0.25
8 -2 0.34999999
8 -2 0.44999999
8 -2 0.55000001
8 -2 0.64999998
8 -2 0.75
8 -2 0.85000002
8 -2 0.94999999
8 -2 1.05
8 -2 1.15
8 -2 1.25
8 -2 1.35
8 -2 1.45
8 -2 1.55
8 -2 1.65
8 -2 1.75
8 -2 1.85
8 -2 1.95
8 -2 2.05
8 -2 2.1500001
8 -2 2.25
8 -2 2.3499999
8 -2 2.45
7.9000001 -2 -0.44999999
7.9000001 -2 -0.34999999
7.9000001 -2 -0.25
7.9000001 -2 -0.15000001
7.9000001 -2 -0.050000001
7.9000001 -2 0.050000001
7.9000001 -2 0.15000001
7.9000001 -2 0.25
7.9000001 -2 0.34999999
7.9000001 -2 0.44999999
7.9000001 -2 0.55000001
7.9000001 -2 0.64999998
7.9000001 -2 0.75
7.9000001 -2 0.85000002
7.9000001 -2 0.94999999
7.9000001 -2 1.05
7.9000001 -2 1.15
7.9000001 -2 1.25
7.9000001 -2 1.35
7.9000001 -2 1.45
7.9000001 -2 1.55
7.9000001 -2 1.65
7.9000001 -2 1.75
7.9000001 -2 1.85
7.9000001 -2 1.95
7.9000001 -2 2.05
7.9000001 -2 2.1500001
7.9000001 -2 2.25
7.9000001 -2 2.3499999
7.9000001 -2 2.45
8.1000004 -1.9 -0.44999999
8.1000004 -1.9 -0.34999999
8.1000004 -1.9 -0.25
8.1000004 -1.9 -0.15000001
8.1000004 -1.9 -0.050000001
8.1000004 -1.9 0.050000001
8.1000004 -1.9 0.15000001
8.1000004 -1.9 0.25
8.1000004 -1.9 0.34999999
8.1000004 -1.9 0.44999999
8.1000004 -1.9 0.55000001
8.1000004 -1.9 0.64999998
8.1000004 -1.9 0.75
8.1000004 -1.9 0.85000002
8.1000004 -1.9 0.94999999
8.1000004 -1.9 1.05
8.1000004 -1.9 1.15
8.1000004 -1.9 1.25
8.1000004 -1.9 1.35
8.1000004 -1.9 1.45
8.1000004 -1.9 1.55
8.1000004 -1.9 1.65
8.1000004 -1.9 1.75
8.1000004 -1.9 1.85
8.1000004 -1.9 1.95
8.1000004 -1.9 2.05
8.1000004 -1.9 2.1500001
8.1000004 -1.9 2.25
8.1000004 -1.9 2.3499999
8.1000004 -1.9 2.45
8 -1.9 -0.44999999
8 -1.9 -0.34999999
8 -1.9 -0.25
8 -1.9 -0.15000001
8 -1.9 -0.050000001
8 -1.9 0.050000001
8 -1.9 0.15000001
8 -1.9 0.25
8 -1.9 0.34999999
8 -1.9 0.44999999
8 -1.9 0.55000001
8 -1.9 0.64999998
8 -1.9 0.75
8 -1.9 0.85000002
8 -1.9 0.94999999
8 -1.9 1.05
8 -1.9 1.15
8 -1.9 1.25
8 -1.9 1.35
8 -1.9 1.45
8 -1.9 1.55
8 -1.9 1.65
8 -1.9 1.75
8 -1.9 1.85
8 -1.9 1.95
8 -1.9 2.05
8 -1.9 2.1500001
8 -1.9 2.25
8 -1.9 2.3499999
8 -1.9 2.45
7.9000001 -1.9 -0.44999999
7.9000001 -1.9 -0.34999999
7.9000001 -1.9 -0.25
7.9000001 -1.9 -0.15000001
7.9000001 -1.9 -0.050000001
7.9000001 -1.9 0.050000001
7.9000001 -1.9 0.15000001
7.9000001 -1.9 0.25
7.9000001 -1.9 0.34999999
7.9000001 -1.9 0.44999999
7.9000001 -1.9 0.55000001
7.9000001 -1.9 0.64999998
7.9000001 -1.9 0.75
7.9000001 -1.9 0.85000002
7.9000001 -1.9 0.94999999
7.9000001 -1.9 1.05
7.9000001 -1.9 1.15
7.9000001 -1.9 1.25
7.9000001 -1.9 1.35
7.9000001 -1.9 1.45
7.9000001 -1.9 1.55
7.9000001 -1.9 1.65
7.9000001 -1.9 1.75
7.9000001 -1.9 1.85
7.9000001 -1.9 1.95
7.9000001 -1.9 2.05
7.9000001 -1.9 2.1500001
7.9000001 -1.9 2.25
7.9000001 -1.9 2.3499999
7.9000001 -1.9 2.45
8.1000004 -1.8 -0.44999999
8.1000004 -1.8 -0.34999999
8.1000004 -1.8 -0.25
8.1000004 -1.8 -0.15000001
8.1000004 -1.8 -0.050000001
8.1000004 -1.8 0.050000001
8.1000004 -1.8 0.15000001
8.1000004 -1.8 0.25
8.1000004 -1.8 0.34999999
8.1000004 -1.8 0.44999999
8.1000004 -1.8 0.55000001
8.1000004 -1.8 0.64999998
8.1000004 -1.8 0.75
8.1000004 -1.8 0.85000002
8.1000004 -1.8 0.94999999
8.1000004 -1.8 1.05
8.1000004 -1.8 1.15
8.1000004 -1.8 1.25
8.1000004 -1.8 1.35
8.1000004 -1.8 1.45
8.1000004 -1.8 1.55
8.1000004 -1.8 1.65
8.1000004 -1.8 1.75
8.1000004 -1.8 1.85
8.1000004 -1.8 1.95
8.1000004 -1.8 2.05
8.1000004 -1.8 2.1500001
8.1000004 -1.8 2.25
8.1000004 -1.8 2.3499999
8.1000004 -1.8 2.45
8 -1.8 -0.44999999
8 -1.8 -0.34999999
8 -1.8 -0.25
8 -1.8 -0.15000001
8 -1.8 -0.050000001
8 -1.8 0.050000001
8 -1.8 0.15000001
8 -1.8 0.25
8 -1.8 0.34999999
8 -1.8 0.44999999
8 -1.8 0.55000001
8 -1.8 0.64999998
8 -1.8 0.75
8 -1.8 0.85000002
8 -1.8 0.94999999
8 -1.8 1.05
8 -1.8 1.15
8 -1.8 1.25
8 -1.8 1.35
8 -1.8 1.45
8 -1.8 1.55
8 -1.8 1.65
8 -1.8 1.75
8 -1.8 1.85
8 -1.8 1.95
8 -1.8 2.05
8 -1.8 2.1500001
8 -1.8 2.25
8 -1.8 2.3499999
8 -1.8 2.45
7.9000001 -1.8 -0.44999999
7.9000001 -1.8 -0.34999999
7.9000001 -1.8 -0.25
7.9000001 -1.8 -0.15000001
7.9000001 -1.8 -0.050000001
7.9000001 -1.8 0.050000001
7.9000001 -1.8 0.15000001
7.9000001 -1.8 0.25
7.9000001 -1.8 0.34999999
7.9000001 -1.8 0.44999999
7.9000001 -1.8 0.55000001
7.9000001 -1.8 0.64999998
7.9000001 -1.8 0.75
7.9000001 -1.8 0.85000002
7.9000001 -1.8 0.94999999
7.9000001 -1.8 1.05
7.9000001 -1.8 1.15
7.9000001 -1.8 1.25
7.9000001 -1.8 1.35
7.9000001 -1.8 1.45
7.9000001 -1.8 1.55
7.9000001 -1.8 1.65
7.9000001 -1.8 1.75
7.9000001 -1.8 1.85
7.9000001 -1.8 1.95
7.9000001 -1.8 2.05
7.9000001 -1.8 2.1500001
7.9000001 -1.8 2.25
7.9000001 -1.8 2.3499999
7.9000001 -1.8 2.45
8.1000004 -1.7 -0.44999999
8.1000004 -1.7 -0.34999999
8.1000004 -1.7 -0.25
8.1000004 -1.7 -0.15000001
8.1000004 -1.7 -0.050000001
8.1000004 -1.7 0.050000001
8.1000004 -1.7 0.15000001
8.1000004 -1.7 0.25
8.1000004 -1.7 0.34999999
8.1000004 -1.7 0.44999999
8.1000004 -1.7 0.55000001
8.1000004 -1.7 0.64999998
8.1000004 -1.7 0.75
8.1000004 -1.7 0.85000002
8.1000004 -1.7 0.94999999
8.1000004 -1.7 1.05
8.1000004 -1.7 1.15
8.1000004 -1.7 1.25
8.1000004 -1.7 1.35
8.1000004 -1.7 1.45
8.1000004 -1.7 1.55
8.1000004 -1.7 1.65
8.1000004 -1.7 1.75
8.1000004 -1.7 1.85
8.1000004 -1.7 1.95
8.1000004 -1.7 2.05
8.1000004 -1.7 2.1500001
8.1000004 -1.7 2.25
8.1000004 -1.7 2.3499999
8.1000004 -1.7 2.45
8 -1.7 -0.44999999
8 -1.7 -0.34999999
8 -1.7 -0.25
8 -1.7 -0.15000001
8 -1.7 -0.050000001
8 -1.7 0.050000001
8 -1.7 0.15000001
8 -1.7 0.25
8 -1.7 0.34999999
8 -1.7 0.44999999
8 -1.7 0.55000001
8 -1.7 0.64999998
8 -1.7 0.75
8 -1.7 0.85000002
8 -1.7 0.94999999
8 -1.7 1.05
8 -1.7 1.15
8 -1.7 1.25
8 -1.7 1.35
8 -1.7 1.45
8 -1.7 1.55
8 -1.7 1.65
8 -1.7 1.75
8 -1.7 1.85
8 -1.7 1.95
8 -1.7 2.05
8 -1.7 2.1500001
8 -1.7 2.25
8 -1.7 2.3499999
8 -1.7 2.45
7.9000001 -1.7 -0.44999999
7.9000001 -1.7 -0.34999999
7.9000001 -1.7 -0.25
7.9000001 -1.7 -0.15000001
7.9000001 -1.7 -0.050000001
7.9000001 -1.7 0.050000001
7.9000001 -1.7 0.15000001
7.9000001 -1.7 0.25
7.9000001 -1.7 0.34999999
7.9000001 -1.7 0.44999999
7.9000001 -1.7 0.55000001
7.9000001 -1.7 0.64999998
7.9000001 -1.7 0.75
7.9000001 -1.7 0.85000002
7.9000001 -1.7 0.94999999
7.9000001 -1.7 1.05
7.9000001 -1.7 1.15
7.9000001 -1.7 1.25
7.9000001 -1.7 1.35
7.9000001 -1.7 1.45
7.9000001 -1.7 1.55
7.9000001 -1.7 1.65
7.9000001 -1.7 1.75
7.9000001 -1.7 1.85
7.9000001 -1.7 1.95
7.9000001 -1.7 2.05
7.9000001 -1.7 2.1500001
7.9000001 -1.7 2.25
7.9000001 -1.7 2.3499999
7.9000001 -1.7 2.45
8.1000004 -1.6 -0.44999999
8.1000004 -1.6 -0.34999999
8.1000004 -1.6 -0.25
8.1000004 -1.6 -0.15000001
8.1000004 -1.6 -0.050000001
8.1000004 -1.6 0.050000001
8.1000004 -1.6 0.15000001
8.1000004 -1.6 0.25
8.1000004 -1.6 0.34999999
8.1000004 -1.6 0.44999999
8.1000004 -1.6 0.55000001
8.1000004 -1.6 0.64999998
8.1000004 -1.6 0.75
8.1000004 -1.6 0.85000002
8.1000004 -1.6 0.94999999
8.1000004 -1.6 1.05
8.1000004 -1.6 1.15
8.1000004 -1.6 1.25
8.1000004 -1.6 1.35
8.1000004 -1.6 1.45
8.1000004 -1.6 1.55
8.1000004 -1.6 1.65
8.1000004 -1.6 1.75
8.1000004 -1.6 1.85
8.1000004 -1.6 1.95
8.1000004 -1.6 2.05
8.1000004 -1.6 2.1500001
8.1000004 -1.6 2.25
8.1000004 -1.6 2.3499999
8.1000004 -1.6 2.45
8 -1.6 -0.44999999
8 -1.6 -0.34999999
8 -1.6 -0.25
8 -1.6 -0.15000001
8 -1.6 -0.050000001
8 -1.6 0.050000001
8 -1.6 0.15000001
8 -1.6 0.25
8 -1.6 0.34999999
8 -1.6 0.44999999
8 -1.6 0.55000001
8 -1.6 0.64999998
8 -1.6 0.75
8 -1.6 0.85000002
8 -1.6 0.94999999
8 -1.6 1.05
8 -1.6 1.15
8 -1.6 1.25
8 -1.6 1.35
8 -1.6 1.45
8 -1.6 1.55
8 -1.6 1.65
8 -1.6 1.75
8 -1.6 1.85
8 -1.6 1.95
8 -1.6 2.05
8 -1.6 2.1500001
8 -1.6 2.25
8 -1.6 2.3499999
8 -1.6 2.45
7.9000001 -1.6 -0.44999999
7.9000001 -1.6 -0.34999999
7.9000001 -1.6 -0.25
7.9000001 -1.6 -0.15000001
7.9000001 -1.6 -0.050000001
7.9000001 -1.6 0.050000001
7.9000001 -1.6 0.15000001
7.9000001 -1.6 0.25
7.9000001 -1.6 0.34999999
7.9000001 -1.6 0.44999999
7.9000001 -1.6 0.55000001
7.9000001 -1.6 0.64999998
7.9000001 -1.6 0.75
7.9000001 -1.6 0.85000002
7.9000001 -1.6 0.94999999
7.9000001 -1.6 1.05
7.9000001 -1.6 1.15
7.9000001 -1.6 1.25
7.9000001 -1.6 1.35
7.9000001 -1.6 1.45
7.9000001 -1.6 1.55
7.9000001 -1.6 1.65
7.9000001 -1.6 1.75
7.9000001 -1.6 1.85
7.9000001 -1.6 1.95
7.9000001 -1.6 2.05
7.9000001 -1.6 2.1500001
7.9000001 -1.6 2.25
7.9000001 -1.6 2.3499999
7.9000001 -1.6 2.45
8.1000004 -1.5 -0.44999999
8.1000004 -1.5 -0.34999999
8.1000004 -1.5 -0.25
8.1000004 -1.5 -0.15000001
8.1000004 -1.5 -0.050000001
8.1000004 -1.5 0.050000001
8.1000004 -1.5 0.15000001
8.1000004 -1.5 0.25
8.1000004 -1.5 0.34999999
8.1000004 -1.5 0.44999999
8.1000004 -1.5 0.55000001
8.1000004 -1.5 0.64999998
8.1000004 -1.5 0.75
8.1000004 -1.5 0.85000002
8.1000004 -1.5 0.94999999
8.1000004 -1.5 1.05
8.1000004 -1.5 1.15
8.1000004 -1.5 1.25
8.1000004 -1.5 1.35
8.1000004 -1.5 1.45
8.1000004 -1.5 1.55
8.1000004 -1.5 1.65
8.1000004 -1.5 1.75
8.1000004 -1.5 1.85
8.1000004 -1.5 1.95
8.1000004 -1.5 2.05
8.1000004 -1.5 2.1500001
8.1000004 -1.5 2.25
8.1000004 -1.5 2.3499999
8.1000004 -1.5 2.45
8 -1.5 -0.44999999
8 -1.5 -0.34999999
8 -1.5 -0.25
8 -1.5 -0.15000001
8 -1.5 -0.050000001
8 -1.5 0.050000001
8 -1.5 0.15000001
8 -1.5 0.25
8 -1.5 0.34999999
8 -1.5 0.44999999
8 -1.5 0.55000001
8 -1.5 0.64999998
8 -1.5 0.75
8 -1.5 0.85000002
8 -1.5 0.94999999
8 -1.5 1.05
8 -1.5 1.15
8 -1.5 1.25
8 -1.5 1.35
8 -1.5 1.45
8 -1.5 1.55
8 -1.5 1.65
8 -1.5 1.75
8 -1.5 1.85
8 -1.5 1.95
8 -1.5 2.05
8 -1.5 2.1500001
8 -1.5 2.25
8 -1.5 2.3499999
8 -1.5 2.45
7.9000001 -1.5 -0.44999999
7.9000001 -1.5 -0.34999999
7.9000001 -1.5 -0.25
7.9000001 -1.5 -0.15000001
7.9000001 -1.5 -0.050000001
7.9000001 -1.5 0.050000001
7.9000001 -1.5 0.15000001
7.9000001 -1.5 0.25
7.9000001 -1.5 0.34999999
7.9000001 -1.5 0.44999999
7.9000001 -1.5 0.55000001
7.9000001 -1.5 0.64999998
7.9000001 -1.5 0.75
7.9000001 -1.5 0.85000002
7.9000001 -1.5 0.94999999
7.9000001 -1.5 1.05
7.9000001 -1.5 1.15
7.9000001 -1.5 1.25
7.9000001 -1.5 1.35
7.9000001 -1.5 1.45
7.9000001 -1.5 1.55
7.9000001 -1.5 1.65
7.9000001 -1.5 1.75
7.9000001 -1.5 1.85
7.9000001 -1.5 1.95
7.9000001 -1.5 2.05
7.9000001 -1.5 2.1500001
7.9000001 -1.5 2.25
7.9000001 -1.5 2.3499999
7.9000001 -1.5 2.45
8.1000004 -1.4 -0.44999999
8.1000004 -1.4 -0.34999999
8.1000004 -1.4 -0.25
8.1000004 -1.4 -0.15000001
8.1000004 -1.4 -0.050000001
8.1000004 -1.4 0.050000001
8.1000004 -1.4 0.15000001
8.1000004 -1.4 0.25
8.1000004 -1.4 0.34999999
8.1000004 -1.4 0.44999999
8.1000004 -1.4 0.55000001
8.1000004 -1.4 0.64999998
8.1000004 -1.4 0.75
8.1000004 -1.4 0.85000002
8.1000004 -1.4 0.94999999
8.1000004 -1.4 1.05
8.1000004 -1.4 1.15
8.1000004 -1.4 1.25
8.1000004 -1.4 1.35
8.1000004 -1.4 1.45
8.1000004 -1.4 1.55
8.1000004 -1.4 1.65
8.1000004 -1.4 1.75
8.1000004 -1.4 1.85
8.1000004 -1.4 1.95
8.1000004 -1.4 2.05
8.1000004 -1.4 2.1500001
8.1000004 -1.4 2.25
8.1000004 -1.4 2.3499999
8.1000004 -1.4 2.45
8 -1.4 -0.44999999
8 -1.4 -0.34999999
8 -1.4 -0.25
8 -1.4 -0.15000001
8 -1.4 -0.050000001
8 -1.4 0.050000001
8 -1.4 0.15000001
8 -1.4 0.25
8 -1.4 0.34999999
8 -1.4 0.44999999
8 -1.4 0.55000001
8 -1.4 0.64999998
8 -1.4 0.75
8 -1.4 0.85000002
8 -1.4 0.94999999
8 -1.4 1.05
8 -1.4 1.15
8 -1.4 1.25
8 -1.4 1.35
8 -1.4 1.45
8 -1.4 1.55
8 -1.4 1.65
8 -1.4 1.75
8 -1.4 1.85
8 -1.4 1.95
8 -1.4 2.05
8 -1.4 2.1500001
8 -1.4 2.25
8 -1.4 2.3499999
8 -1.4 2.45
7.9000001 -1.4 -0.44999999
7.9000001 -1.4 -0.34999999
7.9000001 -1.4 -0.25
7.9000001 -1.4 -0.15000001
7.9000001 -1.4 -0.050000001
7.9000001 -1.4 0.050000001
7.9000001 -1.4 0.15000001
7.9000001 -1.4 0.25
7.9000001 -1.4 0.34999999
7.9000001 -1.4 0.44999999
7.9000001 -1.4 0.55000001
7.9000001 -1.4 0.64999998
7.9000001 -1.4 0.75
7.9000001 -1.4 0.85000002
7.9000001 -1.4 0.94999999
7.9000001 -1.4 1.05
7.9000001 -1.4 1.15
7.9000001 -1.4 1.25
7.9000001 -1.4 1.35
7.9000001 -1.4 1.45
7.9000001 -1.4 1.55
7.9000001 -1.4 1.65
7.9000001 -1.4 1.75
7.9000001 -1.4 1.85
7.9000001 -1.4 1.95
7.9000001 -1.4 2.05
7.9000001 -1.4 2.1500001
7.9000001 -1.4 2.25
7.9000001 -1.4 2.3499999
7.9000001 -1.4 2.45
8.1000004 -1.3 -0.44999999
8.1000004 -1.3 -0.34999999
8.1000004 -1.3 -0.25
8.1000004 -1.3 -0.15000001
8.1000004 -1.3 -0.050000001
8.1000004 -1.3 0.050000001
8.1000004 -1.3 0.15000001
8.1000004 -1.3 0.25
8.1000004 -1.3 0.34999999
8.1000004 -1.3 0.44999999
8.1000004 -1.3 0.55000001
8.1000004 -1.3 0.64999998
8.1000004 -1.3 0.75
8.1000004 -1.3 0.85000002
8.1000004 -1.3 0.94999999
8.1000004 -1.3 1.05
8.1000004 -1.3 1.15
8.1000004 -1.3 1.25
8.1000004 -1.3 1.35
8.1000004 -1.3 1.45
8.1000004 -1.3 1.55
8.1000004 -1.3 1.65
8.1000004 -1.3 1.75
8.1000004 -1.3 1.85
8.1000004 -1.3 1.95
8.1000004 -1.3 2.05
8.1000004 -1.3 2.1500001
8.1000004 -1.3 2.25
8.1000004 -1.3 2.3499999
8.1000004 -1.3 2.45
8 -1.3 -0.44999999
8 -1.3 -0.34999999
8 -1.3 -0.25
8 -1.3 -0.15000001
8 -1.3 -0.050000001
8 -1.3 0.050000001
8 -1.3 0.15000001
8 -1.3 0.25
8 -1.3 0.34999999
8 -1.3 0.44999999
8 -1.3 0.55000001
8 -1.3 0.64999998
8 -1.3 0.75
8 -1.3 0.85000002
8 -1.3 0.94999999
8 -1.3 1.05
8 -1.3 1.15
8 -1.3 1.25
8 -1.3 1.35
8 -1.3 1.45
8 -1.3 1.55
8 -1.3 1.65
8 -1.3 1.75
8 -1.3 1.85
8 -1.3 1.95
8 -1.3 2.05
8 -1.3 2.1500001
8 -1.3 2.25
8 -1.3 2.3499999
8 -1.3 2.45
7.9000001 -1.3 -0.44999999
7.9000001 -1.3 -0.34999999
7.9000001 -1.3 -0.25
7.9000001 -1.3 -0.15000001
7.9000001 -1.3 -0.050000001
7.9000001 -1.3 0.050000001
7.9000001 -1.3 0.15000001
7.9000001 -1.3 0.25
7.9000001 -1.3 0.34999999
7.9000001 -1.3 0.44999999
7.9000001 -1.3 0.55000001
7.9000001 -1.3 0.64999998
7.9000001 -1.3 0.75
7.9000001 -1.3 0.85000002
7.9000001 -1.3 0.94999999
7.9000001 -1.3 1.05
7.9000001 -1.3 1.15
7.9000001 -1.3 1.25
7.9000001 -1.3 1.35
7.9000001 -1.3 1.45
7.9000001 -1.3 1.55
7.9000001 -1.3 1.65
7.9000001 -1.3 1.75
7.9000001 -1.3 1.85
7.9000001 -1.3 1.95
7.9000001 -1.3 2.05
7.9000001 -1.3 2.1500001
7.9000001 -1.3 2.25
7.9000001 -1.3 2.3499999
7.9000001 -1.3 2.45
8.1000004 -1.2 -0.44999999
8.1000004 -1.2 -0.34999999
8.1000004 -1.2 -0.25
8.1000004 -1.2 -0.15000001
8.1000004 -1.2 -0.050000001
8.1000004 -1.2 0.050000001
8.1000004 -1.2 0.15000001
8.1000004 -1.2 0.25
8.1000004 -1.2 0.34999999
8.1000004 -1.2 0.44999999
8.1000004 -1.2 0.55000001
8.1000004 -1.2 0.64999998
8.1000004 -1.2 0.75
8.1000004 -1.2 0.85000002
8.1000004 -1.2 0.94999999
8.1000004 -1.2 1.05
8.1000004 -1.2 1.15
8.1000004 -1.2 1.25
8.1000004 -1.2 1.35
8.1000004 -1.2 1.45
8.1000004 -1.2 1.55
8.1000004 -1.2 1.65
8.1000004 -1.2 1.75
8.1000004 -1.2 1.85
8.1000004 -1.2 1.95
8.1000004 -1.2 2.05
8.1000004 -1.2 2.1500001
8.1000004 -1.2 2.25
8.1000004 -1.2 2.3499999
8.1000004 -1.2 2.45
8 -1.2 -0.44999999
8 -1.2 -0.34999999
8 -1.2 -0.25
8 -1.2 -0.15000001
8 -1.2 -0.050000001
8 -1.2 0.050000001
8 -1.2 0.15000001
8 -1.2 0.25
8 -1.2 0.34999999
8 -1.2 0.44999999
8 -1.2 0.55000001
8 -1.2 0.64999998
8 -1.2 0.75
8 -1.2 0.85000002
8 -1.2 0.94999999
8 -1.2 1.05
8 -1.2 1.15
8 -1.2 1.25
8 -1.2 1.35
8 -1.2 1.45
8 -1.2 1.55
8 -1.2 1.65
8 -1.2 1.75
8 -1.2 1.85
8 -1.2 1.95
8 -1.2 2.05
8 -1.2 2.1500001
8 -1.2 2.25
8 -1.2 2.3499999
8 -1.2 2.45
7.9000001 -1.2 -0.44999999
7.9000001 -1.2 -0.34999999
7.9000001 -1.2 -0.25
7.9000001 -1.2 -0.15000001
7.9000001 -1.2 -0.050000001
7.9000001 -1.2 0.050000001
7.9000001 -1.2 0.15000001
7.9000001 -1.2 0.25
7.9000001 -1.2 0.34999999
7.9000001 -1.2 0.44999999
7.9000001 -1.2 0.55000001
7.9000001 -1.2 0.64999998
7.9000001 -1.2 0.75
7.9000001 -1.2 0.85000002
7.9000001 -1.2 0.94999999
7.9000001 -1.2 1.05
7.9000001 -1.2 1.15
7.9000001 -1.2 1.25
7.9000001 -1.2 1.35
7.9000001 -1.2 1.45
7.9000001 -1.2 1.55
7.9000001 -1.2 1.65
7.9000001 -1.2 1.75
7.9000001 -1.2 1.85
7.9000001 -1.2 1.95
7.9000001 -1.2 2.05
7.9000001 -1.2 2.1500001
7.9000001 -1.2 2.25
7.9000001 -1.2 2.3499999
7.9000001 -1.2 2.45
8.1000004 -1.1 -0.44999999
8.1000004 -1.1 -0.34999999
8.1000004 -1.1 -0.25
8.1000004 -1.1 -0.15000001
8.1000004 -1.1 -0.050000001
8.1000004 -1.1 0.050000001
8.1000004 -1.1 0.15000001
8.1000004 -1.1 0.25
8.1000004 -1.1 0.34999999
8.1000004 -1.1 0.44999999
8.1000004 -1.1 0.55000001
8.1000004 -1.1 0.64999998
8.1000004 -1.1 0.75
8.1000004 -1.1 0.85000002
8.1000004 -1.1 0.94999999
8.1000004 -1.1 1.05
8.1000004 -1.1 1.15
8.1000004 -1.1 1.25
8.1000004 -1.1 1.35
8.1000004 -1.1 1.45
8.1000004 -1.1 1.55
8.1000004 -1.1 1.65
8.1000004 -1.1 1.75
8.1000004 -1.1 1.85
8.1000004 -1.1 1.95
8.1000004 -1.1 2.05
8.1000004 -1.1 2.1500001
8.1000004 -1.1 2.25
8.1000004 -1.1 2.3499999
8.1000004 -1.1 2.45
8 -1.1 -0.44999999
8 -1.1 -0.34999999
8 -1.1 -0.25
8 -1.1 -0.15000001
8 -1.1 -0.050000001
8 -1.1 0.050000001
8 -1.1 0.15000001
8 -1.1 0.25
8 -1.1 0.34999999
8 -1.1 0.44999999
8 -1.1 0.55000001
8 -1.1 0.64999998
8 -1.1 0.75
8 -1.1 0.85000002
8 -1.1 0.94999999
8 -1.1 1.05
8 -1.1 1.15
8 -1.1 1.25
8 -1.1 1.35
8 -1.1 1.45
8 -1.1 1.55
8 -1.1 1.65
8 -1.1 1.75
8 -1.1 1.85
8 -1.1 1.95
8 -1.1 2.05
8 -1.1 2.1500001
8 -1.1 2.25
8 -1.1 2.3499999
8 -1.1 2.45
7.9000001 -1.1 -0.44999999
7.9000001 -1.1 -0.34999999
7.9000001 -1.1 -0.25
7.9000001 -1.1 -0.15000001
7.9000001 -1.1 -0.050000001
7.9000001 -1.1 0.050000001
7.9000001 -1.1 0.15000001
7.9000001 -1.1 0.25
7.9000001 -1.1 0.34999999
7.9000001 -1.1 0.44999999
7.9000001 -1.1 0.55000001
7.9000001 -1.1 0.64999998
7.9000001 -1.1 0.75
7.9000001 -1.1 0.85000002
7.9000001 -1.1 0.94999999
7.9000001 -1.1 1.05
7.9000001 -1.1 1.15
7.9000001 -1.1 1.25
7.9000001 -1.1 1.35
7.9000001 -1.1 1.45
7.9000001 -1.1 1.55
7.9000001 -1.1 1.65
7.9000001 -1.1 1.75
7.9000001 -1.1 1.85
7.9000001 -1.1 1.95
7.9000001 -1.1 2.05
7.9000001 -1.1 2.1500001
7.9000001 -1.1 2.25
7.9000001 -1.1 2.3499999
7.9000001 -1.1 2.45
8.1000004 -1 -0.44999999
8.1000004 -1 -0.34999999
8.1000004 -1 -0.25
8.1000004 -1 -0.15000001
8.1000004 -1 -0.050000001
8.1000004 -1 0.050000001
8.1000004 -1 0.15000001
8.1000004 -1 0.25
8.1000004 -1 0.34999999
8.1000004 -1 0.44999999
8.1000004 -1 0.55000001
8.1000004 -1 0.64999998
8.1000004 -1 0.75
8.1000004 -1 0.85000002
8.1000004 -1 0.94999999
8.1000004 -1 1.05
8.1000004 -1 1.15
8.1000004 -1 1.25
8.1000004 -1 1.35
8.1000004 -1 1.45
8.1000004 -1 1.55
8.1000004 -1 1.65
8.1000004 -1 1.75
8.1000004 -1 1.85
8.1000004 -1 1.95
8.1000004 -1 2.05
8.1000004 -1 2.1500001
8.1000004 -1 2.25
8.1000004 -1 2.3499999
8.1000004 -1 2.45
8 -1 -0.44999999
8 -1 -0.34999999
8 -1 -0.25
8 -1 -0.15000001
8 -1 -0.050000001
8 -1 0.050000001
8 -1 0.15000001
8 -1 0.25
8 -1 0.34999999
8 -1 0.44999999
8 -1 0.55000001
8 -1 0.64999998
8 -1 0.75
8 -1 0.85000002
8 -1 0.94999999
8 -1 1.05
8 -1 1.15
8 -1 1.25
8 -1 1.35
8 -1 1.45
8 -1 1.55
8 -1 1.65
8 -1 1.75
8 -1 1.85
8 -1 1.95
8 -1 2.05
8 -1 2.1500001
8 -1 2.25
8 -1 2.3499999
8 -1 2.45
7.9000001 -1 -0.44999999
7.9000001 -1 -0.34999999
7.9000001 -1 -0.25
7.9000001 -1 -0.15000001
7.9000001 -1 -0.050000001
7.9000001 -1 0.050000001
7.9000001 -1 0.15000001
7.9000001 -1 0.25
7.9000001 -1 0.34999999
7.9000001 -1 0.44999999
7.9000001 -1 0.55000001
7.9000001 -1 0.64999998
7.9000001 -1 0.75
7.9000001 -1 0.85000002
7.9000001 -1 0.94999999
7.9000001 -1 1.05
7.9000001 -1 1.15
7.9000001 -1 1.25
7.9000001 -1 1.35
7.9000001 -1 1.45
7.9000001 -1 1.55
7.9000001 -1 1.65
7.9000001 -1 1.75
7.9000001 -1 1.85
7.9000001 -1 1.95
7.9000001 -1 2.05
7.9000001 -1 2.1500001
7.9000001 -1 2.25
7.9000001 -1 2.3499999
7.9000001 -1 2.45
8.1000004 -0.89999998 -0.44999999
8.1000004 -0.89999998 -0.34999999
8.1000004 -0.89999998 -0.25
8.1000004 -0.89999998 -0.15000001
8.1000004 -0.89999998 -0.050000001
8.1000004 -0.89999998 0.050000001
8.1000004 -0.89999998 0.15000001
8.1000004 -0.89999998 0.25
8.1000004 -0.89999998 0.34999999
8.1000004 -0.89999998 0.44999999
8.1000004 -0.89999998 0.55000001
8.1000004 -0.89999998 0.64999998
8.1000004 -0.89999998 0.75
8.1000004 -0.89999998 0.85000002
8.1000004 -0.89999998 0.94999999
8.1000004 -0.89999998 1.05
8.1000004 -0.89999998 1.15
8.1000004 -0.89999998 1.25
8.1000004 -0.89999998 1.35
8.1000004 -0.89999998 1.45
8.1000004 -0.89999998 1.55
8.1000004 -0.89999998 1.65
8.1000004 -0.89999998 1.75
8.1000004 -0.89999998 1.85
8.1000004 -0.89999998 1.95
8.1000004 -0.89999998 2.05
8.1000004 -0.89999998 2.1500001
8.1000004 -0.89999998 2.25
8.1000004 -0.89999998 2.3499999
8.1000004 -0.89999998 2.45
8 -0.89999998 -0.44999999
8 -0.89999998 -0.34999999
8 -0.89999998 -0.25
8 -0.89999998 -0.15000001
8 -0.89999998 -0.050000001
8 -0.89999998 0.050000001
8 -0.89999998 0.15000001
8 -0.89999998 0.25
8 -0.89999998 0.34999999
8 -0.89999998 0.44999999
8 -0.89999998 0.55000001
8 -0.89999998 0.64999998
8 -0.89999998 0.75
8 -0.89999998 0.85000002
8 -0.89999998 0.94999999
8 -0.89999998 1.05
8 -0.89999998 1.15
8 -0.89999998 1.25
8 -0.89999998 1.35
8 -0.89999998 1.45
8 -0.89999998 1.55
8 -0.89999998 1.65
8 -0.89999998 1.75
8 -0.89999998 1.85
8 -0.89999998 1.95
8 -0.89999998 2.05
8 -0.89999998 2.1500001
8 -0.89999998 2.25
8 -0.89999998 2.3499999
8 -0.89999998 2.45
7.9000001 -0.89999998 -0.44999999
7.9000001 -0.89999998 -0.34999999
7.9000001 -0.89999998 -0.25
7.9000001 -0.89999998 -0.15000001
7.9000001 -0.89999998 -0.050000001
7.9000001 -0.89999998 0.050000001
7.9000001 -0.89999998 0.15000001
7.9000001 -0.89999998 0.25
7.9000001 -0.89999998 0.34999999
7.9000001 -0.89999998 0.44999999
7.9000001 -0.89999998 0.55000001
7.9000001 -0.89999998 0.64999998
7.9000001 -0.89999998 0.75
7.9000001 -0.89999998 0.85000002
7.9000001 -0.89999998 0.94999999
7.9000001 -0.89999998 1.05
7.9000001 -0.89999998 1.15
7.9000001 -0.89999998 1.25
7.9000001 -0.89999998 1.35
7.9000001 -0.89999998 1.45
7.9000001 -0.89999998 1.55
7.9000001 -0.89999998 1.65
7.9000001 -0.89999998 1.75
7.9000001 -0.89999998 1.85
7.9000001 -0.89999998 1.95
7.9000001 -0.89999998 2.05
7.9000001 -0.89999998 2.1500001
7.9000001 -0.89999998 2.25
7.9000001 -0.89999998 2.3499999
7.9000001 -0.89999998 2.45
8.1000004 -0.80000001 -0.44999999
8.1000004 -0.80000001 -0.34999999
8.1000004 -0.80000001 -0.25
8.1000004 -0.80000001 -0.15000001
8.1000004 -0.80000001 -0.050000001
8.1000004 -0.80000001 0.050000001
8.1000004 -0.80000001 0.15000001
8.1000004 -0.80000001 0.25
8.1000004 -0.80000001 0.34999999
8.1000004 -0.80000001 0.44999999
8.1000004 -0.80000001 0.55000001
8.1000004 -0.80000001 0.64999998
8.1000004 -0.80000001 0.75
8.1000004 -0.80000001 0.85000002
8.1000004 -0.80000001 0.94999999
8.1000004 -0.80000001 1.05
8.1000004 -0.80000001 1.15
8.1000004 -0.80000001 1.25
8.1000004 -0.80000001 1.35
8.1000004 -0.80000001 1.45
8.1000004 -0.80000001 1.55
8.1000004 -0.80000001 1.65
8.1000004 -0.80000001 1.75
8.1000004 -0.80000001 1.85
8.1000004 -0.80000001 1.95
8.1000004 -0.80000001 2.05
8.1000004 -0.80000001 2.1500001
8.1000004 -0.80000001 2.25
8.1000004 -0.80000001 2.3499999
8.1000004 -0.80000001 2.45
8 -0.80000001 -0.44999999
8 -0.80000001 -0.34999999
8 -0.80000001 -0.25
8 -0.80000001 -0.15000001
8 -0.80000001 -0.050000001
8 -0.80000001 0.050000001
8 -0.80000001 0.15000001
8 -0.80000001 0.25
8 -0.80000001 0.34999999
8 -0.80000001 0.44999999
8 -0.80000001 0.55000001
8 -0.80000001 0.64999998
8 -0.80000001 0.75
8 -0.80000001 0.85000002
8 -0.80000001 0.94999999
8 -0.80000001 1.05
8 -0.80000001 1.15
8 -0.80000001 1.25
8 -0.80000001 1.35
8 -0.80000001 1.45
8 -0.80000001 1.55
8 -0.80000001 1.65
8 -0.80000001 1.75
8 -0.80000001 1.85
8 -0.80000001 1.95
8 -0.80000001 2.05
8 -0.80000001 2.1500001
8 -0.80000001 2.25
8 -0.80000001 2.3499999
8 -0.80000001 2.45
7.9000001 -0.80000001 -0.44999999
7.9000001 -0.80000001 -0.34999999
7.9000001 -0.80000001 -0.25
7.9000001 -0.80000001 -0.15000001
7.9000001 -0.80000001 -0.050000001
7.9000001 -0.80000001 0.050000001
7.9000001 -0.80000001 0.15000001
7.9000001 -0.80000001 0.25
7.9000001 -0.80000001 0.34999999
7.9000001 -0.80000001 0.44999999
7.9000001 -0.80000001 0.55000001
7.9000001 -0.80000001 0.64999998
7.9000001 -0.80000001 0.75
7.9000001 -0.80000001 0.85000002
7.9000001 -0.80000001 0.94999999
7.9000001 -0.80000001 1.05
7.9000001 -0.80000001 1.15
7.9000001 -0.80000001 1.25
7.9000001 -0.80000001 1.35
7.9000001 -0.80000001 1.45
7.9000001 -0.80000001 1.55
7.9000001 -0.80000001 1.65
7.9000001 -0.80000001 1.75
7.9000001 -0.80000001 1.85
7.9000001 -0.80000001 1.95
7.9000001 -0.80000001 2.05
7.9000001 -0.80000001 2.1500001
7.9000001 -0.80000001 2.25
7.9000001 -0.80000001 2.3499999
7.9000001 -0.80000001 2.45
8.1000004 -0.69999999 -0.44999999
8.1000004 -0.69999999 -0.34999999
8.1000004 -0.69999999 -0.25
8.1000004 -0.69999999 -0.15000001
8.1000004 -0.69999999 -0.050000001
8.1000004 -0.69999999 0.050000001
8.1000004 -0.69999999 0.15000001
8.1000004 -0.69999999 0.25
8.1000004 -0.69999999 0.34999999
8.1000004 -0.69999999 0.44999999
8.1000004 -0.69999999 0.55000001
8.1000004 -0.69999999 0.64999998
8.1000004 -0.69999999 0.75
8.1000004 -0.69999999 0.85000002
8.1000004 -0.69999999 0.94999999
8.1000004 -0.69999999 1.05
8.1000004 -0.69999999 1.15
8.1000004 -0.69999999 1.25
8.1000004 -0.69999999 1.35
8.1000004 -0.69999999 1.45
8.1000004 -0.69999999 1.55
8.1000004 -0.69999999 1.65
8.1000004 -0.69999999 1.75
8.1000004 -0.69999999 1.85
8.1000004 -0.69999999 1.95
8.1000004 -0.69999999 2.05
8.1000004 -0.69999999 2.1500001
8.1000004 -0.69999999 2.25
8.1000004 -0.69999999 2.3499999
8.1000004 -0.69999999 2.45
8 -0.69999999 -0.44999999
8 -0.69999999 -0.34999999
8 -0.69999999 -0.25
8 -0.69999999 -0.15000001
8 -0.69999999 -0.050000001
8 -0.69999999 0.050000001
8 -0.69999999 0.15000001
8 -0.69999999 0.25
8 -0.69999999 0.34999999
8 -0.69999999 0.44999999
8 -0.69999999 0.55000001
8 -0.69999999 0.64999998
8 -0.69999999 0.75
8 -0.69999999 0.85000002
8 -0.69999999 0.94999999
8 -0.69999999 1.05
8 -0.69999999 1.15
8 -0.69999999 1.25
8 -0.69999999 1.35
8 -0.69999999 1.45
8 -0.69999999 1.55
8 -0.69999999 1.65
8 -0.69999999 1.75
8 -0.69999999 1.85
8 -0.69999999 1.95
8 -0.69999999 2.05
8 -0.69999999 2.1500001
8 -0.69999999 2.25
8 -0.69999999 2.3499999
8 -0.69999999 2.45
7.9000001 -0.69999999 -0.44999999
7.9000001 -0.69999999 -0.34999999
7.9000001 -0.69999999 -0.25
7.9000001 -0.69999999 -0.15000001
7.9000001 -0.69999999 -0.050000001
7.9000001 -0.69999999 0.050000001
7.9000001 -0.69999999 0.15000001
7.9000001 -0.69999999 0.25
7.9000001 -0.69999999 0.34999999
7.9000001 -0.69999999 0.44999999
7.9000001 -0.69999999 0.55000001
7.9000001 -0.69999999 0.64999998
7.9000001 -0.69999999 0.75
7.9000001 -0.69999999 0.85000002
7.9000001 -0.69999999 0.94999999
7.9000001 -0.69999999 1.05
7.9000001 -0.69999999 1.15
7.9000001 -0.69999999 1.25
7.9000001 -0.69999999 1.35
7.9000001 -0.69999999 1.45
7.9000001 -0.69999999 1.55
7.9000001 -0.69999999 1.65
7.9000001 -0.69999999 1.75
7.9000001 -0.69999999 1.85
7.9000001 -0.69999999 1.95
7.9000001 -0.69999999 2.05
7.9000001 -0.69999999 2.1500001
7.9000001 -0.69999999 2.25
7.9000001 -0.69999999 2.3499999
7.9000001 -0.69999999 2.45
8.1000004 -0.60000002 -0.44999999
8.1000004 -0.60000002 -0.34999999
8.1000004 -0.60000002 -0.25
8.1000004 -0.60000002 -0.15000001
8.1000004 -0.60000002 -0.050000001
8.1000004 -0.60000002 0.050000001
8.1000004 -0.60000002 0.15000001
8.1000004 -0.60000002 0.25
8.1000004 -0.60000002 0.34999999
8.1000004 -0.60000002 0.44999999
8.1000004 -0.60000002 0.55000001
8.1000004 -0.60000002 0.64999998
8.1000004 -0.60000002 0.75
8.1000004 -0.60000002 0.85000002
8.1000004 -0.60000002 0.94999999
8.1000004 -0.60000002 1.05
8.1000004 -0.60000002 1.15
8.1000004 -0.60000002 1.25
8.1000004 -0.60000002 1.35
8.1000004 -0.60000002 1.45
8.1000004 -0.60000002 1.55
8.1000004 -0.60000002 1.65
8.1000004 -0.60000002 1.75
8.1000004 -0.60000002 1.85
8.1000004 -0.60000002 1.95
8.1000004 -0.60000002 2.05
8.1000004 -0.60000002 2.1500001
8.1000004 -0.60000002 2.25
8.1000004 -0.60000002 2.3499999
8.1000004 -0.60000002 2.45
8 -0.60000002 -0.44999999
8 -0.60000002 -0.34999999
8 -0.60000002 -0.25
8 -0.60000002 -0.15000001
8 -0.60000002 -0.050000001
8 -0.60000002 0.050000001
8 -0.60000002 0.15000001
8 -0.60000002 0.25
8 -0.60000002 0.34999999
8 -0.60000002 0.44999999
8 -0.60000002 0.55000001
8 -0.60000002 0.64999998
8 -0.60000002 0.75
8 -0.60000002 0.85000002
8 -0.60000002 0.94999999
8 -0.60000002 1.05
8 -0.60000002 1.15
8 -0.60000002 1.25
8 -0.60000002 1.35
8 -0.60000002 1.45
8 -0.60000002 1.55
8 -0.60000002 1.65
8 -0.60000002 1.75
8 -0.60000002 1.85
8 -0.60000002 1.95
8 -0.60000002 2.05
8 -0.60000002 2.1500001
8 -0.60000002 2.25
8 -0.60000002 2.3499999
8 -0.60000002 2.45
7.9000001 -0.60000002 -0.44999999
7.9000001 -0.60000002 -0.34999999
7.9000001 -0.60000002 -0.25
7.9000001 -0.60000002 -0.15000001
7.9000001 -0.60000002 -0.050000001
7.9000001 -0.60000002 0.050000001
7.9000001 -0.60000002 0.15000001
7.9000001 -0.60000002 0.25
7.9000001 -0.60000002 0.34999999
7.9000001 -0.60000002 0.44999999
7.9000001 -0.60000002 0.55000001
7.9000001 -0.60000002 0.64999998
7.9000001 -0.60000002 0.75
7.9000001 -0.60000002 0.85000002
7.9000001 -0.60000002 0.94999999
7.9000001 -0.60000002 1.05
7.9000001 -0.60000002 1.15
7.9000001 -0.60000002 1.25
7.9000001 -0.60000002 1.35
7.9000001 -0.60000002 1.45
7.9000001 -0.60000002 1.55
7.9000001 -0.60000002 1.65
7.9000001 -0.60000002 1.75
7.9000001 -0.60000002 1.85
7.9000001 -0.60000002 1.95
7.9000001 -0.60000002 2.05
7.9000001 -0.60000002 2.1500001
7.9000001 -0.60000002 2.25
7.9000001 -0.60000002 2.3499999
7.9000001 -0.60000002 2.45
8.1000004 0.60000002 -0.44999999
8.1000004 0.60000002 -0.34999999
8.1000004 0.60000002 -0.25
8.1000004 0.60000002 -0.15000001
8.1000004 0.60000002 -0.050000001
8.1000004 0.60000002 0.050000001
8.1000004 0.60000002 0.15000001
8.1000004 0.60000002 0.25
8.1000004 0.60000002 0.34999999
8.1000004 0.60000002 0.44999999
8.1000004 0.60000002 0.55000001
8.1000004 0.60000002 0.64999998
8.1000004 0.60000002 0.75
8.1000004 0.60000002 0.85000002
8.1000004 0.60000002 0.94999999
8.1000004 0.60000002 1.05
8.1000004 0.60000002 1.15
8.1000004 0.60000002 1.25
8.1000004 0.60000002 1.35
8.1000004 0.60000002 1.45
8.1000004 0.60000002 1.55
8.1000004 0.60000002 1.65
8.1000004 0.60000002 1.75
8.1000004 0.60000002 1.85
8.1000004 0.60000002 1.95
8.1000004 0.60000002 2.05
8.1000004 0.60000002 2.1500001
8.1000004 0.60000002 2.25
8.1000004 0.60000002 2.3499999
8.1000004 0.60000002 2.45
8 0.60000002 -0.44999999
8 0.60000002 -0.34999999
8 0.60000002 -0.25
8 0.60000002 -0.15000001
8 0.60000002 -0.050000001
8 0.60000002 0.050000001
8 0.60000002 0.15000001
8 0.60000002 0.25
8 0.60000002 0.34999999
8 0.60000002 0.44999999
8 0.60000002 0.55000001
8 0.60000002 0.64999998
8 0.60000002 0.75
8 0.60000002 0.85000002
8 0.60000002 0.94999999
8 0.60000002 1.05
8 0.60000002 1.15
8 0.60000002 1.25
8 0.60000002 1.35
8 0.60000002 1.45
8 0.60000002 1.55
8 0.60000002 1.65
8 0.60000002 1.75
8 0.60000002 1.85
8 0.60000002 1.95
8 0.60000002 2.05
8 0.60000002 2.1500001
8 0.60000002 2.25
8 0.60000002 2.3499999
8 0.60000002 2.45
7.9000001 0.60000002 -0.44999999
7.9000001 0.60000002 -0.34999999
7.9000001 0.60000002 -0.25
7.9000001 0.60000002 -0.15000001
7.9000001 0.60000002 -0.050000001
7.9000001 0.60000002 0.050000001
7.9000001 0.60000002 0.15000001
7.9000001 0.60000002 0.25
7.9000001 0.60000002 0.34999999
7.9000001 0.60000002 0.44999999
7.9000001 0.60000002 0.55000001
7.9000001 0.60000002 0.64999998
7.9000001 0.60000002 0.75
7.9000001 0.60000002 0.85000002
7.9000001 0.60000002 0.94999999
7.9000001 0.60000002 1.05
7.9000001 0.60000002 1.15
7.9000001 0.60000002 1.25
7.9000001 0.60000002 1.35
7.9000001 0.60000002 1.45
7.9000001 0.60000002 1.55
7.9000001 0.60000002 1.65
7.9000001 0.60000002 1.75
7.9000001 0.60000002 1.85
7.9000001 0.60000002 1.95
7.9000001 0.60000002 2.05
7.9000001 0.60000002 2.1500001
7.9000001 0.60000002 2.25
7.9000001 0.60000002 2.3499999
7.9000001 0.60000002 2.45
8.1000004 0.69999999 -0.44999999
8.1000004 0.69999999 -0.34999999
8.1000004 0.69999999 -0.25
8.1000004 0.69999999 -0.15000001
8.1000004 0.69999999 -0.050000001
8.1000004 0.69999999 0.050000001
8.1000004 0.69999999 0.15000001
8.1000004 0.69999999 0.25
8.1000004 0.69999999 0.34999999
8.1000004 0.69999999 0.44999999
8.1000004 0.69999999 0.55000001
8.1000004 0.69999999 0.64999998
8.1000004 0.69999999 0.75
8.1000004 0.69999999 0.85000002
8.1000004 0.69999999 0.94999999
8.1000004 0.69999999 1.05
8.1000004 0.69999999 1.15
8.1000004 0.69999999 1.25
8.1000004 0.69999999 1.35
8.1000004 0.69999999 1.45
8.1000004 0.69999999 1.55
8.1000004 0.69999999 1.65
8.1000004 0.69999999 1.75
8.1000004 0.69999999 1.85
8.1000004 0.69999999 1.95
8.1000004 0.69999999 2.05
8.1000004 0.69999999 2.1500001
8.1000004 0.69999999 2.25
8.1000004 0.69999999 2.3499999
8.1000004 0.69999999 2.45
8 0.69999999 -0.44999999
8 0.69999999 -0.34999999
8 0.69999999 -0.25
8 0.69999999 -0.15000001
8 0.69999999 -0.050000001
8 0.69999999 0.050000001
8 0.69999999 0.15000001
8 0.69999999 0.25
8 0.69999999 0.34999999
8 0.69999999 0.44999999
8 0.69999999 0.55000001
8 0.69999999 0.64999998
8 0.69999999 0.75
8 0.69999999 0.85000002
8 0.69999999 0.94999999
8 0.69999999 1.05
8 0.69999999 1.15
8 0.69999999 1.25
8 0.69999999 1.35
8 0.69999999 1.45
8 0.69999999 1.55
8 0.69999999 1.65
8 0.69999999 1.75
8 0.69999999 1.85
8 0.69999999 1.95
8 0.69999999 2.05
8 0.69999999 2.1500001
8 0.69999999 2.25
8 0.69999999 2.3499999
8 0.69999999 2.45
7.9000001 0.69999999 -0.44999999
7.9000001 0.69999999 -0.34999999
7.9000001 0.69999999 -0.25
7.9000001 0.69999999 -0.15000001
7.9000001 0.69999999 -0.050000001
7.9000001 0.69999999 0.050000001
7.9000001 0.69999999 0.15000001
7.9000001 0.69999999 0.25
7.9000001 0.69999999 0.34999999
7.9000001 0.69999999 0.44999999
7.9000001 0.69999999 0.55000001
7.9000001 0.69999999 0.64999998
7.9000001 0.69999999 0.75
7.9000001 0.69999999 0.85000002
7.9000001 0.69999999 0.94999999
7.9000001 0.69999999 1.05
7.9000001 0.69999999 1.15
7.9000001 0.69999999 1.25
7.9000001 0.69999999 1.35
7.9000001 0.69999999 1.45
7.9000001 0.69999999 1.55
7.9000001 0.69999999 1.65
7.9000001 0.69999999 1.75
7.9000001 0.69999999 1.85
7.9000001 0.69999999 1.95
7.9000001 0.69999999 2.05
7.9000001 0.69999999 2.1500001
7.9000001 0.69999999 2.25
7.9000001 0.69999999 2.3499999
7.9000001 0.69999999 2.45
8.1000004 0.80000001 -0.44999999
8.1000004 0.80000001 -0.34999999
8.1000004 0.80000001 -0.25
8.1000004 0.80000001 -0.15000001
8.1000004 0.80000001 -0.050000001
8.1000004 0.80000001 0.050000001
8.1000004 0.80000001 0.15000001
8.1000004 0.80000001 0.25
8.1000004 0.80000001 0.34999999
8.1000004 0.80000001 0.44999999
8.1000004 0.80000001 0.55000001
8.1000004 0.80000001 0.64999998
8.1000004 0.80000001 0.75
8.1000004 0.80000001 0.85000002
8.1000004 0.80000001 0.94999999
8.1000004 0.80000001 1.05
8.1000004 0.80000001 1.15
8.1000004 0.80000001 1.25
8.1000004 0.80000001 1.35
8.1000004 0.80000001 1.45
8.1000004 0.80000001 1.55
8.1000004 0.80000001 1.65
8.1000004 0.80000001 1.75
8.1000004 0.80000001 1.85
8.1000004 0.80000001 1.95
8.1000004 0.80000001 2.05
8.1000004 0.80000001 2.1500001
8.1000004 0.80000001 2.25
8.1000004 0.80000001 2.3499999
8.1000004 0.80000001 2.45
8 0.80000001 -0.44999999
8 0.80000001 -0.34999999
8 0.80000001 -0.25
8 0.80000001 -0.15000001
8 0.80000001 -0.050000001
8 0.80000001 0.050000001
8 0.80000001 0.15000001
8 0.80000001 0.25
8 0.80000001 0.34999999
8 0.80000001 0.44999999
8 0.80000001 0.55000001
8 0.80000001 0.64999998
8 0.80000001 0.75
8 0.80000001 0.85000002
8 0.80000001 0.94999999
8 0.80000001 1.05
8 0.80000001 1.15
8 0.80000001 1.25
8 0.80000001 1.35
8 0.80000001 1.45
8 0.80000001 1.55
8 0.80000001 1.65
8 0.80000001 1.75
8 0.80000001 1.85
8 0.80000001 1.95
8 0.80000001 2.05
8 0.80000001 2.1500001
8 0.80000001 2.25
8 0.80000001 2.3499999
8 0.80000001 2.45
7.9000001 0.80000001 -0.44999999
7.9000001 0.80000001 -0.34999999
7.9000001 0.80000001 -0.25
7.9000001 0.80000001 -0.15000001
7.9000001 0.80000001 -0.050000001
7.9000001 0.80000001 0.050000001
7.9000001 0.80000001 0.15000001
7.9000001 0.80000001 0.25
7.9000001 0.80000001 0.34999999
7.9000001 0.80000001 0.44999999
7.9000001 0.80000001 0.55000001
7.9000001 0.80000001 0.64999998
7.9000001 0.80000001 0.75
7.9000001 0.80000001 0.85000002
7.9000001 0.80000001 0.94999999
7.9000001 0.80000001 1.05
7.9000001 0.80000001 1.15
7.9000001 0.80000001 1.25
7.9000001 0.80000001 1.35
7.9000001 0.80000001 1.45
7.9000001 0.80000001 1.55
7.9000001 0.80000001 1.65
7.9000001 0.80000001 1.75
7.9000001 0.80000001 1.85
7.9000001 0.80000001 1.95
7.9000001 0.80000001 2.05
7.9000001 0.80000001 2.1500001
7.9000001 0.80000001 2.25
7.9000001 0.80000001 2.3499999
7.9000001 0.80000001 2.45
8.1000004 0.89999998 -0.44999999
8.1000004 0.89999998 -0.34999999
8.1000004 0.89999998 -0.25
8.1000004 0.89999998 -0.15000001
8.1000004 0.89999998 -0.050000001
8.1000004 0.89999998 0.050000001
8.1000004 0.89999998 0.15000001
8.1000004 0.89999998 0.25
8.1000004 0.89999998 0.34999999
8.1000004 0.89999998 0.44999999
8.1000004 0.89999998 0.55000001
8.1000004 0.89999998 0.64999998
8.1000004 0.89999998 0.75
8.1000004 0.89999998 0.85000002
8.1000004 0.89999998 0.94999999
8.1000004 0.89999998 1.05
8.1000004 0.89999998 1.15
8.1000004 0.89999998 1.25
8.1000004 0.89999998 1.35
8.1000004 0.89999998 1.45
8.1000004 0.89999998 1.55
8.1000004 0.89999998 1.65
8.1000004 0.89999998 1.75
8.1000004 0.89999998 1.85
8.1000004 0.89999998 1.95
8.1000004 0.89999998 2.05
8.1000004 0.89999998 2.1500001
8.1000004 0.89999998 2.25
8.1000004 0.89999998 2.3499999
8.1000004 0.89999998 2.45
8 0.89999998 -0.44999999
8 0.89999998 -0.34999999
8 0.89999998 -0.25
8 0.89999998 -0.15000001
8 0.89999998 -0.050000001
8 0.89999998 0.050000001
8 0.89999998 0.15000001
8 0.89999998 0.25
8 0.89999998 0.34999999
8 0.89999998 0.44999999
8 0.89999998 0.55000001
8 0.89999998 0.64999998
8 0.89999998 0.75
8 0.89999998 0.85000002
8 0.89999998 0.94999999
8 0.89999998 1.05
8 0.89999998 1.15
8 0.89999998 1.25
8 0.89999998 1.35
8 0.89999998 1.45
8 0.89999998 1.55
8 0.89999998 1.65
8 0.89999998 1.75
8 0.89999998 1.85
8 0.89999998 1.95
8 0.89999998 2.05
8 0.89999998 2.1500001
8 0.89999998 2.25
8 0.89999998 2.3499999
8 0.89999998 2.45
7.9000001 0.89999998 -0.44999999
7.9000001 0.89999998 -0.34999999
7.9000001 0.89999998 -0.25
7.9000001 0.89999998 -0.15000001
7.9000001 0.89999998 -0.050000001
7.9000001 0.89999998 0.050000001
7.9000001 0.89999998 0.15000001
7.9000001 0.89999998 0.25
7.9000001 0.89999998 0.34999999
7.9000001 0.89999998 0.44999999
7.9000001 0.89999998 0.55000001
7.9000001 0.89999998 0.64999998
7.9000001 0.89999998 0.75
7.9000001 0.89999998 0.85000002
7.9000001 0.89999998 0.94999999
7.9000001 0.89999998 1.05
7.9000001 0.89999998 1.15
7.9000001 0.89999998 1.25
7.9000001 0.89999998 1.35
7.9000001 0.89999998 1.45
7.9000001 0.89999998 1.55
7.9000001 0.89999998 1.65
7.9000001 0.89999998 1.75
7.9000001 0.89999998 1.85
7.9000001 0.89999998 1.95
7.9000001 0.89999998 2.05
7.9000001 0.89999998 2.1500001
7.9000001 0.89999998 2.25
7.9000001 0.89999998 2.3499999
7.9000001 0.89999998 2.45
8.1000004 1 -0.44999999
8.1000004 1 -0.34999999
8.1000004 1 -0.25
8.1000004 1 -0.15000001
8.1000004 1 -0.050000001
8.1000004 1 0.050000001
8.1000004 1 0.15000001
8.1000004 1 0.25
8.1000004 1 0.34999999
8.1000004 1 0.44999999
8.1000004 1 0.55000001
8.1000004 1 0.64999998
8.1000004 1 0.75
8.1000004 1 0.85000002
8.1000004 1 0.94999999
8.1000004 1 1.05
8.1000004 1 1.15
8.1000004 1 1.25
8.1000004 1 1.35
8.1000004 1 1.45
8.1000004 1 1.55
8.1000004 1 1.65
8.1000004 1 1.75
8.1000004 1 1.85
8.1000004 1 1.95
8.1000004 1 2.05
8.1000004 1 2.1500001
8.1000004 1 2.25
8.1000004 1 2.3499999
8.1000004 1 2.45
8 1 -0.44999999
8 1 -0.34999999
8 1 -0.25
8 1 -0.15000001
8 1 -0.050000001
8 1 0.050000001
8 1 0.15000001
8 1 0.25
8 1 0.34999999
8 1 0.44999999
8 1 0.55000001
8 1 0.64999998
8 1 0.75
8 1 0.85000002
8 1 0.94999999
8 1 1.05
8 1 1.15
8 1 1.25
8 1 1.35
8 1 1.45
8 1 1.55
8 1 1.65
8 1 1.75
8 1 1.85
8 1 1.95
8 1 2.05
8 1 2.1500001
8 1 2.25
8 1 2.3499999
8 1 2.45
7.9000001 1 -0.44999999
7.9000001 1 -0.34999999
7.9000001 1 -0.25
7.9000001 1 -0.15000001
7.9000001 1 -0.050000001
7.9000001 1 0.050000001
7.9000001 1 0.15000001
7.9000001 1 0.25
7.9000001 1 0.34999999
7.9000001 1 0.44999999
7.9000001 1 0.55000001
7.9000001 1 0.64999998
7.9000001 1 0.75
7.9000001 1 0.85000002
7.9000001 1 0.94999999
7.9000001 1 1.05
7.9000001 1 1.15
7.9000001 1 1.25
7.9000001 1 1.35
7.9000001 1 1.45
7.9000001 1 1.55
7.9000001 1 1.65
7.9000001 1 1.75
7.9000001 1 1.85
7.9000001 1 1.95
7.9000001 1 2.05
7.9000001 1 2.1500001
7.9000001 1 2.25
7.9000001 1 2.3499999
7.9000001 1 2.45
8.1000004 1.1 -0.44999999
8.1000004 1.1 -0.34999999
8.1000004 1.1 -0.25
8.1000004 1.1 -0.15000001
8.1000004 1.1 -0.050000001
8.1000004 1.1 0.050000001
8.1000004 1.1 0.15000001
8.1000004 1.1 0.25
8.1000004 1.1 0.34999999
8.1000004 1.1 0.44999999
8.1000004 1.1 0.55000001
8.1000004 1.1 0.64999998
8.1000004 1.1 0.75
8.1000004 1.1 0.85000002
8.1000004 1.1 0.94999999
8.1000004 1.1 1.05
8.1000004 1.1 1.15
8.1000004 1.1 1.25
8.1000004 1.1 1.35
8.1000004 1.1 1.45
8.1000004 1.1 1.55
8.1000004 1.1 1.65
8.1000004 1.1 1.75
8.1000004 1.1 1.85
8.1000004 1.1 1.95
8.1000004 1.1 2.05
8.1000004 1.1 2.1500001
8.1000004 1.1 2.25
8.1000004 1.1 2.3499999
8.1000004 1.1 2.45
8 1.1 -0.44999999
8 1.1 -0.34999999
8 1.1 -0.25
8 1.1 -0.15000001
8 1.1 -0.050000001
8 1.1 0.050000001
8 1.1 0.15000001
8 1.1 0.25
8 1.1 0.34999999
8 1.1 0.44999999
8 1.1 0.55000001
8 1.1 0.64999998
8 1.1 0.75
8 1.1 0.85000002
8 1.1 0.94999999
8 1.1 1.05
8 1.1 1.15
8 1.1 1.25
8 1.1 1.35
8 1.1 1.45
8 1.1 1.55
8 1.1 1.65
8 1.1 1.75
8 1.1 1.85
8 1.1 1.95
8 1.1 2.05
8 1.1 2.1500001
8 1.1 2.25
8 1.1 2.3499999
8 1.1 2.45
7.9000001 1.1 -0.44999999
7.9000001 1.1 -0.34999999
7.9000001 1.1 -0.25
7.9000001 1.1 -0.15000001
7.9000001 1.1 -0.050000001
7.9000001 1.1 0.050000001
7.9000001 1.1 0.15000001
7.9000001 1.1 0.25
7.9000001 1.1 0.34999999
7.9000001 1.1 0.44999999
7.9000001 1.1 0.55000001
7.9000001 1.1 0.64999998
7.9000001 1.1 0.75
7.9000001 1.1 0.85000002
7.9000001 1.1 0.94999999
7.9000001 1.1 1.05
7.9000001 1.1 1.15
7.9000001 1.1 1.25
7.9000001 1.1 1.35
7.9000001 1.1 1.45
7.9000001 1.1 1.55
7.9000001 1.1 1.65
7.9000001 1.1 1.75
7.9000001 1.1 1.85
7.9000001 1.1 1.95
7.9000001 1.1 2.05
7.9000001 1.1 2.1500001
7.9000001 1.1 2.25
7.9000001 1.1 2.3499999
7.9000001 1.1 2.45
8.1000004 1.2 -0.44999999
8.1000004 1.2 -0.34999999
8.1000004 1.2 -0.25
8.1000004 1.2 -0.15000001
8.1000004 1.2 -0.050000001
8.1000004 1.2 0.050000001
8.1000004 1.2 0.15000001
8.1000004 1.2 0.25
8.1000004 1.2 0.34999999
8.1000004 1.2 0.44999999
8.1000004 1.2 0.55000001
8.1000004 1.2 0.64999998
8.1000004 1.2 0.75
8.1000004 1.2 0.85000002
8.1000004 1.2 0.94999999
8.1000004 1.2 1.05
8.1000004 1.2 1.15
8.1000004 1.2 1.25
8.1000004 1.2 1.35
8.1000004 1.2 1.45
8.1000004 1.2 1.55
8.1000004 1.2 1.65
8.1000004 1.2 1.75
8.1000004 1.2 1.85
8.1000004 1.2 1.95
8.1000004 1.2 2.05
8.1000004 1.2 2.1500001
8.1000004 1.2 2.25
8.1000004 1.2 2.3499999
8.1000004 1.2 2.45
8 1.2 -0.44999999
8 1.2 -0.34999999
8 1.2 -0.25
8 1.2 -0.15000001
8 1.2 -0.050000001
8 1.2 0.050000001
8 1.2 0.15000001
8 1.2 0.25
8 1.2 0.34999999
8 1.2 0.44999999
8 1.2 0.55000001
8 1.2 0.64999998
8 1.2 0.75
8 1.2 0.85000002
8 1.2 0.94999999
8 1.2 1.05
8 1.2 1.15
8 1.2 1.25
8 1.2 1.35
8 1.2 1.45
8 1.2 1.55
8 1.2 1.65
8 1.2 1.75
8 1.2 1.85
8 1.2 1.95
8 1.2 2.05
8 1.2 2.1500001
8 1.2 2.25
8 1.2 2.3499999
8 1.2 2.45
7.9000001 1.2 -0.44999999
7.9000001 1.2 -0.34999999
7.9000001 1.2 -0.25
7.9000001 1.2 -0.15000001
7.9000001 1.2 -0.050000001
7.9000001 1.2 0.050000001
7.9000001 1.2 0.15000001
7.9000001 1.2 0.25
7.9000001 1.2 0.34999999
7.9000001 1.2 0.44999999
7.9000001 1.2 0.55000001
7.9000001 1.2 0.64999998
7.9000001 1.2 0.75
7.9000001 1.2 0.85000002
7.9000001 1.2 0.94999999
7.9000001 1.2 1.05
7.9000001 1.2 1.15
7.9000001 1.2 1.25
7.9000001 1.2 1.35
7.9000001 1.2 1.45
7.9000001 1.2 1.55
7.9000001 1.2 1.65
7.9000001 1.2 1.75
7.9000001 1.2 1.85
7.9000001 1.2 1.95
7.9000001 1.2 2.05
7.9000001 1.2 2.1500001
7.9000001 1.2 2.25
7.9000001 1.2 2.3499999
7.9000001 1.2 2.45
8.1000004 1.3 -0.44999999
8.1000004 1.3 -0.34999999
8.1000004 1.3 -0.25
8.1000004 1.3 -0.15000001
8.1000004 1.3 -0.050000001
8.1000004 1.3 0.050000001
8.1000004 1.3 0.15000001
8.1000004 1.3 0.25
8.1000004 1.3 0.34999999
8.1000004 1.3 0.44999999
8.1000004 1.3 0.55000001
8.1000004 1.3 0.64999998
8.1000004 1.3 0.75
8.1000004 1.3 0.85000002
8.1000004 1.3 0.94999999
8.1000004 1.3 1.05
8.1000004 1.3 1.15
8.1000004 1.3 1.25
8.1000004 1.3 1.35
8.1000004 1.3 1.45
8.1000004 1.3 1.55
8.1000004 1.3 1.65
8.1000004 1.3 1.75
8.1000004 1.3 1.85
8.1000004 1.3 1.95
8.1000004 1.3 2.05
8.1000004 1.3 2.1500001
8.1000004 1.3 2.25
8.1000004 1.3 2.3499999
8.1000004 1.3 2.45
8 1.3 -0.44999999
8 1.3 -0.34999999
8 1.3 -0.25
8 1.3 -0.15000001
8 1.3 -0.050000001
8 1.3 0.050000001
8 1.3 0.15000001
8 1.3 0.25
8 1.3 0.34999999
8 1.3 0.44999999
8 1.3 0.55000001
8 1.3 0.64999998
8 1.3 0.75
8 1.3 0.85000002
8 1.3 0.94999999
8 1.3 1.05
8 1.3 1.15
8 1.3 1.25
8 1.3 1.35
8 1.3 1.45
8 1.3 1.55
8 1.3 1.65
8 1.3 1.75
8 1.3 1.85
8 1.3 1.95
8 1.3 2.05
8 1.3 2.1500001
8 1.3 2.25
8 1.3 2.3499999
8 1.3 2.45
7.9000001 1.3 -0.44999999
7.9000001 1.3 -0.34999999
7.9000001 1.3 -0.25
7.9000001 1.3 -0.15000001
7.9000001 1.3 -0.050000001
7.9000001 1.3 0.050000001
7.9000001 1.3 0.15000001
7.9000001 1.3 0.25
7.9000001 1.3 0.34999999
7.9000001 1.3 0.44999999
7.9000001 1.3 0.55000001
7.9000001 1.3 0.64999998
7.9000001 1.3 0.75
7.9000001 1.3 0.85000002
7.9000001 1.3 0.94999999
7.9000001 1.3 1.05
7.9000001 1.3 1.15
7.9000001 1.3 1.25
7.9000001 1.3 1.35
7.9000001 1.3 1.45
7.9000001 1.3 1.55
7.9000001 1.3 1.65
7.9000001 1.3 1.75
7.9000001 1.3 1.85
7.9000001 1.3 1.95
7.9000001 1.3 2.05
7.9000001 1.3 2.1500001
7.9000001 1.3 2.25
7.9000001 1.3 2.3499999
7.9000001 1.3 2.45
8.1000004 1.4 -0.44999999
8.1000004 1.4 -0.34999999
8.1000004 1.4 -0.25
8.1000004 1.4 -0.15000001
8.1000004 1.4 -0.050000001
8.1000004 1.4 0.050000001
8.1000004 1.4 0.15000001
8.1000004 1.4 0.25
8.1000004 1.4 0.34999999
8.1000004 1.4 0.44999999
8.1000004 1.4 0.55000001
8.1000004 1.4 0.64999998
8.1000004 1.4 0.75
8.1000004 1.4 0.85000002
8.1000004 1.4 0.94999999
8.1000004 1.4 1.05
8.1000004 1.4 1.15
8.1000004 1.4 1.25
8.1000004 1.4 1.35
8.1000004 1.4 1.45
8.1000004 1.4 1.55
8.1000004 1.4 1.65
8.1000004 1.4 1.75
8.1000004 1.4 1.85
8.1000004 1.4 1.95
8.1000004 1.4 2.05
8.1000004 1.4 2.1500001
8.1000004 1.4 2.25
8.1000004 1.4 2.3499999
8.1000004 1.4 2.45
8 1.4 -0.44999999
8 1.4 -0.34999999
8 1.4 -0.25
8 1.4 -0.15000001
8 1.4 -0.050000001
8 1.4 0.050000001
8 1.4 0.15000001
8 1.4 0.25
8 1.4 0.34999999
8 1.4 0.44999999
8 1.4 0.55000001
8 1.4 0.64999998
8 1.4 0.75
8 1.4 0.85000002
8 1.4 0.94999999
8 1.4 1.05
8 1.4 1.15
8 1.4 1.25
8 1.4 1.35
8 1.4 1.45
8 1.4 1.55
8 1.4 1.65
8 1.4 1.75
8 1.4 1.85
8 1.4 1.95
8 1.4 2.05
8 1.4 2.1500001
8 1.4 2.25
8 1.4 2.3499999
8 1.4 2.45
7.9000001 1.4 -0.44999999
7.9000001 1.4 -0.34999999
7.9000001 1.4 -0.25
7.9000001 1.4 -0.15000001
7.9000001 1.4 -0.050000001
7.9000001 1.4 0.050000001
7.9000001 1.4 0.15000001
7.9000001 1.4 0.25
7.9000001 1.4 0.34999999
7.9000001 1.4 0.44999999
7.9000001 1.4 0.55000001
7.9000001 1.4 0.64999998
7.9000001 1.4 0.75
7.9000001 1.4 0.85000002
7.9000001 1.4 0.94999999
7.9000001 1.4 1.05
7.9000001 1.4 1.15
7.9000001 1.4 1.25
7.9000001 1.4 1.35
7.9000001 1.4 1.45
7.9000001 1.4 1.55
7.9000001 1.4 1.65
7.9000001 1.4 1.75
7.9000001 1.4 1.85
7.9000001 1.4 1.95
7.9000001 1.4 2.05
7.9000001 1.4 2.1500001
7.9000001 1.4 2.25
7.9000001 1.4 2.3499999
7.9000001 1.4 2.45
8.1000004 1.5 -0.44999999
8.1000004 1.5 -0.34999999
8.1000004 1.5 -0.25
8.1000004 1.5 -0.15000001
8.1000004 1.5 -0.050000001
8.1000004 1.5 0.050000001
8.1000004 1.5 0.15000001
8.1000004 1.5 0.25
8.1000004 1.5 0.34999999
8.1000004 1.5 0.44999999
8.1000004 1.5 0.55000001
8.1000004 1.5 0.64999998
8.1000004 1.5 0.75
8.1000004 1.5 0.85000002
8.1000004 1.5 0.94999999
8.1000004 1.5 1.05
8.1000004 1.5 1.15
8.1000004 1.5 1.25
8.1000004 1.5 1.35
8.1000004 1.5 1.45
8.1000004 1.5 1.55
8.1000004 1.5 1.65
8.1000004 1.5 1.75
8.1000004 1.5 1.85
8.1000004 1.5 1.95
8.1000004 1.5 2.05
8.1000004 1.5 2.1500001
8.1000004 1.5 2.25
8.1000004 1.5 2.3499999
8.1000004 1.5 2.45
8 1.5 -0.44999999
8 1.5 -0.34999999
8 1.5 -0.25
8 1.5 -0.15000001
8 1.5 -0.050000001
8 1.5 0.050000001
8 1.5 0.15000001
8 1.5 0.25
8 1.5 0.34999999
8 1.5 0.44999999
8 1.5 0.55000001
8 1.5 0.64999998
8 1.5 0.75
8 1.5 0.85000002
8 1.5 0.94999999
8 1.5 1.05
8 1.5 1.15
8 1.5 1.25
8 1.5 1.35
8 1.5 1.45
8 1.5 1.55
8 1.5 1.65
8 1.5 1.75
8 1.5 1.85
8 1.5 1.95
8 1.5 2.05
8 1.5 2.1500001
8 1.5 2.25
8 1.5 2.3499999
8 1.5 2.45
7.9000001 1.5 -0.44999999
7.9000001 1.5 -0.34999999
7.9000001 1.5 -0.25
7.9000001 1.5 -0.15000001
7.9000001 1.5 -0.050000001
7.9000001 1.5 0.050000001
7.9000001 1.5 0.15000001
7.9000001 1.5 0.25
7.9000001 1.5 0.34999999
7.9000001 1.5 0.44999999
7.9000001 1.5 0.55000001
7.9000001 1.5 0.64999998
7.9000001 1.5 0.75
7.9000001 1.5 0.85000002
7.9000001 1.5 0.94999999
7.9000001 1.5 1.05
7.9000001 1.5 1.15
7.9000001 1.5 1.25
7.9000001 1.5 1.35
7.9000001 1.5 1.45
7.9000001 1.5 1.55
7.9000001 1.5 1.65
7.9000001 1.5 1.75
7.9000001 1.5 1.85
7.9000001 1.5 1.95
7.9000001 1.5 2.05
7.9000001 1.5 2.1500001
7.9000001 1.5 2.25
7.9000001 1.5 2.3499999
7.9000001 1.5 2.45
8.1000004 1.6 -0.44999999
8.1000004 1.6 -0.34999999
8.1000004 1.6 -0.25
8.1000004 1.6 -0.15000001
8.1000004 1.6 -0.050000001
8.1000004 1.6 0.050000001
8.1000004 1.6 0.15000001
8.1000004 1.6 0.25
8.1000004 1.6 0.34999999
8.1000004 1.6 0.44999999
8.1000004 1.6 0.55000001
8.1000004 1.6 0.64999998
8.1000004 1.6 0.75
8.1000004 1.6 0.85000002
8.1000004 1.6 0.94999999
8.1000004 1.6 1.05
8.1000004 1.6 1.15
8.1000004 1.6 1.25
8.1000004 1.6 1.35
8.1000004 1.6 1.45
8.1000004 1.6 1.55
8.1000004 1.6 1.65
8.1000004 1.6 1.75
8.1000004 1.6 1.85
8.1000004 1.6 1.95
8.1000004 1.6 2.05
8.1000004 1.6 2.1500001
8.1000004 1.6 2.25
8.1000004 1.6 2.3499999
8.1000004 1.6 2.45
8 1.6 -0.44999999
8 1.6 -0.34999999
8 1.6 -0.25
8 1.6 -0.15000001
8 1.6 -0.050000001
8 1.6 0.050000001
8 1.6 0.15000001
8 1.6 0.25
8 1.6 0.34999999
8 1.6 0.44999999
8 1.6 0.55000001
8 1.6 0.64999998
8 1.6 0.75
8 1.6 0.85000002
8 1.6 0.94999999
8 1.6 1.05
8 1.6 1.15
8 1.6 1.25
8 1.6 1.35
8 1.6 1.45
8 1.6 1.55
8 1.6 1.65
8 1.6 1.75
8 1.6 1.85
8 1.6 1.95
8 1.6 2.05
8 1.6 2.1500001
8 1.6 2.25
8 1.6 2.3499999
8 1.6 2.45
7.9000001 1.6 -0.44999999
7.9000001 1.6 -0.34999999
7.9000001 1.6 -0.25
7.9000001 1.6 -0.15000001
7.9000001 1.6 -0.050000001
7.9000001 1.6 0.050000001
7.9000001 1.6 0.15000001
7.9000001 1.6 0.25
7.9000001 1.6 0.34999999
7.9000001 1.6 0.44999999
7.9000001 1.6 0.55000001
7.9000001 1.6 0.64999998
7.9000001 1.6 0.75
7.9000001 1.6 0.85000002
7.9000001 1.6 0.94999999
7.9000001 1.6 1.05
7.9000001 1.6 1.15
7.9000001 1.6 1.25
7.9000001 1.6 1.35
7.9000001 1.6 1.45
7.9000001 1.6 1.55
7.9000001 1.6 1.65
7.9000001 1.6 1.75
7.9000001 1.6 1.85
7.9000001 1.6 1.95
7.9000001 1.6 2.05
7.9000001 1.6 2.1500001
7.9000001 1.6 2.25
7.9000001 1.6 2.3499999
7.9000001 1.6 2.45
8.1000004 1.7 -0.44999999
8.1000004 1.7 -0.34999999
8.1000004 1.7 -0.25
8.1000004 1.7 -0.15000001
8.1000004 1.7 -0.050000001
8.1000004 1.7 0.050000001
8.1000004 1.7 0.15000001
8.1000004 1.7 0.25
8.1000004 1.7 0.34999999
8.1000004 1.7 0.44999999
8.1000004 1.7 0.55000001
8.1000004 1.7 0.64999998
8.1000004 1.7 0.75
8.1000004 1.7 0.85000002
8.1000004 1.7 0.94999999
8.1000004 1.7 1.05
8.1000004 1.7 1.15
8.1000004 1.7 1.25
8.1000004 1.7 1.35
8.1000004 1.7 1.45
8.1000004 1.7 1.55
8.1000004 1.7 1.65
8.1000004 1.7 1.75
8.1000004 1.7 1.85
8.1000004 1.7 1.95
8.1000004 1.7 2.05
8.1000004 1.7 2.1500001
8.1000004 1.7 2.25
8.1000004 1.7 2.3499999
8.1000004 1.7 2.45
8 1.7 -0.44999999
8 1.7 -0.34999999
8 1.7 -0.25
8 1.7 -0.15000001
8 1.7 -0.050000001
8 1.7 0.050000001
8 1.7 0.15000001
8 1.7 0.25
8 1.7 0.34999999
8 1.7 0.44999999
8 1.7 0.55000001
8 1.7 0.64999998
8 1.7 0.75
8 1.7 0.85000002
8 1.7 0.94999999
8 1.7 1.05
8 1.7 1.15
8 1.7 1.25
8 1.7 1.35
8 1.7 1.45
8 1.7 1.55
8 1.7 1.65
8 1.7 1.75
8 1.7 1.85
8 1.7 1.95
8 1.7 2.05
8 1.7 2.1500001
8 1.7 2.25
8 1.7 2.3499999
8 1.7 2.45
7.9000001 1.7 -0.44999999
7.9000001 1.7 -0.34999999
7.9000001 1.7 -0.25
7.9000001 1.7 -0.15000001
7.9000001 1.7 -0.050000001
7.9000001 1.7 0.050000001
7.9000001 1.7 0.15000001
7.9000001 1.7 0.25
7.9000001 1.7 0.34999999
7.9000001 1.7 0.44999999
7.9000001 1.7 0.55000001
7.9000001 1.7 0.64999998
7.9000001 1.7 0.75
7.9000001 1.7 0.85000002
7.9000001 1.7 0.94999999
7.9000001 1.7 1.05
7.9000001 1.7 1.15
7.9000001 1.7 1.25
7.9000001 1.7 1.35
7.9000001 1.7 1.45
7.9000001 1.7 1.55
7.9000001 1.7 1.65
7.9000001 1.7 1.75
7.9000001 1.7 1.85
7.9000001 1.7 1.95
7.9000001 1.7 2.05
7.9000001 1.7 2.1500001
7.9000001 1.7 2.25
7.9000001 1.7 2.3499999
7.9000001 1.7 2.45
8.1000004 1.8 -0.44999999
8.1000004 1.8 -0.34999999
8.1000004 1.8 -0.25
8.1000004 1.8 -0.15000001
8.1000004 1.8 -0.050000001
8.1000004 1.8 0.050000001
8.1000004 1.8 0.15000001
8.1000004 1.8 0.25
8.1000004 1.8 0.34999999
8.1000004 1.8 0.44999999
8.1000004 1.8 0.55000001
8.1000004 1.8 0.64999998
8.1000004 1.8 0.75
8.1000004 1.8 0.85000002
8.1000004 1.8 0.94999999
8.1000004 1.8 1.05
8.1000004 1.8 1.15
8.1000004 1.8 1.25
8.1000004 1.8 1.35
8.1000004 1.8 1.45
8.1000004 1.8 1.55
8.1000004 1.8 1.65
8.1000004 1.8 1.75
8.1000004 1.8 1.85
8.1000004 1.8 1.95
8.1000004 1.8 2.05
8.1000004 1.8 2.1500001
8.1000004 1.8 2.25
8.1000004 1.8 2.3499999
8.1000004 1.8 2.45
8 1.8 -0.44999999
8 1.8 -0.34999999
8 1.8 -0.25
8 1.8 -0.15000001
8 1.8 -0.050000001
8 1.8 0.050000001
8 1.8 0.15000001
8 1.8 0.25
8 1.8 0.34999999
8 1.8 0.44999999
8 1.8 0.55000001
8 1.8 0.64999998
8 1.8 0.75
8 1.8 0.85000002
8 1.8 0.94999999
8 1.8 1.05
8 1.8 1.15
8 1.8 1.25
8 1.8 1.35
8 1.8 1.45
8 1.8 1.55
8 1.8 1.65
8 1.8 1.75
8 1.8 1.85
8 1.8 1.95
8 1.8 2.05
8 1.8 2.1500001
8 1.8 2.25
8 1.8 2.3499999
8 1.8 2.45
7.9000001 1.8 -0.44999999
7.9000001 1.8 -0.34999999
7.9000001 1.8 -0.25
7.9000001 1.8 -0.15000001
7.9000001 1.8 -0.050000001
7.9000001 1.8 0.050000001
7.9000001 1.8 0.15000001
7.9000001 1.8 0.25
7.9000001 1.8 0.34999999
7.9000001 1.8 0.44999999
7.9000001 1.8 0.55000001
7.9000001 1.8 0.64999998
7.9000001 1.8 0.75
7.9000001 1.8 0.85000002
7.9000001 1.8 0.94999999
7.9000001 1.8 1.05
7.9000001 1.8 1.15
7.9000001 1.8 1.25
7.9000001 1.8 1.35
7.9000001 1.8 1.45
7.9000001 1.8 1.55
7.9000001 1.8 1.65
7.9000001 1.8 1.75
7.9000001 1.8 1.85
7.9000001 1.8 1.95
7.9000001 1.8 2.05
7.9000001 1.8 2.1500001
7.9000001 1.8 2.25
7.9000001 1.8 2.3499999
7.9000001 1.8 2.45
8.1000004 1.9 -0.44999999
8.1000004 1.9 -0.34999999
8.1000004 1.9 -0.25
8.1000004 1.9 -0.15000001
8.1000004 1.9 -0.050000001
8.1000004 1.9 0.050000001
8.1000004 1.9 0.15000001
8.1000004 1.9 0.25
8.1000004 1.9 0.34999999
8.1000004 1.9 0.44999999
8.1000004 1.9 0.55000001
8.1000004 1.9 0.64999998
8.1000004 1.9 0.75
8.1000004 1.9 0.85000002
8.1000004 1.9 0.94999999
8.1000004 1.9 1.05
8.1000004 1.9 1.15
8.1000004 1.9 1.25
8.1000004 1.9 1.35
8.1000004 1.9 1.45
8.1000004 1.9 1.55
8.1000004 1.9 1.65
8.1000004 1.9 1.75
8.1000004 1.9 1.85
8.1000004 1.9 1.95
8.1000004 1.9 2.05
8.1000004 1.9 2.1500001
8.1000004 1.9 2.25
8.1000004 1.9 2.3499999
8.1000004 1.9 2.45
8 1.9 -0.44999999
8 1.9 -0.34999999
8 1.9 -0.25
8 1.9 -0.15000001
8 1.9 -0.050000001
8 1.9 0.050000001
8 1.9 0.15000001
8 1.9 0.25
8 1.9 0.34999999
8 1.9 0.44999999
8 1.9 0.55000001
8 1.9 0.64999998
8 1.9 0.75
8 1.9 0.85000002
8 1.9 0.94999999
8 1.9 1.05
8 1.9 1.15
8 1.9 1.25
8 1.9 1.35
8 1.9 1.45
8 1.9 1.55
8 1.9 1.65
8 1.9 1.75
8 1.9 1.85
8 1.9 1.95
8 1.9 2.05
8 1.9 2.1500001
8 1.9 2.25
8 1.9 2.3499999
8 1.9 2.45
7.9000001 1.9 -0.44999999
7.9000001 1.9 -0.34999999
7.9000001 1.9 -0.25
7.9000001 1.9 -0.15000001
7.9000001 1.9 -0.050000001
7.9000001 1.9 0.050000001
7.9000001 1.9 0.15000001
7.9000001 1.9 0.25
7.9000001 1.9 0.34999999
7.9000001 1.9 0.44999999
7.9000001 1.9 0.55000001
7.9000001 1.9 0.64999998
7.9000001 1.9 0.75
7.9000001 1.9 0.85000002
7.9000001 1.9 0.94999999
7.9000001 1.9 1.05
7.9000001 1.9 1.15
7.9000001 1.9 1.25
7.9000001 1.9 1.35
7.9000001 1.9 1.45
7.9000001 1.9 1.55
7.9000001 1.9 1.65
7.9000001 1.9 1.75
7.9000001 1.9 1.85
7.9000001 1.9 1.95
7.9000001 1.9 2.05
7.9000001 1.9 2.1500001
7.9000001 1.9 2.25
7.9000001 1.9 2.3499999
7.9000001 1.9 2.45
8.1000004 2 -0.44999999
8.1000004 2 -0.34999999
8.1000004 2 -0.25
8.1000004 2 -0.15000001
8.1000004 2 -0.050000001
8.1000004 2 0.050000001
8.1000004 2 0.15000001
8.1000004 2 0.25
8.1000004 2 0.34999999
8.1000004 2 0.44999999
8.1000004 2 0.55000001
8.1000004 2 0.64999998
8.1000004 2 0.75
8.1000004 2 0.85000002
8.1000004 2 0.94999999
8.1000004 2 1.05
8.1000004 2 1.15
8.1000004 2 1.25
8.1000004 2 1.35
8.1000004 2 1.45
8.1000004 2 1.55
8.1000004 2 1.65
8.1000004 2 1.75
8.1000004 2 1.85
8.1000004 2 1.95
8.1000004 2 2.05
8.1000004 2 2.1500001
8.1000004 2 2.25
8.1000004 2 2.3499999
8.1000004 2 2.45
8 2 -0.44999999
8 2 -0.34999999
8 2 -0.25
8 2 -0.15000001
8 2 -0.050000001
8 2 0.050000001
8 2 0.15000001
8 2 0.25
8 2 0.34999999
8 2 0.44999999
8 2 0.55000001
8 2 0.64999998
8 2 0.75
8 2 0.85000002
8 2 0.94999999
8 2 1.05
8 2 1.15
8 2 1.25
8 2 1.35
8 2 1.45
8 2 1.55
8 2 1.65
8 2 1.75
8 2 1.85
8 2 1.95
8 2 2.05
8 2 2.1500001
8 2 2.25
8 2 2.3499999
8 2 2.45
7.9000001 2 -0.44999999
7.9000001 2 -0.34999999
7.9000001 2 -0.25
7.9000001 2 -0.15000001
7.9000001 2 -0.050000001
7.9000001 2 0.050000001
7.9000001 2 0.15000001
7.9000001 2 0.25
7.9000001 2 0.34999999
7.9000001 2 0.44999999
7.9000001 2 0.55000001
7.9000001 2 0.64999998
7.9000001 2 0.75
7.9000001 2 0.85000002
7.9000001 2 0.94999999
7.9000001 2 1.05
7.9000001 2 1.15
7.9000001 2 1.25
7.9000001 2 1.35
7.9000001 2 1.45
7.9000001 2 1.55
7.9000001 2 1.65
7.9000001 2 1.75
7.9000001 2 1.85
7.9000001 2 1.95
7.9000001 2 2.05
7.9000001 2 2.1500001
7.9000001 2 2.25
7.9000001 2 2.3499999
7.9000001 2 2.45
8.1000004 2.0999999 -0.44999999
8.1000004 2.0999999 -0.34999999
8.1000004 2.0999999 -0.25
8.1000004 2.0999999 -0.15000001
8.1000004 2.0999999 -0.050000001
8.1000004 2.0999999 0.050000001
8.1000004 2.0999999 0.15000001
8.1000004 2.0999999 0.25
8.1000004 2.0999999 0.34999999
8.1000004 2.0999999 0.44999999
8.1000004 2.0999999 0.55000001
8.1000004 2.0999999 0.64999998
8.1000004 2.0999999 0.75
8.1000004 2.0999999 0.85000002
8.1000004 2.0999999 0.94999999
8.1000004 2.0999999 1.05
8.1000004 2.0999999 1.15
8.1000004 2.0999999 1.25
8.1000004 2.0999999 1.35
8.1000004 2.0999999 1.45
8.1000004 2.0999999 1.55
8.1000004 2.0999999 1.65
8.1000004 2.0999999 1.75
8.1000004 2.0999999 1.85
8.1000004 2.0999999 1.95
8.1000004 2.0999999 2.05
8.1000004 2.0999999 2.1500001
8.1000004 2.0999999 2.25
8.1000004 2.0999999 2.3499999
8.1000004 2.0999999 2.45
8 2.0999999 -0.44999999
8 2.0999999 -0.34999999
8 2.0999999 -0.25
8 2.0999999 -0.15000001
8 2.0999999 -0.050000001
8 2.0999999 0.050000001
8 2.0999999 0.15000001
8 2.0999999 0.25
8 2.0999999 0.34999999
8 2.0999999 0.44999999
8 2.0999999 0.55000001
8 2.0999999 0.64999998
8 2.0999999 0.75
8 2.0999999 0.85000002
8 2.0999999 0.94999999
8 2.0999999 1.05
8 2.0999999 1.15
8 2.0999999 1.25
8 2.0999999 1.35
8 2.0999999 1.45
8 2.0999999 1.55
8 2.0999999 1.65
8 2.0999999 1.75
8 2.0999999 1.85
8 2.0999999 1.95
8 2.0999999 2.05
8 2.0999999 2.1500001
8 2.0999999 2.25
8 2.0999999 2.3499999
8 2.0999999 2.45
7.9000001 2.0999999 -0.44999999
7.9000001 2.0999999 -0.34999999
7.9000001 2.0999999 -0.25
7.9000001 2.0999999 -0.15000001
7.9000001 2.0999999 -0.050000001
7.9000001 2.0999999 0.050000001
7.9000001 2.0999999 0.15000001
7.9000001 2.0999999 0.25
7.9000001 2.0999999 0.34999999
7.9000001 2.0999999 0.44999999
7.9000001 2.0999999 0.55000001
7.9000001 2.0999999 0.64999998
7.9000001 2.0999999 0.75
7.9000001 2.0999999 0.85000002
7.9000001 2.0999999 0.94999999
7.9000001 2.0999999 1.05
7.9000001 2.0999999 1.15
7.9000001 2.0999999 1.25
7.9000001 2.0999999 1.35
7.9000001 2.0999999 1.45
7.9000001 2.0999999 1.55
7.9000001 2.0999999 1.65
7.9000001 2.0999999 1.75
7.9000001 2.0999999 1.85
7.9000001 2.0999999 1.95
7.9000001 2.0999999 2.05
7.9000001 2.0999999 2.1500001
7.9000001 2.0999999 2.25
7.9000001 2.0999999 2.3499999
7.9000001 2.0999999 2.45
8.1000004 2.2 -0.44999999
8.1000004 2.2 -0.34999999
8.1000004 2.2 -0.25
8.1000004 2.2 -0.15000001
8.1000004 2.2 -0.050000001
8.1000004 2.2 0.050000001
8.1000004 2.2 0.15000001
8.1000004 2.2 0.25
8.1000004 2.2 0.34999999
8.1000004 2.2 0.44999999
8.1000004 2.2 0.55000001
8.1000004 2.2 0.64999998
8.1000004 2.2 0.75
8.1000004 2.2 0.85000002
8.1000004 2.2 0.94999999
8.1000004 2.2 1.05
8.1000004 2.2 1.15
8.1000004 2.2 1.25
8.1000004 2.2 1.35
8.1000004 2.2 1.45
8.1000004 2.2 1.55
8.1000004 2.2 1.65
8.1000004 2.2 1.75
8.1000004 2.2 1.85
8.1000004 2.2 1.95
8.1000004 2.2 2.05
8.1000004 2.2 2.1500001
8.1000004 2.2 2.25
8.1000004 2.2 2.3499999
8.1000004 2.2 2.45
8 2.2 -0.44999999
8 2.2 -0.34999999
8 2.2 -0.25
8 2.2 -0.15000001
8 2.2 -0.050000001
8 2.2 0.050000001
8 2.2 0.15000001
8 2.2 0.25
8 2.2 0.34999999
8 2.2 0.44999999
8 2.2 0.55000001
8 2.2 0.64999998
8 2.2 0.75
8 2.2 0.85000002
8 2.2 0.94999999
8 2.2 1.05
8 2.2 1.15
8 2.2 1.25
8 2.2 1.35
8 2.2 1.45
8 2.2 1.55
8 2.2 1.65
8 2.2 1.75
8 2.2 1.85
8 2.2 1.95
8 2.2 2.05
8 2.2 2.1500001
8 2.2 2.25
8 2.2 2.3499999
8 2.2 2.45
7.9000001 2.2 -0.44999999
7.9000001 2.2 -0.34999999
7.9000001 2.2 -0.25
7.9000001 2.2 -0.15000001
7.9000001 2.2 -0.050000001
7.9000001 2.2 0.050000001
7.9000001 2.2 0.15000001
7.9000001 2.2 0.25
7.9000001 2.2 0.34999999
7.9000001 2.2 0.44999999
7.9000001 2.2 0.55000001
7.9000001 2.2 0.64999998
7.9000001 2.2 0.75
7.9000001 2.2 0.85000002
7.9000001 2.2 0.94999999
7.9000001 2.2 1.05
7.9000001 2.2 1.15
7.9000001 2.2 1.25
7.9000001 2.2 1.35
7.9000001 2.2 1.45
7.9000001 2.2 1.55
7.9000001 2.2 1.65
7.9000001 2.2 1.75
7.9000001 2.2 1.85
7.9000001 2.2 1.95
7.9000001 2.2 2.05
7.9000001 2.2 2.1500001
7.9000001 2.2 2.25
7.9000001 2.2 2.3499999
7.9000001 2.2 2.45
8.1000004 2.3 -0.44999999
8.1000004 2.3 -0.34999999
8.1000004 2.3 -0.25
8.1000004 2.3 -0.15000001
8.1000004 2.3 -0.050000001
8.1000004 2.3 0.050000001
8.1000004 2.3 0.15000001
8.1000004 2.3 0.25
8.1000004 2.3 0.34999999
8.1000004 2.3 0.44999999
8.1000004 2.3 0.55000001
8.1000004 2.3 0.64999998
8.1000004 2.3 0.75
8.1000004 2.3 0.85000002
8.1000004 2.3 0.94999999
8.1000004 2.3 1.05
8.1000004 2.3 1.15
8.1000004 2.3 1.25
8.1000004 2.3 1.35
8.1000004 2.3 1.45
8.1000004 2.3 1.55
8.1000004 2.3 1.65
8.1000004 2.3 1.75
8.1000004 2.3 1.85
8.1000004 2.3 1.95
8.1000004 2.3 2.05
8.1000004 2.3 2.1500001
8.1000004 2.3 2.25
8.1000004 2.3 2.3499999
8.1000004 2.3 2.45
8 2.3 -0.44999999
8 2.3 -0.34999999
8 2.3 -0.25
8 2.3 -0.15000001
8 2.3 -0.050000001
8 2.3 0.050000001
8 2.3 0.15000001
8 2.3 0.25
8 2.3 0.34999999
8 2.3 0.44999999
8 2.3 0.55000001
8 2.3 0.64999998
8 2.3 0.75
8 2.3 0.85000002
8 2.3 0.94999999
8 2.3 1.05
8 2.3 1.15
8 2.3 1.25
8 2.3 1.35
8 2.3 1.45
8 2.3 1.55
8 2.3 1.65
8 2.3 1.75
8 2.3 1.85
8 2.3 1.95
8 2.3 2.05
8 2.3 2.1500001
8 2.3 2.25
8 2.3 2.3499999
8 2.3 2.45
7.9000001 2.3 -0.44999999
7.9000001 2.3 -0.34999999
7.9000001 2.3 -0.25
7.9000001 2.3 -0.15000001
7.9000001 2.3 -0.050000001
7.9000001 2.3 0.050000001
7.9000001 2.3 0.15000001
7.9000001 2.3 0.25
7.9000001 2.3 0.34999999
7.9000001 2.3 0.44999999
7.9000001 2.3 0.55000001
7.9000001 2.3 0.64999998
7.9000001 2.3 0.75
7.9000001 2.3 0.85000002
7.9000001 2.3 0.94999999
7.9000001 2.3 1.05
7.9000001 2.3 1.15
7.9000001 2.3 1.25
7.9000001 2.3 1.35
7.9000001 2.3 1.45
7.9000001 2.3 1.55
7.9000001 2.3 1.65
7.9000001 2.3 1.75
7.9000001 2.3 1.85
7.9000001 2.3 1.95
7.9000001 2.3 2.05
7.9000001 2.3 2.1500001
7.9000001 2.3 2.25
7.9000001 2.3 2.3499999
7.9000001 2.3 2.45
8.1000004 2.4000001 -0.44999999
8.1000004 2.4000001 -0.34999999
8.1000004 2.4000001 -0.25
8.1000004 2.4000001 -0.15000001
8.1000004 2.4000001 -0.050000001
8.1000004 2.4000001 0.050000001
8.1000004 2.4000001 0.15000001
8.1000004 2.4000001 0.25
8.1000004 2.4000001 0.34999999
8.1000004 2.4000001 0.44999999
8.1000004 2.4000001 0.55000001
8.1000004 2.4000001 0.64999998
8.1000004 2.4000001 0.75
8.1000004 2.4000001 0.85000002
8.1000004 2.4000001 0.94999999
8.1000004 2.4000001 1.05
8.1000004 2.4000001 1.15
8.1000004 2.4000001 1.25
8.1000004 2.4000001 1.35
8.1000004 2.4000001 1.45
8.1000004 2.4000001 1.55
8.1000004 2.4000001 1.65
8.1000004 2.4000001 1.75
8.1000004 2.4000001 1.85
8.1000004 2.4000001 1.95
8.1000004 2.4000001 2.05
8.1000004 2.4000001 2.1500001
8.1000004 2.4000001 2.25
8.1000004 2.4000001 2.3499999
8.1000004 2.4000001 2.45
8 2.4000001 -0.44999999
8 2.4000001 -0.34999999
8 2.4000001 -0.25
8 2.4000001 -0.15000001
8 2.4000001 -0.050000001
8 2.4000001 0.050000001
8 2.4000001 0.15000001
8 2.4000001 0.25
8 2.4000001 0.34999999
8 2.4000001 0.44999999
8 2.4000001 0.55000001
8 2.4000001 0.64999998
8 2.4000001 0.75
8 2.4000001 0.85000002
8 2.4000001 0.94999999
8 2.4000001 1.05
8 2.4000001 1.15
8 2.4000001 1.25
8 2.4000001 1.35
8 2.4000001 1.45
8 2.4000001 1.55
8 2.4000001 1.65
8 2.4000001 1.75
8 2.4000001 1.85
8 2.4000001 1.95
8 2.4000001 2.05
8 2.4000001 2.1500001
8 2.4000001 2.25
8 2.4000001 2.3499999
8 2.4000001 2.45
7.9000001 2.4000001 -0.44999999
7.9000001 2.4000001 -0.34999999
7.9000001 2.4000001 -0.25
7.9000001 2.4000001 -0.15000001
7.9000001 2.4000001 -0.050000001
7.9000001 2.4000001 0.050000001
7.9000001 2.4000001 0.15000001
7.9000001 2.4000001 0.25
7.9000001 2.4000001 0.34999999
7.9000001 2.4000001 0.44999999
7.9000001 2.4000001 0.55000001
7.9000001 2.4000001 0.64999998
7.9000001 2.4000001 0.75
7.9000001 2.4000001 0.85000002
7.9000001 2.4000001 0.94999999
7.9000001 2.4000001 1.05
7.9000001 2.4000001 1.15
7.9000001 2.4000001 1.25
7.9000001 2.4000001 1.35
7.9000001 2.4000001 1.45
7.9000001 2.4000001 1.55
7.9000001 2.4000001 1.65
7.9000001 2.4000001 1.75
7.9000001 2.4000001 1.85
7.9000001 2.4000001 1.95
7.9000001 2.4000001 2.05
7.9000001 2.4000001 2.1500001
7.9000001 2.4000001 2.25
7.9000001 2.4000001 2.3499999
7.9000001 2.4000001 2.45
8.1000004 2.5 -0.44999999
8.1000004 2.5 -0.34999999
8.1000004 2.5 -0.25
8.1000004 2.5 -0.15000001
8.1000004 2.5 -0.050000001
8.1000004 2.5 0.050000001
8.1000004 2.5 0.15000001
8.1000004 2.5 0.25
8.1000004 2.5 0.34999999
8.1000004 2.5 0.44999999
8.1000004 2.5 0.55000001
8.1000004 2.5 0.64999998
8.1000004 2.5 0.75
8.1000004 2.5 0.85000002
8.1000004 2.5 0.94999999
8.1000004 2.5 1.05
8.1000004 2.5 1.15
8.1000004 2.5 1.25
8.1000004 2.5 1.35
8.1000004 2.5 1.45
8.1000004 2.5 1.55
8.1000004 2.5 1.65
8.1000004 2.5 1.75
8.1000004 2.5 1.85
8.1000004 2.5 1.95
8.1000004 2.5 2.05
8.1000004 2.5 2.1500001
8.1000004 2.5 2.25
8.1000004 2.5 2.3499999
8.1000004 2.5 2.45
8 2.5 -0.44999999
8 2.5 -0.34999999
8 2.5 -0.25
8 2.5 -0.15000001
8 2.5 -0.050000001
8 2.5 0.050000001
8 2.5 0.15000001
8 2.5 0.25
8 2.5 0.34999999
8 2.5 0.44999999
8 2.5 0.55000001
8 2.5 0.64999998
8 2.5 0.75
8 2.5 0.85000002
8 2.5 0.94999999
8 2.5 1.05
8 2.5 1.15
8 2.5 1.25
8 2.5 1.35
8 2.5 1.45
8 2.5 1.55
8 2.5 1.65
8 2.5 1.75
8 2.5 1.85
8 2.5 1.95
8 2.5 2.05
8 2.5 2.1500001
8 2.5 2.25
8 2.5 2.3499999
8 2.5 2.45
7.9000001 2.5 -0.44999999
7.9000001 2.5 -0.34999999
7.9000001 2.5 -0.25
7.9000001 2.5 -0.15000001
7.9000001 2.5 -0.050000001
7.9000001 2.5 0.050000001
7.9000001 2.5 0.15000001
7.9000001 2.5 0.25
7.9000001 2.5 0.34999999
7.9000001 2.5 0.44999999
7.9000001 2.5 0.55000001
7.9000001 2.5 0.64999998
7.9000001 2.5 0.75
7.9000001 2.5 0.85000002
7.9000001 2.5 0.94999999
7.9000001 2.5 1.05
7.9000001 2.5 1.15
7.9000001 2.5 1.25
7.9000001 2.5 1.35
7.9000001 2.5 1.45
7.9000001 2.5 1.55
7.9000001 2.5 1.65
7.9000001 2.5 1.75
7.9000001 2.5 1.85
7.9000001 2.5 1.95
7.9000001 2.5 2.05
7.9000001 2.5 2.1500001
7.9000001 2.5 2.25
7.9000001 2.5 2.3499999
7.9000001 2.5 2.45
8.1000004 2.5999999 -0.44999999
8.1000004 2.5999999 -0.34999999
8.1000004 2.5999999 -0.25
8.1000004 2.5999999 -0.15000001
8.1000004 2.5999999 -0.050000001
8.1000004 2.5999999 0.050000001
8.1000004 2.5999999 0.15000001
8.1000004 2.5999999 0.25
8.1000004 2.5999999 0.34999999
8.1000004 2.5999999 0.44999999
8.1000004 2.5999999 0.55000001
8.1000004 2.5999999 0.64999998
8.1000004 2.5999999 0.75
8.1000004 2.5999999 0.85000002
8.1000004 2.5999999 0.94999999
8.1000004 2.5999999 1.05
8.1000004 2.5999999 1.15
8.1000004 2.5999999 1.25
8.1000004 2.5999999 1.35
8.1000004 2.5999999 1.45
8.1000004 2.5999999 1.55
8.1000004 2.5999999 1.65
8.1000004 2.5999999 1.75
8.1000004 2.5999999 1.85
8.1000004 2.5999999 1.95
8.1000004 2.5999999 2.05
8.1000004 2.5999999 2.1500001
8.1000004 2.5999999 2.25
8.1000004 2.5999999 2.3499999
8.1000004 2.5999999 2.45
8 2.5999999 -0.44999999
8 2.5999999 -0.34999999
8 2.5999999 -0.25
8 2.5999999 -0.15000001
8 2.5999999 -0.050000001
8 2.5999999 0.050000001
8 2.5999999 0.15000001
8 2.5999999 0.25
8 2.5999999 0.34999999
8 2.5999999 0.44999999
8 2.5999999 0.55000001
8 2.5999999 0.64999998
8 2.5999999 0.75
8 2.5999999 0.85000002
8 2.5999999 0.94999999
8 2.5999999 1.05
8 2.5999999 1.15
8 2.5999999 1.25
8 2.5999999 1.35
8 2.5999999 1.45
8 2.5999999 1.55
8 2.5999999 1.65
8 2.5999999 1.75
8 2.5999999 1.85
8 2.5999999 1.95
8 2.5999999 2.05
8 2.5999999 2.1500001
8 2.5999999 2.25
8 2.5999999 2.3499999
8 2.5999999 2.45
7.9000001 2.5999999 -0.44999999
7.9000001 2.5999999 -0.34999999
7.9000001 2.5999999 -0.25
7.9000001 2.5999999 -0.15000001
7.9000001 2.5999999 -0.050000001
7.9000001 2.5999999 0.050000001
7.9000001 2.5999999 0.15000001
7.9000001 2.5999999 0.25
7.9000001 2.5999999 0.34999999
7.9000001 2.5999999 0.44999999
7.9000001 2.5999999 0.55000001
7.9000001 2.5999999 0.64999998
7.9000001 2.5999999 0.75
7.9000001 2.5999999 0.85000002
7.9000001 2.5999999 0.94999999
7.9000001 2.5999999 1.05
7.9000001 2.5999999 1.15
7.9000001 2.5999999 1.25
7.9000001 2.5999999 1.35
7.9000001 2.5999999 1.45
7.9000001 2.5999999 1.55
7.9000001 2.5999999 1.65
7.9000001 2.5999999 1.75
7.9000001 2.5999999 1.85
7.9000001 2.5999999 1.95
7.9000001 2.5999999 2.05
7.9000001 2.5999999 2.1500001
7.9000001 2.5999999 2.25
7.9000001 2.5999999 2.3499999
7.9000001 2.5999999 2.45
8.1000004 2.7 -0.44999999
8.1000004 2.7 -0.34999999
8.1000004 2.7 -0.25
8.1000004 2.7 -0.15000001
8.1000004 2.7 -0.050000001
8.1000004 2.7 0.050000001
8.1000004 2.7 0.15000001
8.1000004 2.7 0.25
8.1000004 2.7 0.34999999
8.1000004 2.7 0.44999999
8.1000004 2.7 0.55000001
8.1000004 2.7 0.64999998
8.1000004 2.7 0.75
8.1000004 2.7 0.85000002
8.1000004 2.7 0.94999999
8.1000004 2.7 1.05
8.1000004 2.7 1.15
8.1000004 2.7 1.25
8.1000004 2.7 1.35
8.1000004 2.7 1.45
8.1000004 2.7 1.55
8.1000004 2.7 1.65
8.1000004 2.7 1.75
8.1000004 2.7 1.85
8.1000004 2.7 1.95
8.1000004 2.7 2.05
8.1000004 2.7 2.1500001
8.1000004 2.7 2.25
8.1000004 2.7 2.3499999
8.1000004 2.7 2.45
8 2.7 -0.44999999
8 2.7 -0.34999999
8 2.7 -0.25
8 2.7 -0.15000001
8 2.7 -0.050000001
8 2.7 0.050000001
8 2.7 0.15000001
8 2.7 0.25
8 2.7 0.34999999
8 2.7 0.44999999
8 2.7 0.55000001
8 2.7 0.64999998
8 2.7 0.75
8 2.7 0.85000002
8 2.7 0.94999999
8 2.7 1.05
8 2.7 1.15
8 2.7 1.25
8 2.7 1.35
8 2.7 1.45
8 2.7 1.55
8 2.7 1.65
8 2.7 1.75
8 2.7 1.85
8 2.7 1.95
8 2.7 2.05
8 2.7 2.1500001
8 2.7 2.25
8 2.7 2.3499999
8 2.7 2.45
7.9000001 2.7 -0.44999999
7.9000001 2.7 -0.34999999
7.9000001 2.7 -0.25
7.9000001 2.7 -0.15000001
7.9000001 2.7 -0.050000001
7.9000001 2.7 0.050000001
7.9000001 2.7 0.15000001
7.9000001 2.7 0.25
7.9000001 2.7 0.34999999
7.9000001 2.7 0.44999999
7.9000001 2.7 0.55000001
7.9000001 2.7 0.64999998
7.9000001 2.7 0.75
7.9000001 2.7 0.85000002
7.9000001 2.7 0.94999999
7.9000001 2.7 1.05
7.9000001 2.7 1.15
7.9000001 2.7 1.25
7.9000001 2.7 1.35
7.9000001 2.7 1.45
7.9000001 2.7 1.55
7.9000001 2.7 1.65
7.9000001 2.7 1.75
7.9000001 2.7 1.85
7.9000001 2.7 1.95
7.9000001 2.7 2.05
7.9000001 2.7 2.1500001
7.9000001 2.7 2.25
7.9000001 2.7 2.3499999
7.9000001 2.7 2.45
8.1000004 2.8 -0.44999999
8.1000004 2.8 -0.34999999
8.1000004 2.8 -0.25
8.1000004 2.8 -0.15000001
8.1000004 2.8 -0.050000001
8.1000004 2.8 0.050000001
8.1000004 2.8 0.15000001
8.1000004 2.8 0.25
8.1000004 2.8 0.34999999
8.1000004 2.8 0.44999999
8.1000004 2.8 0.55000001
8.1000004 2.8 0.64999998
8.1000004 2.8 0.75
8.1000004 2.8 0.85000002
8.1000004 2.8 0.94999999
8.1000004 2.8 1.05
8.1000004 2.8 1.15
8.1000004 2.8 1.25
8.1000004 2.8 1.35
8.1000004 2.8 1.45
8.1000004 2.8 1.55
8.1000004 2.8 1.65
8.1000004 2.8 1.75
8.1000004 2.8 1.85
8.1000004 2.8 1.95
8.1000004 2.8 2.05
8.1000004 2.8 2.1500001
8.1000004 2.8 2.25
8.1000004 2.8 2.3499999
8.1000004 2.8 2.45
8 2.8 -0.44999999
8 2.8 -0.34999999
8 2.8 -0.25
8 2.8 -0.15000001
8 2.8 -0.050000001
8 2.8 0.050000001
8 2.8 0.15000001
8 2.8 0.25
8 2.8 0.34999999
8 2.8 0.44999999
8 2.8 0.55000001
8 2.8 0.64999998
8 2.8 0.75
8 2.8 0.85000002
8 2.8 0.94999999
8 2.8 1.05
8 2.8 1.15
8 2.8 1.25
8 2.8 1.35
8 2.8 1.45
8 2.8 1.55
8 2.8 1.65
8 2.8 1.75
8 2.8 1.85
8 2.8 1.95
8 2.8 2.05
8 2.8 2.1500001
8 2.8 2.25
8 2.8 2.3499999
8 2.8 2.45
7.9000001 2.8 -0.44999999
7.9000001 2.8 -0.34999999
7.9000001 2.8 -0.25
7.9000001 2.8 -0.15000001
7.9000001 2.8 -0.050000001
7.9000001 2.8 0.050000001
7.9000001 2.8 0.15000001
7.9000001 2.8 0.25
7.9000001 2.8 0.34999999
7.9000001 2.8 0.44999999
7.9000001 2.8 0.55000001
7.9000001 2.8 0.64999998
7.9000001 2.8 0.75
7.9000001 2.8 0.85000002
7.9000001 2.8 0.94999999
7.9000001 2.8 1.05
7.9000001 2.8 1.15
7.9000001 2.8 1.25
7.9000001 2.8 1.35
7.9000001 2.8 1.45
7.9000001 2.8 1.55
7.9000001 2.8 1.65
7.9000001 2.8 1.75
7.9000001 2.8 1.85
7.9000001 2.8 1.95
7.9000001 2.8 2.05
7.9000001 2.8 2.1500001
7.9000001 2.8 2.25
7.9000001 2.8 2.3499999
7.9000001 2.8 2.45
8.1000004 2.9000001 -0.44999999
8.1000004 2.9000001 -0.34999999
8.1000004 2.9000001 -0.25
8.1000004 2.9000001 -0.15000001
8.1000004 2.9000001 -0.050000001
8.1000004 2.9000001 0.050000001
8.1000004 2.9000001 0.15000001
8.1000004 2.9000001 0.25
8.1000004 2.9000001 0.34999999
8.1000004 2.9000001 0.44999999
8.1000004 2.9000001 0.55000001
8.1000004 2.9000001 0.64999998
8.1000004 2.9000001 0.75
8.1000004 2.9000001 0.85000002
8.1000004 2.9000001 0.94999999
8.1000004 2.9000001 1.05
8.1000004 2.9000001 1.15
8.1000004 2.9000001 1.25
8.1000004 2.9000001 1.35
8.1000004 2.9000001 1.45
8.1000004 2.9000001 1.55
8.1000004 2.9000001 1.65
8.1000004 2.9000001 1.75
8.1000004 2.9000001 1.85
8.1000004 2.9000001 1.95
8.1000004 2.9000001 2.05
8.1000004 2.9000001 2.1500001
8.1000004 2.9000001 2.25
8.1000004 2.9000001 2.3499999
8.1000004 2.9000001 2.45
8 2.9000001 -0.44999999
8 2.9000001 -0.34999999
8 2.9000001 -0.25
8 2.9000001 -0.15000001
8 2.9000001 -0.050000001
8 2.9000001 0.050000001
8 2.9000001 0.15000001
8 2.9000001 0.25
8 2.9000001 0.34999999
8 2.9000001 0.44999999
8 2.9000001 0.55000001
8 2.9000001 0.64999998
8 2.9000001 0.75
8 2.9000001 0.85000002
8 2.9000001 0.94999999
8 2.9000001 1.05
8 2.9000001 1.15
8 2.9000001 1.25
8 2.9000001 1.35
8 2.9000001 1.45
8 2.9000001 1.55
8 2.9000001 1.65
8 2.9000001 1.75
8 2.9000001 1.85
8 2.9000001 1.95
8 2.9000001 2.05
8 2.9000001 2.1500001
8 2.9000001 2.25
8 2.9000001 2.3499999
8 2.9000001 2.45
7.9000001 2.9000001 -0.44999999
7.9000001 2.9000001 -0.34999999
7.9000001 2.9000001 -0.25
7.9000001 2.9000001 -0.15000001
7.9000001 2.9000001 -0.050000001
7.9000001 2.9000001 0.050000001
7.9000001 2.9000001 0.15000001
7.9000001 2.9000001 0.25
7.9000001 2.9000001 0.34999999
7.9000001 2.9000001 0.44999999
7.9000001 2.9000001 0.55000001
7.9000001 2.9000001 0.64999998
7.9000001 2.9000001 0.75
7.9000001 2.9000001 0.85000002
7.9000001 2.9000001 0.94999999
7.9000001 2.9000001 1.05
7.9000001 2.9000001 1.15
7.9000001 2.9000001 1.25
7.9000001 2.9000001 1.35
7.9000001 2.9000001 1.45
7.9000001 2.9000001 1.55
7.9000001 2.9000001 1.65
7.9000001 2.9000001 1.75
7.9000001 2.9000001 1.85
7.9000001 2.9000001 1.95
7.9000001 2.9000001 2.05
7.9000001 2.9000001 2.1500001
7.9000001 2.9000001 2.25
7.9000001 2.9000001 2.3499999
7.9000001 2.9000001 2.45
8.1000004 3 -0.44999999
8.1000004 3 -0.34999999
8.1000004 3 -0.25
8.1000004 3 -0.15000001
8.1000004 3 -0.050000001
8.1000004 3 0.050000001
8.1000004 3 0.15000001
8.1000004 3 0.25
8.1000004 3 0.34999999
8.1000004 3 0.44999999
8.1000004 3 0.55000001
8.1000004 3 0.64999998
8.1000004 3 0.75
8.1000004 3 0.85000002
8.1000004 3 0.94999999
8.1000004 3 1.05
8.1000004 3 1.15
8.1000004 3 1.25
8.1000004 3 1.35
8.1000004 3 1.45
8.1000004 3 1.55
8.1000004 3 1.65
8.1000004 3 1.75
8.1000004 3 1.85
8.1000004 3 1.95
8.1000004 3 2.05
8.1000004 3 2.1500001
8.1000004 3 2.25
8.1000004 3 2.3499999
8.1000004 3 2.45
8 3 -0.44999999
8 3 -0.34999999
8 3 -0.25
8 3 -0.15000001
8 3 -0.050000001
8 3 0.050000001
8 3 0.15000001
8 3 0.25
8 3 0.34999999
8 3 0.44999999
8 3 0.55000001
8 3 0.64999998
8 3 0.75
8 3 0.85000002
8 3 0.94999999
8 3 1.05
8 3 1.15
8 3 1.25
8 3 1.35
8 3 1.45
8 3 1.55
8 3 1.65
8 3 1.75
8 3 1.85
8 3 1.95
8 3 2.05
8 3 2.1500001
8 3 2.25
8 3 2.3499999
8 3 2.45
7.9000001 3 -0.44999999
7.9000001 3 -0.34999999
7.9000001 3 -0.25
7.9000001 3 -0.15000001
7.9000001 3 -0.050000001
7.9000001 3 0.050000001
7.9000001 3 0.15000001
7.9000001 3 0.25
7.9000001 3 0.34999999
7.9000001 3 0.44999999
7.9000001 3 0.55000001
7.9000001 3 0.64999998
7.9000001 3 0.75
7.9000001 3 0.85000002
7.9000001 3 0.94999999
7.9000001 3 1.05
7.9000001 3 1.15
7.9000001 3 1.25
7.9000001 3 1.35
7.9000001 3 1.45
7.9000001 3 1.55
7.9000001 3 1.65
7.9000001 3 1.75
7.9000001 3 1.85
7.9000001 3 1.95
7.9000001 3 2.05
7.9000001 3 2.1500001
7.9000001 3 2.25
7.9000001 3 2.3499999
7.9000001 3 2.45
8.1000004 3.0999999 -0.44999999
8.1000004 3.0999999 -0.34999999
8.1000004 3.0999999 -0.25
8.1000004 3.0999999 -0.15000001
8.1000004 3.0999999 -0.050000001
8.1000004 3.0999999 0.050000001
8.1000004 3.0999999 0.15000001
8.1000004 3.0999999 0.25
8.1000004 3.0999999 0.34999999
8.1000004 3.0999999 0.44999999
8.1000004 3.0999999 0.55000001
8.1000004 3.0999999 0.64999998
8.1000004 3.0999999 0.75
8.1000004 3.0999999 0.85000002
8.1000004 3.0999999 0.94999999
8.1000004 3.0999999 1.05
8.1000004 3.0999999 1.15
8.1000004 3.0999999 1.25
8.1000004 3.0999999 1.35
8.1000004 3.0999999 1.45
8.1000004 3.0999999 1.55
8.1000004 3.0999999 1.65
8.1000004 3.0999999 1.75
8.1000004 3.0999999 1.85
8.1000004 3.0999999 1.95
8.1000004 3.0999999 2.05
8.1000004 3.0999999 2.1500001
8.1000004 3.0999999 2.25
8.1000004 3.0999999 2.3499999
8.1000004 3.0999999 2.45
8 3.0999999 -0.44999999
8 3.0999999 -0.34999999
8 3.0999999 -0.25
8 3.0999999 -0.15000001
8 3.0999999 -0.050000001
8 3.0999999 0.050000001
8 3.0999999 0.15000001
8 3.0999999 0.25
8 3.0999999 0.34999999
8 3.0999999 0.44999999
8 3.0999999 0.55000001
8 3.0999999 0.64999998
8 3.0999999 0.75
8 3.0999999 0.85000002
8 3.0999999 0.94999999
8 3.0999999 1.05
8 3.0999999 1.15
8 3.0999999 1.25
8 3.0999999 1.35
8 3.0999999 1.45
8 3.0999999 1.55
8 3.0999999 1.65
8 3.0999999 1.75
8 3.0999999 1.85
8 3.0999999 1.95
8 3.0999999 2.05
8 3.0999999 2.1500001
8 3.0999999 2.25
8 3.0999999 2.3499999
8 3.0999999 2.45
7.9000001 3.0999999 -0.44999999
7.9000001 3.0999999 -0.34999999
7.9000001 3.0999999 -0.25
7.9000001 3.0999999 -0.15000001
7.9000001 3.0999999 -0.050000001
7.9000001 3.0999999 0.050000001
7.9000001 3.0999999 0.15000001
7.9000001 3.0999999 0.25
7.9000001 3.0999999 0.34999999
7.9000001 3.0999999 0.44999999
7.9000001 3.0999999 0.55000001
7.9000001 3.0999999 0.64999998
7.9000001 3.0999999 0.75
7.9000001 3.0999999 0.85000002
7.9000001 3.0999999 0.94999999
7.9000001 3.0999999 1.05
7.9000001 3.0999999 1.15
7.9000001 3.0999999 1.25
7.9000001 3.0999999 1.35
7.9000001 3.0999999 1.45
7.9000001 3.0999999 1.55
7.9000001 3.0999999 1.65
7.9000001 3.0999999 1.75
7.9000001 3.0999999 1.85
7.9000001 3.0999999 1.95
7.9000001 3.0999999 2.05
7.9000001 3.0999999 2.1500001
7.9000001 3.0999999 2.25
7.9000001 3.0999999 2.3499999
7.9000001 3.0999999 2.45
8.1000004 3.2 -0.44999999
8.1000004 3.2 -0.34999999
8.1000004 3.2 -0.25
8.1000004 3.2 -0.15000001
8.1000004 3.2 -0.050000001
8.1000004 3.2 0.050000001
8.1000004 3.2 0.15000001
8.1000004 3.2 0.25
8.1000004 3.2 0.34999999
8.1000004 3.2 0.44999999
8.1000004 3.2 0.55000001
8.1000004 3.2 0.64999998
8.1000004 3.2 0.75
8.1000004 3.2 0.85000002
8.1000004 3.2 0.94999999
8.1000004 3.2 1.05
8.1000004 3.2 1.15
8.1000004 3.2 1.25
8.1000004 3.2 1.35
8.1000004 3.2 1.45
8.1000004 3.2 1.55
8.1000004 3.2 1.65
8.1000004 3.2 1.75
8.1000004 3.2 1.85
8.1000004 3.2 1.95
8.1000004 3.2 2.05
8.1000004 3.2 2.1500001
8.1000004 3.2 2.25
8.1000004 3.2 2.3499999
8.1000004 3.2 2.45
8 3.2 -0.44999999
8 3.2 -0.34999999
8 3.2 -0.25
8 3.2 -0.15000001
8 3.2 -0.050000001
8 3.2 0.050000001
8 3.2 0.15000001
8 3.2 0.25
8 3.2 0.34999999
8 3.2 0.44999999
8 3.2 0.55000001
8 3.2 0.64999998
8 3.2 0.75
8 3.2 0.85000002
8 3.2 0.94999999
8 3.2 1.05
8 3.2 1.15
8 3.2 1.25
8 3.2 1.35
8 3.2 1.45
8 3.2 1.55
8 3.2 1.65
8 3.2 1.75
8 3.2 1.85
8 3.2 1.95
8 3.2 2.05
8 3.2 2.1500001
8 3.2 2.25
8 3.2 2.3499999
8 3.2 2.45
7.9000001 3.2 -0.44999999
7.9000001 3.2 -0.34999999
7.9000001 3.2 -0.25
7.9000001 3.2 -0.15000001
7.9000001 3.2 -0.050000001
7.9000001 3.2 0.050000001
7.9000001 3.2 0.15000001
7.9000001 3.2 0.25
7.9000001 3.2 0.34999999
7.9000001 3.2 0.44999999
7.9000001 3.2 0.55000001
7.9000001 3.2 0.64999998
7.9000001 3.2 0.75
7.9000001 3.2 0.85000002
7.9000001 3.2 0.94999999
7.9000001 3.2 1.05
7.9000001 3.2 1.15
7.9000001 3.2 1.25
7.9000001 3.2 1.35
7.9000001 3.2 1.45
7.9000001 3.2 1.55
7.9000001 3.2 1.65
7.9000001 3.2 1.75
7.9000001 3.2 1.85
7.9000001 3.2 1.95
7.9000001 3.2 2.05
7.9000001 3.2 2.1500001
7.9000001 3.2 2.25
7.9000001 3.2 2.3499999
7.9000001 3.2 2.45
8.1000004 3.3 -0.44999999
8.1000004 3.3 -0.34999999
8.1000004 3.3 -0.25
8.1000004 3.3 -0.15000001
8.1000004 3.3 -0.050000001
8.1000004 3.3 0.050000001
8.1000004 3.3 0.15000001
8.1000004 3.3 0.25
8.1000004 3.3 0.34999999
8.1000004 3.3 0.44999999
8.1000004 3.3 0.55000001
8.1000004 3.3 0.64999998
8.1000004 3.3 0.75
8.1000004 3.3 0.85000002
8.1000004 3.3 0.94999999
8.1000004 3.3 1.05
8.1000004 3.3 1.15
8.1000004 3.3 1.25
8.1000004 3.3 1.35
8.1000004 3.3 1.45
8.1000004 3.3 1.55
8.1000004 3.3 1.65
8.1000004 3.3 1.75
8.1000004 3.3 1.85
8.1000004 3.3 1.95
8.1000004 3.3 2.05
8.1000004 3.3 2.1500001
8.1000004 3.3 2.25
8.1000004 3.3 2.3499999
8.1000004 3.3 2.45
8 3.3 -0.44999999
8 3.3 -0.34999999
8 3.3 -0.25
8 3.3 -0.15000001
8 3.3 -0.050000001
8 3.3 0.050000001
8 3.3 0.15000001
8 3.3 0.25
8 3.3 0.34999999
8 3.3 0.44999999
8 3.3 0.55000001
8 3.3 0.64999998
8 3.3 0.75
8 3.3 0.85000002
8 3.3 0.94999999
8 3.3 1.05
8 3.3 1.15
8 3.3 1.25
8 3.3 1.35
8 3.3 1.45
8 3.3 1.55
8 3.3 1.65
8 3.3 1.75
8 3.3 1.85
8 3.3 1.95
8 3.3 2.05
8 3.3 2.1500001
8 3.3 2.25
8 3.3 2.3499999
8 3.3 2.45
7.9000001 3.3 -0.44999999
7.9000001 3.3 -0.34999999
7.9000001 3.3 -0.25
7.9000001 3.3 -0.15000001
7.9000001 3.3 -0.050000001
7.9000001 3.3 0.050000001
7.9000001 3.3 0.15000001
7.9000001 3.3 0.25
7.9000001 3.3 0.34999999
7.9000001 3.3 0.44999999
7.9000001 3.3 0.55000001
7.9000001 3.3 0.64999998
7.9000001 3.3 0.75
7.9000001 3.3 0.85000002
7.9000001 3.3 0.94999999
7.9000001 3.3 1.05
7.9000001 3.3 1.15
7.9000001 3.3 1.25
7.9000001 3.3 1.35
7.9000001 3.3 1.45
7.9000001 3.3 1.55
7.9000001 3.3 1.65
7.9000001 3.3 1.75
7.9000001 3.3 1.85
7.9000001 3.3 1.95
7.9000001 3.3 2.05
7.9000001 3.3 2.1500001
7.9000001 3.3 2.25
7.9000001 3.3 2.3499999
7.9000001 3.3 2.45
8.1000004 3.4000001 -0.44999999
8.1000004 3.4000001 -0.34999999
8.1000004 3.4000001 -0.25
8.1000004 3.4000001 -0.15000001
8.1000004 3.4000001 -0.050000001
8.1000004 3.4000001 0.050000001
8.1000004 3.4000001 0.15000001
8.1000004 3.4000001 0.25
8.1000004 3.4000001 0.34999999
8.1000004 3.4000001 0.44999999
8.1000004 3.4000001 0.55000001
8.1000004 3.4000001 0.64999998
8.1000004 3.4000001 0.75
8.1000004 3.4000001 0.85000002
8.1000004 3.4000001 0.94999999
8.1000004 3.4000001 1.05
8.1000004 3.4000001 1.15
8.1000004 3.4000001 1.25
8.1000004 3.4000001 1.35
8.1000004 3.4000001 1.45
8.1000004 3.4000001 1.55
8.1000004 3.4000001 1.65
8.1000004 3.4000001 1.75
8.1000004 3.4000001 1.85
8.1000004 3.4000001 1.95
8.1000004 3.4000001 2.05
8.1000004 3.4000001 2.1500001
8.1000004 3.4000001 2.25
8.1000004 3.4000001 2.3499999
8.1000004 3.4000001 2.45
8 3.4000001 -0.44999999
8 3.4000001 -0.34999999
8 3.4000001 -0.25
8 3.4000001 -0.15000001
8 3.4000001 -0.050000001
8 3.4000001 0.050000001
8 3.4000001 0.15000001
8 3.4000001 0.25
8 3.4000001 0.34999999
8 3.4000001 0.44999999
8 3.4000001 0.55000001
8 3.4000001 0.64999998
8 3.4000001 0.75
8 3.4000001 0.85000002
8 3.4000001 0.94999999
8 3.4000001 1.05
8 3.4000001 1.15
8 3.4000001 1.25
8 3.4000001 1.35
8 3.4000001 1.45
8 3.4000001 1.55
8 3.4000001 1.65
8 3.4000001 1.75
8 3.4000001 1.85
8 3.4000001 1.95
8 3.4000001 2.05
8 3.4000001 2.1500001
8 3.4000001 2.25
8 3.4000001 2.3499999
8 3.4000001 2.45
7.9000001 3.4000001 -0.44999999
7.9000001 3.4000001 -0.34999999
7.9000001 3.4000001 -0.25
7.9000001 3.4000001 -0.15000001
7.9000001 3.4000001 -0.050000001
7.9000001 3.4000001 0.050000001
7.9000001 3.4000001 0.15000001
7.9000001 3.4000001 0.25
7.9000001 3.4000001 0.34999999
7.9000001 3.4000001 0.44999999
7.9000001 3.4000001 0.55000001
7.9000001 3.4000001 0.64999998
7.9000001 3.4000001 0.75
7.9000001 3.4000001 0.85000002
7.9000001 3.4000001 0.94999999
7.9000001 3.4000001 1.05
7.9000001 3.4000001 1.15
7.9000001 3.4000001 1.25
7.9000001 3.4000001 1.35
7.9000001 3.4000001 1.45
7.9000001 3.4000001 1.55
7.9000001 3.4000001 1.65
7.9000001 3.4000001 1.75
7.9000001 3.4000001 1.85
7.9000001 3.4000001 1.95
7.9000001 3.4000001 2.05
7.9000001 3.4000001 2.1500001
7.9000001 3.4000001 2.25
7.9000001 3.4000001 2.3499999
7.9000001 3.4000001 2.45
8.1000004 3.5 -0.44999999
8.1000004 3.5 -0.34999999
8.1000004 3.5 -0.25
8.1000004 3.5 -0.15000001
8.1000004 3.5 -0.050000001
8.1000004 3.5 0.050000001
8.1000004 3.5 0.15000001
8.1000004 3.5 0.25
8.1000004 3.5 0.34999999
8.1000004 3.5 0.44999999
8.1000004 3.5 0.55000001
8.1000004 3.5 0.64999998
8.1000004 3.5 0.75
8.1000004 3.5 0.85000002
8.1000004 3.5 0.94999999
8.1000004 3.5 1.05
8.1000004 3.5 1.15
8.1000004 3.5 1.25
8.1000004 3.5 1.35
8.1000004 3.5 1.45
8.1000004 3.5 1.55
8.1000004 3.5 1.65
8.1000004 3.5 1.75
8.1000004 3.5 1.85
8.1000004 3.5 1.95
8.1000004 3.5 2.05
8.1000004 3.5 2.1500001
8.1000004 3.5 2.25
8.1000004 3.5 2.3499999
8.1000004 3.5 2.45
8 3.5 -0.44999999
8 3.5 -0.34999999
8 3.5 -0.25
8 3.5 -0.15000001
8 3.5 -0.050000001
8 3.5 0.050000001
8 3.5 0.15000001
8 3.5 0.25
8 3.5 0.34999999
8 3.5 0.44999999
8 3.5 0.55000001
8 3.5 0.64999998
8 3.5 0.75
8 3.5 0.85000002
8 3.5 0.94999999
8 3.5 1.05
8 3.5 1.15
8 3.5 1.25
8 3.5 1.35
8 3.5 1.45
8 3.5 1.55
8 3.5 1.65
8 3.5 1.75
8 3.5 1.85
8 3.5 1.95
8 3.5 2.05
8 3.5 2.1500001
8 3.5 2.25
8 3.5 2.3499999
8 3.5 2.45
7.9000001 3.5 -0.44999999
7.9000001 3.5 -0.34999999
7.9000001 3.5 -0.25
7.9000001 3.5 -0.15000001
7.9000001 3.5 -0.050000001
7.9000001 3.5 0.050000001
7.9000001 3.5 0.15000001
7.9000001 3.5 0.25
7.9000001 3.5 0.34999999
7.9000001 3.5 0.44999999
7.9000001 3.5 0.55000001
7.9000001 3.5 0.64999998
7.9000001 3.5 0.75
7.9000001 3.5 0.85000002
7.9000001 3.5 0.94999999
7.9000001 3.5 1.05
7.9000001 3.5 1.15
7.9000001 3.5 1.25
7.9000001 3.5 1.35
7.9000001 3.5 1.45
7.9000001 3.5 1.55
7.9000001 3.5 1.65
7.9000001 3.5 1.75
7.9000001 3.5 1.85
7.9000001 3.5 1.95
7.9000001 3.5 2.05
7.9000001 3.5 2.1500001
7.9000001 3.5 2.25
7.9000001 3.5 2.3499999
7.9000001 3.5 2.45
8.1000004 3.5999999 -0.44999999
8.1000004 3.5999999 -0.34999999
8.1000004 3.5999999 -0.25
8.1000004 3.5999999 -0.15000001
8.1000004 3.5999999 -0.050000001
8.1000004 3.5999999 0.050000001
8.1000004 3.5999999 0.15000001
8.1000004 3.5999999 0.25
8.1000004 3.5999999 0.34999999
8.1000004 3.5999999 0.44999999
8.1000004 3.5999999 0.55000001
8.1000004 3.5999999 0.64999998
8.1000004 3.5999999 0.75
8.1000004 3.5999999 0.85000002
8.1000004 3.5999999 0.94999999
8.1000004 3.5999999 1.05
8.1000004 3.5999999 1.15
8.1000004 3.5999999 1.25
8.1000004 3.5999999 1.35
8.1000004 3.5999999 1.45
8.1000004 3.5999999 1.55
8.1000004 3.5999999 1.65
8.1000004 3.5999999 1.75
8.1000004 3.5999999 1.85
8.1000004 3.5999999 1.95
8.1000004 3.5999999 2.05
8.1000004 3.5999999 2.1500001
8.1000004 3.5999999 2.25
8.1000004 3.5999999 2.3499999
8.1000004 3.5999999 2.45
8 3.5999999 -0.44999999
8 3.5999999 -0.34999999
8 3.5999999 -0.25
8 3.5999999 -0.15000001
8 3.5999999 -0.050000001
8 3.5999999 0.050000001
8 3.5999999 0.15000001
8 3.5999999 0.25
8 3.5999999 0.34999999
8 3.5999999 0.44999999
8 3.5999999 0.55000001
8 3.5999999 0.64999998
8 3.5999999 0.75
8 3.5999999 0.85000002
8 3.5999999 0.94999999
8 3.5999999 1.05
8 3.5999999 1.15
8 3.5999999 1.25
8 3.5999999 1.35
8 3.5999999 1.45
8 3.5999999 1.55
8 3.5999999 1.65
8 3.5999999 1.75
8 3.5999999 1.85
8 3.5999999 1.95
8 3.5999999 2.05
8 3.5999999 2.1500001
8 3.5999999 2.25
8 3.5999999 2.3499999
8 3.5999999 2.45
7.9000001 3.5999999 -0.44999999
7.9000001 3.5999999 -0.34999999
7.9000001 3.5999999 -0.25
7.9000001 3.5999999 -0.15000001
7.9000001 3.5999999 -0.050000001
7.9000001 3.5999999 0.050000001
7.9000001 3.5999999 0.15000001
7.9000001 3.5999999 0.25
7.9000001 3.5999999 0.34999999
7.9000001 3.5999999 0.44999999
7.9000001 3.5999999 0.55000001
7.9000001 3.5999999 0.64999998
7.9000001 3.5999999 0.75
7.9000001 3.5999999 0.85000002
7.9000001 3.5999999 0.94999999
7.9000001 3.5999999 1.05
7.9000001 3.5999999 1.15
7.9000001 3.5999999 1.25
7.9000001 3.5999999 1.35
7.9000001 3.5999999 1.45
7.9000001 3.5999999 1.55
7.9000001 3.5999999 1.65
7.9000001 3.5999999 1.75
7.9000001 3.5999999 1.85
7.9000001 3.5999999 1.95
7.9000001 3.5999999 2.05
7.9000001 3.5999999 2.1500001
7.9000001 3.5999999 2.25
7.9000001 3.5999999 2.3499999
7.9000001 3.5999999 2.45
8.1000004 3.7 -0.44999999
8.1000004 3.7 -0.34999999
8.1000004 3.7 -0.25
8.1000004 3.7 -0.15000001
8.1000004 3.7 -0.050000001
8.1000004 3.7 0.050000001
8.1000004 3.7 0.15000001
8.1000004 3.7 0.25
8.1000004 3.7 0.34999999
8.1000004 3.7 0.44999999
8.1000004 3.7 0.55000001
8.1000004 3.7 0.64999998
8.1000004 3.7 0.75
8.1000004 3.7 0.85000002
8.1000004 3.7 0.94999999
8.1000004 3.7 1.05
8.1000004 3.7 1.15
8.1000004 3.7 1.25
8.1000004 3.7 1.35
8.1000004 3.7 1.45
8.1000004 3.7 1.55
8.1000004 3.7 1.65
8.1000004 3.7 1.75
8.1000004 3.7 1.85
8.1000004 3.7 1.95
8.1000004 3.7 2.05
8.1000004 3.7 2.1500001
8.1000004 3.7 2.25
8.1000004 3.7 2.3499999
8.1000004 3.7 2.45
8 3.7 -0.44999999
8 3.7 -0.34999999
8 3.7 -0.25
8 3.7 -0.15000001
8 3.7 -0.050000001
8 3.7 0.050000001
8 3.7 0.15000001
8 3.7 0.25
8 3.7 0.34999999
8 3.7 0.44999999
8 3.7 0.55000001
8 3.7 0.64999998
8 3.7 0.75
8 3.7 0.85000002
8 3.7 0.94999999
8 3.7 1.05
8 3.7 1.15
8 3.7 1.25
8 3.7 1.35
8 3.7 1.45
8 3.7 1.55
8 3.7 1.65
8 3.7 1.75
8 3.7 1.85
8 3.7 1.95
8 3.7 2.05
8 3.7 2.1500001
8 3.7 2.25
8 3.7 2.3499999
8 3.7 2.45
7.9000001 3.7 -0.44999999
7.9000001 3.7 -0.34999999
7.9000001 3.7 -0.25
7.9000001 3.7 -0.15000001
7.9000001 3.7 -0.050000001
7.9000001 3.7 0.050000001
7.9000001 3.7 0.15000001
7.9000001 3.7 0.25
7.9000001 3.7 0.34999999
7.9000001 3.7 0.44999999
7.9000001 3.7 0.55000001
7.9000001 3.7 0.64999998
7.9000001 3.7 0.75
7.9000001 3.7 0.85000002
7.9000001 3.7 0.94999999
7.9000001 3.7 1.05
7.9000001 3.7 1.15
7.9000001 3.7 1.25
7.9000001 3.7 1.35
7.9000001 3.7 1.45
7.9000001 3.7 1.55
7.9000001 3.7 1.65
7.9000001 3.7 1.75
7.9000001 3.7 1.85
7.9000001 3.7 1.95
7.9000001 3.7 2.05
7.9000001 3.7 2.1500001
7.9000001 3.7 2.25
7.9000001 3.7 2.3499999
7.9000001 3.7 2.45
8.1000004 3.8 -0.44999999
8.1000004 3.8 -0.34999999
8.1000004 3.8 -0.25
8.1000004 3.8 -0.15000001
8.1000004 3.8 -0.050000001
8.1000004 3.8 0.050000001
8.1000004 3.8 0.15000001
8.1000004 3.8 0.25
8.1000004 3.8 0.34999999
8.1000004 3.8 0.44999999
8.1000004 3.8 0.55000001
8.1000004 3.8 0.64999998
8.1000004 3.8 0.75
8.1000004 3.8 0.85000002
8.1000004 3.8 0.94999999
8.1000004 3.8 1.05
8.1000004 3.8 1.15
8.1000004 3.8 1.25
8.1000004 3.8 1.35
8.1000004 3.8 1.45
8.1000004 3.8 1.55
8.1000004 3.8 1.65
8.1000004 3.8 1.75
8.1000004 3.8 1.85
8.1000004 3.8 1.95
8.1000004 3.8 2.05
8.1000004 3.8 2.1500001
8.1000004 3.8 2.25
8.1000004 3.8 2.3499999
8.1000004 3.8 2.45
8 3.8 -0.44999999
8 3.8 -0.34999999
8 3.8 -0.25
8 3.8 -0.15000001
8 3.8 -0.050000001
8 3.8 0.050000001
8 3.8 0.15000001
8 3.8 0.25
8 3.8 0.34999999
8 3.8 0.44999999
8 3.8 0.55000001
8 3.8 0.64999998
8 3.8 0.75
8 3.8 0.85000002
8 3.8 0.94999999
8 3.8 1.05
8 3.8 1.15
8 3.8 1.25
8 3.8 1.35
8 3.8 1.45
8 3.8 1.55
8 3.8 1.65
8 3.8 1.75
8 3.8 1.85
8 3.8 1.95
8 3.8 2.05
8 3.8 2.1500001
8 3.8 2.25
8 3.8 2.3499999
8 3.8 2.45
7.9000001 3.8 -0.44999999
7.9000001 3.8 -0.34999999
7.9000001 3.8 -0.25
7.9000001 3.8 -0.15000001
7.9000001 3.8 -0.050000001
7.9000001 3.8 0.050000001
7.9000001 3.8 0.15000001
7.9000001 3.8 0.25
7.9000001 3.8 0.34999999
7.9000001 3.8 0.44999999
7.9000001 3.8 0.55000001
7.9000001 3.8 0.64999998
7.9000001 3.8 0.75
7.9000001 3.8 0.85000002
7.9000001 3.8 0.94999999
7.9000001 3.8 1.05
7.9000001 3.8 1.15
7.9000001 3.8 1.25
7.9000001 3.8 1.35
7.9000001 3.8 1.45
7.9000001 3.8 1.55
7.9000001 3.8 1.65
7.9000001 3.8 1.75
7.9000001 3.8 1.85
7.9000001 3.8 1.95
7.9000001 3.8 2.05
7.9000001 3.8 2.1500001
7.9000001 3.8 2.25
7.9000001 3.8 2.3499999
7.9000001 3.8 2.45
8.1000004 3.9000001 -0.44999999
8.1000004 3.9000001 -0.34999999
8.1000004 3.9000001 -0.25
8.1000004 3.9000001 -0.15000001
8.1000004 3.9000001 -0.050000001
8.1000004 3.9000001 0.050000001
8.1000004 3.9000001 0.15000001
8.1000004 3.9000001 0.25
8.1000004 3.9000001 0.34999999
8.1000004 3.9000001 0.44999999
8.1000004 3.9000001 0.55000001
8.1000004 3.9000001 0.64999998
8.1000004 3.9000001 0.75
8.1000004 3.9000001 0.85000002
8.1000004 3.9000001 0.94999999
8.1000004 3.9000001 1.05
8.1000004 3.9000001 1.15
8.1000004 3.9000001 1.25
8.1000004 3.9000001 1.35
8.1000004 3.9000001 1.45
8.1000004 3.9000001 1.55
8.1000004 3.9000001 1.65
8.1000004 3.9000001 1.75
8.1000004 3.9000001 1.85
8.1000004 3.9000001 1.95
8.1000004 3.9000001 2.05
8.1000004 3.9000001 2.1500001
8.1000004 3.9000001 2.25
8.1000004 3.9000001 2.3499999
8.1000004 3.9000001 2.45
8 3.9000001 -0.44999999
8 3.9000001 -0.34999999
8 3.9000001 -0.25
8 3.9000001 -0.15000001
8 3.9000001 -0.050000001
8 3.9000001 0.050000001
8 3.9000001 0.15000001
8 3.9000001 0.25
8 3.9000001 0.34999999
8 3.9000001 0.44999999
8 3.9000001 0.55000001
8 3.9000001 0.64999998
8 3.9000001 0.75
8 3.9000001 0.85000002
8 3.9000001 0.94999999
8 3.9000001 1.05
8 3.9000001 1.15
8 3.9000001 1.25
8 3.9000001 1.35
8 3.9000001 1.45
8 3.9000001 1.55
8 3.9000001 1.65
8 3.9000001 1.75
8 3.9000001 1.85
8 3.9000001 1.95
8 3.9000001 2.05
8 3.9000001 2.1500001
8 3.9000001 2.25
8 3.9000001 2.3499999
8 3.9000001 2.45
7.9000001 3.9000001 -0.44999999
7.9000001 3.9000001 -0.34999999
7.9000001 3.9000001 -0.25
7.9000001 3.9000001 -0.15000001
7.9000001 3.9000001 -0.050000001
7.9000001 3.9000001 0.050000001
7.9000001 3.9000001 0.15000001
7.9000001 3.9000001 0.25
7.9000001 3.9000001 0.34999999
7.9000001 3.9000001 0.44999999
7.9000001 3.9000001 0.55000001
7.9000001 3.9000001 0.64999998
7.9000001 3.9000001 0.75
7.9000001 3.9000001 0.85000002
7.9000001 3.9000001 0.94999999
7.9000001 3.9000001 1.05
7.9000001 3.9000001 1.15
7.9000001 3.9000001 1.25
7.9000001 3.9000001 1.35
7.9000001 3.9000001 1.45
7.9000001 3.9000001 1.55
7.9000001 3.9000001 1.65
7.9000001 3.9000001 1.75
7.9000001 3.9000001 1.85
7.9000001 3.9000001 1.95
7.9000001 3.9000001 2.05
7.9000001 3.9000001 2.1500001
7.9000001 3.9000001 2.25
7.9000001 3.9000001 2.3499999
7.9000001 3.9000001 2.45
8.1000004 4 -0.44999999
8.1000004 4 -0.34999999
8.1000004 4 -0.25
8.1000004 4 -0.15000001
8.1000004 4 -0.050000001
8.1000004 4 0.050000001
8.1000004 4 0.15000001
8.1000004 4 0.25
8.1000004 4 0.34999999
8.1000004 4 0.44999999
8.1000004 4 0.55000001
8.1000004 4 0.64999998
8.1000004 4 0.75
8.1000004 4 0.85000002
8.1000004 4 0.94999999
8.1000004 4 1.05
8.1000004 4 1.15
8.1000004 4 1.25
8.1000004 4 1.35
8.1000004 4 1.45
8.1000004 4 1.55
8.1000004 4 1.65
8.1000004 4 1.75
8.1000004 4 1.85
8.1000004 4 1.95
8.1000004 4 2.05
8.1000004 4 2.1500001
8.1000004 4 2.25
8.1000004 4 2.3499999
8.1000004 4 2.45
8 4 -0.44999999
8 4 -0.34999999
8 4 -0.25
8 4 -0.15000001
8 4 -0.050000001
8 4 0.050000001
8 4 0.15000001
8 4 0.25
8 4 0.34999999
8 4 0.44999999
8 4 0.55000001
8 4 0.64999998
8 4 0.75
8 4 0.85000002
8 4 0.94999999
8 4 1.05
8 4 1.15
8 4 1.25
8 4 1.35
8 4 1.45
8 4 1.55
8 4 1.65
8 4 1.75
8 4 1.85
8 4 1.95
8 4 2.05
8 4 2.1500001
8 4 2.25
8 4 2.3499999
8 4 2.45
7.9000001 4 -0.44999999
7.9000001 4 -0.34999999
7.9000001 4 -0.25
7.9000001 4 -0.15000001
7.9000001 4 -0.050000001
7.9000001 4 0.050000001
7.9000001 4 0.15000001
7.9000001 4 0.25
7.9000001 4 0.34999999
7.9000001 4 0.44999999
7.9000001 4 0.55000001
7.9000001 4 0.64999998
7.9000001 4 0.75
7.9000001 4 0.85000002
7.9000001 4 0.94999999
7.9000001 4 1.05
7.9000001 4 1.15
7.9000001 4 1.25
7.9000001 4 1.35
7.9000001 4 1.45
7.9000001 4 1.55
7.9000001 4 1.65
7.9000001 4 1.75
7.9000001 4 1.85
7.9000001 4 1.95
7.9000001 4 2.05
7.9000001 4 2.1500001
7.9000001 4 2.25
7.9000001 4 2.3499999
7.9000001 4 2.45
8.1000004 4.0999999 -0.44999999
8.1000004 4.0999999 -0.34999999
8.1000004 4.0999999 -0.25
8.1000004 4.0999999 -0.15000001
8.1000004 4.0999999 -0.050000001
8.1000004 4.0999999 0.050000001
8.1000004 4.0999999 0.15000001
8.1000004 4.0999999 0.25
8.1000004 4.0999999 0.34999999
8.1000004 4.0999999 0.44999999
8.1000004 4.0999999 0.55000001
8.1000004 4.0999999 0.64999998
8.1000004 4.0999999 0.75
8.1000004 4.0999999 0.85000002
8.1000004 4.0999999 0.94999999
8.1000004 4.0999999 1.05
8.1000004 4.0999999 1.15
8.1000004 4.0999999 1.25
8.1000004 4.0999999 1.35
8.1000004 4.0999999 1.45
8.1000004 4.0999999 1.55
8.1000004 4.0999999 1.65
8.1000004 4.0999999 1.75
8.1000004 4.0999999 1.85
8.1000004 4.0999999 1.95
8.1000004 4.0999999 2.05
8.1000004 4.0999999 2.1500001
8.1000004 4.0999999 2.25
8.1000004 4.0999999 2.3499999
8.1000004 4.0999999 2.45
8 4.0999999 -0.44999999
8 4.0999999 -0.34999999
8 4.0999999 -0.25
8 4.0999999 -0.15000001
8 4.0999999 -0.050000001
8 4.0999999 0.050000001
8 4.0999999 0.15000001
8 4.0999999 0.25
8 4.0999999 0.34999999
8 4.0999999 0.44999999
8 4.0999999 0.55000001
8 4.0999999 0.64999998
8 4.0999999 0.75
8 4.0999999 0.85000002
8 4.0999999 0.94999999
8 4.0999999 1.05
8 4.0999999 1.15
8 4.0999999 1.25
8 4.0999999 1.35
8 4.0999999 1.45
8 4.0999999 1.55
8 4.0999999 1.65
8 4.0999999 1.75
8 4.0999999 1.85
8 4.0999999 1.95
8 4.0999999 2.05
8 4.0999999 2.1500001
8 4.0999999 2.25
8 4.0999999 2.3499999
8 4.0999999 2.45
7.9000001 4.0999999 -0.44999999
7.9000001 4.0999999 -0.34999999
7.9000001 4.0999999 -0.25
7.9000001 4.0999999 -0.15000001
7.9000001 4.0999999 -0.050000001
7.9000001 4.0999999 0.050000001
7.9000001 4.0999999 0.15000001
7.9000001 4.0999999 0.25
7.9000001 4.0999999 0.34999999
7.9000001 4.0999999 0.44999999
7.9000001 4.0999999 0.55000001
7.9000001 4.0999999 0.64999998
7.9000001 4.0999999 0.75
7.9000001 4.0999999 0.85000002
7.9000001 4.0999999 0.94999999
7.9000001 4.0999999 1.05
7.9000001 4.0999999 1.15
7.9000001 4.0999999 1.25
7.9000001 4.0999999 1.35
7.9000001 4.0999999 1.45
7.9000001 4.0999999 1.55
7.9000001 4.0999999 1.65
7.9000001 4.0999999 1.75
7.9000001 4.0999999 1.85
7.9000001 4.0999999 1.95
7.9000001 4.0999999 2.05
7.9000001 4.0999999 2.1500001
7.9000001 4.0999999 2.25
7.9000001 4.0999999 2.3499999
7.9000001 4.0999999 2.45
8.1000004 4.1999998 -0.44999999
8.1000004 4.1999998 -0.34999999
8.1000004 4.1999998 -0.25
8.1000004 4.1999998 -0.15000001
8.1000004 4.1999998 -0.050000001
8.1000004 4.1999998 0.050000001
8.1000004 4.1999998 0.15000001
8.1000004 4.1999998 0.25
8.1000004 4.1999998 0.34999999
8.1000004 4.1999998 0.44999999
8.1000004 4.1999998 0.55000001
8.1000004 4.1999998 0.64999998
8.1000004 4.1999998 0.75
8.1000004 4.1999998 0.85000002
8.1000004 4.1999998 0.94999999
8.1000004 4.1999998 1.05
8.1000004 4.1999998 1.15
8.1000004 4.1999998 1.25
8.1000004 4.1999998 1.35
8.1000004 4.1999998 1.45
8.1000004 4.1999998 1.55
8.1000004 4.1999998 1.65
8.1000004 4.1999998 1.75
8.1000004 4.1999998 1.85
8.1000004 4.1999998 1.95
8.1000004 4.1999998 2.05
8.1000004 4.1999998 2.1500001
8.1000004 4.1999998 2.25
8.1000004 4.1999998 2.3499999
8.1000004 4.1999998 2.45
8 4.1999998 -0.44999999
8 4.1999998 -0.34999999
8 4.1999998 -0.25
8 4.1999998 -0.15000001
8 4.1999998 -0.050000001
8 4.1999998 0.050000001
8 4.1999998 0.15000001
8 4.1999998 0.25
8 4.1999998 0.34999999
8 4.1999998 0.44999999
8 4.1999998 0.55000001
8 4.1999998 0.64999998
8 4.1999998 0.75
8 4.1999998 0.85000002
8 4.1999998 0.94999999
8 4.1999998 1.05
8 4.1999998 1.15
8 4.1999998 1.25
8 4.1999998 1.35
8 4.1999998 1.45
8 4.1999998 1.55
8 4.1999998 1.65
8 4.1999998 1.75
8 4.1999998 1.85
8 4.1999998 1.95
8 4.1999998 2.05
8 4.1999998 2.1500001
8 4.1999998 2.25
8 4.1999998 2.3499999
8 4.1999998 2.45
7.9000001 4.1999998 -0.44999999
7.9000001 4.1999998 -0.34999999
7.9000001 4.1999998 -0.25
7.9000001 4.1999998 -0.15000001
7.9000001 4.1999998 -0.050000001
7.9000001 4.1999998 0.050000001
7.9000001 4.1999998 0.15000001
7.9000001 4.1999998 0.25
7.9000001 4.1999998 0.34999999
7.9000001 4.1999998 0.44999999
7.9000001 4.1999998 0.55000001
7.9000001 4.1999998 0.64999998
7.9000001 4.1999998 0.75
7.9000001 4.1999998 0.85000002
7.9000001 4.1999998 0.94999999
7.9000001 4.1999998 1.05
7.9000001 4.1999998 1.15
7.9000001 4.1999998 1.25
7.9000001 4.1999998 1.35
7.9000001 4.1999998 1.45
7.9000001 4.1999998 1.55
7.9000001 4.1999998 1.65
7.9000001 4.1999998 1.75
7.9000001 4.1999998 1.85
7.9000001 4.1999998 1.95
7.9000001 4.1999998 2.05
7.9000001 4.1999998 2.1500001
7.9000001 4.1999998 2.25
7.9000001 4.1999998 2.3499999
7.9000001 4.1999998 2.45
8.1000004 4.3000002 -0.44999999
8.1000004 4.3000002 -0.34999999
8.1000004 4.3000002 -0.25
8.1000004 4.3000002 -0.15000001
8.1000004 4.3000002 -0.050000001
8.1000004 4.3000002 0.050000001
8.1000004 4.3000002 0.15000001
8.1000004 4.3000002 0.25
8.1000004 4.3000002 0.34999999
8.1000004 4.3000002 0.44999999
8.1000004 4.3000002 0.55000001
8.1000004 4.3000002 0.64999998
8.1000004 4.3000002 0.75
8.1000004 4.3000002 0.85000002
8.1000004 4.3000002 0.94999999
8.1000004 4.3000002 1.05
8.1000004 4.3000002 1.15
8.1000004 4.3000002 1.25
8.1000004 4.3000002 1.35
8.1000004 4.3000002 1.45
8.1000004 4.3000002 1.55
8.1000004 4.3000002 1.65
8.1000004 4.3000002 1.75
8.1000004 4.3000002 1.85
8.1000004 4.3000002 1.95
8.1000004 4.3000002 2.05
8.1000004 4.3000002 2.1500001
8.1000004 4.3000002 2.25
8.1000004 4.3000002 2.3499999
8.1000004 4.3000002 2.45
8 4.3000002 -0.44999999
8 4.3000002 -0.34999999
8 4.3000002 -0.25
8 4.3000002 -0.15000001
8 4.3000002 -0.050000001
8 4.3000002 0.050000001
8 4.3000002 0.15000001
8 4.3000002 0.25
8 4.3000002 0.34999999
8 4.3000002 0.44999999
8 4.3000002 0.55000001
8 4.3000002 0.64999998
8 4.3000002 0.75
8 4.3000002 0.85000002
8 4.3000002 0.94999999
8 4.3000002 1.05
8 4.3000002 1.15
8 4.3000002 1.25
8 4.3000002 1.35
8 4.3000002 1.45
8 4.3000002 1.55
8 4.3000002 1.65
8 4.3000002 1.75
8 4.3000002 1.85
8 4.3000002 1.95
8 4.3000002 2.05
8 4.3000002 2.1500001
8 4.3000002 2.25
8 4.3000002 2.3499999
8 4.3000002 2.45
7.9000001 4.3000002 -0.44999999
7.9000001 4.3000002 -0.34999999
7.9000001 4.3000002 -0.25
7.9000001 4.3000002 -0.15000001
7.9000001 4.3000002 -0.050000001
7.9000001 4.3000002 0.050000001
7.9000001 4.3000002 0.15000001
7.9000001 4.3000002 0.25
7.9000001 4.3000002 0.34999999
7.9000001 4.3000002 0.44999999
7.9000001 4.3000002 0.55000001
7.9000001 4.3000002 0.64999998
7.9000001 4.3000002 0.75
7.9000001 4.3000002 0.85000002
7.9000001 4.3000002 0.94999999
7.9000001 4.3000002 1.05
7.9000001 4.3000002 1.15
7.9000001 4.3000002 1.25
7.9000001 4.3000002 1.35
7.9000001 4.3000002 1.45
7.9000001 4.3000002 1.55
7.9000001 4.3000002 1.65
7.9000001 4.3000002 1.75
7.9000001 4.3000002 1.85
7.9000001 4.3000002 1.95
7.9000001 4.3000002 2.05
7.9000001 4.3000002 2.1500001
7.9000001 4.3000002 2.25
7.9000001 4.3000002 2.3499999
7.9000001 4.3000002 2.45
8.1000004 4.4000001 -0.44999999
8.1000004 4.4000001 -0.34999999
8.1000004 4.4000001 -0.25
8.1000004 4.4000001 -0.15000001
8.1000004 4.4000001 -0.050000001
8.1000004 4.4000001 0.050000001
8.1000004 4.4000001 0.15000001
8.1000004 4.4000001 0.25
8.1000004 4.4000001 0.34999999
8.1000004 4.4000001 0.44999999
8.1000004 4.4000001 0.55000001
8.1000004 4.4000001 0.64999998
8.1000004 4.4000001 0.75
8.1000004 4.4000001 0.85000002
8.1000004 4.4000001 0.94999999
8.1000004 4.4000001 1.05
8.1000004 4.4000001 1.15
8.1000004 4.4000001 1.25
8.1000004 4.4000001 1.35
8.1000004 4.4000001 1.45
8.1000004 4.4000001 1.55
8.1000004 4.4000001 1.65
8.1000004 4.4000001 1.75
8.1000004 4.4000001 1.85
8.1000004 4.4000001 1.95
8.1000004 4.4000001 2.05
8.1000004 4.4000001 2.1500001
8.1000004 4.4000001 2.25
8.1000004 4.4000001 2.3499999
8.1000004 4.4000001 2.45
8 4.4000001 -0.44999999
8 4.4000001 -0.34999999
8 4.4000001 -0.25
8 4.4000001 -0.15000001
8 4.4000001 -0.050000001
8 4.4000001 0.050000001
8 4.4000001 0.15000001
8 4.4000001 0.25
8 4.4000001 0.34999999
8 4.4000001 0.44999999
8 4.4000001 0.55000001
8 4.4000001 0.64999998
8 4.4000001 0.75
8 4.4000001 0.85000002
8 4.4000001 0.94999999
8 4.4000001 1.05
8 4.4000001 1.15
8 4.4000001 1.25
8 4.4000001 1.35
8 4.4000001 1.45
8 4.4000001 1.55
8 4.4000001 1.65
8 4.4000001 1.75
8 4.4000001 1.85
8 4.4000001 1.95
8 4.4000001 2.05
8 4.4000001 2.1500001
8 4.4000001 2.25
8 4.4000001 2.3499999
8 4.4000001 2.45
7.9000001 4.4000001 -0.44999999
7.9000001 4.4000001 -0.34999999
7.9000001 4.4000001 -0.25
7.9000001 4.4000001 -0.15000001
7.9000001 4.4000001 -0.050000001
7.9000001 4.4000001 0.050000001
7.9000001 4.4000001 0.15000001
7.9000001 4.4000001 0.25
7.9000001 4.4000001 0.34999999
7.9000001 4.4000001 0.44999999
7.9000001 4.4000001 0.55000001
7.9000001 4.4000001 0.64999998
7.9000001 4.4000001 0.75
7.9000001 4.4000001 0.85000002
7.9000001 4.4000001 0.94999999
7.9000001 4.4000001 1.05
7.9000001 4.4000001 1.15
7.9000001 4.4000001 1.25
7.9000001 4.4000001 1.35
7.9000001 4.4000001 1.45
7.9000001 4.4000001 1.55
7.9000001 4.4000001 1.65
7.9000001 4.4000001 1.75
7.9000001 4.4000001 1.85
7.9000001 4.4000001 1.95
7.9000001 4.4000001 2.05
7.9000001 4.4000001 2.1500001
7.9000001 4.4000001 2.25
7.9000001 4.4000001 2.3499999
7.9000001 4.4000001 2.45
8.1000004 4.5 -0.44999999
8.1000004 4.5 -0.34999999
8.1000004 4.5 -0.25
8.1000004 4.5 -0.15000001
8.1000004 4.5 -0.050000001
8.1000004 4.5 0.050000001
8.1000004 4.5 0.15000001
8.1000004 4.5 0.25
8.1000004 4.5 0.34999999
8.1000004 4.5 0.44999999
8.1000004 4.5 0.55000001
8.1000004 4.5 0.64999998
8.1000004 4.5 0.75
8.1000004 4.5 0.85000002
8.1000004 4.5 0.94999999
8.1000004 4.5 1.05
8.1000004 4.5 1.15
8.1000004 4.5 1.25
8.1000004 4.5 1.35
8.1000004 4.5 1.45
8.1000004 4.5 1.55
8.1000004 4.5 1.65
8.1000004 4.5 1.75
8.1000004 4.5 1.85
8.1000004 4.5 1.95
8.1000004 4.5 2.05
8.1000004 4.5 2.1500001
8.1000004 4.5 2.25
8.1000004 4.5 2.3499999
8.1000004 4.5 2.45
8 4.5 -0.44999999
8 4.5 -0.34999999
8 4.5 -0.25
8 4.5 -0.15000001
8 4.5 -0.050000001
8 4.5 0.050000001
8 4.5 0.15000001
8 4.5 0.25
8 4.5 0.34999999
8 4.5 0.44999999
8 4.5 0.55000001
8 4.5 0.64999998
8 4.5 0.75
8 4.5 0.85000002
8 4.5 0.94999999
8 4.5 1.05
8 4.5 1.15
8 4.5 1.25
8 4.5 1.35
8 4.5 1.45
8 4.5 1.55
8 4.5 1.65
8 4.5 1.75
8 4.5 1.85
8 4.5 1.95
8 4.5 2.05
8 4.5 2.1500001
8 4.5 2.25
8 4.5 2.3499999
8 4.5 2.45
7.9000001 4.5 -0.44999999
7.9000001 4.5 -0.34999999
7.9000001 4.5 -0.25
7.9000001 4.5 -0.15000001
7.9000001 4.5 -0.050000001
7.9000001 4.5 0.050000001
7.9000001 4.5 0.15000001
7.9000001 4.5 0.25
7.9000001 4.5 0.34999999
7.9000001 4.5 0.44999999
7.9000001 4.5 0.55000001
7.9000001 4.5 0.64999998
7.9000001 4.5 0.75
7.9000001 4.5 0.85000002
7.9000001 4.5 0.94999999
7.9000001 4.5 1.05
7.9000001 4.5 1.15
7.9000001 4.5 1.25
7.9000001 4.5 1.35
7.9000001 4.5 1.45
7.9000001 4.5 1.55
7.9000001 4.5 1.65
7.9000001 4.5 1.75
7.9000001 4.5 1.85
7.9000001 4.5 1.95
7.9000001 4.5 2.05
7.9000001 4.5 2.1500001
7.9000001 4.5 2.25
7.9000001 4.5 2.3499999
7.9000001 4.5 2.45
8.1000004 4.5999999 -0.44999999
8.1000004 4.5999999 -0.34999999
8.1000004 4.5999999 -0.25
8.1000004 4.5999999 -0.15000001
8.1000004 4.5999999 -0.050000001
8.1000004 4.5999999 0.050000001
8.1000004 4.5999999 0.15000001
8.1000004 4.5999999 0.25
8.1000004 4.5999999 0.34999999
8.1000004 4.5999999 0.44999999
8.1000004 4.5999999 0.55000001
8.1000004 4.5999999 0.64999998
8.1000004 4.5999999 0.75
8.1000004 4.5999999 0.85000002
8.1000004 4.5999999 0.94999999
8.1000004 4.5999999 1.05
8.1000004 4.5999999 1.15
8.1000004 4.5999999 1.25
8.1000004 4.5999999 1.35
8.1000004 4.5999999 1.45
8.1000004 4.5999999 1.55
8.1000004 4.5999999 1.65
8.1000004 4.5999999 1.75
8.1000004 4.5999999 1.85
8.1000004 4.5999999 1.95
8.1000004 4.5999999 2.05
8.1000004 4.5999999 2.1500001
8.1000004 4.5999999 2.25
8.1000004 4.5999999 2.3499999
8.1000004 4.5999999 2.45
8 4.5999999 -0.44999999
8 4.5999999 -0.34999999
8 4.5999999 -0.25
8 4.5999999 -0.15000001
8 4.5999999 -0.050000001
8 4.5999999 0.050000001
8 4.5999999 0.15000001
8 4.5999999 0.25
8 4.5999999 0.34999999
8 4.5999999 0.44999999
8 4.5999999 0.55000001
8 4.5999999 0.64999998
8 4.5999999 0.75
8 4.5999999 0.85000002
8 4.5999999 0.94999999
8 4.5999999 1.05
8 4.5999999 1.15
8 4.5999999 1.25
8 4.5999999 1.35
8 4.5999999 1.45
8 4.5999999 1.55
8 4.5999999 1.65
8 4.5999999 1.75
8 4.5999999 1.85
8 4.5999999 1.95
8 4.5999999 2.05
8 4.5999999 2.1500001
8 4.5999999 2.25
8 4.5999999 2.3499999
8 4.5999999 2.45
7.9000001 4.5999999 -0.44999999
7.9000001 4.5999999 -0.34999999
7.9000001 4.5999999 -0.25
7.9000001 4.5999999 -0.15000001
7.9000001 4.5999999 -0.050000001
7.9000001 4.5999999 0.050000001
7.9000001 4.5999999 0.15000001
7.9000001 4.5999999 0.25
7.9000001 4.5999999 0.34999999
7.9000001 4.5999999 0.44999999
7.9000001 4.5999999 0.55000001
7.9000001 4.5999999 0.64999998
7.9000001 4.5999999 0.75
7.9000001 4.5999999 0.85000002
7.9000001 4.5999999 0.94999999
7.9000001 4.5999999 1.05
7.9000001 4.5999999 1.15
7.9000001 4.5999999 1.25
7.9000001 4.5999999 1.35
7.9000001 4.5999999 1.45
7.9000001 4.5999999 1.55
7.9000001 4.5999999 1.65
7.9000001 4.5999999 1.75
7.9000001 4.5999999 1.85
7.9000001 4.5999999 1.95
7.9000001 4.5999999 2.05
7.9000001 4.5999999 2.1500001
7.9000001 4.5999999 2.25
7.9000001 4.5999999 2.3499999
7.9000001 4.5999999 2.45
8.1000004 4.6999998 -0.44999999
8.1000004 4.6999998 -0.34999999
8.1000004 4.6999998 -0.25
8.1000004 4.6999998 -0.15000001
8.1000004 4.6999998 -0.050000001
8.1000004 4.6999998 0.050000001
8.1000004 4.6999998 0.15000001
8.1000004 4.6999998 0.25
8.1000004 4.6999998 0.34999999
8.1000004 4.6999998 0.44999999
8.1000004 4.6999998 0.55000001
8.1000004 4.6999998 0.64999998
8.1000004 4.6999998 0.75
8.1000004 4.6999998 0.85000002
8.1000004 4.6999998 0.94999999
8.1000004 4.6999998 1.05
8.1000004 4.6999998 1.15
8.1000004 4.6999998 1.25
8.1000004 4.6999998 1.35
8.1000004 4.6999998 1.45
8.1000004 4.6999998 1.55
8.1000004 4.6999998 1.65
8.1000004 4.6999998 1.75
8.1000004 4.6999998 1.85
8.1000004 4.6999998 1.95
8.1000004 4.6999998 2.05
8.1000004 4.6999998 2.1500001
8.1000004 4.6999998 2.25
8.1000004 4.6999998 2.3499999
8.1000004 4.6999998 2.45
8 4.6999998 -0.44999999
8 4.6999998 -0.34999999
8 4.6999998 -0.25
8 4.6999998 -0.15000001
8 4.6999998 -0.050000001
8 4.6999998 0.050000001
8 4.6999998 0.15000001
8 4.6999998 0.25
8 4.6999998 0.34999999
8 4.6999998 0.44999999
8 4.6999998 0.55000001
8 4.6999998 0.64999998
8 4.6999998 0.75
8 4.6999998 0.85000002
8 4.6999998 0.94999999
8 4.6999998 1.05
8 4.6999998 1.15
8 4.6999998 1.25
8 4.6999998 1.35
8 4.6999998 1.45
8 4.6999998 1.55
8 4.6999998 1.65
8 4.6999998 1.75
8 4.6999998 1.85
8 4.6999998 1.95
8 4.6999998 2.05
8 4.6999998 2.1500001
8 4.6999998 2.25
8 4.6999998 2.3499999
8 4.6999998 2.45
7.9000001 4.6999998 -0.44999999
7.9000001 4.6999998 -0.34999999
7.9000001 4.6999998 -0.25
7.9000001 4.6999998 -0.15000001
7.9000001 4.6999998 -0.050000001
7.9000001 4.6999998 0.050000001
7.9000001 4.6999998 0.15000001
7.9000001 4.6999998 0.25
7.9000001 4.6999998 0.34999999
7.9000001 4.6999998 0.44999999
7.9000001 4.6999998 0.55000001
7.9000001 4.6999998 0.64999998
7.9000001 4.6999998 0.75
7.9000001 4.6999998 0.85000002
7.9000001 4.6999998 0.94999999
7.9000001 4.6999998 1.05
7.9000001 4.6999998 1.15
7.9000001 4.6999998 1.25
7.9000001 4.6999998 1.35
7.9000001 4.6999998 1.45
7.9000001 4.6999998 1.55
7.9000001 4.6999998 1.65
7.9000001 4.6999998 1.75
7.9000001 4.6999998 1.85
7.9000001 4.6999998 1.95
7.9000001 4.6999998 2.05
7.9000001 4.6999998 2.1500001
7.9000001 4.6999998 2.25
7.9000001 4.6999998 2.3499999
7.9000001 4.6999998 2.45
8.1000004 4.8000002 -0.44999999
8.1000004 4.8000002 -0.34999999
8.1000004 4.8000002 -0.25
8.1000004 4.8000002 -0.15000001
8.1000004 4.8000002 -0.050000001
8.1000004 4.8000002 0.050000001
8.1000004 4.8000002 0.15000001
8.1000004 4.8000002 0.25
8.1000004 4.8000002 0.34999999
8.1000004 4.8000002 0.44999999
8.1000004 4.8000002 0.55000001
8.1000004 4.8000002 0.64999998
8.1000004 4.8000002 0.75
8.1000004 4.8000002 0.85000002
8.1000004 4.8000002 0.94999999
8.1000004 4.8000002 1.05
8.1000004 4.8000002 1.15
8.1000004 4.8000002 1.25
8.1000004 4.8000002 1.35
8.1000004 4.8000002 1.45
8.1000004 4.8000002 1.55
8.1000004 4.8000002 1.65
8.1000004 4.8000002 1.75
8.1000004 4.8000002 1.85
8.1000004 4.8000002 1.95
8.1000004 4.8000002 2.05
8.1000004 4.8000002 2.1500001
8.1000004 4.8000002 2.25
8.1000004 4.8000002 2.3499999
8.1000004 4.8000002 2.45
8 4.8000002 -0.44999999
8 4.8000002 -0.34999999
8 4.8000002 -0.25
8 4.8000002 -0.15000001
8 4.8000002 -0.050000001
8 4.8000002 0.050000001
8 4.8000002 0.15000001
8 4.8000002 0.25
8 4.8000002 0.34999999
8 4.8000002 0.44999999
8 4.8000002 0.55000001
8 4.8000002 0.64999998
8 4.8000002 0.75
8 4.8000002 0.85000002
8 4.8000002 0.94999999
8 4.8000002 1.05
8 4.8000002 1.15
8 4.8000002 1.25
8 4.8000002 1.35
8 4.8000002 1.45
8 4.8000002 1.55
8 4.8000002 1.65
8 4.8000002 1.75
8 4.8000002 1.85
8 4.8000002 1.95
8 4.8000002 2.05
8 4.8000002 2.1500001
8 4.8000002 2.25
8 4.8000002 2.3499999
8 4.8000002 2.45
7.9000001 4.8000002 -0.44999999
7.9000001 4.8000002 -0.34999999
7.9000001 4.8000002 -0.25
7.9000001 4.8000002 -0.15000001
7.9000001 4.8000002 -0.050000001
7.9000001 4.8000002 0.050000001
7.9000001 4.8000002 0.15000001
7.9000001 4.8000002 0.25
7.9000001 4.8000002 0.34999999
7.9000001 4.8000002 0.44999999
7.9000001 4.8000002 0.55000001
7.9000001 4.8000002 0.64999998
7.9000001 4.8000002 0.75
7.9000001 4.8000002 0.85000002
7.9000001 4.8000002 0.94999999
7.9000001 4.8000002 1.05
7.9000001 4.8000002 1.15
7.9000001 4.8000002 1.25
7.9000001 4.8000002 1.35
7.9000001 4.8000002 1.45
7.9000001 4.8000002 1.55
7.9000001 4.8000002 1.65
7.9000001 4.8000002 1.75
7.9000001 4.8000002 1.85
7.9000001 4.8000002 1.95
7.9000001 4.8000002 2.05
7.9000001 4.8000002 2.1500001
7.9000001 4.8000002 2.25
7.9000001 4.8000002 2.3499999
7.9000001 4.8000002 2.45
8.1000004 4.9000001 -0.44999999
8.1000004 4.9000001 -0.34999999
8.1000004 4.9000001 -0.25
8.1000004 4.9000001 -0.15000001
8.1000004 4.9000001 -0.050000001
8.1000004 4.9000001 0.050000001
8.1000004 4.9000001 0.15000001
8.1000004 4.9000001 0.25
8.1000004 4.9000001 0.34999999
8.1000004 4.9000001 0.44999999
8.1000004 4.9000001 0.55000001
8.1000004 4.9000001 0.64999998
8.1000004 4.9000001 0.75
8.1000004 4.9000001 0.85000002
8.1000004 4.9000001 0.94999999
8.1000004 4.9000001 1.05
8.1000004 4.9000001 1.15
8.1000004 4.9000001 1.25
8.1000004 4.9000001 1.35
8.1000004 4.9000001 1.45
8.1000004 4.9000001 1.55
8.1000004 4.9000001 1.65
8.1000004 4.9000001 1.75
8.1000004 4.9000001 1.85
8.1000004 4.9000001 1.95
8.1000004 4.9000001 2.05
8.1000004 4.9000001 2.1500001
8.1000004 4.9000001 2.25
8.1000004 4.9000001 2.3499999
8.1000004 4.9000001 2.45
8 4.9000001 -0.44999999
8 4.9000001 -0.34999999
8 4.9000001 -0.25
8 4.9000001 -0.15000001
8 4.9000001 -0.050000001
8 4.9000001 0.050000001
8 4.9000001 0.15000001
8 4.9000001 0.25
8 4.9000001 0.34999999
8 4.9000001 0.44999999
8 4.9000001 0.55000001
8 4.9000001 0.64999998
8 4.9000001 0.75
8 4.9000001 0.85000002
8 4.9000001 0.94999999
8 4.9000001 1.05
8 4.9000001 1.15
8 4.9000001 1.25
8 4.9000001 1.35
8 4.9000001 1.45
8 4.9000001 1.55
8 4.9000001 1.65
8 4.9000001 1.75
8 4.9000001 1.85
8 4.9000001 1.95
8 4.9000001 2.05
8 4.9000001 2.1500001
8 4.9000001 2.25
8 4.9000001 2.3499999
8 4.9000001 2.45
7.9000001 4.9000001 -0.44999999
7.9000001 4.9000001 -0.34999999
7.9000001 4.9000001 -0.25
7.9000001 4.9000001 -0.15000001
7.9000001 4.9000001 -0.050000001
7.9000001 4.9000001 0.050000001
7.9000001 4.9000001 0.15000001
7.9000001 4.9000001 0.25
7.9000001 4.9000001 0.34999999
7.9000001 4.9000001 0.44999999
7.9000001 4.9000001 0.55000001
7.9000001 4.9000001 0.64999998
7.9000001 4.9000001 0.75
7.9000001 4.9000001 0.85000002
7.9000001 4.9000001 0.94999999
7.9000001 4.9000001 1.05
7.9000001 4.9000001 1.15
7.9000001 4.9000001 1.25
7.9000001 4.9000001 1.35
7.9000001 4.9000001 1.45
7.9000001 4.9000001 1.55
7.9000001 4.9000001 1.65
7.9000001 4.9000001 1.75
7.9000001 4.9000001 1.85
7.9000001 4.9000001 1.95
7.9000001 4.9000001 2.05
7.9000001 4.9000001 2.1500001
7.9000001 4.9000001 2.25
7.9000001 4.9000001 2.3499999
7.9000001 4.9000001 2.45
8.1000004 5 -0.44999999
8.1000004 5 -0.34999999
8.1000004 5 -0.25
8.1000004 5 -0.15000001
8.1000004 5 -0.050000001
8.1000004 5 0.050000001
8.1000004 5 0.15000001
8.1000004 5 0.25
8.1000004 5 0.34999999
8.1000004 5 0.44999999
8.1000004 5 0.55000001
8.1000004 5 0.64999998
8.1000004 5 0.75
8.1000004 5 0.85000002
8.1000004 5 0.94999999
8.1000004 5 1.05
8.1000004 5 1.15
8.1000004 5 1.25
8.1000004 5 1.35
8.1000004 5 1.45
8.1000004 5 1.55
8.1000004 5 1.65
8.1000004 5 1.75
8.1000004 5 1.85
8.1000004 5 1.95
8.1000004 5 2.05
8.1000004 5 2.1500001
8.1000004 5 2.25
8.1000004 5 2.3499999
8.1000004 5 2.45
8 5 -0.44999999
8 5 -0.34999999
8 5 -0.25
8 5 -0.15000001
8 5 -0.050000001
8 5 0.050000001
8 5 0.15000001
8 5 0.25
8 5 0.34999999
8 5 0.44999999
8 5 0.55000001
8 5 0.64999998
8 5 0.75
8 5 0.85000002
8 5 0.94999999
8 5 1.05
8 5 1.15
8 5 1.25
8 5 1.35
8 5 1.45
8 5 1.55
8 5 1.65
8 5 1.75
8 5 1.85
8 5 1.95
8 5 2.05
8 5 2.1500001
8 5 2.25
8 5 2.3499999
8 5 2.45
7.9000001 5 -0.44999999
7.9000001 5 -0.34999999
7.9000001 5 -0.25
7.9000001 5 -0.15000001
7.9000001 5 -0.050000001
7.9000001 5 0.050000001
7.9000001 5 0.15000001
7.9000001 5 0.25
7.9000001 5 0.34999999
7.9000001 5 0.44999999
7.9000001 5 0.55000001
7.9000001 5 0.64999998
7.9000001 5 0.75
7.9000001 5 0.85000002
7.9000001 5 0.94999999
7.9000001 5 1.05
7.9000001 5 1.15
7.9000001 5 1.25
7.9000001 5 1.35
7.9000001 5 1.45
7.9000001 5 1.55
7.9000001 5 1.65
7.9000001 5 1.75
7.9000001 5 1.85
7.9000001 5 1.95
7.9000001 5 2.05
7.9000001 5 2.1500001
7.9000001 5 2.25
7.9000001 5 2.3499999
7.9000001 5 2.45
8.1000004 5.0999999 -0.44999999
8.1000004 5.0999999 -0.34999999
8.1000004 5.0999999 -0.25
8.1000004 5.0999999 -0.15000001
8.1000004 5.0999999 -0.050000001
8.1000004 5.0999999 0.050000001
8.1000004 5.0999999 0.15000001
8.1000004 5.0999999 0.25
8.1000004 5.0999999 0.34999999
8.1000004 5.0999999 0.44999999
8.1000004 5.0999999 0.55000001
8.1000004 5.0999999 0.64999998
8.1000004 5.0999999 0.75
8.1000004 5.0999999 0.85000002
8.1000004 5.0999999 0.94999999
8.1000004 5.0999999 1.05
8.1000004 5.0999999 1.15
8.1000004 5.0999999 1.25
8.1000004 5.0999999 1.35
8.1000004 5.0999999 1.45
8.1000004 5.0999999 1.55
8.1000004 5.0999999 1.65
8.1000004 5.0999999 1.75
8.1000004 5.0999999 1.85
8.1000004 5.0999999 1.95
8.1000004 5.0999999 2.05
8.1000004 5.0999999 2.1500001
8.1000004 5.0999999 2.25
8.1000004 5.0999999 2.3499999
8.1000004 5.0999999 2.45
8 5.0999999 -0.44999999
8 5.0999999 -0.34999999
8 5.0999999 -0.25
8 5.0999999 -0.15000001
8 5.0999999 -0.050000001
8 5.0999999 0.050000001
8 5.0999999 0.15000001
8 5.0999999 0.25
8 5.0999999 0.34999999
8 5.0999999 0.44999999
8 5.0999999 0.55000001
8 5.0999999 0.64999998
8 5.0999999 0.75
8 5.0999999 0.85000002
8 5.0999999 0.94999999
8 5.0999999 1.05
8 5.0999999 1.15
8 5.0999999 1.25
8 5.0999999 1.35
8 5.0999999 1.45
8 5.0999999 1.55
8 5.0999999 1.65
8 5.0999999 1.75
8 5.0999999 1.85
8 5.0999999 1.95
8 5.0999999 2.05
8 5.0999999 2.1500001
8 5.0999999 2.25
8 5.0999999 2.3499999
8 5.0999999 2.45
7.9000001 5.0999999 -0.44999999
7.9000001 5.0999999 -0.34999999
7.9000001 5.0999999 -0.25
7.9000001 5.0999999 -0.15000001
7.9000001 5.0999999 -0.050000001
7.9000001 5.0999999 0.050000001
7.9000001 5.0999999 0.15000001
7.9000001 5.0999999 0.25
7.9000001 5.0999999 0.34999999
7.9000001 5.0999999 0.44999999
7.9000001 5.0999999 0.55000001
7.9000001 5.0999999 0.64999998
7.9000001 5.0999999 0.75
7.9000001 5.0999999 0.85000002
7.9000001 5.0999999 0.94999999
7.9000001 5.0999999 1.05
7.9000001 5.0999999 1.15
7.9000001 5.0999999 1.25
7.9000001 5.0999999 1.35
7.9000001 5.0999999 1.45
7.9000001 5.0999999 1.55
7.9000001 5.0999999 1.65
7.9000001 5.0999999 1.75
7.9000001 5.0999999 1.85
7.9000001 5.0999999 1.95
7.9000001 5.0999999 2.05
7.9000001 5.0999999 2.1500001
7.9000001 5.0999999 2.25
7.9000001 5.0999999 2.3499999
7.9000001 5.0999999 2.45
8.1000004 5.1999998 -0.44999999
8.1000004 5.1999998 -0.34999999
8.1000004 5.1999998 -0.25
8.1000004 5.1999998 -0.15000001
8.1000004 5.1999998 -0.050000001
8.1000004 5.1999998 0.050000001
8.1000004 5.1999998 0.15000001
8.1000004 5.1999998 0.25
8.1000004 5.1999998 0.34999999
8.1000004 5.1999998 0.44999999
8.1000004 5.1999998 0.55000001
8.1000004 5.1999998 0.64999998
8.1000004 5.1999998 0.75
8.1000004 5.1999998 0.85000002
8.1000004 5.1999998 0.94999999
8.1000004 5.1999998 1.05
8.1000004 5.1999998 1.15
8.1000004 5.1999998 1.25
8.1000004 5.1999998 1.35
8.1000004 5.1999998 1.45
8.1000004 5.1999998 1.55
8.1000004 5.1999998 1.65
8.1000004 5.1999998 1.75
8.1000004 5.1999998 1.85
8.1000004 5.1999998 1.95
8.1000004 5.1999998 2.05
8.1000004 5.1999998 2.1500001
8.1000004 5.1999998 2.25
8.1000004 5.1999998 2.3499999
8.1000004 5.1999998 2.45
8 5.1999998 -0.44999999
8 5.1999998 -0.34999999
8 5.1999998 -0.25
8 5.1999998 -0.15000001
8 5.1999998 -0.050000001
8 5.1999998 0.050000001
8 5.1999998 0.15000001
8 5.1999998 0.25
8 5.1999998 0.34999999
8 5.1999998 0.44999999
8 5.1999998 0.55000001
8 5.1999998 0.64999998
8 5.1999998 0.75
8 5.1999998 0.85000002
8 5.1999998 0.94999999
8 5.1999998 1.05
8 5.1999998 1.15
8 5.1999998 1.25
8 5.1999998 1.35
8 5.1999998 1.45
8 5.1999998 1.55
8 5.1999998 1.65
8 5.1999998 1.75
8 5.1999998 1.85
8 5.1999998 1.95
8 5.1999998 2.05
8 5.1999998 2.1500001
8 5.1999998 2.25
8 5.1999998 2.3499999
8 5.1999998 2.45
7.9000001 5.1999998 -0.44999999
7.9000001 5.1999998 -0.34999999
7.9000001 5.1999998 -0.25
7.9000001 5.1999998 -0.15000001
7.9000001 5.1999998 -0.050000001
7.9000001 5.1999998 0.050000001
7.9000001 5.1999998 0.15000001
7.9000001 5.1999998 0.25
7.9000001 5.1999998 0.34999999
7.9000001 5.1999998 0.44999999
7.9000001 5.1999998 0.55000001
7.9000001 5.1999998 0.64999998
7.9000001 5.1999998 0.75
7.9000001 5.1999998 0.85000002
7.9000001 5.1999998 0.94999999
7.9000001 5.1999998 1.05
7.9000001 5.1999998 1.15
7.9000001 5.1999998 1.25
7.9000001 5.1999998 1.35
7.9000001 5.1999998 1.45
7.9000001 5.1999998 1.55
7.9000001 5.1999998 1.65
7.9000001 5.1999998 1.75
7.9000001 5.1999998 1.85
7.9000001 5.1999998 1.95
7.9000001 5.1999998 2.05
7.9000001 5.1999998 2.1500001
7.9000001 5.1999998 2.25
7.9000001 5.1999998 2.3499999
7.9000001 5.1999998 2.45
8.1000004 5.3000002 -0.44999999
8.1000004 5.3000002 -0.34999999
8.1000004 5.3000002 -0.25
8.1000004 5.3000002 -0.15000001
8.1000004 5.3000002 -0.050000001
8.1000004 5.3000002 0.050000001
8.1000004 5.3000002 0.15000001
8.1000004 5.3000002 0.25
8.1000004 5.3000002 0.34999999
8.1000004 5.3000002 0.44999999
8.1000004 5.3000002 0.55000001
8.1000004 5.3000002 0.64999998
8.1000004 5.3000002 0.75
8.1000004 5.3000002 0.85000002
8.1000004 5.3000002 0.94999999
8.1000004 5.3000002 1.05
8.1000004 5.3000002 1.15
8.1000004 5.3000002 1.25
8.1000004 5.3000002 1.35
8.1000004 5.3000002 1.45
8.1000004 5.3000002 1.55
8.1000004 5.3000002 1.65
8.1000004 5.3000002 1.75
8.1000004 5.3000002 1.85
8.1000004 5.3000002 1.95
8.1000004 5.3000002 2.05
8.1000004 5.3000002 2.1500001
8.1000004 5.3000002 2.25
8.1000004 5.3000002 2.3499999
8.1000004 5.3000002 2.45
8 5.3000002 -0.44999999
8 5.3000002 -0.34999999
8 5.3000002 -0.25
8 5.3000002 -0.15000001
8 5.3000002 -0.050000001
8 5.3000002 0.050000001
8 5.3000002 0.15000001
8 5.3000002 0.25
8 5.3000002 0.34999999
8 5.3000002 0.44999999
8 5.3000002 0.55000001
8 5.3000002 0.64999998
8 5.3000002 0.75
8 5.3000002 0.85000002
8 5.3000002 0.94999999
8 5.3000002 1.05
8 5.3000002 1.15
8 5.3000002 1.25
8 5.3000002 1.35
8 5.3000002 1.45
8 5.3000002 1.55
8 5.3000002 1.65
8 5.3000002 1.75
8 5.3000002 1.85
8 5.3000002 1.95
8 5.3000002 2.05
8 5.3000002 2.1500001
8 5.3000002 2.25
8 5.3000002 2.3499999
8 5.3000002 2.45
7.9000001 5.3000002 -0.44999999
7.9000001 5.3000002 -0.34999999
7.9000001 5.3000002 -0.25
7.9000001 5.3000002 -0.15000001
7.9000001 5.3000002 -0.050000001
7.9000001 5.3000002 0.050000001
7.9000001 5.3000002 0.15000001
7.9000001 5.3000002 0.25
7.9000001 5.3000002 0.34999999
7.9000001 5.3000002 0.44999999
7.9000001 5.3000002 0.55000001
7.9000001 5.3000002 0.64999998
7.9000001 5.3000002 0.75
7.9000001 5.3000002 0.85000002
7.9000001 5.3000002 0.94999999
7.9000001 5.3000002 1.05
7.9000001 5.3000002 1.15
7.9000001 5.3000002 1.25
7.9000001 5.3000002 1.35
7.9000001 5.3000002 1.45
7.9000001 5.3000002 1.55
7.9000001 5.3000002 1.65
7.9000001 5.3000002 1.75
7.9000001 5.3000002 1.85
7.9000001 5.3000002 1.95
7.9000001 5.3000002 2.05
7.9000001 5.3000002 2.1500001
7.9000001 5.3000002 2.25
7.9000001 5.3000002 2.3499999
7.9000001 5.3000002 2.45
8.1000004 5.4000001 -0.44999999
8.1000004 5.4000001 -0.34999999
8.1000004 5.4000001 -0.25
8.1000004 5.4000001 -0.15000001
8.1000004 5.4000001 -0.050000001
8.1000004 5.4000001 0.050000001
8.1000004 5.4000001 0.15000001
8.1000004 5.4000001 0.25
8.1000004 5.4000001 0.34999999
8.1000004 5.4000001 0.44999999
8.1000004 5.4000001 0.55000001
8.1000004 5.4000001 0.64999998
8.1000004 5.4000001 0.75
8.1000004 5.4000001 0.85000002
8.1000004 5.4000001 0.94999999
8.1000004 5.4000001 1.05
8.1000004 5.4000001 1.15
8.1000004 5.4000001 1.25
8.1000004 5.4000001 1.35
8.1000004 5.4000001 1.45
8.1000004 5.4000001 1.55
8.1000004 5.4000001 1.65
8.1000004 5.4000001 1.75
8.1000004 5.4000001 1.85
8.1000004 5.4000001 1.95
8.1000004 5.4000001 2.05
8.1000004 5.4000001 2.1500001
8.1000004 5.4000001 2.25
8.1000004 5.4000001 2.3499999
8.1000004 5.4000001 2.45
8 5.4000001 -0.44999999
8 5.4000001 -0.34999999
8 5.4000001 -0.25
8 5.4000001 -0.15000001
8 5.4000001 -0.050000001
8 5.4000001 0.050000001
8 5.4000001 0.15000001
8 5.4000001 0.25
8 5.4000001 0.34999999
8 5.4000001 0.44999999
8 5.4000001 0.55000001
8 5.4000001 0.64999998
8 5.4000001 0.75
8 5.4000001 0.85000002
8 5.4000001 0.94999999
8 5.4000001 1.05
8 5.4000001 1.15
8 5.4000001 1.25
8 5.4000001 1.35
8 5.4000001 1.45
8 5.4000001 1.55
8 5.4000001 1.65
8 5.4000001 1.75
8 5.4000001 1.85
8 5.4000001 1.95
8 5.4000001 2.05
8 5.4000001 2.1500001
8 5.4000001 2.25
8 5.4000001 2.3499999
8 5.4000001 2.45
7.9000001 5.4000001 -0.44999999
7.9000001 5.4000001 -0.34999999
7.9000001 5.4000001 -0.25
7.9000001 5.4000001 -0.15000001
7.9000001 5.4000001 -0.050000001
7.9000001 5.4000001 0.050000001
7.9000001 5.4000001 0.15000001
7.9000001 5.4000001 0.25
7.9000001 5.4000001 0.34999999
7.9000001 5.4000001 0.44999999
7.9000001 5.4000001 0.55000001
7.9000001 5.4000001 0.64999998
7.9000001 5.4000001 0.75
7.9000001 5.4000001 0.85000002
7.9000001 5.4000001 0.94999999
7.9000001 5.4000001 1.05
7.9000001 5.4000001 1.15
7.9000001 5.4000001 1.25
7.9000001 5.4000001 1.35
7.9000001 5.4000001 1.45
7.9000001 5.4000001 1.55
7.9000001 5.4000001 1.65
7.9000001 5.4000001 1.75
7.9000001 5.4000001 1.85
7.9000001 5.4000001 1.95
7.9000001 5.4000001 2.05
7.9000001 5.4000001 2.1500001
7.9000001 5.4000001 2.25
7.9000001 5.4000001 2.3499999
7.9000001 5.4000001 2.45
8.1000004 5.5 -0.44999999
8.1000004 5.5 -0.34999999
8.1000004 5.5 -0.25
8.1000004 5.5 -0.15000001
8.1000004 5.5 -0.050000001
8.1000004 5.5 0.050000001
8.1000004 5.5 0.15000001
8.1000004 5.5 0.25
8.1000004 5.5 0.34999999
8.1000004 5.5 0.44999999
8.1000004 5.5 0.55000001
8.1000004 5.5 0.64999998
8.1000004 5.5 0.75
8.1000004 5.5 0.85000002
8.1000004 5.5 0.94999999
8.1000004 5.5 1.05
8.1000004 5.5 1.15
8.1000004 5.5 1.25
8.1000004 5.5 1.35
8.1000004 5.5 1.45
8.1000004 5.5 1.55
8.1000004 5.5 1.65
8.1000004 5.5 1.75
8.1000004 5.5 1.85
8.1000004 5.5 1.95
8.1000004 5.5 2.05
8.1000004 5.5 2.1500001
8.1000004 5.5 2.25
8.1000004 5.5 2.3499999
8.1000004 5.5 2.45
8 5.5 -0.44999999
8 5.5 -0.34999999
8 5.5 -0.25
8 5.5 -0.15000001
8 5.5 -0.050000001
8 5.5 0.050000001
8 5.5 0.15000001
8 5.5 0.25
8 5.5 0.34999999
8 5.5 0.44999999
8 5.5 0.55000001
8 5.5 0.64999998
8 5.5 0.75
8 5.5 0.85000002
8 5.5 0.94999999
8 5.5 1.05
8 5.5 1.15
8 5.5 1.25
8 5.5 1.35
8 5.5 1.45
8 5.5 1.55
8 5.5 1.65
8 5.5 1.75
8 5.5 1.85
8 5.5 1.95
8 5.5 2.05
8 5.5 2.1500001
8 5.5 2.25
8 5.5 2.3499999
8 5.5 2.45
7.9000001 5.5 -0.44999999
7.9000001 5.5 -0.34999999
7.9000001 5.5 -0.25
7.9000001 5.5 -0.15000001
7.9000001 5.5 -0.050000001
7.9000001 5.5 0.050000001
7.9000001 5.5 0.15000001
7.9000001 5.5 0.25
7.9000001 5.5 0.34999999
7.9000001 5.5 0.44999999
7.9000001 5.5 0.55000001
7.9000001 5.5 0.64999998
7.9000001 5.5 0.75
7.9000001 5.5 0.85000002
7.9000001 5.5 0.94999999
7.9000001 5.5 1.05
7.9000001 5.5 1.15
7.9000001 5.5 1.25
7.9000001 5.5 1.35
7.9000001 5.5 1.45
7.9000001 5.5 1.55
7.9000001 5.5 1.65
7.9000001 5.5 1.75
7.9000001 5.5 1.85
7.9000001 5.5 1.95
7.9000001 5.5 2.05
7.9000001 5.5 2.1500001
7.9000001 5.5 2.25
7.9000001 5.5 2.3499999
7.9000001 5.5 2.45
8.1000004 5.5999999 -0.44999999
8.1000004 5.5999999 -0.34999999
8.1000004 5.5999999 -0.25
8.1000004 5.5999999 -0.15000001
8.1000004 5.5999999 -0.050000001
8.1000004 5.5999999 0.050000001
8.1000004 5.5999999 0.15000001
8.1000004 5.5999999 0.25
8.1000004 5.5999999 0.34999999
8.1000004 5.5999999 0.44999999
8.1000004 5.5999999 0.55000001
8.1000004 5.5999999 0.64999998
8.1000004 5.5999999 0.75
8.1000004 5.5999999 0.85000002
8.1000004 5.5999999 0.94999999
8.1000004 5.5999999 1.05
8.1000004 5.5999999 1.15
8.1000004 5.5999999 1.25
8.1000004 5.5999999 1.35
8.1000004 5.5999999 1.45
8.1000004 5.5999999 1.55
8.1000004 5.5999999 1.65
8.1000004 5.5999999 1.75
8.1000004 5.5999999 1.85
8.1000004 5.5999999 1.95
8.1000004 5.5999999 2.05
8.1000004 5.5999999 2.1500001
8.1000004 5.5999999 2.25
8.1000004 5.5999999 2.3499999
8.1000004 5.5999999 2.45
8 5.5999999 -0.44999999
8 5.5999999 -0.34999999
8 5.5999999 -0.25
8 5.5999999 -0.15000001
8 5.5999999 -0.050000001
8 5.5999999 0.050000001
8 5.5999999 0.15000001
8 5.5999999 0.25
8 5.5999999 0.34999999
8 5.5999999 0.44999999
8 5.5999999 0.55000001
8 5.5999999 0.64999998
8 5.5999999 0.75
8 5.5999999 0.85000002
8 5.5999999 0.94999999
8 5.5999999 1.05
8 5.5999999 1.15
8 5.5999999 1.25
8 5.5999999 1.35
8 5.5999999 1.45
8 5.5999999 1.55
8 5.5999999 1.65
8 5.5999999 1.75
8 5.5999999 1.85
8 5.5999999 1.95
8 5.5999999 2.05
8 5.5999999 2.1500001
8 5.5999999 2.25
8 5.5999999 2.3499999
8 5.5999999 2.45
7.9000001 5.5999999 -0.44999999
7.9000001 5.5999999 -0.34999999
7.9000001 5.5999999 -0.25
7.9000001 5.5999999 -0.15000001
7.9000001 5.5999999 -0.050000001
7.9000001 5.5999999 0.050000001
7.9000001 5.5999999 0.15000001
7.9000001 5.5999999 0.25
7.9000001 5.5999999 0.34999999
7.9000001 5.5999999 0.44999999
7.9000001 5.5999999 0.55000001
7.9000001 5.5999999 0.64999998
7.9000001 5.5999999 0.75
7.9000001 5.5999999 0.85000002
7.9000001 5.5999999 0.94999999
7.9000001 5.5999999 1.05
7.9000001 5.5999999 1.15
7.9000001 5.5999999 1.25
7.9000001 5.5999999 1.35
7.9000001 5.5999999 1.45
7.9000001 5.5999999 1.55
7.9000001 5.5999999 1.65
7.9000001 5.5999999 1.75
7.9000001 5.5999999 1.85
7.9000001 5.5999999 1.95
7.9000001 5.5999999 2.05
7.9000001 5.5999999 2.1500001
7.9000001 5.5999999 2.25
7.9000001 5.5999999 2.3499999
7.9000001 5.5999999 2.45
8.1000004 5.6999998 -0.44999999
8.1000004 5.6999998 -0.34999999
8.1000004 5.6999998 -0.25
8.1000004 5.6999998 -0.15000001
8.1000004 5.6999998 -0.050000001
8.1000004 5.6999998 0.050000001
8.1000004 5.6999998 0.15000001
8.1000004 5.6999998 0.25
8.1000004 5.6999998 0.34999999
8.1000004 5.6999998 0.44999999
8.1000004 5.6999998 0.55000001
8.1000004 5.6999998 0.64999998
8.1000004 5.6999998 0.75
8.1000004 5.6999998 0.85000002
8.1000004 5.6999998 0.94999999
8.1000004 5.6999998 1.05
8.1000004 5.6999998 1.15
8.1000004 5.6999998 1.25
8.1000004 5.6999998 1.35
8.1000004 5.6999998 1.45
8.1000004 5.6999998 1.55
8.1000004 5.6999998 1.65
8.1000004 5.6999998 1.75
8.1000004 5.6999998 1.85
8.1000004 5.6999998 1.95
8.1000004 5.6999998 2.05
8.1000004 5.6999998 2.1500001
8.1000004 5.6999998 2.25
8.1000004 5.6999998 2.3499999
8.1000004 5.6999998 2.45
8 5.6999998 -0.44999999
8 5.6999998 -0.34999999
8 5.6999998 -0.25
8 5.6999998 -0.15000001
8 5.6999998 -0.050000001
8 5.6999998 0.050000001
8 5.6999998 0.15000001
8 5.6999998 0.25
8 5.6999998 0.34999999
8 5.6999998 0.44999999
8 5.6999998 0.55000001
8 5.6999998 0.64999998
8 5.6999998 0.75
8 5.6999998 0.85000002
8 5.6999998 0.94999999
8 5.6999998 1.05
8 5.6999998 1.15
8 5.6999998 1.25
8 5.6999998 1.35
8 5.6999998 1.45
8 5.6999998 1.55
8 5.6999998 1.65
8 5.6999998 1.75
8 5.6999998 1.85
8 5.6999998 1.95
8 5.6999998 2.05
8 5.6999998 2.1500001
8 5.6999998 2.25
8 5.6999998 2.3499999
8 5.6999998 2.45
7.9000001 5.6999998 -0.44999999
7.9000001 5.6999998 -0.34999999
7.9000001 5.6999998 -0.25
7.9000001 5.6999998 -0.15000001
7.9000001 5.6999998 -0.050000001
7.9000001 5.6999998 0.050000001
7.9000001 5.6999998 0.15000001
7.9000001 5.6999998 0.25
7.9000001 5.6999998 0.34999999
7.9000001 5.6999998 0.44999999
7.9000001 5.6999998 0.55000001
7.9000001 5.6999998 0.64999998
7.9000001 5.6999998 0.75
7.9000001 5.6999998 0.85000002
7.9000001 5.6999998 0.94999999
7.9000001 5.6999998 1.05
7.9000001 5.6999998 1.15
7.9000001 5.6999998 1.25
7.9000001 5.6999998 1.35
7.9000001 5.6999998 1.45
7.9000001 5.6999998 1.55
7.9000001 5.6999998 1.65
7.9000001 5.6999998 1.75
7.9000001 5.6999998 1.85
7.9000001 5.6999998 1.95
7.9000001 5.6999998 2.05
7.9000001 5.6999998 2.1500001
7.9000001 5.6999998 2.25
7.9000001 5.6999998 2.3499999
7.9000001 5.6999998 2.45
8.1000004 5.8000002 -0.44999999
8.1000004 5.8000002 -0.34999999
8.1000004 5.8000002 -0.25
8.1000004 5.8000002 -0.15000001
8.1000004 5.8000002 -0.050000001
8.1000004 5.8000002 0.050000001
8.1000004 5.8000002 0.15000001
8.1000004 5.8000002 0.25
8.1000004 5.8000002 0.34999999
8.1000004 5.8000002 0.44999999
8.1000004 5.8000002 0.55000001
8.1000004 5.8000002 0.64999998
8.1000004 5.8000002 0.75
8.1000004 5.8000002 0.85000002
8.1000004 5.8000002 0.94999999
8.1000004 5.8000002 1.05
8.1000004 5.8000002 1.15
8.1000004 5.8000002 1.25
8.1000004 5.8000002 1.35
8.1000004 5.8000002 1.45
8.1000004 5.8000002 1.55
8.1000004 5.8000002 1.65
8.1000004 5.8000002 1.75
8.1000004 5.8000002 1.85
8.1000004 5.8000002 1.95
8.1000004 5.8000002 2.05
8.1000004 5.8000002 2.1500001
8.1000004 5.8000002 2.25
8.1000004 5.8000002 2.3499999
8.1000004 5.8000002 2.45
8 5.8000002 -0.44999999
8 5.8000002 -0.34999999
8 5.8000002 -0.25
8 5.8000002 -0.15000001
8 5.8000002 -0.050000001
8 5.8000002 0.050000001
8 5.8000002 0.15000001
8 5.8000002 0.25
8 5.8000002 0.34999999
8 5.8000002 0.44999999
8 5.8000002 0.55000001
8 5.8000002 0.64999998
8 5.8000002 0.75
8 5.8000002 0.85000002
8 5.8000002 0.94999999
8 5.8000002 1.05
8 5.8000002 1.15
8 5.8000002 1.25
8 5.8000002 1.35
8 5.8000002 1.45
8 5.8000002 1.55
8 5.8000002 1.65
8 5.8000002 1.75
8 5.8000002 1.85
8 5.8000002 1.95
8 5.8000002 2.05
8 5.8000002 2.1500001
8 5.8000002 2.25
8 5.8000002 2.3499999
8 5.8000002 2.45
7.9000001 5.8000002 -0.44999999
7.9000001 5.8000002 -0.34999999
7.9000001 5.8000002 -0.25
7.9000001 5.8000002 -0.15000001
7.9000001 5.8000002 -0.050000001
7.9000001 5.8000002 0.050000001
7.9000001 5.8000002 0.15000001
7.9000001 5.8000002 0.25
7.9000001 5.8000002 0.34999999
7.9000001 5.8000002 0.44999999
7.9000001 5.8000002 0.55000001
7.9000001 5.8000002 0.64999998
7.9000001 5.8000002 0.75
7.9000001 5.8000002 0.85000002
7.9000001 5.8000002 0.94999999
7.9000001 5.8000002 1.05
7.9000001 5.8000002 1.15
7.9000001 5.8000002 1.25
7.9000001 5.8000002 1.35
7.9000001 5.8000002 1.45
7.9000001 5.8000002 1.55
7.9000001 5.8000002 1.65
7.9000001 5.8000002 1.75
7.9000001 5.8000002 1.85
7.9000001 5.8000002 1.95
7.9000001 5.8000002 2.05
7.9000001 5.8000002 2.1500001
7.9000001 5.8000002 2.25
7.9000001 5.8000002 2.3499999
7.9000001 5.8000002 2.45
8.1000004 5.9000001 -0.44999999
8.1000004 5.9000001 -0.34999999
8.1000004 5.9000001 -0.25
8.1000004 5.9000001 -0.15000001
8.1000004 5.9000001 -0.050000001
8.1000004 5.9000001 0.050000001
8.1000004 5.9000001 0.15000001
8.1000004 5.9000001 0.25
8.1000004 5.9000001 0.34999999
8.1000004 5.9000001 0.44999999
8.1000004 5.9000001 0.55000001
8.1000004 5.9000001 0.64999998
8.1000004 5.9000001 0.75
8.1000004 5.9000001 0.85000002
8.1000004 5.9000001 0.94999999
8.1000004 5.9000001 1.05
8.1000004 5.9000001 1.15
8.1000004 5.9000001 1.25
8.1000004 5.9000001 1.35
8.1000004 5.9000001 1.45
8.1000004 5.9000001 1.55
8.1000004 5.9000001 1.65
8.1000004 5.9000001 1.75
8.1000004 5.9000001 1.85
8.1000004 5.9000001 1.95
8.1000004 5.9000001 2.05
8.1000004 5.9000001 2.1500001
8.1000004 5.9000001 2.25
8.1000004 5.9000001 2.3499999
8.1000004 5.9000001 2.45
8 5.9000001 -0.44999999
8 5.9000001 -0.34999999
8 5.9000001 -0.25
8 5.9000001 -0.15000001
8 5.9000001 -0.050000001
8 5.9000001 0.050000001
8 5.9000001 0.15000001
8 5.9000001 0.25
8 5.9000001 0.34999999
8 5.9000001 0.44999999
8 5.9000001 0.55000001
8 5.9000001 0.64999998
8 5.9000001 0.75
8 5.9000001 0.85000002
8 5.9000001 0.94999999
8 5.9000001 1.05
8 5.9000001 1.15
8 5.9000001 1.25
8 5.9000001 1.35
8 5.9000001 1.45
8 5.9000001 1.55
8 5.9000001 1.65
8 5.9000001 1.75
8 5.9000001 1.85
8 5.9000001 1.95
8 5.9000001 2.05
8 5.9000001 2.1500001
8 5.9000001 2.25
8 5.9000001 2.3499999
8 5.9000001 2.45
7.9000001 5.9000001 -0.44999999
7.9000001 5.9000001 -0.34999999
7.9000001 5.9000001 -0.25
7.9000001 5.9000001 -0.15000001
7.9000001 5.9000001 -0.050000001
7.9000001 5.9000001 0.050000001
7.9000001 5.9000001 0.15000001
7.9000001 5.9000001 0.25
7.9000001 5.9000001 0.34999999
7.9000001 5.9000001 0.44999999
7.9000001 5.9000001 0.55000001
7.9000001 5.9000001 0.64999998
7.9000001 5.9000001 0.75
7.9000001 5.9000001 0.85000002
7.9000001 5.9000001 0.94999999
7.9000001 5.9000001 1.05
7.9000001 5.9000001 1.15
7.9000001 5.9000001 1.25
7.9000001 5.9000001 1.35
7.9000001 5.9000001 1.45
7.9000001 5.9000001 1.55
7.9000001 5.9000001 1.65
7.9000001 5.9000001 1.75
7.9000001 5.9000001 1.85
7.9000001 5.9000001 1.95
7.9000001 5.9000001 2.05
7.9000001 5.9000001 2.1500001
7.9000001 5.9000001 2.25
7.9000001 5.9000001 2.3499999
7.9000001 5.9000001 2.45
8.1000004 6 -0.44999999
8.1000004 6 -0.34999999
8.1000004 6 -0.25
8.1000004 6 -0.15000001
8.1000004 6 -0.050000001
8.1000004 6 0.050000001
8.1000004 6 0.15000001
8.1000004 6 0.25
8.1000004 6 0.34999999
8.1000004 6 0.44999999
8.1000004 6 0.55000001
8.1000004 6 0.64999998
8.1000004 6 0.75
8.1000004 6 0.85000002
8.1000004 6 0.94999999
8.1000004 6 1.05
8.1000004 6 1.15
8.1000004 6 1.25
8.1000004 6 1.35
8.1000004 6 1.45
8.1000004 6 1.55
8.1000004 6 1.65
8.1000004 6 1.75
8.1000004 6 1.85
8.1000004 6 1.95
8.1000004 6 2.05
8.1000004 6 2.1500001
8.1000004 6 2.25
8.1000004 6 2.3499999
8.1000004 6 2.45
8 6 -0.44999999
8 6 -0.34999999
8 6 -0.25
8 6 -0.15000001
8 6 -0.050000001
8 6 0.050000001
8 6 0.15000001
8 6 0.25
8 6 0.34999999
8 6 0.44999999
8 6 0.55000001
8 6 0.64999998
8 6 0.75
8 6 0.85000002
8 6 0.94999999
8 6 1.05
8 6 1.15
8 6 1.25
8 6 1.35
8 6 1.45
8 6 1.55
8 6 1.65
8 6 1.75
8 6 1.85
8 6 1.95
8 6 2.05
8 6 2.1500001
8 6 2.25
8 6 2.3499999
8 6 2.45
7.9000001 6 -0.44999999
7.9000001 6 -0.34999999
7.9000001 6 -0.25
7.9000001 6 -0.15000001
7.9000001 6 -0.050000001
7.9000001 6 0.050000001
7.9000001 6 0.15000001
7.9000001 6 0.25
7.9000001 6 0.34999999
7.9000001 6 0.44999999
7.9000001 6 0.55000001
7.9000001 6 0.64999998
7.9000001 6 0.75
7.9000001 6 0.85000002
7.9000001 6 0.94999999
7.9000001 6 1.05
7.9000001 6 1.15
7.9000001 6 1.25
7.9000001 6 1.35
7.9000001 6 1.45
7.9000001 6 1.55
7.9000001 6 1.65
7.9000001 6 1.75
7.9000001 6 1.85
7.9000001 6 1.95
7.9000001 6 2.05
7.9000001 6 2.1500001
7.9000001 6 2.25
7.9000001 6 2.3499999
7.9000001 6 2.45
8.1000004 6.0999999 -0.44999999
8.1000004 6.0999999 -0.34999999
8.1000004 6.0999999 -0.25
8.1000004 6.0999999 -0.15000001
8.1000004 6.0999999 -0.050000001
8.1000004 6.0999999 0.050000001
8.1000004 6.0999999 0.15000001
8.1000004 6.0999999 0.25
8.1000004 6.0999999 0.34999999
8.1000004 6.0999999 0.44999999
8.1000004 6.0999999 0.55000001
8.1000004 6.0999999 0.64999998
8.1000004 6.0999999 0.75
8.1000004 6.0999999 0.85000002
8.1000004 6.0999999 0.94999999
8.1000004 6.0999999 1.05
8.1000004 6.0999999 1.15
8.1000004 6.0999999 1.25
8.1000004 6.0999999 1.35
8.1000004 6.0999999 1.45
8.1000004 6.0999999 1.55
8.1000004 6.0999999 1.65
8.1000004 6.0999999 1.75
8.1000004 6.0999999 1.85
8.1000004 6.0999999 1.95
8.1000004 6.0999999 2.05
8.1000004 6.0999999 2.1500001
8.1000004 6.0999999 2.25
8.1000004 6.0999999 2.3499999
8.1000004 6.0999999 2.45
8 6.0999999 -0.44999999
8 6.0999999 -0.34999999
8 6.0999999 -0.25
8 6.0999999 -0.15000001
8 6.0999999 -0.050000001
8 6.0999999 0.050000001
8 6.0999999 0.15000001
8 6.0999999 0.25
8 6.0999999 0.34999999
8 6.0999999 0.44999999
8 6.0999999 0.55000001
8 6.0999999 0.64999998
8 6.0999999 0.75
8 6.0999999 0.85000002
8 6.0999999 0.94999999
8 6.0999999 1.05
8 6.0999999 1.15
8 6.0999999 1.25
8 6.0999999 1.35
8 6.0999999 1.45
8 6.0999999 1.55
8 6.0999999 1.65
8 6.0999999 1.75
8 6.0999999 1.85
8 6.0999999 1.95
8 6.0999999 2.05
8 6.0999999 2.1500001
8 6.0999999 2.25
8 6.0999999 2.3499999
8 6.0999999 2.45
7.9000001 6.0999999 -0.44999999
7.9000001 6.0999999 -0.34999999
7.9000001 6.0999999 -0.25
7.9000001 6.0999999 -0.15000001
7.9000001 6.0999999 -0.050000001
7.9000001 6.0999999 0.050000001
7.9000001 6.0999999 0.15000001
7.9000001 6.0999999 0.25
7.9000001 6.0999999 0.34999999
7.9000001 6.0999999 0.44999999
7.9000001 6.0999999 0.55000001
7.9000001 6.0999999 0.64999998
7.9000001 6.0999999 0.75
7.9000001 6.0999999 0.85000002
7.9000001 6.0999999 0.94999999
7.9000001 6.0999999 1.05
7.9000001 6.0999999 1.15
7.9000001 6.0999999 1.25
7.9000001 6.0999999 1.35
7.9000001 6.0999999 1.45
7.9000001 6.0999999 1.55
7.9000001 6.0999999 1.65
7.9000001 6.0999999 1.75
7.9000001 6.0999999 1.85
7.9000001 6.0999999 1.95
7.9000001 6.0999999 2.05
7.9000001 6.0999999 2.1500001
7.9000001 6.0999999 2.25
7.9000001 6.0999999 2.3499999
7.9000001 6.0999999 2.45
8.1000004 6.1999998 -0.44999999
8.1000004 6.1999998 -0.34999999
8.1000004 6.1999998 -0.25
8.1000004 6.1999998 -0.15000001
8.1000004 6.1999998 -0.050000001
8.1000004 6.1999998 0.050000001
8.1000004 6.1999998 0.15000001
8.1000004 6.1999998 0.25
8.1000004 6.1999998 0.34999999
8.1000004 6.1999998 0.44999999
8.1000004 6.1999998 0.55000001
8.1000004 6.1999998 0.64999998
8.1000004 6.1999998 0.75
8.1000004 6.1999998 0.85000002
8.1000004 6.1999998 0.94999999
8.1000004 6.1999998 1.05
8.1000004 6.1999998 1.15
8.1000004 6.1999998 1.25
8.1000004 6.1999998 1.35
8.1000004 6.1999998 1.45
8.1000004 6.1999998 1.55
8.1000004 6.1999998 1.65
8.1000004 6.1999998 1.75
8.1000004 6.1999998 1.85
8.1000004 6.1999998 1.95
8.1000004 6.1999998 2.05
8.1000004 6.1999998 2.1500001
8.1000004 6.1999998 2.25
8.1000004 6.1999998 2.3499999
8.1000004 6.1999998 2.45
8 6.1999998 -0.44999999
8 6.1999998 -0.34999999
8 6.1999998 -0.25
8 6.1999998 -0.15000001
8 6.1999998 -0.050000001
8 6.1999998 0.050000001
8 6.1999998 0.15000001
8 6.1999998 0.25
8 6.1999998 0.34999999
8 6.1999998 0.44999999
8 6.1999998 0.55000001
8 6.1999998 0.64999998
8 6.1999998 0.75
8 6.1999998 0.85000002
8 6.1999998 0.94999999
8 6.1999998 1.05
8 6.1999998 1.15
8 6.1999998 1.25
8 6.1999998 1.35
8 6.1999998 1.45
8 6.1999998 1.55
8 6.1999998 1.65
8 6.1999998 1.75
8 6.1999998 1.85
8 6.1999998 1.95
8 6.1999998 2.05
8 6.1999998 2.1500001
8 6.1999998 2.25
8 6.1999998 2.3499999
8 6.1999998 2.45
7.9000001 6.1999998 -0.44999999
7.9000001 6.1999998 -0.34999999
7.9000001 6.1999998 -0.25
7.9000001 6.1999998 -0.15000001
7.9000001 6.1999998 -0.050000001
7.9000001 6.1999998 0.050000001
7.9000001 6.1999998 0.15000001
7.9000001 6.1999998 0.25
7.9000001 6.1999998 0.34999999
7.9000001 6.1999998 0.44999999
7.9000001 6.1999998 0.55000001
7.9000001 6.1999998 0.64999998
7.9000001 6.1999998 0.75
7.9000001 6.1999998 0.85000002
7.9000001 6.1999998 0.94999999
7.9000001 6.1999998 1.05
7.9000001 6.1999998 1.15
7.9000001 6.1999998 1.25
7.9000001 6.1999998 1.35
7.9000001 6.1999998 1.45
7.9000001 6.1999998 1.55
7.9000001 6.1999998 1.65
7.9000001 6.1999998 1.75
7.9000001 6.1999998 1.85
7.9000001 6.1999998 1.95
7.9000001 6.1999998 2.05
7.9000001 6.1999998 2.1500001
7.9000001 6.1999998 2.25
7.9000001 6.1999998 2.3499999
7.9000001 6.1999998 2.45
8.1000004 6.3000002 -0.44999999
8.1000004 6.3000002 -0.34999999
8.1000004 6.3000002 -0.25
8.1000004 6.3000002 -0.15000001
8.1000004 6.3000002 -0.050000001
8.1000004 6.3000002 0.050000001
8.1000004 6.3000002 0.15000001
8.1000004 6.3000002 0.25
8.1000004 6.3000002 0.34999999
8.1000004 6.3000002 0.44999999
8.1000004 6.3000002 0.55000001
8.1000004 6.3000002 0.64999998
8.1000004 6.3000002 0.75
8.1000004 6.3000002 0.85000002
8.1000004 6.3000002 0.94999999
8.1000004 6.3000002 1.05
8.1000004 6.3000002 1.15
8.1000004 6.3000002 1.25
8.1000004 6.3000002 1.35
8.1000004 6.3000002 1.45
8.1000004 6.3000002 1.55
8.1000004 6.3000002 1.65
8.1000004 6.3000002 1.75
8.1000004 6.3000002 1.85
8.1000004 6.3000002 1.95
8.1000004 6.3000002 2.05
8.1000004 6.3000002 2.1500001
8.1000004 6.3000002 2.25
8.1000004 6.3000002 2.3499999
8.1000004 6.3000002 2.45
8 6.3000002 -0.44999999
8 6.3000002 -0.34999999
8 6.3000002 -0.25
8 6.3000002 -0.15000001
8 6.3000002 -0.050000001
8 6.3000002 0.050000001
8 6.3000002 0.15000001
8 6.3000002 0.25
8 6.3000002 0.34999999
8 6.3000002 0.44999999
8 6.3000002 0.55000001
8 6.3000002 0.64999998
8 6.3000002 0.75
8 6.3000002 0.85000002
8 6.3000002 0.94999999
8 6.3000002 1.05
8 6.3000002 1.15
8 6.3000002 1.25
8 6.3000002 1.35
8 6.3000002 1.45
8 6.3000002 1.55
8 6.3000002 1.65
8 6.3000002 1.75
8 6.3000002 1.85
8 6.3000002 1.95
8 6.3000002 2.05
8 6.3000002 2.1500001
8 6.3000002 2.25
8 6.3000002 2.3499999
8 6.3000002 2.45
7.9000001 6.3000002 -0.44999999
7.9000001 6.3000002 -0.34999999
7.9000001 6.3000002 -0.25
7.9000001 6.3000002 -0.15000001
7.9000001 6.3000002 -0.050000001
7.9000001 6.3000002 0.050000001
7.9000001 6.3000002 0.15000001
7.9000001 6.3000002 0.25
7.9000001 6.3000002 0.34999999
7.9000001 6.3000002 0.44999999
7.9000001 6.3000002 0.55000001
7.9000001 6.3000002 0.64999998
7.9000001 6.3000002 0.75
7.9000001 6.3000002 0.85000002
7.9000001 6.3000002 0.94999999
7.9000001 6.3000002 1.05
7.9000001 6.3000002 1.15
7.9000001 6.3000002 1.25
7.9000001 6.3000002 1.35
7.9000001 6.3000002 1.45
7.9000001 6.3000002 1.55
7.9000001 6.3000002 1.65
7.9000001 6.3000002 1.75
7.9000001 6.3000002 1.85
7.9000001 6.3000002 1.95
7.9000001 6.3000002 2.05
7.9000001 6.3000002 2.1500001
7.9000001 6.3000002 2.25
7.9000001 6.3000002 2.3499999
7.9000001 6.3000002 2.45
8.1000004 6.4000001 -0.44999999
8.1000004 6.4000001 -0.34999999
8.1000004 6.4000001 -0.25
8.1000004 6.4000001 -0.15000001
8.1000004 6.4000001 -0.050000001
8.1000004 6.4000001 0.050000001
8.1000004 6.4000001 0.15000001
8.1000004 6.4000001 0.25
8.1000004 6.4000001 0.34999999
8.1000004 6.4000001 0.44999999
8.1000004 6.4000001 0.55000001
8.1000004 6.4000001 0.64999998
8.1000004 6.4000001 0.75
8.1000004 6.4000001 0.85000002
8.1000004 6.4000001 0.94999999
8.1000004 6.4000001 1.05
8.1000004 6.4000001 1.15
8.1000004 6.4000001 1.25
8.1000004 6.4000001 1.35
8.1000004 6.4000001 1.45
8.1000004 6.4000001 1.55
8.1000004 6.4000001 1.65
8.1000004 6.4000001 1.75
8.1000004 6.4000001 1.85
8.1000004 6.4000001 1.95
8.1000004 6.4000001 2.05
8.1000004 6.4000001 2.1500001
8.1000004 6.4000001 2.25
8.1000004 6.4000001 2.3499999
8.1000004 6.4000001 2.45
8 6.4000001 -0.44999999
8 6.4000001 -0.34999999
8 6.4000001 -0.25
8 6.4000001 -0.15000001
8 6.4000001 -0.050000001
8 6.4000001 0.050000001
8 6.4000001 0.15000001
8 6.4000001 0.25
8 6.4000001 0.34999999
8 6.4000001 0.44999999
8 6.4000001 0.55000001
8 6.4000001 0.64999998
8 6.4000001 0.75
8 6.4000001 0.85000002
8 6.4000001 0.94999999
8 6.4000001 1.05
8 6.4000001 1.15
8 6.4000001 1.25
8 6.4000001 1.35
8 6.4000001 1.45
8 6.4000001 1.55
8 6.4000001 1.65
8 6.4000001 1.75
8 6.4000001 1.85
8 6.4000001 1.95
8 6.4000001 2.05
8 6.4000001 2.1500001
8 6.4000001 2.25
8 6.4000001 2.3499999
8 6.4000001 2.45
7.9000001 6.4000001 -0.44999999
7.9000001 6.4000001 -0.34999999
7.9000001 6.4000001 -0.25
7.9000001 6.4000001 -0.15000001
7.9000001 6.4000001 -0.050000001
7.9000001 6.4000001 0.050000001
7.9000001 6.4000001 0.15000001
7.9000001 6.4000001 0.25
7.9000001 6.4000001 0.34999999
7.9000001 6.4000001 0.44999999
7.9000001 6.4000001 0.55000001
7.9000001 6.4000001 0.64999998
7.9000001 6.4000001 0.75
7.9000001 6.4000001 0.85000002
7.9000001 6.4000001 0.94999999
7.9000001 6.4000001 1.05
7.9000001 6.4000001 1.15
7.9000001 6.4000001 1.25
7.9000001 6.4000001 1.35
7.9000001 6.4000001 1.45
7.9000001 6.4000001 1.55
7.9000001 6.4000001 1.65
7.9000001 6.4000001 1.75
7.9000001 6.4000001 1.85
7.9000001 6.4000001 1.95
7.9000001 6.4000001 2.05
7.9000001 6.4000001 2.1500001
7.9000001 6.4000001 2.25
7.9000001 6.4000001 2.3499999
7.9000001 6.4000001 2.45
8.1000004 6.5 -0.44999999
8.1000004 6.5 -0.34999999
8.1000004 6.5 -0.25
8.1000004 6.5 -0.15000001
8.1000004 6.5 -0.050000001
8.1000004 6.5 0.050000001
8.1000004 6.5 0.15000001
8.1000004 6.5 0.25
8.1000004 6.5 0.34999999
8.1000004 6.5 0.44999999
8.1000004 6.5 0.55000001
8.1000004 6.5 0.64999998
8.1000004 6.5 0.75
8.1000004 6.5 0.85000002
8.1000004 6.5 0.94999999
8.1000004 6.5 1.05
8.1000004 6.5 1.15
8.1000004 6.5 1.25
8.1000004 6.5 1.35
8.1000004 6.5 1.45
8.1000004 6.5 1.55
8.1000004 6.5 1.65
8.1000004 6.5 1.75
8.1000004 6.5 1.85
8.1000004 6.5 1.95
8.1000004 6.5 2.05
8.1000004 6.5 2.1500001
8.1000004 6.5 2.25
8.1000004 6.5 2.3499999
8.1000004 6.5 2.45
8 6.5 -0.44999999
8 6.5 -0.34999999
8 6.5 -0.25
8 6.5 -0.15000001
8 6.5 -0.050000001
8 6.5 0.050000001
8 6.5 0.15000001
8 6.5 0.25
8 6.5 0.34999999
8 6.5 0.44999999
8 6.5 0.55000001
8 6.5 0.64999998
8 6.5 0.75
8 6.5 0.85000002
8 6.5 0.94999999
8 6.5 1.05
8 6.5 1.15
8 6.5 1.25
8 6.5 1.35
8 6.5 1.45
8 6.5 1.55
8 6.5 1.65
8 6.5 1.75
8 6.5 1.85
8 6.5 1.95
8 6.5 2.05
8 6.5 2.1500001
8 6.5 2.25
8 6.5 2.3499999
8 6.5 2.45
7.9000001 6.5 -0.44999999
7.9000001 6.5 -0.34999999
7.9000001 6.5 -0.25
7.9000001 6.5 -0.15000001
7.9000001 6.5 -0.050000001
7.9000001 6.5 0.050000001
7.9000001 6.5 0.15000001
7.9000001 6.5 0.25
7.9000001 6.5 0.34999999
7.9000001 6.5 0.44999999
7.9000001 6.5 0.55000001
7.9000001 6.5 0.64999998
7.9000001 6.5 0.75
7.9000001 6.5 0.85000002
7.9000001 6.5 0.94999999
7.9000001 6.5 1.05
7.9000001 6.5 1.15
7.9000001 6.5 1.25
7.9000001 6.5 1.35
7.9000001 6.5 1.45
7.9000001 6.5 1.55
7.9000001 6.5 1.65
7.9000001 6.5 1.75
7.9000001 6.5 1.85
7.9000001 6.5 1.95
7.9000001 6.5 2.05
7.9000001 6.5 2.1500001
7.9000001 6.5 2.25
7.9000001 6.5 2.3499999
7.9000001 6.5 2.45
8.1000004 6.5999999 -0.44999999
8.1000004 6.5999999 -0.34999999
8.1000004 6.5999999 -0.25
8.1000004 6.5999999 -0.15000001
8.1000004 6.5999999 -0.050000001
8.1000004 6.5999999 0.050000001
8.1000004 6.5999999 0.15000001
8.1000004 6.5999999 0.25
8.1000004 6.5999999 0.34999999
8.1000004 6.5999999 0.44999999
8.1000004 6.5999999 0.55000001
8.1000004 6.5999999 0.64999998
8.1000004 6.5999999 0.75
8.1000004 6.5999999 0.85000002
8.1000004 6.5999999 0.94999999
8.1000004 6.5999999 1.05
8.1000004 6.5999999 1.15
8.1000004 6.5999999 1.25
8.1000004 6.5999999 1.35
8.1000004 6.5999999 1.45
8.1000004 6.5999999 1.55
8.1000004 6.5999999 1.65
8.1000004 6.5999999 1.75
8.1000004 6.5999999 1.85
8.1000004 6.5999999 1.95
8.1000004 6.5999999 2.05
8.1000004 6.5999999 2.1500001
8.1000004 6.5999999 2.25
8.1000004 6.5999999 2.3499999
8.1000004 6.5999999 2.45
8 6.5999999 -0.44999999
8 6.5999999 -0.34999999
8 6.5999999 -0.25
8 6.5999999 -0.15000001
8 6.5999999 -0.050000001
8 6.5999999 0.050000001
8 6.5999999 0.15000001
8 6.5999999 0.25
8 6.5999999 0.34999999
8 6.5999999 0.44999999
8 6.5999999 0.55000001
8 6.5999999 0.64999998
8 6.5999999 0.75
8 6.5999999 0.85000002
8 6.5999999 0.94999999
8 6.5999999 1.05
8 6.5999999 1.15
8 6.5999999 1.25
8 6.5999999 1.35
8 6.5999999 1.45
8 6.5999999 1.55
8 6.5999999 1.65
8 6.5999999 1.75
8 6.5999999 1.85
8 6.5999999 1.95
8 6.5999999 2.05
8 6.5999999 2.1500001
8 6.5999999 2.25
8 6.5999999 2.3499999
8 6.5999999 2.45
7.9000001 6.5999999 -0.44999999
7.9000001 6.5999999 -0.34999999
7.9000001 6.5999999 -0.25
7.9000001 6.5999999 -0.15000001
7.9000001 6.5999999 -0.050000001
7.9000001 6.5999999 0.050000001
7.9000001 6.5999999 0.15000001
7.9000001 6.5999999 0.25
7.9000001 6.5999999 0.34999999
7.9000001 6.5999999 0.44999999
7.9000001 6.5999999 0.55000001
7.9000001 6.5999999 0.64999998
7.9000001 6.5999999 0.75
7.9000001 6.5999999 0.85000002
7.9000001 6.5999999 0.94999999
7.9000001 6.5999999 1.05
7.9000001 6.5999999 1.15
7.9000001 6.5999999 1.25
7.9000001 6.5999999 1.35
7.9000001 6.5999999 1.45
7.9000001 6.5999999 1.55
7.9000001 6.5999999 1.65
7.9000001 6.5999999 1.75
7.9000001 6.5999999 1.85
7.9000001 6.5999999 1.95
7.9000001 6.5999999 2.05
7.9000001 6.5999999 2.1500001
7.9000001 6.5999999 2.25
7.9000001 6.5999999 2.3499999
7.9000001 6.5999999 2.45
8.1000004 6.6999998 -0.44999999
8.1000004 6.6999998 -0.34999999
8.1000004 6.6999998 -0.25
8.1000004 6.6999998 -0.15000001
8.1000004 6.6999998 -0.050000001
8.1000004 6.6999998 0.050000001
8.1000004 6.6999998 0.15000001
8.1000004 6.6999998 0.25
8.1000004 6.6999998 0.34999999
8.1000004 6.6999998 0.44999999
8.1000004 6.6999998 0.55000001
8.1000004 6.6999998 0.64999998
8.1000004 6.6999998 0.75
8.1000004 6.6999998 0.85000002
8.1000004 6.6999998 0.94999999
8.1000004 6.6999998 1.05
8.1000004 6.6999998 1.15
8.1000004 6.6999998 1.25
8.1000004 6.6999998 1.35
8.1000004 6.6999998 1.45
8.1000004 6.6999998 1.55
8.1000004 6.6999998 1.65
8.1000004 6.6999998 1.75
8.1000004 6.6999998 1.85
8.1000004 6.6999998 1.95
8.1000004 6.6999998 2.05
8.1000004 6.6999998 2.1500001
8.1000004 6.6999998 2.25
8.1000004 6.6999998 2.3499999
8.1000004 6.6999998 2.45
8 6.6999998 -0.44999999
8 6.6999998 -0.34999999
8 6.6999998 -0.25
8 6.6999998 -0.15000001
8 6.6999998 -0.050000001
8 6.6999998 0.050000001
8 6.6999998 0.15000001
8 6.6999998 0.25
8 6.6999998 0.34999999
8 6.6999998 0.44999999
8 6.6999998 0.55000001
8 6.6999998 0.64999998
8 6.6999998 0.75
8 6.6999998 0.85000002
8 6.6999998 0.94999999
8 6.6999998 1.05
8 6.6999998 1.15
8 6.6999998 1.25
8 6.6999998 1.35
8 6.6999998 1.45
8 6.6999998 1.55
8 6.6999998 1.65
8 6.6999998 1.75
8 6.6999998 1.85
8 6.6999998 1.95
8 6.6999998 2.05
8 6.6999998 2.1500001
8 6.6999998 2.25
8 6.6999998 2.3499999
8 6.6999998 2.45
7.9000001 6.6999998 -0.44999999
7.9000001 6.6999998 -0.34999999
7.9000001 6.6999998 -0.25
7.9000001 6.6999998 -0.15000001
7.9000001 6.6999998 -0.050000001
7.9000001 6.6999998 0.050000001
7.9000001 6.6999998 0.15000001
7.9000001 6.6999998 0.25
7.9000001 6.6999998 0.34999999
7.9000001 6.6999998 0.44999999
7.9000001 6.6999998 0.55000001
7.9000001 6.6999998 0.64999998
7.9000001 6.6999998 0.75
7.9000001 6.6999998 0.85000002
7.9000001 6.6999998 0.94999999
7.9000001 6.6999998 1.05
7.9000001 6.6999998 1.15
7.9000001 6.6999998 1.25
7.9000001 6.6999998 1.35
7.9000001 6.6999998 1.45
7.9000001 6.6999998 1.55
7.9000001 6.6999998 1.65
7.9000001 6.6999998 1.75
7.9000001 6.6999998 1.85
7.9000001 6.6999998 1.95
7.9000001 6.6999998 2.05
7.9000001 6.6999998 2.1500001
7.9000001 6.6999998 2.25
7.9000001 6.6999998 2.3499999
7.9000001 6.6999998 2.45
8.1000004 6.8000002 -0.44999999
8.1000004 6.8000002 -0.34999999
8.1000004 6.8000002 -0.25
8.1000004 6.8000002 -0.15000001
8.1000004 6.8000002 -0.050000001
8.1000004 6.8000002 0.050000001
8.1000004 6.8000002 0.15000001
8.1000004 6.8000002 0.25
8.1000004 6.8000002 0.34999999
8.1000004 6.8000002 0.44999999
8.1000004 6.8000002 0.55000001
8.1000004 6.8000002 0.64999998
8.1000004 6.8000002 0.75
8.1000004 6.8000002 0.85000002
8.1000004 6.8000002 0.94999999
8.1000004 6.8000002 1.05
8.1000004 6.8000002 1.15
8.1000004 6.8000002 1.25
8.1000004 6.8000002 1.35
8.1000004 6.8000002 1.45
8.1000004 6.8000002 1.55
8.1000004 6.8000002 1.65
8.1000004 6.8000002 1.75
8.1000004 6.8000002 1.85
8.1000004 6.8000002 1.95
8.1000004 6.8000002 2.05
8.1000004 6.8000002 2.1500001
8.1000004 6.8000002 2.25
8.1000004 6.8000002 2.3499999
8.1000004 6.8000002 2.45
8 6.8000002 -0.44999999
8 6.8000002 -0.34999999
8 6.8000002 -0.25
8 6.8000002 -0.15000001
8 6.8000002 -0.050000001
8 6.8000002 0.050000001
8 6.8000002 0.15000001
8 6.8000002 0.25
8 6.8000002 0.34999999
8 6.8000002 0.44999999
8 6.8000002 0.55000001
8 6.8000002 0.64999998
8 6.8000002 0.75
8 6.8000002 0.85000002
8 6.8000002 0.94999999
8 6.8000002 1.05
8 6.8000002 1.15
8 6.8000002 1.25
8 6.8000002 1.35
8 6.8000002 1.45
8 6.8000002 1.55
8 6.8000002 1.65
8 6.8000002 1.75
8 6.8000002 1.85
8 6.8000002 1.95
8 6.8000002 2.05
8 6.8000002 2.1500001
8 6.8000002 2.25
8 6.8000002 2.3499999
8 6.8000002 2.45
7.9000001 6.8000002 -0.44999999
7.9000001 6.8000002 -0.34999999
7.9000001 6.8000002 -0.25
7.9000001 6.8000002 -0.15000001
7.9000001 6.8000002 -0.050000001
7.9000001 6.8000002 0.050000001
7.9000001 6.8000002 0.15000001
7.9000001 6.8000002 0.25
7.9000001 6.8000002 0.34999999
7.9000001 6.8000002 0.44999999
7.9000001 6.8000002 0.55000001
7.9000001 6.8000002 0.64999998
7.9000001 6.8000002 0.75
7.9000001 6.8000002 0.85000002
7.9000001 6.8000002 0.94999999
7.9000001 6.8000002 1.05
7.9000001 6.8000002 1.15
7.9000001 6.8000002 1.25
7.9000001 6.8000002 1.35
7.9000001 6.8000002 1.45
7.9000001 6.8000002 1.55
7.9000001 6.8000002 1.65
7.9000001 6.8000002 1.75
7.9000001 6.8000002 1.85
7.9000001 6.8000002 1.95
7.9000001 6.8000002 2.05
7.9000001 6.8000002 2.1500001
7.9000001 6.8000002 2.25
7.9000001 6.8000002 2.3499999
7.9000001 6.8000002 2.45
8.1000004 6.9000001 -0.44999999
8.1000004 6.9000001 -0.34999999
8.1000004 6.9000001 -0.25
8.1000004 6.9000001 -0.15000001
8.1000004 6.9000001 -0.050000001
8.1000004 6.9000001 0.050000001
8.1000004 6.9000001 0.15000001
8.1000004 6.9000001 0.25
8.1000004 6.9000001 0.34999999
8.1000004 6.9000001 0.44999999
8.1000004 6.9000001 0.55000001
8.1000004 6.9000001 0.64999998
8.1000004 6.9000001 0.75
8.1000004 6.9000001 0.85000002
8.1000004 6.9000001 0.94999999
8.1000004 6.9000001 1.05
8.1000004 6.9000001 1.15
8.1000004 6.9000001 1.25
8.1000004 6.9000001 1.35
8.1000004 6.9000001 1.45
8.1000004 6.9000001 1.55
8.1000004 6.9000001 1.65
8.1000004 6.9000001 1.75
8.1000004 6.9000001 1.85
8.1000004 6.9000001 1.95
8.1000004 6.9000001 2.05
8.1000004 6.9000001 2.1500001
8.1000004 6.9000001 2.25
8.1000004 6.9000001 2.3499999
8.1000004 6.9000001 2.45
8 6.9000001 -0.44999999
8 6.9000001 -0.34999999
8 6.9000001 -0.25
8 6.9000001 -0.15000001
8 6.9000001 -0.050000001
8 6.9000001 0.050000001
8 6.9000001 0.15000001
8 6.9000001 0.25
8 6.9000001 0.34999999
8 6.9000001 0.44999999
8 6.9000001 0.55000001
8 6.9000001 0.64999998
8 6.9000001 0.75
8 6.9000001 0.85000002
8 6.9000001 0.94999999
8 6.9000001 1.05
8 6.9000001 1.15
8 6.9000001 1.25
8 6.9000001 1.35
8 6.9000001 1.45
8 6.9000001 1.55
8 6.9000001 1.65
8 6.9000001 1.75
8 6.9000001 1.85
8 6.9000001 1.95
8 6.9000001 2.05
8 6.9000001 2.1500001
8 6.9000001 2.25
8 6.9000001 2.3499999
8 6.9000001 2.45
7.9000001 6.9000001 -0.44999999
7.9000001 6.9000001 -0.34999999
7.9000001 6.9000001 -0.25
7.9000001 6.9000001 -0.15000001
7.9000001 6.9000001 -0.050000001
7.9000001 6.9000001 0.050000001
7.9000001 6.9000001 0.15000001
7.9000001 6.9000001 0.25
7.9000001 6.9000001 0.34999999
7.9000001 6.9000001 0.44999999
7.9000001 6.9000001 0.55000001
7.9000001 6.9000001 0.64999998
7.9000001 6.9000001 0.75
7.9000001 6.9000001 0.85000002
7.9000001 6.9000001 0.94999999
7.9000001 6.9000001 1.05
7.9000001 6.9000001 1.15
7.9000001 6.9000001 1.25
7.9000001 6.9000001 1.35
7.9000001 6.9000001 1.45
7.9000001 6.9000001 1.55
7.9000001 6.9000001 1.65
7.9000001 6.9000001 1.75
7.9000001 6.9000001 1.85
7.9000001 6.9000001 1.95
7.9000001 6.9000001 2.05
7.9000001 6.9000001 2.1500001
7.9000001 6.9000001 2.25
7.9000001 6.9000001 2.3499999
7.9000001 6.9000001 2.45
8.1000004 7 -0.44999999
8.1000004 7 -0.34999999
8.1000004 7 -0.25
8.1000004 7 -0.15000001
8.1000004 7 -0.050000001
8.1000004 7 0.050000001
8.1000004 7 0.15000001
8.1000004 7 0.25
8.1000004 7 0.34999999
8.1000004 7 0.44999999
8.1000004 7 0.55000001
8.1000004 7 0.64999998
8.1000004 7 0.75
8.1000004 7 0.85000002
8.1000004 7 0.94999999
8.1000004 7 1.05
8.1000004 7 1.15
8.1000004 7 1.25
8.1000004 7 1.35
8.1000004 7 1.45
8.1000004 7 1.55
8.1000004 7 1.65
8.1000004 7 1.75
8.1000004 7 1.85
8.1000004 7 1.95
8.1000004 7 2.05
8.1000004 7 2.1500001
8.1000004 7 2.25
8.1000004 7 2.3499999
8.1000004 7 2.45
8 7 -0.44999999
8 7 -0.34999999
8 7 -0.25
8 7 -0.15000001
8 7 -0.050000001
8 7 0.050000001
8 7 0.15000001
8 7 0.25
8 7 0.34999999
8 7 0.44999999
8 7 0.55000001
8 7 0.64999998
8 7 0.75
8 7 0.85000002
8 7 0.94999999
8 7 1.05
8 7 1.15
8 7 1.25
8 7 1.35
8 7 1.45
8 7 1.55
8 7 1.65
8 7 1.75
8 7 1.85
8 7 1.95
8 7 2.05
8 7 2.1500001
8 7 2.25
8 7 2.3499999
8 7 2.45
7.9000001 7 -0.44999999
7.9000001 7 -0.34999999
7.9000001 7 -0.25
7.9000001 7 -0.15000001
7.9000001 7 -0.050000001
7.9000001 7 0.050000001
7.9000001 7 0.15000001
7.9000001 7 0.25
7.9000001 7 0.34999999
7.9000001 7 0.44999999
7.9000001 7 0.55000001
7.9000001 7 0.64999998
7.9000001 7 0.75
7.9000001 7 0.85000002
7.9000001 7 0.94999999
7.9000001 7 1.05
7.9000001 7 1.15
7.9000001 7 1.25
7.9000001 7 1.35
7.9000001 7 1.45
7.9000001 7 1.55
7.9000001 7 1.65
7.9000001 7 1.75
7.9000001 7 1.85
7.9000001 7 1.95
7.9000001 7 2.05
7.9000001 7 2.1500001
7.9000001 7 2.25
7.9000001 7 2.3499999
7.9000001 7 2.45
8.1000004 7.0999999 -0.44999999
8.1000004 7.0999999 -0.34999999
8.1000004 7.0999999 -0.25
8.1000004 7.0999999 -0.15000001
8.1000004 7.0999999 -0.050000001
8.1000004 7.0999999 0.050000001
8.1000004 7.0999999 0.15000001
8.1000004 7.0999999 0.25
8.1000004 7.0999999 0.34999999
8.1000004 7.0999999 0.44999999
8.1000004 7.0999999 0.55000001
8.1000004 7.0999999 0.64999998
8.1000004 7.0999999 0.75
8.1000004 7.0999999 0.85000002
8.1000004 7.0999999 0.94999999
8.1000004 7.0999999 1.05
8.1000004 7.0999999 1.15
8.1000004 7.0999999 1.25
8.1000004 7.0999999 1.35
8.1000004 7.0999999 1.45
8.1000004 7.0999999 1.55
8.1000004 7.0999999 1.65
8.1000004 7.0999999 1.75
8.1000004 7.0999999 1.85
8.1000004 7.0999999 1.95
8.1000004 7.0999999 2.05
8.1000004 7.0999999 2.1500001
8.1000004 7.0999999 2.25
8.1000004 7.0999999 2.3499999
8.1000004 7.0999999 2.45
8 7.0999999 -0.44999999
8 7.0999999 -0.34999999
8 7.0999999 -0.25
8 7.0999999 -0.15000001
8 7.0999999 -0.050000001
8 7.0999999 0.050000001
8 7.0999999 0.15000001
8 7.0999999 0.25
8 7.0999999 0.34999999
8 7.0999999 0.44999999
8 7.0999999 0.55000001
8 7.0999999 0.64999998
8 7.0999999 0.75
8 7.0999999 0.85000002
8 7.0999999 0.94999999
8 7.0999999 1.05
8 7.0999999 1.15
8 7.0999999 1.25
8 7.0999999 1.35
8 7.0999999 1.45
8 7.0999999 1.55
8 7.0999999 1.65
8 7.0999999 1.75
8 7.0999999 1.85
8 7.0999999 1.95
8 7.0999999 2.05
8 7.0999999 2.1500001
8 7.0999999 2.25
8 7.0999999 2.3499999
8 7.0999999 2.45
7.9000001 7.0999999 -0.44999999
7.9000001 7.0999999 -0.34999999
7.9000001 7.0999999 -0.25
7.9000001 7.0999999 -0.15000001
7.9000001 7.0999999 -0.050000001
7.9000001 7.0999999 0.050000001
7.9000001 7.0999999 0.15000001
7.9000001 7.0999999 0.25
7.9000001 7.0999999 0.34999999
7.9000001 7.0999999 0.44999999
7.9000001 7.0999999 0.55000001
7.9000001 7.0999999 0.64999998
7.9000001 7.0999999 0.75
7.9000001 7.0999999 0.85000002
7.9000001 7.0999999 0.94999999
7.9000001 7.0999999 1.05
7.9000001 7.0999999 1.15
7.9000001 7.0999999 1.25
7.9000001 7.0999999 1.35
7.9000001 7.0999999 1.45
7.9000001 7.0999999 1.55
7.9000001 7.0999999 1.65
7.9000001 7.0999999 1.75
7.9000001 7.0999999 1.85
7.9000001 7.0999999 1.95
7.9000001 7.0999999 2.05
7.9000001 7.0999999 2.1500001
7.9000001 7.0999999 2.25
7.9000001 7.0999999 2.3499999
7.9000001 7.0999999 2.45
8.1000004 7.1999998 -0.44999999
8.1000004 7.1999998 -0.34999999
8.1000004 7.1999998 -0.25
8.1000004 7.1999998 -0.15000001
8.1000004 7.1999998 -0.050000001
8.1000004 7.1999998 0.050000001
8.1000004 7.1999998 0.15000001
8.1000004 7.1999998 0.25
8.1000004 7.1999998 0.34999999
8.1000004 7.1999998 0.44999999
8.1000004 7.1999998 0.55000001
8.1000004 7.1999998 0.64999998
8.1000004 7.1999998 0.75
8.1000004 7.1999998 0.85000002
8.1000004 7.1999998 0.94999999
8.1000004 7.1999998 1.05
8.1000004 7.1999998 1.15
8.1000004 7.1999998 1.25
8.1000004 7.1999998 1.35
8.1000004 7.1999998 1.45
8.1000004 7.1999998 1.55
8.1000004 7.1999998 1.65
8.1000004 7.1999998 1.75
8.1000004 7.1999998 1.85
8.1000004 7.1999998 1.95
8.1000004 7.1999998 2.05
8.1000004 7.1999998 2.1500001
8.1000004 7.1999998 2.25
8.1000004 7.1999998 2.3499999
8.1000004 7.1999998 2.45
8 7.1999998 -0.44999999
8 7.1999998 -0.34999999
8 7.1999998 -0.25
8 7.1999998 -0.15000001
8 7.1999998 -0.050000001
8 7.1999998 0.050000001
8 7.1999998 0.15000001
8 7.1999998 0.25
8 7.1999998 0.34999999
8 7.1999998 0.44999999
8 7.1999998 0.55000001
8 7.1999998 0.64999998
8 7.1999998 0.75
8 7.1999998 0.85000002
8 7.1999998 0.94999999
8 7.1999998 1.05
8 7.1999998 1.15
8 7.1999998 1.25
8 7.1999998 1.35
8 7.1999998 1.45
8 7.1999998 1.55
8 7.1999998 1.65
8 7.1999998 1.75
8 7.1999998 1.85
8 7.1999998 1.95
8 7.1999998 2.05
8 7.1999998 2.1500001
8 7.1999998 2.25
8 7.1999998 2.3499999
8 7.1999998 2.45
7.9000001 7.1999998 -0.44999999
7.9000001 7.1999998 -0.34999999
7.9000001 7.1999998 -0.25
7.9000001 7.1999998 -0.15000001
7.9000001 7.1999998 -0.050000001
7.9000001 7.1999998 0.050000001
7.9000001 7.1999998 0.15000001
7.9000001 7.1999998 0.25
7.9000001 7.1999998 0.34999999
7.9000001 7.1999998 0.44999999
7.9000001 7.1999998 0.55000001
7.9000001 7.1999998 0.64999998
7.9000001 7.1999998 0.75
7.9000001 7.1999998 0.85000002
7.9000001 7.1999998 0.94999999
7.9000001 7.1999998 1.05
7.9000001 7.1999998 1.15
7.9000001 7.1999998 1.25
7.9000001 7.1999998 1.35
7.9000001 7.1999998 1.45
7.9000001 7.1999998 1.55
7.9000001 7.1999998 1.65
7.9000001 7.1999998 1.75
7.9000001 7.1999998 1.85
7.9000001 7.1999998 1.95
7.9000001 7.1999998 2.05
7.9000001 7.1999998 2.1500001
7.9000001 7.1999998 2.25
7.9000001 7.1999998 2.3499999
7.9000001 7.1999998 2.45
8.1000004 7.3000002 -0.44999999
8.1000004 7.3000002 -0.34999999
8.1000004 7.3000002 -0.25
8.1000004 7.3000002 -0.15000001
8.1000004 7.3000002 -0.050000001
8.1000004 7.3000002 0.050000001
8.1000004 7.3000002 0.15000001
8.1000004 7.3000002 0.25
8.1000004 7.3000002 0.34999999
8.1000004 7.3000002 0.44999999
8.1000004 7.3000002 0.55000001
8.1000004 7.3000002 0.64999998
8.1000004 7.3000002 0.75
8.1000004 7.3000002 0.85000002
8.1000004 7.3000002 0.94999999
8.1000004 7.3000002 1.05
8.1000004 7.3000002 1.15
8.1000004 7.3000002 1.25
8.1000004 7.3000002 1.35
8.1000004 7.3000002 1.45
8.1000004 7.3000002 1.55
8.1000004 7.3000002 1.65
8.1000004 7.3000002 1.75
8.1000004 7.3000002 1.85
8.1000004 7.3000002 1.95
8.1000004 7.3000002 2.05
8.1000004 7.3000002 2.1500001
8.1000004 7.3000002 2.25
8.1000004 7.3000002 2.3499999
8.1000004 7.3000002 2.45
8 7.3000002 -0.44999999
8 7.3000002 -0.34999999
8 7.3000002 -0.25
8 7.3000002 -0.15000001
8 7.3000002 -0.050000001
8 7.3000002 0.050000001
8 7.3000002 0.15000001
8 7.3000002 0.25
8 7.3000002 0.34999999
8 7.3000002 0.44999999
8 7.3000002 0.55000001
8 7.3000002 0.64999998
8 7.3000002 0.75
8 7.3000002 0.85000002
8 7.3000002 0.94999999
8 7.3000002 1.05
8 7.3000002 1.15
8 7.3000002 1.25
8 7.3000002 1.35
8 7.3000002 1.45
8 7.3000002 1.55
8 7.3000002 1.65
8 7.3000002 1.75
8 7.3000002 1.85
8 7.3000002 1.95
8 7.3000002 2.05
8 7.3000002 2.1500001
8 7.3000002 2.25
8 7.3000002 2.3499999
8 7.3000002 2.45
7.9000001 7.3000002 -0.44999999
7.9000001 7.3000002 -0.34999999
7.9000001 7.3000002 -0.25
7.9000001 7.3000002 -0.15000001
7.9000001 7.3000002 -0.050000001
7.9000001 7.3000002 0.050000001
7.9000001 7.3000002 0.15000001
7.9000001 7.3000002 0.25
7.9000001 7.3000002 0.34999999
7.9000001 7.3000002 0.44999999
7.9000001 7.3000002 0.55000001
7.9000001 7.3000002 0.64999998
7.9000001 7.3000002 0.75
7.9000001 7.3000002 0.85000002
7.9000001 7.3000002 0.94999999
7.9000001 7.3000002 1.05
7.9000001 7.3000002 1.15
7.9000001 7.3000002 1.25
7.9000001 7.3000002 1.35
7.9000001 7.3000002 1.45
7.9000001 7.3000002 1.55
7.9000001 7.3000002 1.65
7.9000001 7.3000002 1.75
7.9000001 7.3000002 1.85
7.9000001 7.3000002 1.95
7.9000001 7.3000002 2.05
7.9000001 7.3000002 2.1500001
7.9000001 7.3000002 2.25
7.9000001 7.3000002 2.3499999
7.9000001 7.3000002 2.45
8.1000004 7.4000001 -0.44999999
8.1000004 7.4000001 -0.34999999
8.1000004 7.4000001 -0.25
8.1000004 7.4000001 -0.15000001
8.1000004 7.4000001 -0.050000001
8.1000004 7.4000001 0.050000001
8.1000004 7.4000001 0.15000001
8.1000004 7.4000001 0.25
8.1000004 7.4000001 0.34999999
8.1000004 7.4000001 0.44999999
8.1000004 7.4000001 0.55000001
8.1000004 7.4000001 0.64999998
8.1000004 7.4000001 0.75
8.1000004 7.4000001 0.85000002
8.1000004 7.4000001 0.94999999
8.1000004 7.4000001 1.05
8.1000004 7.4000001 1.15
8.1000004 7.4000001 1.25
8.1000004 7.4000001 1.35
8.1000004 7.4000001 1.45
8.1000004 7.4000001 1.55
8.1000004 7.4000001 1.65
8.1000004 7.4000001 1.75
8.1000004 7.4000001 1.85
8.1000004 7.4000001 1.95
8.1000004 7.4000001 2.05
8.1000004 7.4000001 2.1500001
8.1000004 7.4000001 2.25
8.1000004 7.4000001 2.3499999
8.1000004 7.4000001 2.45
8 7.4000001 -0.44999999
8 7.4000001 -0.34999999
8 7.4000001 -0.25
8 7.4000001 -0.15000001
8 7.4000001 -0.050000001
8 7.4000001 0.050000001
8 7.4000001 0.15000001
8 7.4000001 0.25
8 7.4000001 0.34999999
8 7.4000001 0.44999999
8 7.4000001 0.55000001
8 7.4000001 0.64999998
8 7.4000001 0.75
8 7.4000001 0.85000002
8 7.4000001 0.94999999
8 7.4000001 1.05
8 7.4000001 1.15
8 7.4000001 1.25
8 7.4000001 1.35
8 7.4000001 1.45
8 7.4000001 1.55
8 7.4000001 1.65
8 7.4000001 1.75
8 7.4000001 1.85
8 7.4000001 1.95
8 7.4000001 2.05
8 7.4000001 2.1500001
8 7.4000001 2.25
8 7.4000001 2.3499999
8 7.4000001 2.45
7.9000001 7.4000001 -0.44999999
7.9000001 7.4000001 -0.34999999
7.9000001 7.4000001 -0.25
7.9000001 7.4000001 -0.15000001
7.9000001 7.4000001 -0.050000001
7.9000001 7.4000001 0.050000001
7.9000001 7.4000001 0.15000001
7.9000001 7.4000001 0.25
7.9000001 7.4000001 0.34999999
7.9000001 7.4000001 0.44999999
7.9000001 7.4000001 0.55000001
7.9000001 7.4000001 0.64999998
7.9000001 7.4000001 0.75
7.9000001 7.4000001 0.85000002
7.9000001 7.4000001 0.94999999
7.9000001 7.4000001 1.05
7.9000001 7.4000001 1.15
7.9000001 7.4000001 1.25
7.9000001 7.4000001 1.35
7.9000001 7.4000001 1.45
7.9000001 7.4000001 1.55
7.9000001 7.4000001 1.65
7.9000001 7.4000001 1.75
7.9000001 7.4000001 1.85
7.9000001 7.4000001 1.95
7.9000001 7.4000001 2.05
7.9000001 7.4000001 2.1500001
7.9000001 7.4000001 2.25
7.9000001 7.4000001 2.3499999
7.9000001 7.4000001 2.45
8.1000004 7.5 -0.44999999
8.1000004 7.5 -0.34999999
8.1000004 7.5 -0.25
8.1000004 7.5 -0.15000001
8.1000004 7.5 -0.050000001
8.1000004 7.5 0.050000001
8.1000004 7.5 0.15000001
8.1000004 7.5 0.25
8.1000004 7.5 0.34999999
8.1000004 7.5 0.44999999
8.1000004 7.5 0.55000001
8.1000004 7.5 0.64999998
8.1000004 7.5 0.75
8.1000004 7.5 0.85000002
8.1000004 7.5 0.94999999
8.1000004 7.5 1.05
8.1000004 7.5 1.15
8.1000004 7.5 1.25
8.1000004 7.5 1.35
8.1000004 7.5 1.45
8.1000004 7.5 1.55
8.1000004 7.5 1.65
8.1000004 7.5 1.75
8.1000004 7.5 1.85
8.1000004 7.5 1.95
8.1000004 7.5 2.05
8.1000004 7.5 2.1500001
8.1000004 7.5 2.25
8.1000004 7.5 2.3499999
8.1000004 7.5 2.45
8 7.5 -0.44999999
8 7.5 -0.34999999
8 7.5 -0.25
8 7.5 -0.15000001
8 7.5 -0.050000001
8 7.5 0.050000001
8 7.5 0.15000001
8 7.5 0.25
8 7.5 0.34999999
8 7.5 0.44999999
8 7.5 0.55000001
8 7.5 0.64999998
8 7.5 0.75
8 7.5 0.85000002
8 7.5 0.94999999
8 7.5 1.05
8 7.5 1.15
8 7.5 1.25
8 7.5 1.35
8 7.5 1.45
8 7.5 1.55
8 7.5 1.65
8 7.5 1.75
8 7.5 1.85
8 7.5 1.95
8 7.5 2.05
8 7.5 2.1500001
8 7.5 2.25
8 7.5 2.3499999
8 7.5 2.45
7.9000001 7.5 -0.44999999
7.9000001 7.5 -0.34999999
7.9000001 7.5 -0.25
7.9000001 7.5 -0.15000001
7.9000001 7.5 -0.050000001
7.9000001 7.5 0.050000001
7.9000001 7.5 0.15000001
7.9000001 7.5 0.25
7.9000001 7.5 0.34999999
7.9000001 7.5 0.44999999
7.9000001 7.5 0.55000001
7.9000001 7.5 0.64999998
7.9000001 7.5 0.75
7.9000001 7.5 0.85000002
7.9000001 7.5 0.94999999
7.9000001 7.5 1.05
7.9000001 7.5 1.15
7.9000001 7.5 1.25
7.9000001 7.5 1.35
7.9000001 7.5 1.45
7.9000001 7.5 1.55
7.9000001 7.5 1.65
7.9000001 7.5 1.75
7.9000001 7.5 1.85
7.9000001 7.5 1.95
7.9000001 7.5 2.05
7.9000001 7.5 2.1500001
7.9000001 7.5 2.25
7.9000001 7.5 2.3499999
7.9000001 7.5 2.45
8.1000004 7.5999999 -0.44999999
8.1000004 7.5999999 -0.34999999
8.1000004 7.5999999 -0.25
8.1000004 7.5999999 -0.15000001
8.1000004 7.5999999 -0.050000001
8.1000004 7.5999999 0.050000001
8.1000004 7.5999999 0.15000001
8.1000004 7.5999999 0.25
8.1000004 7.5999999 0.34999999
8.1000004 7.5999999 0.44999999
8.1000004 7.5999999 0.55000001
8.1000004 7.5999999 0.64999998
8.1000004 7.5999999 0.75
8.1000004 7.5999999 0.85000002
8.1000004 7.5999999 0.94999999
8.1000004 7.5999999 1.05
8.1000004 7.5999999 1.15
8.1000004 7.5999999 1.25
8.1000004 7.5999999 1.35
8.1000004 7.5999999 1.45
8.1000004 7.5999999 1.55
8.1000004 7.5999999 1.65
8.1000004 7.5999999 1.75
8.1000004 7.5999999 1.85
8.1000004 7.5999999 1.95
8.1000004 7.5999999 2.05
8.1000004 7.5999999 2.1500001
8.1000004 7.5999999 2.25
8.1000004 7.5999999 2.3499999
8.1000004 7.5999999 2.45
8 7.5999999 -0.44999999
8 7.5999999 -0.34999999
8 7.5999999 -0.25
8 7.5999999 -0.15000001
8 7.5999999 -0.050000001
8 7.5999999 0.050000001
8 7.5999999 0.15000001
8 7.5999999 0.25
8 7.5999999 0.34999999
8 7.5999999 0.44999999
8 7.5999999 0.55000001
8 7.5999999 0.64999998
8 7.5999999 0.75
8 7.5999999 0.85000002
8 7.5999999 0.94999999
8 7.5999999 1.05
8 7.5999999 1.15
8 7.5999999 1.25
8 7.5999999 1.35
8 7.5999999 1.45
8 7.5999999 1.55
8 7.5999999 1.65
8 7.5999999 1.75
8 7.5999999 1.85
8 7.5999999 1.95
8 7.5999999 2.05
8 7.5999999 2.1500001
8 7.5999999 2.25
8 7.5999999 2.3499999
8 7.5999999 2.45
7.9000001 7.5999999 -0.44999999
7.9000001 7.5999999 -0.34999999
7.9000001 7.5999999 -0.25
7.9000001 7.5999999 -0.15000001
7.9000001 7.5999999 -0.050000001
7.9000001 7.5999999 0.050000001
7.9000001 7.5999999 0.15000001
7.9000001 7.5999999 0.25
7.9000001 7.5999999 0.34999999
7.9000001 7.5999999 0.44999999
7.9000001 7.5999999 0.55000001
7.9000001 7.5999999 0.64999998
7.9000001 7.5999999 0.75
7.9000001 7.5999999 0.85000002
7.9000001 7.5999999 0.94999999
7.9000001 7.5999999 1.05
7.9000001 7.5999999 1.15
7.9000001 7.5999999 1.25
7.9000001 7.5999999 1.35
7.9000001 7.5999999 1.45
7.9000001 7.5999999 1.55
7.9000001 7.5999999 1.65
7.9000001 7.5999999 1.75
7.9000001 7.5999999 1.85
7.9000001 7.5999999 1.95
7.9000001 7.5999999 2.05
7.9000001 7.5999999 2.1500001
7.9000001 7.5999999 2.25
7.9000001 7.5999999 2.3499999
7.9000001 7.5999999 2.45
8.1000004 7.6999998 -0.44999999
8.1000004 7.6999998 -0.34999999
8.1000004 7.6999998 -0.25
8.1000004 7.6999998 -0.15000001
8.1000004 7.6999998 -0.050000001
8.1000004 7.6999998 0.050000001
8.1000004 7.6999998 0.15000001
8.1000004 7.6999998 0.25
8.1000004 7.6999998 0.34999999
8.1000004 7.6999998 0.44999999
8.1000004 7.6999998 0.55000001
8.1000004 7.6999998 0.64999998
8.1000004 7.6999998 0.75
8.1000004 7.6999998 0.85000002
8.1000004 7.6999998 0.94999999
8.1000004 7.6999998 1.05
8.1000004 7.6999998 1.15
8.1000004 7.6999998 1.25
8.1000004 7.6999998 1.35
8.1000004 7.6999998 1.45
8.1000004 7.6999998 1.55
8.1000004 7.6999998 1.65
8.1000004 7.6999998 1.75
8.1000004 7.6999998 1.85
8.1000004 7.6999998 1.95
8.1000004 7.6999998 2.05
8.1000004 7.6999998 2.1500001
8.1000004 7.6999998 2.25
8.1000004 7.6999998 2.3499999
8.1000004 7.6999998 2.45
8 7.6999998 -0.44999999
8 7.6999998 -0.34999999
8 7.6999998 -0.25
8 7.6999998 -0.15000001
8 7.6999998 -0.050000001
8 7.6999998 0.050000001
8 7.6999998 0.15000001
8 7.6999998 0.25
8 7.6999998 0.34999999
8 7.6999998 0.44999999
8 7.6999998 0.55000001
8 7.6999998 0.64999998
8 7.6999998 0.75
8 7.6999998 0.85000002
8 7.6999998 0.94999999
8 7.6999998 1.05
8 7.6999998 1.15
8 7.6999998 1.25
8 7.6999998 1.35
8 7.6999998 1.45
8 7.6999998 1.55
8 7.6999998 1.65
8 7.6999998 1.75
8 7.6999998 1.85
8 7.6999998 1.95
8 7.6999998 2.05
8 7.6999998 2.1500001
8 7.6999998 2.25
8 7.6999998 2.3499999
8 7.6999998 2.45
7.9000001 7.6999998 -0.44999999
7.9000001 7.6999998 -0.34999999
7.9000001 7.6999998 -0.25
7.9000001 7.6999998 -0.15000001
7.9000001 7.6999998 -0.050000001
7.9000001 7.6999998 0.050000001
7.9000001 7.6999998 0.15000001
7.9000001 7.6999998 0.25
7.9000001 7.6999998 0.34999999
7.9000001 7.6999998 0.44999999
7.9000001 7.6999998 0.55000001
7.9000001 7.6999998 0.64999998
7.9000001 7.6999998 0.75
7.9000001 7.6999998 0.85000002
7.9000001 7.6999998 0.94999999
7.9000001 7.6999998 1.05
7.9000001 7.6999998 1.15
7.9000001 7.6999998 1.25
7.9000001 7.6999998 1.35
7.9000001 7.6999998 1.45
7.9000001 7.6999998 1.55
7.9000001 7.6999998 1.65
7.9000001 7.6999998 1.75
7.9000001 7.6999998 1.85
7.9000001 7.6999998 1.95
7.9000001 7.6999998 2.05
7.9000001 7.6999998 2.1500001
7.9000001 7.6999998 2.25
7.9000001 7.6999998 2.3499999
7.9000001 7.6999998 2.45
8.1000004 7.8000002 -0.44999999
8.1000004 7.8000002 -0.34999999
8.1000004 7.8000002 -0.25
8.1000004 7.8000002 -0.15000001
8.1000004 7.8000002 -0.050000001
8.1000004 7.8000002 0.050000001
8.1000004 7.8000002 0.15000001
8.1000004 7.8000002 0.25
8.1000004 7.8000002 0.34999999
8.1000004 7.8000002 0.44999999
8.1000004 7.8000002 0.55000001
8.1000004 7.8000002 0.64999998
8.1000004 7.8000002 0.75
8.1000004 7.8000002 0.85000002
8.1000004 7.8000002 0.94999999
8.1000004 7.8000002 1.05
8.1000004 7.8000002 1.15
8.1000004 7.8000002 1.25
8.1000004 7.8000002 1.35
8.1000004 7.8000002 1.45
8.1000004 7.8000002 1.55
8.1000004 7.8000002 1.65
8.1000004 7.8000002 1.75
8.1000004 7.8000002 1.85
8.1000004 7.8000002 1.95
8.1000004 7.8000002 2.05
8.1000004 7.8000002 2.1500001
8.1000004 7.8000002 2.25
8.1000004 7.8000002 2.3499999
8.1000004 7.8000002 2.45
8 7.8000002 -0.44999999
8 7.8000002 -0.34999999
8 7.8000002 -0.25
8 7.8000002 -0.15000001
8 7.8000002 -0.050000001
8 7.8000002 0.050000001
8 7.8000002 0.15000001
8 7.8000002 0.25
8 7.8000002 0.34999999
8 7.8000002 0.44999999
8 7.8000002 0.55000001
8 7.8000002 0.64999998
8 7.8000002 0.75
8 7.8000002 0.85000002
8 7.8000002 0.94999999
8 7.8000002 1.05
8 7.8000002 1.15
8 7.8000002 1.25
8 7.8000002 1.35
8 7.8000002 1.45
8 7.8000002 1.55
8 7.8000002 1.65
8 7.8000002 1.75
8 7.8000002 1.85
8 7.8000002 1.95
8 7.8000002 2.05
8 7.8000002 2.1500001
8 7.8000002 2.25
8 7.8000002 2.3499999
8 7.8000002 2.45
7.9000001 7.8000002 -0.44999999
7.9000001 7.8000002 -0.34999999
7.9000001 7.8000002 -0.25
7.9000001 7.8000002 -0.15000001
7.9000001 7.8000002 -0.050000001
7.9000001 7.8000002 0.050000001
7.9000001 7.8000002 0.15000001
7.9000001 7.8000002 0.25
7.9000001 7.8000002 0.34999999
7.9000001 7.8000002 0.44999999
7.9000001 7.8000002 0.55000001
7.9000001 7.8000002 0.64999998
7.9000001 7.8000002 0.75
7.9000001 7.8000002 0.85000002
7.9000001 7.8000002 0.94999999
7.9000001 7.8000002 1.05
7.9000001 7.8000002 1.15
7.9000001 7.8000002 1.25
7.9000001 7.8000002 1.35
7.9000001 7.8000002 1.45
7.9000001 7.8000002 1.55
7.9000001 7.8000002 1.65
7.9000001 7.8000002 1.75
7.9000001 7.8000002 1.85
7.9000001 7.8000002 1.95
7.9000001 7.8000002 2.05
7.9000001 7.8000002 2.1500001
7.9000001 7.8000002 2.25
7.9000001 7.8000002 2.3499999
7.9000001 7.8000002 2.45
8.1000004 7.9000001 -0.44999999
8.1000004 7.9000001 -0.34999999
8.1000004 7.9000001 -0.25
8.1000004 7.9000001 -0.15000001
8.1000004 7.9000001 -0.050000001
8.1000004 7.9000001 0.050000001
8.1000004 7.9000001 0.15000001
8.1000004 7.9000001 0.25
8.1000004 7.9000001 0.34999999
8.1000004 7.9000001 0.44999999
8.1000004 7.9000001 0.55000001
8.1000004 7.9000001 0.64999998
8.1000004 7.9000001 0.75
8.1000004 7.9000001 0.85000002
8.1000004 7.9000001 0.94999999
8.1000004 7.9000001 1.05
8.1000004 7.9000001 1.15
8.1000004 7.9000001 1.25
8.1000004 7.9000001 1.35
8.1000004 7.9000001 1.45
8.1000004 7.9000001 1.55
8.1000004 7.9000001 1.65
8.1000004 7.9000001 1.75
8.1000004 7.9000001 1.85
8.1000004 7.9000001 1.95
8.1000004 7.9000001 2.05
8.1000004 7.9000001 2.1500001
8.1000004 7.9000001 2.25
8.1000004 7.9000001 2.3499999
8.1000004 7.9000001 2.45
8 7.9000001 -0.44999999
8 7.9000001 -0.34999999
8 7.9000001 -0.25
8 7.9000001 -0.15000001
8 7.9000001 -0.050000001
8 7.9000001 0.050000001
8 7.9000001 0.15000001
8 7.9000001 0.25
8 7.9000001 0.34999999
8 7.9000001 0.44999999
8 7.9000001 0.55000001
8 7.9000001 0.64999998
8 7.9000001 0.75
8 7.9000001 0.85000002
8 7.9000001 0.94999999
8 7.9000001 1.05
8 7.9000001 1.15
8 7.9000001 1.25
8 7.9000001 1.35
8 7.9000001 1.45
8 7.9000001 1.55
8 7.9000001 1.65
8 7.9000001 1.75
8 7.9000001 1.85
8 7.9000001 1.95
8 7.9000001 2.05
8 7.9000001 2.1500001
8 7.9000001 2.25
8 7.9000001 2.3499999
8 7.9000001 2.45
7.9000001 7.9000001 -0.44999999
7.9000001 7.9000001 -0.34999999
7.9000001 7.9000001 -0.25
7.9000001 7.9000001 -0.15000001
7.9000001 7.9000001 -0.050000001
7.9000001 7.9000001 0.050000001
7.9000001 7.9000001 0.15000001
7.9000001 7.9000001 0.25
7.9000001 7.9000001 0.34999999
7.9000001 7.9000001 0.44999999
7.9000001 7.9000001 0.55000001
7.9000001 7.9000001 0.64999998
7.9000001 7.9000001 0.75
7.9000001 7.9000001 0.85000002
7.9000001 7.9000001 0.94999999
7.9000001 7.9000001 1.05
7.9000001 7.9000001 1.15
7.9000001 7.9000001 1.25
7.9000001 7.9000001 1.35
7.9000001 7.9000001 1.45
7.9000001 7.9000001 1.55
7.9000001 7.9000001 1.65
7.9000001 7.9000001 1.75
7.9000001 7.9000001 1.85
7.9000001 7.9000001 1.95
7.9000001 7.9000001 2.05
7.9000001 7.9000001 2.1500001
7.9000001 7.9000001 2.25
7.9000001 7.9000001 2.3499999
7.9000001 7.9000001 2.45
8.1000004 8 -0.44999999
8.1000004 8 -0.34999999
8.1000004 8 -0.25
8.1000004 8 -0.15000001
8.1000004 8 -0.050000001
8.1000004 8 0.050000001
8.1000004 8 0.15000001
8.1000004 8 0.25
8.1000004 8 0.34999999
8.1000004 8 0.44999999
8.1000004 8 0.55000001
8.1000004 8 0.64999998
8.1000004 8 0.75
8.1000004 8 0.85000002
8.1000004 8 0.94999999
8.1000004 8 1.05
8.1000004 8 1.15
8.1000004 8 1.25
8.1000004 8 1.35
8.1000004 8 1.45
8.1000004 8 1.55
8.1000004 8 1.65
8.1000004 8 1.75
8.1000004 8 1.85
8.1000004 8 1.95
8.1000004 8 2.05
8.1000004 8 2.1500001
8.1000004 8 2.25
8.1000004 8 2.3499999
8.1000004 8 2.45
8 8 -0.44999999
8 8 -0.34999999
8 8 -0.25
8 8 -0.15000001
8 8 -0.050000001
8 8 0.050000001
8 8 0.15000001
8 8 0.25
8 8 0.34999999
8 8 0.44999999
8 8 0.55000001
8 8 0.64999998
8 8 0.75
8 8 0.85000002
8 8 0.94999999
8 8 1.05
8 8 1.15
8 8 1.25
8 8 1.35
8 8 1.45
8 8 1.55
8 8 1.65
8 8 1.75
8 8 1.85
8 8 1.95
8 8 2.05
8 8 2.1500001
8 8 2.25
8 8 2.3499999
8 8 2.45
7.9000001 8 -0.44999999
7.9000001 8 -0.34999999
7.9000001 8 -0.25
7.9000001 8 -0.15000001
7.9000001 8 -0.050000001
7.9000001 8 0.050000001
7.9000001 8 0.15000001
7.9000001 8 0.25
7.9000001 8 0.34999999
7.9000001 8 0.44999999
7.9000001 8 0.55000001
7.9000001 8 0.64999998
7.9000001 8 0.75
7.9000001 8 0.85000002
7.9000001 8 0.94999999
7.9000001 8 1.05
7.9000001 8 1.15
7.9000001 8 1.25
7.9000001 8 1.35
7.9000001 8 1.45
7.9000001 8 1.55
7.9000001 8 1.65
7.9000001 8 1.75
7.9000001 8 1.85
7.9000001 8 1.95
7.9000001 8 2.05
7.9000001 8 2.1500001
7.9000001 8 2.25
7.9000001 8 2.3499999
7.9000001 8 2.45
8.1000004 8.1000004 -0.44999999
8.1000004 8.1000004 -0.34999999
8.1000004 8.1000004 -0.25
8.1000004 8.1000004 -0.15000001
8.1000004 8.1000004 -0.050000001
8.1000004 8.1000004 0.050000001
8.1000004 8.1000004 0.15000001
8.1000004 8.1000004 0.25
8.1000004 8.1000004 0.34999999
8.1000004 8.1000004 0.44999999
8.1000004 8.1000004 0.55000001
8.1000004 8.1000004 0.64999998
8.1000004 8.1000004 0.75
8.1000004 8.1000004 0.85000002
8.1000004 8.1000004 0.94999999
8.1000004 8.1000004 1.05
8.1000004 8.1000004 1.15
8.1000004 8.1000004 1.25
8.1000004 8.1000004 1.35
8.1000004 8.1000004 1.45
8.1000004 8.1000004 1.55
8.1000004 8.1000004 1.65
8.1000004 8.1000004 1.75
8.1000004 8.1000004 1.85
8.1000004 8.1000004 1.95
8.1000004 8.1000004 2.05
8.1000004 8.1000004 2.1500001
8.1000004 8.1000004 2.25
8.1000004 8.1000004 2.3499999
8.1000004 8.1000004 2.45
8 8.1000004 -0.44999999
8 8.1000004 -0.34999999
8 8.1000004 -0.25
8 8.1000004 -0.15000001
8 8.1000004 -0.050000001
8 8.1000004 0.050000001
8 8.1000004 0.15000001
8 8.1000004 0.25
8 8.1000004 0.34999999
8 8.1000004 0.44999999
8 8.1000004 0.55000001
8 8.1000004 0.64999998
8 8.1000004 0.75
8 8.1000004 0.85000002
8 8.1000004 0.94999999
8 8.1000004 1.05
8 8.1000004 1.15
8 8.1000004 1.25
8 8.1000004 1.35
8 8.1000004 1.45
8 8.1000004 1.55
8 8.1000004 1.65
8 8.1000004 1.75
8 8.1000004 1.85
8 8.1000004 1.95
8 8.1000004 2.05
8 8.1000004 2.1500001
8 8.1000004 2.25
8 8.1000004 2.3499999
8 8.1000004 2.45
7.9000001 8.1000004 -0.44999999
7.9000001 8.1000004 -0.34999999
7.9000001 8.1000004 -0.25
7.9000001 8.1000004 -0.15000001
7.9000001 8.1000004 -0.050000001
7.9000001 8.1000004 0.050000001
7.9000001 8.1000004 0.15000001
7.9000001 8.1000004 0.25
7.9000001 8.1000004 0.34999999
7.9000001 8.1000004 0.44999999
7.9000001 8.1000004 0.55000001
7.9000001 8.1000004 0.64999998
7.9000001 8.1000004 0.75
7.9000001 8.1000004 0.85000002
7.9000001 8.1000004 0.94999999
7.9000001 8.1000004 1.05
7.9000001 8.1000004 1.15
7.9000001 8.1000004 1.25
7.9000001 8.1000004 1.35
7.9000001 8.1000004 1.45
7.9000001 8.1000004 1.55
7.9000001 8.1000004 1.65
7.9000001 8.1000004 1.75
7.9000001 8.1000004 1.85
7.9000001 8.1000004 1.95
7.9000001 8.1000004 2.05
7.9000001 8.1000004 2.1500001
7.9000001 8.1000004 2.25
7.9000001 8.1000004 2.3499999
7.9000001 8.1000004 2.45
8.1000004 8.1999998 -0.44999999
8.1000004 8.1999998 -0.34999999
8.1000004 8.1999998 -0.25
8.1000004 8.1999998 -0.15000001
8.1000004 8.1999998 -0.050000001
8.1000004 8.1999998 0.050000001
8.1000004 8.1999998 0.15000001
8.1000004 8.1999998 0.25
8.1000004 8.1999998 0.34999999
8.1000004 8.1999998 0.44999999
8.1000004 8.1999998 0.55000001
8.1000004 8.1999998 0.64999998
8.1000004 8.1999998 0.75
8.1000004 8.1999998 0.85000002
8.1000004 8.1999998 0.94999999
8.1000004 8.1999998 1.05
8.1000004 8.1999998 1.15
8.1000004 8.1999998 1.25
8.1000004 8.1999998 1.35
8.1000004 8.1999998 1.45
8.1000004 8.1999998 1.55
8.1000004 8.1999998 1.65
8.1000004 8.1999998 1.75
8.1000004 8.1999998 1.85
8.1000004 8.1999998 1.95
8.1000004 8.1999998 2.05
8.1000004 8.1999998 2.1500001
8.1000004 8.1999998 2.25
8.1000004 8.1999998 2.3499999
8.1000004 8.1999998 2.45
8 8.1999998 -0.44999999
8 8.1999998 -0.34999999
8 8.1999998 -0.25
8 8.1999998 -0.15000001
8 8.1999998 -0.050000001
8 8.1999998 0.050000001
8 8.1999998 0.15000001
8 8.1999998 0.25
8 8.1999998 0.34999999
8 8.1999998 0.44999999
8 8.1999998 0.55000001
8 8.1999998 0.64999998
8 8.1999998 0.75
8 8.1999998 0.85000002
8 8.1999998 0.94999999
8 8.1999998 1.05
8 8.1999998 1.15
8 8.1999998 1.25
8 8.1999998 1.35
8 8.1999998 1.45
8 8.1999998 1.55
8 8.1999998 1.65
8 8.1999998 1.75
8 8.1999998 1.85
8 8.1999998 1.95
8 8.1999998 2.05
8 8.1999998 2.1500001
8 8.1999998 2.25
8 8.1999998 2.3499999
8 8.1999998 2.45
7.9000001 8.1999998 -0.44999999
7.9000001 8.1999998 -0.34999999
7.9000001 8.1999998 -0.25
7.9000001 8.1999998 -0.15000001
7.9000001 8.1999998 -0.050000001
7.9000001 8.1999998 0.050000001
7.9000001 8.1999998 0.15000001
7.9000001 8.1999998 0.25
7.9000001 8.1999998 0.34999999
7.9000001 8.1999998 0.44999999
7.9000001 8.1999998 0.55000001
7.9000001 8.1999998 0.64999998
7.9000001 8.1999998 0.75
7.9000001 8.1999998 0.85000002
7.9000001 8.1999998 0.94999999
7.9000001 8.1999998 1.05
7.9000001 8.1999998 1.15
7.9000001 8.1999998 1.25
7.9000001 8.1999998 1.35
7.9000001 8.1999998 1.45
7.9000001 8.1999998 1.55
7.9000001 8.1999998 1.65
7.9000001 8.1999998 1.75
7.9000001 8.1999998 1.85
7.9000001 8.1999998 1.95
7.9000001 8.1999998 2.05
7.9000001 8.1999998 2.1500001
7.9000001 8.1999998 2.25
7.9000001 8.1999998 2.3499999
7.9000001 8.1999998 2.45
8.1000004 8.3000002 -0.44999999
8.1000004 8.3000002 -0.34999999
8.1000004 8.3000002 -0.25
8.1000004 8.3000002 -0.15000001
8.1000004 8.3000002 -0.050000001
8.1000004 8.3000002 0.050000001
8.1000004 8.3000002 0.15000001
8.1000004 8.3000002 0.25
8.1000004 8.3000002 0.34999999
8.1000004 8.3000002 0.44999999
8.1000004 8.3000002 0.55000001
8.1000004 8.3000002 0.64999998
8.1000004 8.3000002 0.75
8.1000004 8.3000002 0.85000002
8.1000004 8.3000002 0.94999999
8.1000004 8.3000002 1.05
8.1000004 8.3000002 1.15
8.1000004 8.3000002 1.25
8.1000004 8.3000002 1.35
8.1000004 8.3000002 1.45
8.1000004 8.3000002 1.55
8.1000004 8.3000002 1.65
8.1000004 8.3000002 1.75
8.1000004 8.3000002 1.85
8.1000004 8.3000002 1.95
8.1000004 8.3000002 2.05
8.1000004 8.3000002 2.1500001
8.1000004 8.3000002 2.25
8.1000004 8.3000002 2.3499999
8.1000004 8.3000002 2.45
8 8.3000002 -0.44999999
8 8.3000002 -0.34999999
8 8.3000002 -0.25
8 8.3000002 -0.15000001
8 8.3000002 -0.050000001
8 8.3000002 0.050000001
8 8.3000002 0.15000001
8 8.3000002 0.25
8 8.3000002 0.34999999
8 8.3000002 0.44999999
8 8.3000002 0.55000001
8 8.3000002 0.64999998
8 8.3000002 0.75
8 8.3000002 0.85000002
8 8.3000002 0.94999999
8 8.3000002 1.05
8 8.3000002 1.15
8 8.3000002 1.25
8 8.3000002 1.35
8 8.3000002 1.45
8 8.3000002 1.55
8 8.3000002 1.65
8 8.3000002 1.75
8 8.3000002 1.85
8 8.3000002 1.95
8 8.3000002 2.05
8 8.3000002 2.1500001
8 8.3000002 2.25
8 8.3000002 2.3499999
8 8.3000002 2.45
7.9000001 8.3000002 -0.44999999
7.9000001 8.3000002 -0.34999999
7.9000001 8.3000002 -0.25
7.9000001 8.3000002 -0.15000001
7.9000001 8.3000002 -0.050000001
7.9000001 8.3000002 0.050000001
7.9000001 8.3000002 0.15000001
7.9000001 8.3000002 0.25
7.9000001 8.3000002 0.34999999
7.9000001 8.3000002 0.44999999
7.9000001 8.3000002 0.55000001
7.9000001 8.3000002 0.64999998
7.9000001 8.3000002 0.75
7.9000001 8.3000002 0.85000002
7.9000001 8.3000002 0.94999999
7.9000001 8.3000002 1.05
7.9000001 8.3000002 1.15
7.9000001 8.3000002 1.25
7.9000001 8.3000002 1.35
7.9000001 8.3000002 1.45
7.9000001 8.3000002 1.55
7.9000001 8.3000002 1.65
7.9000001 8.3000002 1.75
7.9000001 8.3000002 1.85
7.9000001 8.3000002 1.95
7.9000001 8.3000002 2.05
7.9000001 8.3000002 2.1500001
7.9000001 8.3000002 2.25
7.9000001 8.3000002 2.3499999
7.9000001 8.3000002 2.45
8.1000004 8.3999996 -0.44999999
8.1000004 8.3999996 -0.34999999
8.1000004 8.3999996 -0.25
8.1000004 8.3999996 -0.15000001
8.1000004 8.3999996 -0.050000001
8.1000004 8.3999996 0.050000001
8.1000004 8.3999996 0.15000001
8.1000004 8.3999996 0.25
8.1000004 8.3999996 0.34999999
8.1000004 8.3999996 0.44999999
8.1000004 8.3999996 0.55000001
8.1000004 8.3999996 0.64999998
8.1000004 8.3999996 0.75
8.1000004 8.3999996 0.85000002
8.1000004 8.3999996 0.94999999
8.1000004 8.3999996 1.05
8.1000004 8.3999996 1.15
8.1000004 8.3999996 1.25
8.1000004 8.3999996 1.35
8.1000004 8.3999996 1.45
8.1000004 8.3999996 1.55
8.1000004 8.3999996 1.65
8.1000004 8.3999996 1.75
8.1000004 8.3999996 1.85
8.1000004 8.3999996 1.95
8.1000004 8.3999996 2.05
8.1000004 8.3999996 2.1500001
8.1000004 8.3999996 2.25
8.1000004 8.3999996 2.3499999
8.1000004 8.3999996 2.45
8 8.3999996 -0.44999999
8 8.3999996 -0.34999999
8 8.3999996 -0.25
8 8.3999996 -0.15000001
8 8.3999996 -0.050000001
8 8.3999996 0.050000001
8 8.3999996 0.15000001
8 8.3999996 0.25
8 8.3999996 0.34999999
8 8.3999996 0.44999999
8 8.3999996 0.55000001
8 8.3999996 0.64999998
8 8.3999996 0.75
8 8.3999996 0.85000002
8 8.3999996 0.94999999
8 8.3999996 1.05
8 8.3999996 1.15
8 8.3999996 1.25
8 8.3999996 1.35
8 8.3999996 1.45
8 8.3999996 1.55
8 8.3999996 1.65
8 8.3999996 1.75
8 8.3999996 1.85
8 8.3999996 1.95
8 8.3999996 2.05
8 8.3999996 2.1500001
8 8.3999996 2.25
8 8.3999996 2.3499999
8 8.3999996 2.45
7.9000001 8.3999996 -0.44999999
7.9000001 8.3999996 -0.34999999
7.9000001 8.3999996 -0.25
7.9000001 8.3999996 -0.15000001
7.9000001 8.3999996 -0.050000001
7.9000001 8.3999996 0.050000001
7.9000001 8.3999996 0.15000001
7.9000001 8.3999996 0.25
7.9000001 8.3999996 0.34999999
7.9000001 8.3999996 0.44999999
7.9000001 8.3999996 0.55000001
7.9000001 8.3999996 0.64999998
7.9000001 8.3999996 0.75
7.9000001 8.3999996 0.85000002
7.9000001 8.3999996 0.94999999
7.9000001 8.3999996 1.05
7.9000001 8.3999996 1.15
7.9000001 8.3999996 1.25
7.9000001 8.3999996 1.35
7.9000001 8.3999996 1.45
7.9000001 8.3999996 1.55
7.9000001 8.3999996 1.65
7.9000001 8.3999996 1.75
7.9000001 8.3999996 1.85
7.9000001 8.3999996 1.95
7.9000001 8.3999996 2.05
7.9000001 8.3999996 2.1500001
7.9000001 8.3999996 2.25
7.9000001 8.3999996 2.3499999
7.9000001 8.3999996 2.45
8.1000004 8.5 -0.44999999
8.1000004 8.5 -0.34999999
8.1000004 8.5 -0.25
8.1000004 8.5 -0.15000001
8.1000004 8.5 -0.050000001
8.1000004 8.5 0.050000001
8.1000004 8.5 0.15000001
8.1000004 8.5 0.25
8.1000004 8.5 0.34999999
8.1000004 8.5 0.44999999
8.1000004 8.5 0.55000001
8.1000004 8.5 0.64999998
8.1000004 8.5 0.75
8.1000004 8.5 0.85000002
8.1000004 8.5 0.94999999
8.1000004 8.5 1.05
8.1000004 8.5 1.15
8.1000004 8.5 1.25
8.1000004 8.5 1.35
8.1000004 8.5 1.45
8.1000004 8.5 1.55
8.1000004 8.5 1.65
8.1000004 8.5 1.75
8.1000004 8.5 1.85
8.1000004 8.5 1.95
8.1000004 8.5 2.05
8.1000004 8.5 2.1500001
8.1000004 8.5 2.25
8.1000004 8.5 2.3499999
8.1000004 8.5 2.45
8 8.5 -0.44999999
8 8.5 -0.34999999
8 8.5 -0.25
8 8.5 -0.15000001
8 8.5 -0.050000001
8 8.5 0.050000001
8 8.5 0.15000001
8 8.5 0.25
8 8.5 0.34999999
8 8.5 0.44999999
8 8.5 0.55000001
8 8.5 0.64999998
8 8.5 0.75
8 8.5 0.85000002
8 8.5 0.94999999
8 8.5 1.05
8 8.5 1.15
8 8.5 1.25
8 8.5 1.35
8 8.5 1.45
8 8.5 1.55
8 8.5 1.65
8 8.5 1.75
8 8.5 1.85
8 8.5 1.95
8 8.5 2.05
8 8.5 2.1500001
8 8.5 2.25
8 8.5 2.3499999
8 8.5 2.45
7.9000001 8.5 -0.44999999
7.9000001 8.5 -0.34999999
7.9000001 8.5 -0.25
7.9000001 8.5 -0.15000001
7.9000001 8.5 -0.050000001
7.9000001 8.5 0.050000001
7.9000001 8.5 0.15000001
7.9000001 8.5 0.25
7.9000001 8.5 0.34999999
7.9000001 8.5 0.44999999
7.9000001 8.5 0.55000001
7.9000001 8.5 0.64999998
7.9000001 8.5 0.75
7.9000001 8.5 0.85000002
7.9000001 8.5 0.94999999
7.9000001 8.5 1.05
7.9000001 8.5 1.15
7.9000001 8.5 1.25
7.9000001 8.5 1.35
7.9000001 8.5 1.45
7.9000001 8.5 1.55
7.9000001 8.5 1.65
7.9000001 8.5 1.75
7.9000001 8.5 1.85
7.9000001 8.5 1.95
7.9000001 8.5 2.05
7.9000001 8.5 2.1500001
7.9000001 8.5 2.25
7.9000001 8.5 2.3499999
7.9000001 8.5 2.45
8.1000004 8.6000004 -0.44999999
8.1000004 8.6000004 -0.34999999
8.1000004 8.6000004 -0.25
8.1000004 8.6000004 -0.15000001
8.1000004 8.6000004 -0.050000001
8.1000004 8.6000004 0.050000001
8.1000004 8.6000004 0.15000001
8.1000004 8.6000004 0.25
8.1000004 8.6000004 0.34999999
8.1000004 8.6000004 0.44999999
8.1000004 8.6000004 0.55000001
8.1000004 8.6000004 0.64999998
8.1000004 8.6000004 0.75
8.1000004 8.6000004 0.85000002
8.1000004 8.6000004 0.94999999
8.1000004 8.6000004 1.05
8.1000004 8.6000004 1.15
8.1000004 8.6000004 1.25
8.1000004 8.6000004 1.35
8.1000004 8.6000004 1.45
8.1000004 8.6000004 1.55
8.1000004 8.6000004 1.65
8.1000004 8.6000004 1.75
8.1000004 8.6000004 1.85
8.1000004 8.6000004 1.95
8.1000004 8.6000004 2.05
8.1000004 8.6000004 2.1500001
8.1000004 8.6000004 2.25
8.1000004 8.6000004 2.3499999
8.1000004 8.6000004 2.45
8 8.6000004 -0.44999999
8 8.6000004 -0.34999999
8 8.6000004 -0.25
8 8.6000004 -0.15000001
8 8.6000004 -0.050000001
8 8.6000004 0.050000001
8 8.6000004 0.15000001
8 8.6000004 0.25
8 8.6000004 0.34999999
8 8.6000004 0.44999999
8 8.6000004 0.55000001
8 8.6000004 0.64999998
8 8.6000004 0.75
8 8.6000004 0.85000002
8 8.6000004 0.94999999
8 8.6000004 1.05
8 8.6000004 1.15
8 8.6000004 1.25
8 8.6000004 1.35
8 8.6000004 1.45
8 8.6000004 1.55
8 8.6000004 1.65
8 8.6000004 1.75
8 8.6000004 1.85
8 8.6000004 1.95
8 8.6000004 2.05
8 8.6000004 2.1500001
8 8.6000004 2.25
8 8.6000004 2.3499999
8 8.6000004 2.45
7.9000001 8.6000004 -0.44999999
7.9000001 8.6000004 -0.34999999
7.9000001 8.6000004 -0.25
7.9000001 8.6000004 -0.15000001
7.9000001 8.6000004 -0.050000001
7.9000001 8.6000004 0.050000001
7.9000001 8.6000004 0.15000001
7.9000001 8.6000004 0.25
7.9000001 8.6000004 0.34999999
7.9000001 8.6000004 0.44999999
7.9000001 8.6000004 0.55000001
7.9000001 8.6000004 0.64999998
7.9000001 8.6000004 0.75
7.9000001 8.6000004 0.85000002
7.9000001 8.6000004 0.94999999
7.9000001 8.6000004 1.05
7.9000001 8.6000004 1.15
7.9000001 8.6000004 1.25
7.9000001 8.6000004 1.35
7.9000001 8.6000004 1.45
7.9000001 8.6000004 1.55
7.9000001 8.6000004 1.65
7.9000001 8.6000004 1.75
7.9000001 8.6000004 1.85
7.9000001 8.6000004 1.95
7.9000001 8.6000004 2.05
7.9000001 8.6000004 2.1500001
7.9000001 8.6000004 2.25
7.9000001 8.6000004 2.3499999
7.9000001 8.6000004 2.45
8.1000004 8.6999998 -0.44999999
8.1000004 8.6999998 -0.34999999
8.1000004 8.6999998 -0.25
8.1000004 8.6999998 -0.15000001
8.1000004 8.6999998 -0.050000001
8.1000004 8.6999998 0.050000001
8.1000004 8.6999998 0.15000001
8.1000004 8.6999998 0.25
8.1000004 8.6999998 0.34999999
8.1000004 8.6999998 0.44999999
8.1000004 8.6999998 0.55000001
8.1000004 8.6999998 0.64999998
8.1000004 8.6999998 0.75
8.1000004 8.6999998 0.85000002
8.1000004 8.6999998 0.94999999
8.1000004 8.6999998 1.05
8.1000004 8.6999998 1.15
8.1000004 8.6999998 1.25
8.1000004 8.6999998 1.35
8.1000004 8.6999998 1.45
8.1000004 8.6999998 1.55
8.1000004 8.6999998 1.65
8.1000004 8.6999998 1.75
8.1000004 8.6999998 1.85
8.1000004 8.6999998 1.95
8.1000004 8.6999998 2.05
8.1000004 8.6999998 2.1500001
8.1000004 8.6999998 2.25
8.1000004 8.6999998 2.3499999
8.1000004 8.6999998 2.45
8 8.6999998 -0.44999999
8 8.6999998 -0.34999999
8 8.6999998 -0.25
8 8.6999998 -0.15000001
8 8.6999998 -0.050000001
8 8.6999998 0.050000001
8 8.6999998 0.15000001
8 8.6999998 0.25
8 8.6999998 0.34999999
8 8.6999998 0.44999999
8 8.6999998 0.55000001
8 8.6999998 0.64999998
8 8.6999998 0.75
8 8.6999998 0.85000002
8 8.6999998 0.94999999
8 8.6999998 1.05
8 8.6999998 1.15
8 8.6999998 1.25
8 8.6999998 1.35
8 8.6999998 1.45
8 8.6999998 1.55
8 8.6999998 1.65
8 8.6999998 1.75
8 8.6999998 1.85
8 8.6999998 1.95
8 8.6999998 2.05
8 8.6999998 2.1500001
8 8.6999998 2.25
8 8.6999998 2.3499999
8 8.6999998 2.45
7.9000001 8.6999998 -0.44999999
7.9000001 8.6999998 -0.34999999
7.9000001 8.6999998 -0.25
7.9000001 8.6999998 -0.15000001
7.9000001 8.6999998 -0.050000001
7.9000001 8.6999998 0.050000001
7.9000001 8.6999998 0.15000001
7.9000001 8.6999998 0.25
7.9000001 8.6999998 0.34999999
7.9000001 8.6999998 0.44999999
7.9000001 8.6999998 0.55000001
7.9000001 8.6999998 0.64999998
7.9000001 8.6999998 0.75
7.9000001 8.6999998 0.85000002
7.9000001 8.6999998 0.94999999
7.9000001 8.6999998 1.05
7.9000001 8.6999998 1.15
7.9000001 8.6999998 1.25
7.9000001 8.6999998 1.35
7.9000001 8.6999998 1.45
7.9000001 8.6999998 1.55
7.9000001 8.6999998 1.65
7.9000001 8.6999998 1.75
7.9000001 8.6999998 1.85
7.9000001 8.6999998 1.95
7.9000001 8.6999998 2.05
7.9000001 8.6999998 2.1500001
7.9000001 8.6999998 2.25
7.9000001 8.6999998 2.3499999
7.9000001 8.6999998 2.45
8.1000004 8.8000002 -0.44999999
8.1000004 8.8000002 -0.34999999
8.1000004 8.8000002 -0.25
8.1000004 8.8000002 -0.15000001
8.1000004 8.8000002 -0.050000001
8.1000004 8.8000002 0.050000001
8.1000004 8.8000002 0.15000001
8.1000004 8.8000002 0.25
8.1000004 8.8000002 0.34999999
8.1000004 8.8000002 0.44999999
8.1000004 8.8000002 0.55000001
8.1000004 8.8000002 0.64999998
8.1000004 8.8000002 0.75
8.1000004 8.8000002 0.85000002
8.1000004 8.8000002 0.94999999
8.1000004 8.8000002 1.05
8.1000004 8.8000002 1.15
8.1000004 8.8000002 1.25
8.1000004 8.8000002 1.35
8.1000004 8.8000002 1.45
8.1000004 8.8000002 1.55
8.1000004 8.8000002 1.65
8.1000004 8.8000002 1.75
8.1000004 8.8000002 1.85
8.1000004 8.8000002 1.95
8.1000004 8.8000002 2.05
8.1000004 8.8000002 2.1500001
8.1000004 8.8000002 2.25
8.1000004 8.8000002 2.3499999
8.1000004 8.8000002 2.45
8 8.8000002 -0.44999999
8 8.8000002 -0.34999999
8 8.8000002 -0.25
8 8.8000002 -0.15000001
8 8.8000002 -0.050000001
8 8.8000002 0.050000001
8 8.8000002 0.15000001
8 8.8000002 0.25
8 8.8000002 0.34999999
8 8.8000002 0.44999999
8 8.8000002 0.55000001
8 8.8000002 0.64999998
8 8.8000002 0.75
8 8.8000002 0.85000002
8 8.8000002 0.94999999
8 8.8000002 1.05
8 8.8000002 1.15
8 8.8000002 1.25
8 8.8000002 1.35
8 8.8000002 1.45
8 8.8000002 1.55
8 8.8000002 1.65
8 8.8000002 1.75
8 8.8000002 1.85
8 8.8000002 1.95
8 8.8000002 2.05
8 8.8000002 2.1500001
8 8.8000002 2.25
8 8.8000002 2.3499999
8 8.8000002 2.45
7.9000001 8.8000002 -0.44999999
7.9000001 8.8000002 -0.34999999
7.9000001 8.8000002 -0.25
7.9000001 8.8000002 -0.15000001
7.9000001 8.8000002 -0.050000001
7.9000001 8.8000002 0.050000001
7.9000001 8.8000002 0.15000001
7.9000001 8.8000002 0.25
7.9000001 8.8000002 0.34999999
7.9000001 8.8000002 0.44999999
7.9000001 8.8000002 0.55000001
7.9000001 8.8000002 0.64999998
7.9000001 8.8000002 0.75
7.9000001 8.8000002 0.85000002
7.9000001 8.8000002 0.94999999
7.9000001 8.8000002 1.05
7.9000001 8.8000002 1.15
7.9000001 8.8000002 1.25
7.9000001 8.8000002 1.35
7.9000001 8.8000002 1.45
7.9000001 8.8000002 1.55
7.9000001 8.8000002 1.65
7.9000001 8.8000002 1.75
7.9000001 8.8000002 1.85
7.9000001 8.8000002 1.95
7.9000001 8.8000002 2.05
7.9000001 8.8000002 2.1500001
7.9000001 8.8000002 2.25
7.9000001 8.8000002 2.3499999
7.9000001 8.8000002 2.45
8.1000004 8.8999996 -0.44999999
8.1000004 8.8999996 -0.34999999
8.1000004 8.8999996 -0.25
8.1000004 8.8999996 -0.15000001
8.1000004 8.8999996 -0.050000001
8.1000004 8.8999996 0.050000001
8.1000004 8.8999996 0.15000001
8.1000004 8.8999996 0.25
8.1000004 8.8999996 0.34999999
8.1000004 8.8999996 0.44999999
8.1000004 8.8999996 0.55000001
8.1000004 8.8999996 0.64999998
8.1000004 8.8999996 0.75
8.1000004 8.8999996 0.85000002
8.1000004 8.8999996 0.94999999
8.1000004 8.8999996 1.05
8.1000004 8.8999996 1.15
8.1000004 8.8999996 1.25
8.1000004 8.8999996 1.35
8.1000004 8.8999996 1.45
8.1000004 8.8999996 1.55
8.1000004 8.8999996 1.65
8.1000004 8.8999996 1.75
8.1000004 8.8999996 1.85
8.1000004 8.8999996 1.95
8.1000004 8.8999996 2.05
8.1000004 8.8999996 2.1500001
8.1000004 8.8999996 2.25
8.1000004 8.8999996 2.3499999
8.1000004 8.8999996 2.45
8 8.8999996 -0.44999999
8 8.8999996 -0.34999999
8 8.8999996 -0.25
8 8.8999996 -0.15000001
8 8.8999996 -0.050000001
8 8.8999996 0.050000001
8 8.8999996 0.15000001
8 8.8999996 0.25
8 8.8999996 0.34999999
8 8.8999996 0.44999999
8 8.8999996 0.55000001
8 8.8999996 0.64999998
8 8.8999996 0.75
8 8.8999996 0.85000002
8 8.8999996 0.94999999
8 8.8999996 1.05
8 8.8999996 1.15
8 8.8999996 1.25
8 8.8999996 1.35
8 8.8999996 1.45
8 8.8999996 1.55
8 8.8999996 1.65
8 8.8999996 1.75
8 8.8999996 1.85
8 8.8999996 1.95
8 8.8999996 2.05
8 8.8999996 2.1500001
8 8.8999996 2.25
8 8.8999996 2.3499999
8 8.8999996 2.45
7.9000001 8.8999996 -0.44999999
7.9000001 8.8999996 -0.34999999
7.9000001 8.8999996 -0.25
7.9000001 8.8999996 -0.15000001
7.9000001 8.8999996 -0.050000001
7.9000001 8.8999996 0.050000001
7.9000001 8.8999996 0.15000001
7.9000001 8.8999996 0.25
7.9000001 8.8999996 0.34999999
7.9000001 8.8999996 0.44999999
7.9000001 8.8999996 0.55000001
7.9000001 8.8999996 0.64999998
7.9000001 8.8999996 0.75
7.9000001 8.8999996 0.85000002
7.9000001 8.8999996 0.94999999
7.9000001 8.8999996 1.05
7.9000001 8.8999996 1.15
7.9000001 8.8999996 1.25
7.9000001 8.8999996 1.35
7.9000001 8.8999996 1.45
7.9000001 8.8999996 1.55
7.9000001 8.8999996 1.65
7.9000001 8.8999996 1.75
7.9000001 8.8999996 1.85
7.9000001 8.8999996 1.95
7.9000001 8.8999996 2.05
7.9000001 8.8999996 2.1500001
7.9000001 8.8999996 2.25
7.9000001 8.8999996 2.3499999
7.9000001 8.8999996 2.45
8.1000004 9 -0.44999999
8.1000004 9 -0.34999999
8.1000004 9 -0.25
8.1000004 9 -0.15000001
8.1000004 9 -0.050000001
8.1000004 9 0.050000001
8.1000004 9 0.15000001
8.1000004 9 0.25
8.1000004 9 0.34999999
8.1000004 9 0.44999999
8.1000004 9 0.55000001
8.1000004 9 0.64999998
8.1000004 9 0.75
8.1000004 9 0.85000002
8.1000004 9 0.94999999
8.1000004 9 1.05
8.1000004 9 1.15
8.1000004 9 1.25
8.1000004 9 1.35
8.1000004 9 1.45
8.1000004 9 1.55
8.1000004 9 1.65
8.1000004 9 1.75
8.1000004 9 1.85
8.1000004 9 1.95
8.1000004 9 2.05
8.1000004 9 2.1500001
8.1000004 9 2.25
8.1000004 9 2.3499999
8.1000004 9 2.45
8 9 -0.44999999
8 9 -0.34999999
8 9 -0.25
8 9 -0.15000001
8 9 -0.050000001
8 9 0.050000001
8 9 0.15000001
8 9 0.25
8 9 0.34999999
8 9 0.44999999
8 9 0.55000001
8 9 0.64999998
8 9 0.75
8 9 0.85000002
8 9 0.94999999
8 9 1.05
8 9 1.15
8 9 1.25
8 9 1.35
8 9 1.45
8 9 1.55
8 9 1.65
8 9 1.75
8 9 1.85
8 9 1.95
8 9 2.05
8 9 2.1500001
8 9 2.25
8 9 2.3499999
8 9 2.45
7.9000001 9 -0.44999999
7.9000001 9 -0.34999999
7.9000001 9 -0.25
7.9000001 9 -0.15000001
7.9000001 9 -0.050000001
7.9000001 9 0.050000001
7.9000001 9 0.15000001
7.9000001 9 0.25
7.9000001 9 0.34999999
7.9000001 9 0.44999999
7.9000001 9 0.55000001
7.9000001 9 0.64999998
7.9000001 9 0.75
7.9000001 9 0.85000002
7.9000001 9 0.94999999
7.9000001 9 1.05
7.9000001 9 1.15
7.9000001 9 1.25
7.9000001 9 1.35
7.9000001 9 1.45
7.9000001 9 1.55
7.9000001 9 1.65
7.9000001 9 1.75
7.9000001 9 1.85
7.9000001 9 1.95
7.9000001 9 2.05
7.9000001 9 2.1500001
7.9000001 9 2.25
7.9000001 9 2.3499999
7.9000001 9 2.45
8.1000004 9.1000004 -0.44999999
8.1000004 9.1000004 -0.34999999
8.1000004 9.1000004 -0.25
8.1000004 9.1000004 -0.15000001
8.1000004 9.1000004 -0.050000001
8.1000004 9.1000004 0.050000001
8.1000004 9.1000004 0.15000001
8.1000004 9.1000004 0.25
8.1000004 9.1000004 0.34999999
8.1000004 9.1000004 0.44999999
8.1000004 9.1000004 0.55000001
8.1000004 9.1000004 0.64999998
8.1000004 9.1000004 0.75
8.1000004 9.1000004 0.85000002
8.1000004 9.1000004 0.94999999
8.1000004 9.1000004 1.05
8.1000004 9.1000004 1.15
8.1000004 9.1000004 1.25
8.1000004 9.1000004 1.35
8.1000004 9.1000004 1.45
8.1000004 9.1000004 1.55
8.1000004 9.1000004 1.65
8.1000004 9.1000004 1.75
8.1000004 9.1000004 1.85
8.1000004 9.1000004 1.95
8.1000004 9.1000004 2.05
8.1000004 9.1000004 2.1500001
8.1000004 9.1000004 2.25
8.1000004 9.1000004 2.3499999
8.1000004 9.1000004 2.45
8 9.1000004 -0.44999999
8 9.1000004 -0.34999999
8 9.1000004 -0.25
8 9.1000004 -0.15000001
8 9.1000004 -0.050000001
8 9.1000004 0.050000001
8 9.1000004 0.15000001
8 9.1000004 0.25
8 9.1000004 0.34999999
8 9.1000004 0.44999999
8 9.1000004 0.55000001
8 9.1000004 0.64999998
8 9.1000004 0.75
8 9.1000004 0.85000002
8 9.1000004 0.94999999
8 9.1000004 1.05
8 9.1000004 1.15
8 9.1000004 1.25
8 9.1000004 1.35
8 9.1000004 1.45
8 9.1000004 1.55
8 9.1000004 1.65
8 9.1000004 1.75
8 9.1000004 1.85
8 9.1000004 1.95
8 9.1000004 2.05
8 9.1000004 2.1500001
8 9.1000004 2.25
8 9.1000004 2.3499999
8 9.1000004 2.45
7.9000001 9.1000004 -0.44999999
7.9000001 9.1000004 -0.34999999
7.9000001 9.1000004 -0.25
7.9000001 9.1000004 -0.15000001
7.9000001 9.1000004 -0.050000001
7.9000001 9.1000004 0.050000001
7.9000001 9.1000004 0.15000001
7.9000001 9.1000004 0.25
7.9000001 9.1000004 0.34999999
7.9000001 9.1000004 0.44999999
7.9000001 9.1000004 0.55000001
7.9000001 9.1000004 0.64999998
7.9000001 9.1000004 0.75
7.9000001 9.1000004 0.85000002
7.9000001 9.1000004 0.94999999
7.9000001 9.1000004 1.05
7.9000001 9.1000004 1.15
7.9000001 9.1000004 1.25
7.9000001 9.1000004 1.35
7.9000001 9.1000004 1.45
7.9000001 9.1000004 1.55
7.9000001 9.1000004 1.65
7.9000001 9.1000004 1.75
7.9000001 9.1000004 1.85
7.9000001 9.1000004 1.95
7.9000001 9.1000004 2.05
7.9000001 9.1000004 2.1500001
7.9000001 9.1000004 2.25
7.9000001 9.1000004 2.3499999
7.9000001 9.1000004 2.45
8.1000004 9.1999998 -0.44999999
8.1000004 9.1999998 -0.34999999
8.1000004 9.1999998 -0.25
8.1000004 9.1999998 -0.15000001
8.1000004 9.1999998 -0.050000001
8.1000004 9.1999998 0.050000001
8.1000004 9.1999998 0.15000001
8.1000004 9.1999998 0.25
8.1000004 9.1999998 0.34999999
8.1000004 9.1999998 0.44999999
8.1000004 9.1999998 0.55000001
8.1000004 9.1999998 0.64999998
8.1000004 9.1999998 0.75
8.1000004 9.1999998 0.85000002
8.1000004 9.1999998 0.94999999
8.1000004 9.1999998 1.05
8.1000004 9.1999998 1.15
8.1000004 9.1999998 1.25
8.1000004 9.1999998 1.35
8.1000004 9.1999998 1.45
8.1000004 9.1999998 1.55
8.1000004 9.1999998 1.65
8.1000004 9.1999998 1.75
8.1000004 9.1999998 1.85
8.1000004 9.1999998 1.95
8.1000004 9.1999998 2.05
8.1000004 9.1999998 2.1500001
8.1000004 9.1999998 2.25
8.1000004 9.1999998 2.3499999
8.1000004 9.1999998 2.45
8 9.1999998 -0.44999999
8 9.1999998 -0.34999999
8 9.1999998 -0.25
8 9.1999998 -0.15000001
8 9.1999998 -0.050000001
8 9.1999998 0.050000001
8 9.1999998 0.15000001
8 9.1999998 0.25
8 9.1999998 0.34999999
8 9.1999998 0.44999999
8 9.1999998 0.55000001
8 9.1999998 0.64999998
8 9.1999998 0.75
8 9.1999998 0.85000002
8 9.1999998 0.94999999
8 9.1999998 1.05
8 9.1999998 1.15
8 9.1999998 1.25
8 9.1999998 1.35
8 9.1999998 1.45
8 9.1999998 1.55
8 9.1999998 1.65
8 9.1999998 1.75
8 9.1999998 1.85
8 9.1999998 1.95
8 9.1999998 2.05
8 9.1999998 2.1500001
8 9.1999998 2.25
8 9.1999998 2.3499999
8 9.1999998 2.45
7.9000001 9.1999998 -0.44999999
7.9000001 9.1999998 -0.34999999
7.9000001 9.1999998 -0.25
7.9000001 9.1999998 -0.15000001
7.9000001 9.1999998 -0.050000001
7.9000001 9.1999998 0.050000001
7.9000001 9.1999998 0.15000001
7.9000001 9.1999998 0.25
7.9000001 9.1999998 0.34999999
7.9000001 9.1999998 0.44999999
7.9000001 9.1999998 0.55000001
7.9000001 9.1999998 0.64999998
7.9000001 9.1999998 0.75
7.9000001 9.1999998 0.85000002
7.9000001 9.1999998 0.94999999
7.9000001 9.1999998 1.05
7.9000001 9.1999998 1.15
7.9000001 9.1999998 1.25
7.9000001 9.1999998 1.35
7.9000001 9.1999998 1.45
7.9000001 9.1999998 1.55
7.9000001 9.1999998 1.65
7.9000001 9.1999998 1.75
7.9000001 9.1999998 1.85
7.9000001 9.1999998 1.95
7.9000001 9.1999998 2.05
7.9000001 9.1999998 2.1500001
7.9000001 9.1999998 2.25
7.9000001 9.1999998 2.3499999
7.9000001 9.1999998 2.45
8.1000004 9.3000002 -0.44999999
8.1000004 9.3000002 -0.34999999
8.1000004 9.3000002 -0.25
8.1000004 9.3000002 -0.15000001
8.1000004 9.3000002 -0.050000001
8.1000004 9.3000002 0.050000001
8.1000004 9.3000002 0.15000001
8.1000004 9.3000002 0.25
8.1000004 9.3000002 0.34999999
8.1000004 9.3000002 0.44999999
8.1000004 9.3000002 0.55000001
8.1000004 9.3000002 0.64999998
8.1000004 9.3000002 0.75
8.1000004 9.3000002 0.85000002
8.1000004 9.3000002 0.94999999
8.1000004 9.3000002 1.05
8.1000004 9.3000002 1.15
8.1000004 9.3000002 1.25
8.1000004 9.3000002 1.35
8.1000004 9.3000002 1.45
8.1000004 9.3000002 1.55
8.1000004 9.3000002 1.65
8.1000004 9.3000002 1.75
8.1000004 9.3000002 1.85
8.1000004 9.3000002 1.95
8.1000004 9.3000002 2.05
8.1000004 9.3000002 2.1500001
8.1000004 9.3000002 2.25
8.1000004 9.3000002 2.3499999
8.1000004 9.3000002 2.45
8 9.3000002 -0.44999999
8 9.3000002 -0.34999999
8 9.3000002 -0.25
8 9.3000002 -0.15000001
8 9.3000002 -0.050000001
8 9.3000002 0.050000001
8 9.3000002 0.15000001
8 9.3000002 0.25
8 9.3000002 0.34999999
8 9.3000002 0.44999999
8 9.3000002 0.55000001
8 9.3000002 0.64999998
8 9.3000002 0.75
8 9.3000002 0.85000002
8 9.3000002 0.94999999
8 9.3000002 1.05
8 9.3000002 1.15
8 9.3000002 1.25
8 9.3000002 1.35
8 9.3000002 1.45
8 9.3000002 1.55
8 9.3000002 1.65
8 9.3000002 1.75
8 9.3000002 1.85
8 9.3000002 1.95
8 9.3000002 2.05
8 9.3000002 2.1500001
8 9.3000002 2.25
8 9.3000002 2.3499999
8 9.3000002 2.45
7.9000001 9.3000002 -0.44999999
7.9000001 9.3000002 -0.34999999
7.9000001 9.3000002 -0.25
7.9000001 9.3000002 -0.15000001
7.9000001 9.3000002 -0.050000001
7.9000001 9.3000002 0.050000001
7.9000001 9.3000002 0.15000001
7.9000001 9.3000002 0.25
7.9000001 9.3000002 0.34999999
7.9000001 9.3000002 0.44999999
7.9000001 9.3000002 0.55000001
7.9000001 9.3000002 0.64999998
7.9000001 9.3000002 0.75
7.9000001 9.3000002 0.85000002
7.9000001 9.3000002 0.94999999
7.9000001 9.3000002 1.05
7.9000001 9.3000002 1.15
7.9000001 9.3000002 1.25
7.9000001 9.3000002 1.35
7.9000001 9.3000002 1.45
7.9000001 9.3000002 1.55
7.9000001 9.3000002 1.65
7.9000001 9.3000002 1.75
7.9000001 9.3000002 1.85
7.9000001 9.3000002 1.95
7.9000001 9.3000002 2.05
7.9000001 9.3000002 2.1500001
7.9000001 9.3000002 2.25
7.9000001 9.3000002 2.3499999
7.9000001 9.3000002 2.45
8.1000004 9.3999996 -0.44999999
8.1000004 9.3999996 -0.34999999
8.1000004 9.3999996 -0.25
8.1000004 9.3999996 -0.15000001
8.1000004 9.3999996 -0.050000001
8.1000004 9.3999996 0.050000001
8.1000004 9.3999996 0.15000001
8.1000004 9.3999996 0.25
8.1000004 9.3999996 0.34999999
8.1000004 9.3999996 0.44999999
8.1000004 9.3999996 0.55000001
8.1000004 9.3999996 0.64999998
8.1000004 9.3999996 0.75
8.1000004 9.3999996 0.85000002
8.1000004 9.3999996 0.94999999
8.1000004 9.3999996 1.05
8.1000004 9.3999996 1.15
8.1000004 9.3999996 1.25
8.1000004 9.3999996 1.35
8.1000004 9.3999996 1.45
8.1000004 9.3999996 1.55
8.1000004 9.3999996 1.65
8.1000004 9.3999996 1.75
8.1000004 9.3999996 1.85
8.1000004 9.3999996 1.95
8.1000004 9.3999996 2.05
8.1000004 9.3999996 2.1500001
8.1000004 9.3999996 2.25
8.1000004 9.3999996 2.3499999
8.1000004 9.3999996 2.45
8 9.3999996 -0.44999999
8 9.3999996 -0.34999999
8 9.3999996 -0.25
8 9.3999996 -0.15000001
8 9.3999996 -0.050000001
8 9.3999996 0.050000001
8 9.3999996 0.15000001
8 9.3999996 0.25
8 9.3999996 0.34999999
8 9.3999996 0.44999999
8 9.3999996 0.55000001
8 9.3999996 0.64999998
8 9.3999996 0.75
8 9.3999996 0.85000002
8 9.3999996 0.94999999
8 9.3999996 1.05
8 9.3999996 1.15
8 9.3999996 1.25
8 9.3999996 1.35
8 9.3999996 1.45
8 9.3999996 1.55
8 9.3999996 1.65
8 9.3999996 1.75
8 9.3999996 1.85
8 9.3999996 1.95
8 9.3999996 2.05
8 9.3999996 2.1500001
8 9.3999996 2.25
8 9.3999996 2.3499999
8 9.3999996 2.45
7.9000001 9.3999996 -0.44999999
7.9000001 9.3999996 -0.34999999
7.9000001 9.3999996 -0.25
7.9000001 9.3999996 -0.15000001
7.9000001 9.3999996 -0.050000001
7.9000001 9.3999996 0.050000001
7.9000001 9.3999996 0.15000001
7.9000001 9.3999996 0.25
7.9000001 9.3999996 0.34999999
7.9000001 9.3999996 0.44999999
7.9000001 9.3999996 0.55000001
7.9000001 9.3999996 0.64999998
7.9000001 9.3999996 0.75
7.9000001 9.3999996 0.85000002
7.9000001 9.3999996 0.94999999
7.9000001 9.3999996 1.05
7.9000001 9.3999996 1.15
7.9000001 9.3999996 1.25
7.9000001 9.3999996 1.35
7.9000001 9.3999996 1.45
7.9000001 9.3999996 1.55
7.9000001 9.3999996 1.65
7.9000001 9.3999996 1.75
7.9000001 9.3999996 1.85
7.9000001 9.3999996 1.95
7.9000001 9.3999996 2.05
7.9000001 9.3999996 2.1500001
7.9000001 9.3999996 2.25
7.9000001 9.3999996 2.3499999
7.9000001 9.3999996 2.45
8.1000004 9.5 -0.44999999
8.1000004 9.5 -0.34999999
8.1000004 9.5 -0.25
8.1000004 9.5 -0.15000001
8.1000004 9.5 -0.050000001
8.1000004 9.5 0.050000001
8.1000004 9.5 0.15000001
8.1000004 9.5 0.25
8.1000004 9.5 0.34999999
8.1000004 9.5 0.44999999
8.1000004 9.5 0.55000001
8.1000004 9.5 0.64999998
8.1000004 9.5 0.75
8.1000004 9.5 0.85000002
8.1000004 9.5 0.94999999
8.1000004 9.5 1.05
8.1000004 9.5 1.15
8.1000004 9.5 1.25
8.1000004 9.5 1.35
8.1000004 9.5 1.45
8.1000004 9.5 1.55
8.1000004 9.5 1.65
8.1000004 9.5 1.75
8.1000004 9.5 1.85
8.1000004 9.5 1.95
8.1000004 9.5 2.05
8.1000004 9.5 2.1500001
8.1000004 9.5 2.25
8.1000004 9.5 2.3499999
8.1000004 9.5 2.45
8 9.5 -0.44999999
8 9.5 -0.34999999
8 9.5 -0.25
8 9.5 -0.15000001
8 9.5 -0.050000001
8 9.5 0.050000001
8 9.5 0.15000001
8 9.5 0.25
8 9.5 0.34999999
8 9.5 0.44999999
8 9.5 0.55000001
8 9.5 0.64999998
8 9.5 0.75
8 9.5 0.85000002
8 9.5 0.94999999
8 9.5 1.05
8 9.5 1.15
8 9.5 1.25
8 9.5 1.35
8 9.5 1.45
8 9.5 1.55
8 9.5 1.65
8 9.5 1.75
8 9.5 1.85
8 9.5 1.95
8 9.5 2.05
8 9.5 2.1500001
8 9.5 2.25
8 9.5 2.3499999
8 9.5 2.45
7.9000001 9.5 -0.44999999
7.9000001 9.5 -0.34999999
7.9000001 9.5 -0.25
7.9000001 9.5 -0.15000001
7.9000001 9.5 -0.050000001
7.9000001 9.5 0.050000001
7.9000001 9.5 0.15000001
7.9000001 9.5 0.25
7.9000001 9.5 0.34999999
7.9000001 9.5 0.44999999
7.9000001 9.5 0.55000001
7.9000001 9.5 0.64999998
7.9000001 9.5 0.75
7.9000001 9.5 0.85000002
7.9000001 9.5 0.94999999
7.9000001 9.5 1.05
7.9000001 9.5 1.15
7.9000001 9.5 1.25
7.9000001 9.5 1.35
7.9000001 9.5 1.45
7.9000001 9.5 1.55
7.9000001 9.5 1.65
7.9000001 9.5 1.75
7.9000001 9.5 1.85
7.9000001 9.5 1.95
7.9000001 9.5 2.05
7.9000001 9.5 2.1500001
7.9000001 9.5 2.25
7.9000001 9.5 2.3499999
7.9000001 9.5 2.45
8.1000004 9.6000004 -0.44999999
8.1000004 9.6000004 -0.34999999
8.1000004 9.6000004 -0.25
8.1000004 9.6000004 -0.15000001
8.1000004 9.6000004 -0.050000001
8.1000004 9.6000004 0.050000001
8.1000004 9.6000004 0.15000001
8.1000004 9.6000004 0.25
8.1000004 9.6000004 0.34999999
8.1000004 9.6000004 0.44999999
8.1000004 9.6000004 0.55000001
8.1000004 9.6000004 0.64999998
8.1000004 9.6000004 0.75
8.1000004 9.6000004 0.85000002
8.1000004 9.6000004 0.94999999
8.1000004 9.6000004 1.05
8.1000004 9.6000004 1.15
8.1000004 9.6000004 1.25
8.1000004 9.6000004 1.35
8.1000004 9.6000004 1.45
8.1000004 9.6000004 1.55
8.1000004 9.6000004 1.65
8.1000004 9.6000004 1.75
8.1000004 9.6000004 1.85
8.1000004 9.6000004 1.95
8.1000004 9.6000004 2.05
8.1000004 9.6000004 2.1500001
8.1000004 9.6000004 2.25
8.1000004 9.6000004 2.3499999
8.1000004 9.6000004 2.45
8 9.6000004 -0.44999999
8 9.6000004 -0.34999999
8 9.6000004 -0.25
8 9.6000004 -0.15000001
8 9.6000004 -0.050000001
8 9.6000004 0.050000001
8 9.6000004 0.15000001
8 9.6000004 0.25
8 9.6000004 0.34999999
8 9.6000004 0.44999999
8 9.6000004 0.55000001
8 9.6000004 0.64999998
8 9.6000004 0.75
8 9.6000004 0.85000002
8 9.6000004 0.94999999
8 9.6000004 1.05
8 9.6000004 1.15
8 9.6000004 1.25
8 9.6000004 1.35
8 9.6000004 1.45
8 9.6000004 1.55
8 9.6000004 1.65
8 9.6000004 1.75
8 9.6000004 1.85
8 9.6000004 1.95
8 9.6000004 2.05
8 9.6000004 2.1500001
8 9.6000004 2.25
8 9.6000004 2.3499999
8 9.6000004 2.45
7.9000001 9.6000004 -0.44999999
7.9000001 9.6000004 -0.34999999
7.9000001 9.6000004 -0.25
7.9000001 9.6000004 -0.15000001
7.9000001 9.6000004 -0.050000001
7.9000001 9.6000004 0.050000001
7.9000001 9.6000004 0.15000001
7.9000001 9.6000004 0.25
7.9000001 9.6000004 0.34999999
7.9000001 9.6000004 0.44999999
7.9000001 9.6000004 0.55000001
7.9000001 9.6000004 0.64999998
7.9000001 9.6000004 0.75
7.9000001 9.6000004 0.85000002
7.9000001 9.6000004 0.94999999
7.9000001 9.6000004 1.05
7.9000001 9.6000004 1.15
7.9000001 9.6000004 1.25
7.9000001 9.6000004 1.35
7.9000001 9.6000004 1.45
7.9000001 9.6000004 1.55
7.9000001 9.6000004 1.65
7.9000001 9.6000004 1.75
7.9000001 9.6000004 1.85
7.9000001 9.6000004 1.95
7.9000001 9.6000004 2.05
7.9000001 9.6000004 2.1500001
7.9000001 9.6000004 2.25
7.9000001 9.6000004 2.3499999
7.9000001 9.6000004 2.45
8.1000004 9.6999998 -0.44999999
8.1000004 9.6999998 -0.34999999
8.1000004 9.6999998 -0.25
8.1000004 9.6999998 -0.15000001
8.1000004 9.6999998 -0.050000001
8.1000004 9.6999998 0.050000001
8.1000004 9.6999998 0.15000001
8.1000004 9.6999998 0.25
8.1000004 9.6999998 0.34999999
8.1000004 9.6999998 0.44999999
8.1000004 9.6999998 0.55000001
8.1000004 9.6999998 0.64999998
8.1000004 9.6999998 0.75
8.1000004 9.6999998 0.85000002
8.1000004 9.6999998 0.94999999
8.1000004 9.6999998 1.05
8.1000004 9.6999998 1.15
8.1000004 9.6999998 1.25
8.1000004 9.6999998 1.35
8.1000004 9.6999998 1.45
8.1000004 9.6999998 1.55
8.1000004 9.6999998 1.65
8.1000004 9.6999998 1.75
8.1000004 9.6999998 1.85
8.1000004 9.6999998 1.95
8.1000004 9.6999998 2.05
8.1000004 9.6999998 2.1500001
8.1000004 9.6999998 2.25
8.1000004 9.6999998 2.3499999
8.1000004 9.6999998 2.45
8 9.6999998 -0.44999999
8 9.6999998 -0.34999999
8 9.6999998 -0.25
8 9.6999998 -0.15000001
8 9.6999998 -0.050000001
8 9.6999998 0.050000001
8 9.6999998 0.15000001
8 9.6999998 0.25
8 9.6999998 0.34999999
8 9.6999998 0.44999999
8 9.6999998 0.55000001
8 9.6999998 0.64999998
8 9.6999998 0.75
8 9.6999998 0.85000002
8 9.6999998 0.94999999
8 9.6999998 1.05
8 9.6999998 1.15
8 9.6999998 1.25
8 9.6999998 1.35
8 9.6999998 1.45
8 9.6999998 1.55
8 9.6999998 1.65
8 9.6999998 1.75
8 9.6999998 1.85
8 9.6999998 1.95
8 9.6999998 2.05
8 9.6999998 2.1500001
8 9.6999998 2.25
8 9.6999998 2.3499999
8 9.6999998 2.45
7.9000001 9.6999998 -0.44999999
7.9000001 9.6999998 -0.34999999
7.9000001 9.6999998 -0.25
7.9000001 9.6999998 -0.15000001
7.9000001 9.6999998 -0.050000001
7.9000001 9.6999998 0.050000001
7.9000001 9.6999998 0.15000001
7.9000001 9.6999998 0.25
7.9000001 9.6999998 0.34999999
7.9000001 9.6999998 0.44999999
7.9000001 9.6999998 0.55000001
7.9000001 9.6999998 0.64999998
7.9000001 9.6999998 0.75
7.9000001 9.6999998 0.85000002
7.9000001 9.6999998 0.94999999
7.9000001 9.6999998 1.05
7.9000001 9.6999998 1.15
7.9000001 9.6999998 1.25
7.9000001 9.6999998 1.35
7.9000001 9.6999998 1.45
7.9000001 9.6999998 1.55
7.9000001 9.6999998 1.65
7.9000001 9.6999998 1.75
7.9000001 9.6999998 1.85
7.9000001 9.6999998 1.95
7.9000001 9.6999998 2.05
7.9000001 9.6999998 2.1500001
7.9000001 9.6999998 2.25
7.9000001 9.6999998 2.3499999
7.9000001 9.6999998 2.45
8.1000004 9.8000002 -0.44999999
8.1000004 9.8000002 -0.34999999
8.1000004 9.8000002 -0.25
8.1000004 9.8000002 -0.15000001
8.1000004 9.8000002 -0.050000001
8.1000004 9.8000002 0.050000001
8.1000004 9.8000002 0.15000001
8.1000004 9.8000002 0.25
8.1000004 9.8000002 0.34999999
8.1000004 9.8000002 0.44999999
8.1000004 9.8000002 0.55000001
8.1000004 9.8000002 0.64999998
8.1000004 9.8000002 0.75
8.1000004 9.8000002 0.85000002
8.1000004 9.8000002 0.94999999
8.1000004 9.8000002 1.05
8.1000004 9.8000002 1.15
8.1000004 9.8000002 1.25
8.1000004 9.8000002 1.35
8.1000004 9.8000002 1.45
8.1000004 9.8000002 1.55
8.1000004 9.8000002 1.65
8.1000004 9.8000002 1.75
8.1000004 9.8000002 1.85
8.1000004 9.8000002 1.95
8.1000004 9.8000002 2.05
8.1000004 9.8000002 2.1500001
8.1000004 9.8000002 2.25
8.1000004 9.8000002 2.3499999
8.1000004 9.8000002 2.45
8 9.8000002 -0.44999999
8 9.8000002 -0.34999999
8 9.8000002 -0.25
8 9.8000002 -0.15000001
8 9.8000002 -0.050000001
8 9.8000002 0.050000001
8 9.8000002 0.15000001
8 9.8000002 0.25
8 9.8000002 0.34999999
8 9.8000002 0.44999999
8 9.8000002 0.55000001
8 9.8000002 0.64999998
8 9.8000002 0.75
8 9.8000002 0.85000002
8 9.8000002 0.94999999
8 9.8000002 1.05
8 9.8000002 1.15
8 9.8000002 1.25
8 9.8000002 1.35
8 9.8000002 1.45
8 9.8000002 1.55
8 9.8000002 1.65
8 9.8000002 1.75
8 9.8000002 1.85
8 9.8000002 1.95
8 9.8000002 2.05
8 9.8000002 2.1500001
8 9.8000002 2.25
8 9.8000002 2.3499999
8 9.8000002 2.45
7.9000001 9.8000002 -0.44999999
7.9000001 9.8000002 -0.34999999
7.9000001 9.8000002 -0.25
7.9000001 9.8000002 -0.15000001
7.9000001 9.8000002 -0.050000001
7.9000001 9.8000002 0.050000001
7.9000001 9.8000002 0.15000001
7.9000001 9.8000002 0.25
7.9000001 9.8000002 0.34999999
7.9000001 9.8000002 0.44999999
7.9000001 9.8000002 0.55000001
7.9000001 9.8000002 0.64999998
7.9000001 9.8000002 0.75
7.9000001 9.8000002 0.85000002
7.9000001 9.8000002 0.94999999
7.9000001 9.8000002 1.05
7.9000001 9.8000002 1.15
7.9000001 9.8000002 1.25
7.9000001 9.8000002 1.35
7.9000001 9.8000002 1.45
7.9000001 9.8000002 1.55
7.9000001 9.8000002 1.65
7.9000001 9.8000002 1.75
7.9000001 9.8000002 1.85
7.9000001 9.8000002 1.95
7.9000001 9.8000002 2.05
7.9000001 9.8000002 2.1500001
7.9000001 9.8000002 2.25
7.9000001 9.8000002 2.3499999
7.9000001 9.8000002 2.45
8.1000004 9.8999996 -0.44999999
8.1000004 9.8999996 -0.34999999
8.1000004 9.8999996 -0.25
8.1000004 9.8999996 -0.15000001
8.1000004 9.8999996 -0.050000001
8.1000004 9.8999996 0.050000001
8.1000004 9.8999996 0.15000001
8.1000004 9.8999996 0.25
8.1000004 9.8999996 0.34999999
8.1000004 9.8999996 0.44999999
8.1000004 9.8999996 0.55000001
8.1000004 9.8999996 0.64999998
8.1000004 9.8999996 0.75
8.1000004 9.8999996 0.85000002
8.1000004 9.8999996 0.94999999
8.1000004 9.8999996 1.05
8.1000004 9.8999996 1.15
8.1000004 9.8999996 1.25
8.1000004 9.8999996 1.35
8.1000004 9.8999996 1.45
8.1000004 9.8999996 1.55
8.1000004 9.8999996 1.65
8.1000004 9.8999996 1.75
8.1000004 9.8999996 1.85
8.1000004 9.8999996 1.95
8.1000004 9.8999996 2.05
8.1000004 9.8999996 2.1500001
8.1000004 9.8999996 2.25
8.1000004 9.8999996 2.3499999
8.1000004 9.8999996 2.45
8 9.8999996 -0.44999999
8 9.8999996 -0.34999999
8 9.8999996 -0.25
8 9.8999996 -0.15000001
8 9.8999996 -0.050000001
8 9.8999996 0.050000001
8 9.8999996 0.15000001
8 9.8999996 0.25
8 9.8999996 0.34999999
8 9.8999996 0.44999999
8 9.8999996 0.55000001
8 9.8999996 0.64999998
8 9.8999996 0.75
8 9.8999996 0.85000002
8 9.8999996 0.94999999
8 9.8999996 1.05
8 9.8999996 1.15
8 9.8999996 1.25
8 9.8999996 1.35
8 9.8999996 1.45
8 9.8999996 1.55
8 9.8999996 1.65
8 9.8999996 1.75
8 9.8999996 1.85
8 9.8999996 1.95
8 9.8999996 2.05
8 9.8999996 2.1500001
8 9.8999996 2.25
8 9.8999996 2.3499999
8 9.8999996 2.45
7.9000001 9.8999996 -0.44999999
7.9000001 9.8999996 -0.34999999
7.9000001 9.8999996 -0.25
7.9000001 9.8999996 -0.15000001
7.9000001 9.8999996 -0.050000001
7.9000001 9.8999996 0.050000001
7.9000001 9.8999996 0.15000001
7.9000001 9.8999996 0.25
7.9000001 9.8999996 0.34999999
7.9000001 9.8999996 0.44999999
7.9000001 9.8999996 0.55000001
7.9000001 9.8999996 0.64999998
7.9000001 9.8999996 0.75
7.9000001 9.8999996 0.85000002
7.9000001 9.8999996 0.94999999
7.9000001 9.8999996 1.05
7.9000001 9.8999996 1.15
7.9000001 9.8999996 1.25
7.9000001 9.8999996 1.35
7.9000001 9.8999996 1.45
7.9000001 9.8999996 1.55
7.9000001 9.8999996 1.65
7.9000001 9.8999996 1.75
7.9000001 9.8999996 1.85
7.9000001 9.8999996 1.95
7.9000001 9.8999996 2.05
7.9000001 9.8999996 2.1500001
7.9000001 9.8999996 2.25
7.9000001 9.8999996 2.3499999
7.9000001 9.8999996 2.45
8.1000004 10 -0.44999999
8.1000004 10 -0.34999999
8.1000004 10 -0.25
8.1000004 10 -0.15000001
8.1000004 10 -0.050000001
8.1000004 10 0.050000001
8.1000004 10 0.15000001
8.1000004 10 0.25
8.1000004 10 0.34999999
8.1000004 10 0.44999999
8.1000004 10 0.55000001
8.1000004 10 0.64999998
8.1000004 10 0.75
8.1000004 10 0.85000002
8.1000004 10 0.94999999
8.1000004 10 1.05
8.1000004 10 1.15
8.1000004 10 1.25
8.1000004 10 1.35
8.1000004 10 1.45
8.1000004 10 1.55
8.1000004 10 1.65
8.1000004 10 1.75
8.1000004 10 1.85
8.1000004 10 1.95
8.1000004 10 2.05
8.1000004 10 2.1500001
8.1000004 10 2.25
8.1000004 10 2.3499999
8.1000004 10 2.45
8 10 -0.44999999
8 10 -0.34999999
8 10 -0.25
8 10 -0.15000001
8 10 -0.050000001
8 10 0.050000001
8 10 0.15000001
8 10 0.25
8 10 0.34999999
8 10 0.44999999
8 10 0.55000001
8 10 0.64999998
8 10 0.75
8 10 0.85000002
8 10 0.94999999
8 10 1.05
8 10 1.15
8 10 1.25
8 10 1.35
8 10 1.45
8 10 1.55
8 10 1.65
8 10 1.75
8 10 1.85
8 10 1.95
8 10 2.05
8 10 2.1500001
8 10 2.25
8 10 2.3499999
8 10 2.45
7.9000001 10 -0.44999999
7.9000001 10 -0.34999999
7.9000001 10 -0.25
7.9000001 10 -0.15000001
7.9000001 10 -0.050000001
7.9000001 10 0.050000001
7.9000001 10 0.15000001
7.9000001 10 0.25
7.9000001 10 0.34999999
7.9000001 10 0.44999999
7.9000001 10 0.55000001
7.9000001 10 0.64999998
7.9000001 10 0.75
7.9000001 10 0.85000002
7.9000001 10 0.94999999
7.9000001 10 1.05
7.9000001 10 1.15
7.9000001 10 1.25
7.9000001 10 1.35
7.9000001 10 1.45
7.9000001 10 1.55
7.9000001 10 1.65
7.9000001 10 1.75
7.9000001 10 1.85
7.9000001 10 1.95
7.9000001 10 2.05
7.9000001 10 2.1500001
7.9000001 10 2.25
7.9000001 10 2.3499999
7.9000001 10 2.45
