# .PCD v0.7 - Point Cloud Data file format
VERSION 0.7
FIELDS x y z
SIZE 4 4 4
TYPE F F F
COUNT 1 1 1
WIDTH 39570
HEIGHT 1
VIEWPOINT 0 0 0 1 0 0 0
POINTS 39570
DATA ascii
-3 -6.0999999 -0.44999999
-3 -6.0999999 -0.34999999
-3 -6.0999999 -0.25
-3 -6.0999999 -0.15000001
-3 -6.0999999 -0.050000001
-3 -6.0999999 0.050000001
-3 -6.0999999 0.15000001
-3 -6.0999999 0.25
-3 -6.0999999 0.34999999
-3 -6.0999999 0.44999999
-3 -6.0999999 0.55000001
-3 -6.0999999 0.64999998
-3 -6.0999999 0.75
-3 -6.0999999 0.85000002
-3 -6.0999999 0.94999999
-3 -6.0999999 1.05
-3 -6.0999999 1.15
-3 -6.0999999 1.25
-3 -6.0999999 1.35
-3 -6.0999999 1.45
-3 -6.0999999 1.55
-3 -6.0999999 1.65
-3 -6.0999999 1.75
-3 -6.0999999 1.85
-3 -6.0999999 1.95
-3 -6.0999999 2.05
-3 -6.0999999 2.1500001
-3 -6.0999999 2.25
-3 -6.0999999 2.3499999
-3 -6.0999999 2.45
-3 -6 -0.44999999
-3 -6 -0.34999999
-3 -6 -0.25
-3 -6 -0.15000001
-3 -6 -0.050000001
-3 -6 0.050000001
-3 -6 0.15000001
-3 -6 0.25
-3 -6 0.34999999
-3 -6 0.44999999
-3 -6 0.55000001
-3 -6 0.64999998
-3 -6 0.75
-3 -6 0.85000002
-3 -6 0.94999999
-3 -6 1.05
-3 -6 1.15
-3 -6 1.25
-3 -6 1.35
-3 -6 1.45
-3 -6 1.55
-3 -6 1.65
-3 -6 1.75
-3 -6 1.85
-3 -6 1.95
-3 -6 2.05
-3 -6 2.1500001
-3 -6 2.25
-3 -6 2.3499999
-3 -6 2.45
-3 -5.9000001 -0.44999999
-3 -5.9000001 -0.34999999
-3 -5.9000001 -0.25
-3 -5.9000001 -0.15000001
-3 -5.9000001 -0.050000001
-3 -5.9000001 0.050000001
-3 -5.9000001 0.15000001
-3 -5.9000001 0.25
-3 -5.9000001 0.34999999
-3 -5.9000001 0.44999999
-3 -5.9000001 0.55000001
-3 -5.9000001 0.64999998
-3 -5.9000001 0.75
-3 -5.9000001 0.85000002
-3 -5.9000001 0.94999999
-3 -5.9000001 1.05
-3 -5.9000001 1.15
-3 -5.9000001 1.25
-3 -5.9000001 1.35
-3 -5.9000001 1.45
-3 -5.9000001 1.55
-3 -5.9000001 1.65
-3 -5.9000001 1.75
-3 -5.9000001 1.85
-3 -5.9000001 1.95
-3 -5.9000001 2.05
-3 -5.9000001 2.1500001
-3 -5.9000001 2.25
-3 -5.9000001 2.3499999
-3 -5.9000001 2.45
-2.9000001 -6.0999999 -0.44999999
-2.9000001 -6.0999999 -0.34999999
-2.9000001 -6.0999999 -0.25
-2.9000001 -6.0999999 -0.15000001
-2.9000001 -6.0999999 -0.050000001
-2.9000001 -6.0999999 0.050000001
-2.9000001 -6.0999999 0.15000001
-2.9000001 -6.0999999 0.25
-2.9000001 -6.0999999 0.34999999
-2.9000001 -6.0999999 0.44999999
-2.9000001 -6.0999999 0.55000001
-2.9000001 -6.0999999 0.64999998
-2.9000001 -6.0999999 0.75
-2.9000001 -6.0999999 0.85000002
-2.9000001 -6.0999999 0.94999999
-2.9000001 -6.0999999 1.05
-2.9000001 -6.0999999 1.15
-2.9000001 -6.0999999 1.25
-2.9000001 -6.0999999 1.35
-2.9000001 -6.0999999 1.45
-2.9000001 -6.0999999 1.55
-2.9000001 -6.0999999 1.65
-2.9000001 -6.0999999 1.75
-2.9000001 -6.0999999 1.85
-2.9000001 -6.0999999 1.95
-2.9000001 -6.0999999 2.05
-2.9000001 -6.0999999 2.1500001
-2.9000001 -6.0999999 2.25
-2.9000001 -6.0999999 2.3499999
-2.9000001 -6.0999999 2.45
-2.9000001 -6 -0.44999999
-2.9000001 -6 -0.34999999
-2.9000001 -6 -0.25
-2.9000001 -6 -0.15000001
-2.9000001 -6 -0.050000001
-2.9000001 -6 0.050000001
-2.9000001 -6 0.15000001
-2.9000001 -6 0.25
-2.9000001 -6 0.34999999
-2.9000001 -6 0.44999999
-2.9000001 -6 0.55000001
-2.9000001 -6 0.64999998
-2.9000001 -6 0.75
-2.9000001 -6 0.85000002
-2.9000001 -6 0.94999999
-2.9000001 -6 1.05
-2.9000001 -6 1.15
-2.9000001 -6 1.25
-2.9000001 -6 1.35
-2.9000001 -6 1.45
-2.9000001 -6 1.55
-2.9000001 -6 1.65
-2.9000001 -6 1.75
-2.9000001 -6 1.85
-2.9000001 -6 1.95
-2.9000001 -6 2.05
-2.9000001 -6 2.1500001
-2.9000001 -6 2.25
-2.9000001 -6 2.3499999
-2.9000001 -6 2.45
-2.9000001 -5.9000001 -0.44999999
-2.9000001 -5.9000001 -0.34999999
-2.9000001 -5.9000001 -0.25
-2.9000001 -5.9000001 -0.15000001
-2.9000001 -5.9000001 -0.050000001
-2.9000001 -5.9000001 0.050000001
-2.9000001 -5.9000001 0.15000001
-2.9000001 -5.9000001 0.25
-2.9000001 -5.9000001 0.34999999
-2.9000001 -5.9000001 0.44999999
-2.9000001 -5.9000001 0.55000001
-2.9000001 -5.9000001 0.64999998
-2.9000001 -5.9000001 0.75
-2.9000001 -5.9000001 0.85000002
-2.9000001 -5.9000001 0.94999999
-2.9000001 -5.9000001 1.05
-2.9000001 -5.9000001 1.15
-2.9000001 -5.9000001 1.25
-2.9000001 -5.9000001 1.35
-2.9000001 -5.9000001 1.45
-2.9000001 -5.9000001 1.55
-2.9000001 -5.9000001 1.65
-2.9000001 -5.9000001 1.75
-2.9000001 -5.9000001 1.85
-2.9000001 -5.9000001 1.95
-2.9000001 -5.9000001 2.05
-2.9000001 -5.9000001 2.1500001
-2.9000001 -5.9000001 2.25
-2.9000001 -5.9000001 2.3499999
-2.9000001 -5.9000001 2.45
-2.8 -6.0999999 -0.44999999
-2.8 -6.0999999 -0.34999999
-2.8 -6.0999999 -0.25
-2.8 -6.0999999 -0.15000001
-2.8 -6.0999999 -0.050000001
-2.8 -6.0999999 0.050000001
-2.8 -6.0999999 0.15000001
-2.8 -6.0999999 0.25
-2.8 -6.0999999 0.34999999
-2.8 -6.0999999 0.44999999
-2.8 -6.0999999 0.55000001
-2.8 -6.0999999 0.64999998
-2.8 -6.0999999 0.75
-2.8 -6.0999999 0.85000002
-2.8 -6.0999999 0.94999999
-2.8 -6.0999999 1.05
-2.8 -6.0999999 1.15
-2.8 -6.0999999 1.25
-2.8 -6.0999999 1.35
-2.8 -6.0999999 1.45
-2.8 -6.0999999 1.55
-2.8 -6.0999999 1.65
-2.8 -6.0999999 1.75
-2.8 -6.0999999 1.85
-2.8 -6.0999999 1.95
-2.8 -6.0999999 2.05
-2.8 -6.0999999 2.1500001
-2.8 -6.0999999 2.25
-2.8 -6.0999999 2.3499999
-2.8 -6.0999999 2.45
-2.8 -6 -0.44999999
-2.8 -6 -0.34999999
-2.8 -6 -0.25
-2.8 -6 -0.15000001
-2.8 -6 -0.050000001
-2.8 -6 0.050000001
-2.8 -6 0.15000001
-2.8 -6 0.25
-2.8 -6 0.34999999
-2.8 -6 0.44999999
-2.8 -6 0.55000001
-2.8 -6 0.64999998
-2.8 -6 0.75
-2.8 -6 0.85000002
-2.8 -6 0.94999999
-2.8 -6 1.05
-2.8 -6 1.15
-2.8 -6 1.25
-2.8 -6 1.35
-2.8 -6 1.45
-2.8 -6 1.55
-2.8 -6 1.65
-2.8 -6 1.75
-2.8 -6 1.85
-2.8 -6 1.95
-2.8 -6 2.05
-2.8 -6 2.1500001
-2.8 -6 2.25
-2.8 -6 2.3499999
-2.8 -6 2.45
-2.8 -5.9000001 -0.44999999
-2.8 -5.9000001 -0.34999999
-2.8 -5.9000001 -0.25
-2.8 -5.9000001 -0.15000001
-2.8 -5.9000001 -0.050000001
-2.8 -5.9000001 0.050000001
-2.8 -5.9000001 0.15000001
-2.8 -5.9000001 0.25
-2.8 -5.9000001 0.34999999
-2.8 -5.9000001 0.44999999
-2.8 -5.9000001 0.55000001
-2.8 -5.9000001 0.64999998
-2.8 -5.9000001 0.75
-2.8 -5.9000001 0.85000002
-2.8 -5.9000001 0.94999999
-2.8 -5.9000001 1.05
-2.8 -5.9000001 1.15
-2.8 -5.9000001 1.25
-2.8 -5.9000001 1.35
-2.8 -5.9000001 1.45
-2.8 -5.9000001 1.55
-2.8 -5.9000001 1.65
-2.8 -5.9000001 1.75
-2.8 -5.9000001 1.85
-2.8 -5.9000001 1.95
-2.8 -5.9000001 2.05
-2.8 -5.9000001 2.1500001
-2.8 -5.9000001 2.25
-2.8 -5.9000001 2.3499999
-2.8 -5.9000001 2.45
-2.7 -6.0999999 -0.44999999
-2.7 -6.0999999 -0.34999999
-2.7 -6.0999999 -0.25
-2.7 -6.0999999 -0.15000001
-2.7 -6.0999999 -0.050000001
-2.7 -6.0999999 0.050000001
-2.7 -6.0999999 0.15000001
-2.7 -6.0999999 0.25
-2.7 -6.0999999 0.34999999
-2.7 -6.0999999 0.44999999
-2.7 -6.0999999 0.55000001
-2.7 -6.0999999 0.64999998
-2.7 -6.0999999 0.75
-2.7 -6.0999999 0.85000002
-2.7 -6.0999999 0.94999999
-2.7 -6.0999999 1.05
-2.7 -6.0999999 1.15
-2.7 -6.0999999 1.25
-2.7 -6.0999999 1.35
-2.7 -6.0999999 1.45
-2.7 -6.0999999 1.55
-2.7 -6.0999999 1.65
-2.7 -6.0999999 1.75
-2.7 -6.0999999 1.85
-2.7 -6.0999999 1.95
-2.7 -6.0999999 2.05
-2.7 -6.0999999 2.1500001
-2.7 -6.0999999 2.25
-2.7 -6.0999999 2.3499999
-2.7 -6.0999999 2.45
-2.7 -6 -0.44999999
-2.7 -6 -0.34999999
-2.7 -6 -0.25
-2.7 -6 -0.15000001
-2.7 -6 -0.050000001
-2.7 -6 0.050000001
-2.7 -6 0.15000001
-2.7 -6 0.25
-2.7 -6 0.34999999
-2.7 -6 0.44999999
-2.7 -6 0.55000001
-2.7 -6 0.64999998
-2.7 -6 0.75
-2.7 -6 0.85000002
-2.7 -6 0.94999999
-2.7 -6 1.05
-2.7 -6 1.15
-2.7 -6 1.25
-2.7 -6 1.35
-2.7 -6 1.45
-2.7 -6 1.55
-2.7 -6 1.65
-2.7 -6 1.75
-2.7 -6 1.85
-2.7 -6 1.95
-2.7 -6 2.05
-2.7 -6 2.1500001
-2.7 -6 2.25
-2.7 -6 2.3499999
-2.7 -6 2.45
-2.7 -5.9000001 -0.44999999
-2.7 -5.9000001 -0.34999999
-2.7 -5.9000001 -0.25
-2.7 -5.9000001 -0.15000001
-2.7 -5.9000001 -0.050000001
-2.7 -5.9000001 0.050000001
-2.7 -5.9000001 0.15000001
-2.7 -5.9000001 0.25
-2.7 -5.9000001 0.34999999
-2.7 -5.9000001 0.44999999
-2.7 -5.9000001 0.55000001
-2.7 -5.9000001 0.64999998
-2.7 -5.9000001 0.75
-2.7 -5.9000001 0.85000002
-2.7 -5.9000001 0.94999999
-2.7 -5.9000001 1.05
-2.7 -5.9000001 1.15
-2.7 -5.9000001 1.25
-2.7 -5.9000001 1.35
-2.7 -5.9000001 1.45
-2.7 -5.9000001 1.55
-2.7 -5.9000001 1.65
-2.7 -5.9000001 1.75
-2.7 -5.9000001 1.85
-2.7 -5.9000001 1.95
-2.7 -5.9000001 2.05
-2.7 -5.9000001 2.1500001
-2.7 -5.9000001 2.25
-2.7 -5.9000001 2.3499999
-2.7 -5.9000001 2.45
-2.5999999 -6.0999999 -0.44999999
-2.5999999 -6.0999999 -0.34999999
-2.5999999 -6.0999999 -0.25
-2.5999999 -6.0999999 -0.15000001
-2.5999999 -6.0999999 -0.050000001
-2.5999999 -6.0999999 0.050000001
-2.5999999 -6.0999999 0.15000001
-2.5999999 -6.0999999 0.25
-2.5999999 -6.0999999 0.34999999
-2.5999999 -6.0999999 0.44999999
-2.5999999 -6.0999999 0.55000001
-2.5999999 -6.0999999 0.64999998
-2.5999999 -6.0999999 0.75
-2.5999999 -6.0999999 0.85000002
-2.5999999 -6.0999999 0.94999999
-2.5999999 -6.0999999 1.05
-2.5999999 -6.0999999 1.15
-2.5999999 -6.0999999 1.25
-2.5999999 -6.0999999 1.35
-2.5999999 -6.0999999 1.45
-2.5999999 -6.0999999 1.55
-2.5999999 -6.0999999 1.65
-2.5999999 -6.0999999 1.75
-2.5999999 -6.0999999 1.85
-2.5999999 -6.0999999 1.95
-2.5999999 -6.0999999 2.05
-2.5999999 -6.0999999 2.1500001
-2.5999999 -6.0999999 2.25
-2.5999999 -6.0999999 2.3499999
-2.5999999 -6.0999999 2.45
-2.5999999 -6 -0.44999999
-2.5999999 -6 -0.34999999
-2.5999999 -6 -0.25
-2.5999999 -6 -0.15000001
-2.5999999 -6 -0.050000001
-2.5999999 -6 0.050000001
-2.5999999 -6 0.15000001
-2.5999999 -6 0.25
-2.5999999 -6 0.34999999
-2.5999999 -6 0.44999999
-2.5999999 -6 0.55000001
-2.5999999 -6 0.64999998
-2.5999999 -6 0.75
-2.5999999 -6 0.85000002
-2.5999999 -6 0.94999999
-2.5999999 -6 1.05
-2.5999999 -6 1.15
-2.5999999 -6 1.25
-2.5999999 -6 1.35
-2.5999999 -6 1.45
-2.5999999 -6 1.55
-2.5999999 -6 1.65
-2.5999999 -6 1.75
-2.5999999 -6 1.85
-2.5999999 -6 1.95
-2.5999999 -6 2.05
-2.5999999 -6 2.1500001
-2.5999999 -6 2.25
-2.5999999 -6 2.3499999
-2.5999999 -6 2.45
-2.5999999 -5.9000001 -0.44999999
-2.5999999 -5.9000001 -0.34999999
-2.5999999 -5.9000001 -0.25
-2.5999999 -5.9000001 -0.15000001
-2.5999999 -5.9000001 -0.050000001
-2.5999999 -5.9000001 0.050000001
-2.5999999 -5.9000001 0.15000001
-2.5999999 -5.9000001 0.25
-2.5999999 -5.9000001 0.34999999
-2.5999999 -5.9000001 0.44999999
-2.5999999 -5.9000001 0.55000001
-2.5999999 -5.9000001 0.64999998
-2.5999999 -5.9000001 0.75
-2.5999999 -5.9000001 0.85000002
-2.5999999 -5.9000001 0.94999999
-2.5999999 -5.9000001 1.05
-2.5999999 -5.9000001 1.15
-2.5999999 -5.9000001 1.25
-2.5999999 -5.9000001 1.35
-2.5999999 -5.9000001 1.45
-2.5999999 -5.9000001 1.55
-2.5999999 -5.9000001 1.65
-2.5999999 -5.9000001 1.75
-2.5999999 -5.9000001 1.85
-2.5999999 -5.9000001 1.95
-2.5999999 -5.9000001 2.05
-2.5999999 -5.9000001 2.1500001
-2.5999999 -5.9000001 2.25
-2.5999999 -5.9000001 2.3499999
-2.5999999 -5.9000001 2.45
-2.5 -6.0999999 -0.44999999
-2.5 -6.0999999 -0.34999999
-2.5 -6.0999999 -0.25
-2.5 -6.0999999 -0.15000001
-2.5 -6.0999999 -0.050000001
-2.5 -6.0999999 0.050000001
-2.5 -6.0999999 0.15000001
-2.5 -6.0999999 0.25
-2.5 -6.0999999 0.34999999
-2.5 -6.0999999 0.44999999
-2.5 -6.0999999 0.55000001
-2.5 -6.0999999 0.64999998
-2.5 -6.0999999 0.75
-2.5 -6.0999999 0.85000002
-2.5 -6.0999999 0.94999999
-2.5 -6.0999999 1.05
-2.5 -6.0999999 1.15
-2.5 -6.0999999 1.25
-2.5 -6.0999999 1.35
-2.5 -6.0999999 1.45
-2.5 -6.0999999 1.55
-2.5 -6.0999999 1.65
-2.5 -6.0999999 1.75
-2.5 -6.0999999 1.85
-2.5 -6.0999999 1.95
-2.5 -6.0999999 2.05
-2.5 -6.0999999 2.1500001
-2.5 -6.0999999 2.25
-2.5 -6.0999999 2.3499999
-2.5 -6.0999999 2.45
-2.5 -6 -0.44999999
-2.5 -6 -0.34999999
-2.5 -6 -0.25
-2.5 -6 -0.15000001
-2.5 -6 -0.050000001
-2.5 -6 0.050000001
-2.5 -6 0.15000001
-2.5 -6 0.25
-2.5 -6 0.34999999
-2.5 -6 0.44999999
-2.5 -6 0.55000001
-2.5 -6 0.64999998
-2.5 -6 0.75
-2.5 -6 0.85000002
-2.5 -6 0.94999999
-2.5 -6 1.05
-2.5 -6 1.15
-2.5 -6 1.25
-2.5 -6 1.35
-2.5 -6 1.45
-2.5 -6 1.55
-2.5 -6 1.65
-2.5 -6 1.75
-2.5 -6 1.85
-2.5 -6 1.95
-2.5 -6 2.05
-2.5 -6 2.1500001
-2.5 -6 2.25
-2.5 -6 2.3499999
-2.5 -6 2.45
-2.5 -5.9000001 -0.44999999
-2.5 -5.9000001 -0.34999999
-2.5 -5.9000001 -0.25
-2.5 -5.9000001 -0.15000001
-2.5 -5.9000001 -0.050000001
-2.5 -5.9000001 0.050000001
-2.5 -5.9000001 0.15000001
-2.5 -5.9000001 0.25
-2.5 -5.9000001 0.34999999
-2.5 -5.9000001 0.44999999
-2.5 -5.9000001 0.55000001
-2.5 -5.9000001 0.64999998
-2.5 -5.9000001 0.75
-2.5 -5.9000001 0.85000002
-2.5 -5.9000001 0.94999999
-2.5 -5.9000001 1.05
-2.5 -5.9000001 1.15
-2.5 -5.9000001 1.25
-2.5 -5.9000001 1.35
-2.5 -5.9000001 1.45
-2.5 -5.9000001 1.55
-2.5 -5.9000001 1.65
-2.5 -5.9000001 1.75
-2.5 -5.9000001 1.85
-2.5 -5.9000001 1.95
-2.5 -5.9000001 2.05
-2.5 -5.9000001 2.1500001
-2.5 -5.9000001 2.25
-2.5 -5.9000001 2.3499999
-2.5 -5.9000001 2.45
-2.4000001 -6.0999999 -0.44999999
-2.4000001 -6.0999999 -0.34999999
-2.4000001 -6.0999999 -0.25
-2.4000001 -6.0999999 -0.15000001
-2.4000001 -6.0999999 -0.050000001
-2.4000001 -6.0999999 0.050000001
-2.4000001 -6.0999999 0.15000001
-2.4000001 -6.0999999 0.25
-2.4000001 -6.0999999 0.34999999
-2.4000001 -6.0999999 0.44999999
-2.4000001 -6.0999999 0.55000001
-2.4000001 -6.0999999 0.64999998
-2.4000001 -6.0999999 0.75
-2.4000001 -6.0999999 0.85000002
-2.4000001 -6.0999999 0.94999999
-2.4000001 -6.0999999 1.05
-2.4000001 -6.0999999 1.15
-2.4000001 -6.0999999 1.25
-2.4000001 -6.0999999 1.35
-2.4000001 -6.0999999 1.45
-2.4000001 -6.0999999 1.55
-2.4000001 -6.0999999 1.65
-2.4000001 -6.0999999 1.75
-2.4000001 -6.0999999 1.85
-2.4000001 -6.0999999 1.95
-2.4000001 -6.0999999 2.05
-2.4000001 -6.0999999 2.1500001
-2.4000001 -6.0999999 2.25
-2.4000001 -6.0999999 2.3499999
-2.4000001 -6.0999999 2.45
-2.4000001 -6 -0.44999999
-2.4000001 -6 -0.34999999
-2.4000001 -6 -0.25
-2.4000001 -6 -0.15000001
-2.4000001 -6 -0.050000001
-2.4000001 -6 0.050000001
-2.4000001 -6 0.15000001
-2.4000001 -6 0.25
-2.4000001 -6 0.34999999
-2.4000001 -6 0.44999999
-2.4000001 -6 0.55000001
-2.4000001 -6 0.64999998
-2.4000001 -6 0.75
-2.4000001 -6 0.85000002
-2.4000001 -6 0.94999999
-2.4000001 -6 1.05
-2.4000001 -6 1.15
-2.4000001 -6 1.25
-2.4000001 -6 1.35
-2.4000001 -6 1.45
-2.4000001 -6 1.55
-2.4000001 -6 1.65
-2.4000001 -6 1.75
-2.4000001 -6 1.85
-2.4000001 -6 1.95
-2.4000001 -6 2.05
-2.4000001 -6 2.1500001
-2.4000001 -6 2.25
-2.4000001 -6 2.3499999
-2.4000001 -6 2.45
-2.4000001 -5.9000001 -0.44999999
-2.4000001 -5.9000001 -0.34999999
-2.4000001 -5.9000001 -0.25
-2.4000001 -5.9000001 -0.15000001
-2.4000001 -5.9000001 -0.050000001
-2.4000001 -5.9000001 0.050000001
-2.4000001 -5.9000001 0.15000001
-2.4000001 -5.9000001 0.25
-2.4000001 -5.9000001 0.34999999
-2.4000001 -5.9000001 0.44999999
-2.4000001 -5.9000001 0.55000001
-2.4000001 -5.9000001 0.64999998
-2.4000001 -5.9000001 0.75
-2.4000001 -5.9000001 0.85000002
-2.4000001 -5.9000001 0.94999999
-2.4000001 -5.9000001 1.05
-2.4000001 -5.9000001 1.15
-2.4000001 -5.9000001 1.25
-2.4000001 -5.9000001 1.35
-2.4000001 -5.9000001 1.45
-2.4000001 -5.9000001 1.55
-2.4000001 -5.9000001 1.65
-2.4000001 -5.9000001 1.75
-2.4000001 -5.9000001 1.85
-2.4000001 -5.9000001 1.95
-2.4000001 -5.9000001 2.05
-2.4000001 -5.9000001 2.1500001
-2.4000001 -5.9000001 2.25
-2.4000001 -5.9000001 2.3499999
-2.4000001 -5.9000001 2.45
-2.3 -6.0999999 -0.44999999
-2.3 -6.0999999 -0.34999999
-2.3 -6.0999999 -0.25
-2.3 -6.0999999 -0.15000001
-2.3 -6.0999999 -0.050000001
-2.3 -6.0999999 0.050000001
-2.3 -6.0999999 0.15000001
-2.3 -6.0999999 0.25
-2.3 -6.0999999 0.34999999
-2.3 -6.0999999 0.44999999
-2.3 -6.0999999 0.55000001
-2.3 -6.0999999 0.64999998
-2.3 -6.0999999 0.75
-2.3 -6.0999999 0.85000002
-2.3 -6.0999999 0.94999999
-2.3 -6.0999999 1.05
-2.3 -6.0999999 1.15
-2.3 -6.0999999 1.25
-2.3 -6.0999999 1.35
-2.3 -6.0999999 1.45
-2.3 -6.0999999 1.55
-2.3 -6.0999999 1.65
-2.3 -6.0999999 1.75
-2.3 -6.0999999 1.85
-2.3 -6.0999999 1.95
-2.3 -6.0999999 2.05
-2.3 -6.0999999 2.1500001
-2.3 -6.0999999 2.25
-2.3 -6.0999999 2.3499999
-2.3 -6.0999999 2.45
-2.3 -6 -0.44999999
-2.3 -6 -0.34999999
-2.3 -6 -0.25
-2.3 -6 -0.15000001
-2.3 -6 -0.050000001
-2.3 -6 0.050000001
-2.3 -6 0.15000001
-2.3 -6 0.25
-2.3 -6 0.34999999
-2.3 -6 0.44999999
-2.3 -6 0.55000001
-2.3 -6 0.64999998
-2.3 -6 0.75
-2.3 -6 0.85000002
-2.3 -6 0.94999999
-2.3 -6 1.05
-2.3 -6 1.15
-2.3 -6 1.25
-2.3 -6 1.35
-2.3 -6 1.45
-2.3 -6 1.55
-2.3 -6 1.65
-2.3 -6 1.75
-2.3 -6 1.85
-2.3 -6 1.95
-2.3 -6 2.05
-2.3 -6 2.1500001
-2.3 -6 2.25
-2.3 -6 2.3499999
-2.3 -6 2.45
-2.3 -5.9000001 -0.44999999
-2.3 -5.9000001 -0.34999999
-2.3 -5.9000001 -0.25
-2.3 -5.9000001 -0.15000001
-2.3 -5.9000001 -0.050000001
-2.3 -5.9000001 0.050000001
-2.3 -5.9000001 0.15000001
-2.3 -5.9000001 0.25
-2.3 -5.9000001 0.34999999
-2.3 -5.9000001 0.44999999
-2.3 -5.9000001 0.55000001
-2.3 -5.9000001 0.64999998
-2.3 -5.9000001 0.75
-2.3 -5.9000001 0.85000002
-2.3 -5.9000001 0.94999999
-2.3 -5.9000001 1.05
-2.3 -5.9000001 1.15
-2.3 -5.9000001 1.25
-2.3 -5.9000001 1.35
-2.3 -5.9000001 1.45
-2.3 -5.9000001 1.55
-2.3 -5.9000001 1.65
-2.3 -5.9000001 1.75
-2.3 -5.9000001 1.85
-2.3 -5.9000001 1.95
-2.3 -5.9000001 2.05
-2.3 -5.9000001 2.1500001
-2.3 -5.9000001 2.25
-2.3 -5.9000001 2.3499999
-2.3 -5.9000001 2.45
-2.2 -6.0999999 -0.44999999
-2.2 -6.0999999 -0.34999999
-2.2 -6.0999999 -0.25
-2.2 -6.0999999 -0.15000001
-2.2 -6.0999999 -0.050000001
-2.2 -6.0999999 0.050000001
-2.2 -6.0999999 0.15000001
-2.2 -6.0999999 0.25
-2.2 -6.0999999 0.34999999
-2.2 -6.0999999 0.44999999
-2.2 -6.0999999 0.55000001
-2.2 -6.0999999 0.64999998
-2.2 -6.0999999 0.75
-2.2 -6.0999999 0.85000002
-2.2 -6.0999999 0.94999999
-2.2 -6.0999999 1.05
-2.2 -6.0999999 1.15
-2.2 -6.0999999 1.25
-2.2 -6.0999999 1.35
-2.2 -6.0999999 1.45
-2.2 -6.0999999 1.55
-2.2 -6.0999999 1.65
-2.2 -6.0999999 1.75
-2.2 -6.0999999 1.85
-2.2 -6.0999999 1.95
-2.2 -6.0999999 2.05
-2.2 -6.0999999 2.1500001
-2.2 -6.0999999 2.25
-2.2 -6.0999999 2.3499999
-2.2 -6.0999999 2.45
-2.2 -6 -0.44999999
-2.2 -6 -0.34999999
-2.2 -6 -0.25
-2.2 -6 -0.15000001
-2.2 -6 -0.050000001
-2.2 -6 0.050000001
-2.2 -6 0.15000001
-2.2 -6 0.25
-2.2 -6 0.34999999
-2.2 -6 0.44999999
-2.2 -6 0.55000001
-2.2 -6 0.64999998
-2.2 -6 0.75
-2.2 -6 0.85000002
-2.2 -6 0.94999999
-2.2 -6 1.05
-2.2 -6 1.15
-2.2 -6 1.25
-2.2 -6 1.35
-2.2 -6 1.45
-2.2 -6 1.55
-2.2 -6 1.65
-2.2 -6 1.75
-2.2 -6 1.85
-2.2 -6 1.95
-2.2 -6 2.05
-2.2 -6 2.1500001
-2.2 -6 2.25
-2.2 -6 2.3499999
-2.2 -6 2.45
-2.2 -5.9000001 -0.44999999
-2.2 -5.9000001 -0.34999999
-2.2 -5.9000001 -0.25
-2.2 -5.9000001 -0.15000001
-2.2 -5.9000001 -0.050000001
-2.2 -5.9000001 0.050000001
-2.2 -5.9000001 0.15000001
-2.2 -5.9000001 0.25
-2.2 -5.9000001 0.34999999
-2.2 -5.9000001 0.44999999
-2.2 -5.9000001 0.55000001
-2.2 -5.9000001 0.64999998
-2.2 -5.9000001 0.75
-2.2 -5.9000001 0.85000002
-2.2 -5.9000001 0.94999999
-2.2 -5.9000001 1.05
-2.2 -5.9000001 1.15
-2.2 -5.9000001 1.25
-2.2 -5.9000001 1.35
-2.2 -5.9000001 1.45
-2.2 -5.9000001 1.55
-2.2 -5.9000001 1.65
-2.2 -5.9000001 1.75
-2.2 -5.9000001 1.85
-2.2 -5.9000001 1.95
-2.2 -5.9000001 2.05
-2.2 -5.9000001 2.1500001
-2.2 -5.9000001 2.25
-2.2 -5.9000001 2.3499999
-2.2 -5.9000001 2.45
-2.0999999 -6.0999999 -0.44999999
-2.0999999 -6.0999999 -0.34999999
-2.0999999 -6.0999999 -0.25
-2.0999999 -6.0999999 -0.15000001
-2.0999999 -6.0999999 -0.050000001
-2.0999999 -6.0999999 0.050000001
-2.0999999 -6.0999999 0.15000001
-2.0999999 -6.0999999 0.25
-2.0999999 -6.0999999 0.34999999
-2.0999999 -6.0999999 0.44999999
-2.0999999 -6.0999999 0.55000001
-2.0999999 -6.0999999 0.64999998
-2.0999999 -6.0999999 0.75
-2.0999999 -6.0999999 0.85000002
-2.0999999 -6.0999999 0.94999999
-2.0999999 -6.0999999 1.05
-2.0999999 -6.0999999 1.15
-2.0999999 -6.0999999 1.25
-2.0999999 -6.0999999 1.35
-2.0999999 -6.0999999 1.45
-2.0999999 -6.0999999 1.55
-2.0999999 -6.0999999 1.65
-2.0999999 -6.0999999 1.75
-2.0999999 -6.0999999 1.85
-2.0999999 -6.0999999 1.95
-2.0999999 -6.0999999 2.05
-2.0999999 -6.0999999 2.1500001
-2.0999999 -6.0999999 2.25
-2.0999999 -6.0999999 2.3499999
-2.0999999 -6.0999999 2.45
-2.0999999 -6 -0.44999999
-2.0999999 -6 -0.34999999
-2.0999999 -6 -0.25
-2.0999999 -6 -0.15000001
-2.0999999 -6 -0.050000001
-2.0999999 -6 0.050000001
-2.0999999 -6 0.15000001
-2.0999999 -6 0.25
-2.0999999 -6 0.34999999
-2.0999999 -6 0.44999999
-2.0999999 -6 0.55000001
-2.0999999 -6 0.64999998
-2.0999999 -6 0.75
-2.0999999 -6 0.85000002
-2.0999999 -6 0.94999999
-2.0999999 -6 1.05
-2.0999999 -6 1.15
-2.0999999 -6 1.25
-2.0999999 -6 1.35
-2.0999999 -6 1.45
-2.0999999 -6 1.55
-2.0999999 -6 1.65
-2.0999999 -6 1.75
-2.0999999 -6 1.85
-2.0999999 -6 1.95
-2.0999999 -6 2.05
-2.0999999 -6 2.1500001
-2.0999999 -6 2.25
-2.0999999 -6 2.3499999
-2.0999999 -6 2.45
-2.0999999 -5.9000001 -0.44999999
-2.0999999 -5.9000001 -0.34999999
-2.0999999 -5.9000001 -0.25
-2.0999999 -5.9000001 -0.15000001
-2.0999999 -5.9000001 -0.050000001
-2.0999999 -5.9000001 0.050000001
-2.0999999 -5.9000001 0.15000001
-2.0999999 -5.9000001 0.25
-2.0999999 -5.9000001 0.34999999
-2.0999999 -5.9000001 0.44999999
-2.0999999 -5.9000001 0.55000001
-2.0999999 -5.9000001 0.64999998
-2.0999999 -5.9000001 0.75
-2.0999999 -5.9000001 0.85000002
-2.0999999 -5.9000001 0.94999999
-2.0999999 -5.9000001 1.05
-2.0999999 -5.9000001 1.15
-2.0999999 -5.9000001 1.25
-2.0999999 -5.9000001 1.35
-2.0999999 -5.9000001 1.45
-2.0999999 -5.9000001 1.55
-2.0999999 -5.9000001 1.65
-2.0999999 -5.9000001 1.75
-2.0999999 -5.9000001 1.85
-2.0999999 -5.9000001 1.95
-2.0999999 -5.9000001 2.05
-2.0999999 -5.9000001 2.1500001
-2.0999999 -5.9000001 2.25
-2.0999999 -5.9000001 2.3499999
-2.0999999 -5.9000001 2.45
-2 -6.0999999 -0.44999999
-2 -6.0999999 -0.34999999
-2 -6.0999999 -0.25
-2 -6.0999999 -0.15000001
-2 -6.0999999 -0.050000001
-2 -6.0999999 0.050000001
-2 -6.0999999 0.15000001
-2 -6.0999999 0.25
-2 -6.0999999 0.34999999
-2 -6.0999999 0.44999999
-2 -6.0999999 0.55000001
-2 -6.0999999 0.64999998
-2 -6.0999999 0.75
-2 -6.0999999 0.85000002
-2 -6.0999999 0.94999999
-2 -6.0999999 1.05
-2 -6.0999999 1.15
-2 -6.0999999 1.25
-2 -6.0999999 1.35
-2 -6.0999999 1.45
-2 -6.0999999 1.55
-2 -6.0999999 1.65
-2 -6.0999999 1.75
-2 -6.0999999 1.85
-2 -6.0999999 1.95
-2 -6.0999999 2.05
-2 -6.0999999 2.1500001
-2 -6.0999999 2.25
-2 -6.0999999 2.3499999
-2 -6.0999999 2.45
-2 -6 -0.44999999
-2 -6 -0.34999999
-2 -6 -0.25
-2 -6 -0.15000001
-2 -6 -0.050000001
-2 -6 0.050000001
-2 -6 0.15000001
-2 -6 0.25
-2 -6 0.34999999
-2 -6 0.44999999
-2 -6 0.55000001
-2 -6 0.64999998
-2 -6 0.75
-2 -6 0.85000002
-2 -6 0.94999999
-2 -6 1.05
-2 -6 1.15
-2 -6 1.25
-2 -6 1.35
-2 -6 1.45
-2 -6 1.55
-2 -6 1.65
-2 -6 1.75
-2 -6 1.85
-2 -6 1.95
-2 -6 2.05
-2 -6 2.1500001
-2 -6 2.25
-2 -6 2.3499999
-2 -6 2.45
-2 -5.9000001 -0.44999999
-2 -5.9000001 -0.34999999
-2 -5.9000001 -0.25
-2 -5.9000001 -0.15000001
-2 -5.9000001 -0.050000001
-2 -5.9000001 0.050000001
-2 -5.9000001 0.15000001
-2 -5.9000001 0.25
-2 -5.9000001 0.34999999
-2 -5.9000001 0.44999999
-2 -5.9000001 0.55000001
-2 -5.9000001 0.64999998
-2 -5.9000001 0.75
-2 -5.9000001 0.85000002
-2 -5.9000001 0.94999999
-2 -5.9000001 1.05
-2 -5.9000001 1.15
-2 -5.9000001 1.25
-2 -5.9000001 1.35
-2 -5.9000001 1.45
-2 -5.9000001 1.55
-2 -5.9000001 1.65
-2 -5.9000001 1.75
-2 -5.9000001 1.85
-2 -5.9000001 1.95
-2 -5.9000001 2.05
-2 -5.9000001 2.1500001
-2 -5.9000001 2.25
-2 -5.9000001 2.3499999
-2 -5.9000001 2.45
-1.9 -6.0999999 -0.44999999
-1.9 -6.0999999 -0.34999999
-1.9 -6.0999999 -0.25
-1.9 -6.0999999 -0.15000001
-1.9 -6.0999999 -0.050000001
-1.9 -6.0999999 0.050000001
-1.9 -6.0999999 0.15000001
-1.9 -6.0999999 0.25
-1.9 -6.0999999 0.34999999
-1.9 -6.0999999 0.44999999
-1.9 -6.0999999 0.55000001
-1.9 -6.0999999 0.64999998
-1.9 -6.0999999 0.75
-1.9 -6.0999999 0.85000002
-1.9 -6.0999999 0.94999999
-1.9 -6.0999999 1.05
-1.9 -6.0999999 1.15
-1.9 -6.0999999 1.25
-1.9 -6.0999999 1.35
-1.9 -6.0999999 1.45
-1.9 -6.0999999 1.55
-1.9 -6.0999999 1.65
-1.9 -6.0999999 1.75
-1.9 -6.0999999 1.85
-1.9 -6.0999999 1.95
-1.9 -6.0999999 2.05
-1.9 -6.0999999 2.1500001
-1.9 -6.0999999 2.25
-1.9 -6.0999999 2.3499999
-1.9 -6.0999999 2.45
-1.9 -6 -0.44999999
-1.9 -6 -0.34999999
-1.9 -6 -0.25
-1.9 -6 -0.15000001
-1.9 -6 -0.050000001
-1.9 -6 0.050000001
-1.9 -6 0.15000001
-1.9 -6 0.25
-1.9 -6 0.34999999
-1.9 -6 0.44999999
-1.9 -6 0.55000001
-1.9 -6 0.64999998
-1.9 -6 0.75
-1.9 -6 0.85000002
-1.9 -6 0.94999999
-1.9 -6 1.05
-1.9 -6 1.15
-1.9 -6 1.25
-1.9 -6 1.35
-1.9 -6 1.45
-1.9 -6 1.55
-1.9 -6 1.65
-1.9 -6 1.75
-1.9 -6 1.85
-1.9 -6 1.95
-1.9 -6 2.05
-1.9 -6 2.1500001
-1.9 -6 2.25
-1.9 -6 2.3499999
-1.9 -6 2.45
-1.9 -5.9000001 -0.44999999
-1.9 -5.9000001 -0.34999999
-1.9 -5.9000001 -0.25
-1.9 -5.9000001 -0.15000001
-1.9 -5.9000001 -0.050000001
-1.9 -5.9000001 0.050000001
-1.9 -5.9000001 0.15000001
-1.9 -5.9000001 0.25
-1.9 -5.9000001 0.34999999
-1.9 -5.9000001 0.44999999
-1.9 -5.9000001 0.55000001
-1.9 -5.9000001 0.64999998
-1.9 -5.9000001 0.75
-1.9 -5.9000001 0.85000002
-1.9 -5.9000001 0.94999999
-1.9 -5.9000001 1.05
-1.9 -5.9000001 1.15
-1.9 -5.9000001 1.25
-1.9 -5.9000001 1.35
-1.9 -5.9000001 1.45
-1.9 -5.9000001 1.55
-1.9 -5.9000001 1.65
-1.9 -5.9000001 1.75
-1.9 -5.9000001 1.85
-1.9 -5.9000001 1.95
-1.9 -5.9000001 2.05
-1.9 -5.9000001 2.1500001
-1.9 -5.9000001 2.25
-1.9 -5.9000001 2.3499999
-1.9 -5.9000001 2.45
-1.8 -6.0999999 -0.44999999
-1.8 -6.0999999 -0.34999999
-1.8 -6.0999999 -0.25
-1.8 -6.0999999 -0.15000001
-1.8 -6.0999999 -0.050000001
-1.8 -6.0999999 0.050000001
-1.8 -6.0999999 0.15000001
-1.8 -6.0999999 0.25
-1.8 -6.0999999 0.34999999
-1.8 -6.0999999 0.44999999
-1.8 -6.0999999 0.55000001
-1.8 -6.0999999 0.64999998
-1.8 -6.0999999 0.75
-1.8 -6.0999999 0.85000002
-1.8 -6.0999999 0.94999999
-1.8 -6.0999999 1.05
-1.8 -6.0999999 1.15
-1.8 -6.0999999 1.25
-1.8 -6.0999999 1.35
-1.8 -6.0999999 1.45
-1.8 -6.0999999 1.55
-1.8 -6.0999999 1.65
-1.8 -6.0999999 1.75
-1.8 -6.0999999 1.85
-1.8 -6.0999999 1.95
-1.8 -6.0999999 2.05
-1.8 -6.0999999 2.1500001
-1.8 -6.0999999 2.25
-1.8 -6.0999999 2.3499999
-1.8 -6.0999999 2.45
-1.8 -6 -0.44999999
-1.8 -6 -0.34999999
-1.8 -6 -0.25
-1.8 -6 -0.15000001
-1.8 -6 -0.050000001
-1.8 -6 0.050000001
-1.8 -6 0.15000001
-1.8 -6 0.25
-1.8 -6 0.34999999
-1.8 -6 0.44999999
-1.8 -6 0.55000001
-1.8 -6 0.64999998
-1.8 -6 0.75
-1.8 -6 0.85000002
-1.8 -6 0.94999999
-1.8 -6 1.05
-1.8 -6 1.15
-1.8 -6 1.25
-1.8 -6 1.35
-1.8 -6 1.45
-1.8 -6 1.55
-1.8 -6 1.65
-1.8 -6 1.75
-1.8 -6 1.85
-1.8 -6 1.95
-1.8 -6 2.05
-1.8 -6 2.1500001
-1.8 -6 2.25
-1.8 -6 2.3499999
-1.8 -6 2.45
-1.8 -5.9000001 -0.44999999
-1.8 -5.9000001 -0.34999999
-1.8 -5.9000001 -0.25
-1.8 -5.9000001 -0.15000001
-1.8 -5.9000001 -0.050000001
-1.8 -5.9000001 0.050000001
-1.8 -5.9000001 0.15000001
-1.8 -5.9000001 0.25
-1.8 -5.9000001 0.34999999
-1.8 -5.9000001 0.44999999
-1.8 -5.9000001 0.55000001
-1.8 -5.9000001 0.64999998
-1.8 -5.9000001 0.75
-1.8 -5.9000001 0.85000002
-1.8 -5.9000001 0.94999999
-1.8 -5.9000001 1.05
-1.8 -5.9000001 1.15
-1.8 -5.9000001 1.25
-1.8 -5.9000001 1.35
-1.8 -5.9000001 1.45
-1.8 -5.9000001 1.55
-1.8 -5.9000001 1.65
-1.8 -5.9000001 1.75
-1.8 -5.9000001 1.85
-1.8 -5.9000001 1.95
-1.8 -5.9000001 2.05
-1.8 -5.9000001 2.1500001
-1.8 -5.9000001 2.25
-1.8 -5.9000001 2.3499999
-1.8 -5.9000001 2.45
-1.7 -6.0999999 -0.44999999
-1.7 -6.0999999 -0.34999999
-1.7 -6.0999999 -0.25
-1.7 -6.0999999 -0.15000001
-1.7 -6.0999999 -0.050000001
-1.7 -6.0999999 0.050000001
-1.7 -6.0999999 0.15000001
-1.7 -6.0999999 0.25
-1.7 -6.0999999 0.34999999
-1.7 -6.0999999 0.44999999
-1.7 -6.0999999 0.55000001
-1.7 -6.0999999 0.64999998
-1.7 -6.0999999 0.75
-1.7 -6.0999999 0.85000002
-1.7 -6.0999999 0.94999999
-1.7 -6.0999999 1.05
-1.7 -6.0999999 1.15
-1.7 -6.0999999 1.25
-1.7 -6.0999999 1.35
-1.7 -6.0999999 1.45
-1.7 -6.0999999 1.55
-1.7 -6.0999999 1.65
-1.7 -6.0999999 1.75
-1.7 -6.0999999 1.85
-1.7 -6.0999999 1.95
-1.7 -6.0999999 2.05
-1.7 -6.0999999 2.1500001
-1.7 -6.0999999 2.25
-1.7 -6.0999999 2.3499999
-1.7 -6.0999999 2.45
-1.7 -6 -0.44999999
-1.7 -6 -0.34999999
-1.7 -6 -0.25
-1.7 -6 -0.15000001
-1.7 -6 -0.050000001
-1.7 -6 0.050000001
-1.7 -6 0.15000001
-1.7 -6 0.25
-1.7 -6 0.34999999
-1.7 -6 0.44999999
-1.7 -6 0.55000001
-1.7 -6 0.64999998
-1.7 -6 0.75
-1.7 -6 0.85000002
-1.7 -6 0.94999999
-1.7 -6 1.05
-1.7 -6 1.15
-1.7 -6 1.25
-1.7 -6 1.35
-1.7 -6 1.45
-1.7 -6 1.55
-1.7 -6 1.65
-1.7 -6 1.75
-1.7 -6 1.85
-1.7 -6 1.95
-1.7 -6 2.05
-1.7 -6 2.1500001
-1.7 -6 2.25
-1.7 -6 2.3499999
-1.7 -6 2.45
-1.7 -5.9000001 -0.44999999
-1.7 -5.9000001 -0.34999999
-1.7 -5.9000001 -0.25
-1.7 -5.9000001 -0.15000001
-1.7 -5.9000001 -0.050000001
-1.7 -5.9000001 0.050000001
-1.7 -5.9000001 0.15000001
-1.7 -5.9000001 0.25
-1.7 -5.9000001 0.34999999
-1.7 -5.9000001 0.44999999
-1.7 -5.9000001 0.55000001
-1.7 -5.9000001 0.64999998
-1.7 -5.9000001 0.75
-1.7 -5.9000001 0.85000002
-1.7 -5.9000001 0.94999999
-1.7 -5.9000001 1.05
-1.7 -5.9000001 1.15
-1.7 -5.9000001 1.25
-1.7 -5.9000001 1.35
-1.7 -5.9000001 1.45
-1.7 -5.9000001 1.55
-1.7 -5.9000001 1.65
-1.7 -5.9000001 1.75
-1.7 -5.9000001 1.85
-1.7 -5.9000001 1.95
-1.7 -5.9000001 2.05
-1.7 -5.9000001 2.1500001
-1.7 -5.9000001 2.25
-1.7 -5.9000001 2.3499999
-1.7 -5.9000001 2.45
-1.6 -6.0999999 -0.44999999
-1.6 -6.0999999 -0.34999999
-1.6 -6.0999999 -0.25
-1.6 -6.0999999 -0.15000001
-1.6 -6.0999999 -0.050000001
-1.6 -6.0999999 0.050000001
-1.6 -6.0999999 0.15000001
-1.6 -6.0999999 0.25
-1.6 -6.0999999 0.34999999
-1.6 -6.0999999 0.44999999
-1.6 -6.0999999 0.55000001
-1.6 -6.0999999 0.64999998
-1.6 -6.0999999 0.75
-1.6 -6.0999999 0.85000002
-1.6 -6.0999999 0.94999999
-1.6 -6.0999999 1.05
-1.6 -6.0999999 1.15
-1.6 -6.0999999 1.25
-1.6 -6.0999999 1.35
-1.6 -6.0999999 1.45
-1.6 -6.0999999 1.55
-1.6 -6.0999999 1.65
-1.6 -6.0999999 1.75
-1.6 -6.0999999 1.85
-1.6 -6.0999999 1.95
-1.6 -6.0999999 2.05
-1.6 -6.0999999 2.1500001
-1.6 -6.0999999 2.25
-1.6 -6.0999999 2.3499999
-1.6 -6.0999999 2.45
-1.6 -6 -0.44999999
-1.6 -6 -0.34999999
-1.6 -6 -0.25
-1.6 -6 -0.15000001
-1.6 -6 -0.050000001
-1.6 -6 0.050000001
-1.6 -6 0.15000001
-1.6 -6 0.25
-1.6 -6 0.34999999
-1.6 -6 0.44999999
-1.6 -6 0.55000001
-1.6 -6 0.64999998
-1.6 -6 0.75
-1.6 -6 0.85000002
-1.6 -6 0.94999999
-1.6 -6 1.05
-1.6 -6 1.15
-1.6 -6 1.25
-1.6 -6 1.35
-1.6 -6 1.45
-1.6 -6 1.55
-1.6 -6 1.65
-1.6 -6 1.75
-1.6 -6 1.85
-1.6 -6 1.95
-1.6 -6 2.05
-1.6 -6 2.1500001
-1.6 -6 2.25
-1.6 -6 2.3499999
-1.6 -6 2.45
-1.6 -5.9000001 -0.44999999
-1.6 -5.9000001 -0.34999999
-1.6 -5.9000001 -0.25
-1.6 -5.9000001 -0.15000001
-1.6 -5.9000001 -0.050000001
-1.6 -5.9000001 0.050000001
-1.6 -5.9000001 0.15000001
-1.6 -5.9000001 0.25
-1.6 -5.9000001 0.34999999
-1.6 -5.9000001 0.44999999
-1.6 -5.9000001 0.55000001
-1.6 -5.9000001 0.64999998
-1.6 -5.9000001 0.75
-1.6 -5.9000001 0.85000002
-1.6 -5.9000001 0.94999999
-1.6 -5.9000001 1.05
-1.6 -5.9000001 1.15
-1.6 -5.9000001 1.25
-1.6 -5.9000001 1.35
-1.6 -5.9000001 1.45
-1.6 -5.9000001 1.55
-1.6 -5.9000001 1.65
-1.6 -5.9000001 1.75
-1.6 -5.9000001 1.85
-1.6 -5.9000001 1.95
-1.6 -5.9000001 2.05
-1.6 -5.9000001 2.1500001
-1.6 -5.9000001 2.25
-1.6 -5.9000001 2.3499999
-1.6 -5.9000001 2.45
-1.5 -6.0999999 -0.44999999
-1.5 -6.0999999 -0.34999999
-1.5 -6.0999999 -0.25
-1.5 -6.0999999 -0.15000001
-1.5 -6.0999999 -0.050000001
-1.5 -6.0999999 0.050000001
-1.5 -6.0999999 0.15000001
-1.5 -6.0999999 0.25
-1.5 -6.0999999 0.34999999
-1.5 -6.0999999 0.44999999
-1.5 -6.0999999 0.55000001
-1.5 -6.0999999 0.64999998
-1.5 -6.0999999 0.75
-1.5 -6.0999999 0.85000002
-1.5 -6.0999999 0.94999999
-1.5 -6.0999999 1.05
-1.5 -6.0999999 1.15
-1.5 -6.0999999 1.25
-1.5 -6.0999999 1.35
-1.5 -6.0999999 1.45
-1.5 -6.0999999 1.55
-1.5 -6.0999999 1.65
-1.5 -6.0999999 1.75
-1.5 -6.0999999 1.85
-1.5 -6.0999999 1.95
-1.5 -6.0999999 2.05
-1.5 -6.0999999 2.1500001
-1.5 -6.0999999 2.25
-1.5 -6.0999999 2.3499999
-1.5 -6.0999999 2.45
-1.5 -6 -0.44999999
-1.5 -6 -0.34999999
-1.5 -6 -0.25
-1.5 -6 -0.15000001
-1.5 -6 -0.050000001
-1.5 -6 0.050000001
-1.5 -6 0.15000001
-1.5 -6 0.25
-1.5 -6 0.34999999
-1.5 -6 0.44999999
-1.5 -6 0.55000001
-1.5 -6 0.64999998
-1.5 -6 0.75
-1.5 -6 0.85000002
-1.5 -6 0.94999999
-1.5 -6 1.05
-1.5 -6 1.15
-1.5 -6 1.25
-1.5 -6 1.35
-1.5 -6 1.45
-1.5 -6 1.55
-1.5 -6 1.65
-1.5 -6 1.75
-1.5 -6 1.85
-1.5 -6 1.95
-1.5 -6 2.05
-1.5 -6 2.1500001
-1.5 -6 2.25
-1.5 -6 2.3499999
-1.5 -6 2.45
-1.5 -5.9000001 -0.44999999
-1.5 -5.9000001 -0.34999999
-1.5 -5.9000001 -0.25
-1.5 -5.9000001 -0.15000001
-1.5 -5.9000001 -0.050000001
-1.5 -5.9000001 0.050000001
-1.5 -5.9000001 0.15000001
-1.5 -5.9000001 0.25
-1.5 -5.9000001 0.34999999
-1.5 -5.9000001 0.44999999
-1.5 -5.9000001 0.55000001
-1.5 -5.9000001 0.64999998
-1.5 -5.9000001 0.75
-1.5 -5.9000001 0.85000002
-1.5 -5.9000001 0.94999999
-1.5 -5.9000001 1.05
-1.5 -5.9000001 1.15
-1.5 -5.9000001 1.25
-1.5 -5.9000001 1.35
-1.5 -5.9000001 1.45
-1.5 -5.9000001 1.55
-1.5 -5.9000001 1.65
-1.5 -5.9000001 1.75
-1.5 -5.9000001 1.85
-1.5 -5.9000001 1.95
-1.5 -5.9000001 2.05
-1.5 -5.9000001 2.1500001
-1.5 -5.9000001 2.25
-1.5 -5.9000001 2.3499999
-1.5 -5.9000001 2.45
-1.4 -6.0999999 -0.44999999
-1.4 -6.0999999 -0.34999999
-1.4 -6.0999999 -0.25
-1.4 -6.0999999 -0.15000001
-1.4 -6.0999999 -0.050000001
-1.4 -6.0999999 0.050000001
-1.4 -6.0999999 0.15000001
-1.4 -6.0999999 0.25
-1.4 -6.0999999 0.34999999
-1.4 -6.0999999 0.44999999
-1.4 -6.0999999 0.55000001
-1.4 -6.0999999 0.64999998
-1.4 -6.0999999 0.75
-1.4 -6.0999999 0.85000002
-1.4 -6.0999999 0.94999999
-1.4 -6.0999999 1.05
-1.4 -6.0999999 1.15
-1.4 -6.0999999 1.25
-1.4 -6.0999999 1.35
-1.4 -6.0999999 1.45
-1.4 -6.0999999 1.55
-1.4 -6.0999999 1.65
-1.4 -6.0999999 1.75
-1.4 -6.0999999 1.85
-1.4 -6.0999999 1.95
-1.4 -6.0999999 2.05
-1.4 -6.0999999 2.1500001
-1.4 -6.0999999 2.25
-1.4 -6.0999999 2.3499999
-1.4 -6.0999999 2.45
-1.4 -6 -0.44999999
-1.4 -6 -0.34999999
-1.4 -6 -0.25
-1.4 -6 -0.15000001
-1.4 -6 -0.050000001
-1.4 -6 0.050000001
-1.4 -6 0.15000001
-1.4 -6 0.25
-1.4 -6 0.34999999
-1.4 -6 0.44999999
-1.4 -6 0.55000001
-1.4 -6 0.64999998
-1.4 -6 0.75
-1.4 -6 0.85000002
-1.4 -6 0.94999999
-1.4 -6 1.05
-1.4 -6 1.15
-1.4 -6 1.25
-1.4 -6 1.35
-1.4 -6 1.45
-1.4 -6 1.55
-1.4 -6 1.65
-1.4 -6 1.75
-1.4 -6 1.85
-1.4 -6 1.95
-1.4 -6 2.05
-1.4 -6 2.1500001
-1.4 -6 2.25
-1.4 -6 2.3499999
-1.4 -6 2.45
-1.4 -5.9000001 -0.44999999
-1.4 -5.9000001 -0.34999999
-1.4 -5.9000001 -0.25
-1.4 -5.9000001 -0.15000001
-1.4 -5.9000001 -0.050000001
-1.4 -5.9000001 0.050000001
-1.4 -5.9000001 0.15000001
-1.4 -5.9000001 0.25
-1.4 -5.9000001 0.34999999
-1.4 -5.9000001 0.44999999
-1.4 -5.9000001 0.55000001
-1.4 -5.9000001 0.64999998
-1.4 -5.9000001 0.75
-1.4 -5.9000001 0.85000002
-1.4 -5.9000001 0.94999999
-1.4 -5.9000001 1.05
-1.4 -5.9000001 1.15
-1.4 -5.9000001 1.25
-1.4 -5.9000001 1.35
-1.4 -5.9000001 1.45
-1.4 -5.9000001 1.55
-1.4 -5.9000001 1.65
-1.4 -5.9000001 1.75
-1.4 -5.9000001 1.85
-1.4 -5.9000001 1.95
-1.4 -5.9000001 2.05
-1.4 -5.9000001 2.1500001
-1.4 -5.9000001 2.25
-1.4 -5.9000001 2.3499999
-1.4 -5.9000001 2.45
-1.3 -6.0999999 -0.44999999
-1.3 -6.0999999 -0.34999999
-1.3 -6.0999999 -0.25
-1.3 -6.0999999 -0.15000001
-1.3 -6.0999999 -0.050000001
-1.3 -6.0999999 0.050000001
-1.3 -6.0999999 0.15000001
-1.3 -6.0999999 0.25
-1.3 -6.0999999 0.34999999
-1.3 -6.0999999 0.44999999
-1.3 -6.0999999 0.55000001
-1.3 -6.0999999 0.64999998
-1.3 -6.0999999 0.75
-1.3 -6.0999999 0.85000002
-1.3 -6.0999999 0.94999999
-1.3 -6.0999999 1.05
-1.3 -6.0999999 1.15
-1.3 -6.0999999 1.25
-1.3 -6.0999999 1.35
-1.3 -6.0999999 1.45
-1.3 -6.0999999 1.55
-1.3 -6.0999999 1.65
-1.3 -6.0999999 1.75
-1.3 -6.0999999 1.85
-1.3 -6.0999999 1.95
-1.3 -6.0999999 2.05
-1.3 -6.0999999 2.1500001
-1.3 -6.0999999 2.25
-1.3 -6.0999999 2.3499999
-1.3 -6.0999999 2.45
-1.3 -6 -0.44999999
-1.3 -6 -0.34999999
-1.3 -6 -0.25
-1.3 -6 -0.15000001
-1.3 -6 -0.050000001
-1.3 -6 0.050000001
-1.3 -6 0.15000001
-1.3 -6 0.25
-1.3 -6 0.34999999
-1.3 -6 0.44999999
-1.3 -6 0.55000001
-1.3 -6 0.64999998
-1.3 -6 0.75
-1.3 -6 0.85000002
-1.3 -6 0.94999999
-1.3 -6 1.05
-1.3 -6 1.15
-1.3 -6 1.25
-1.3 -6 1.35
-1.3 -6 1.45
-1.3 -6 1.55
-1.3 -6 1.65
-1.3 -6 1.75
-1.3 -6 1.85
-1.3 -6 1.95
-1.3 -6 2.05
-1.3 -6 2.1500001
-1.3 -6 2.25
-1.3 -6 2.3499999
-1.3 -6 2.45
-1.3 -5.9000001 -0.44999999
-1.3 -5.9000001 -0.34999999
-1.3 -5.9000001 -0.25
-1.3 -5.9000001 -0.15000001
-1.3 -5.9000001 -0.050000001
-1.3 -5.9000001 0.050000001
-1.3 -5.9000001 0.15000001
-1.3 -5.9000001 0.25
-1.3 -5.9000001 0.34999999
-1.3 -5.9000001 0.44999999
-1.3 -5.9000001 0.55000001
-1.3 -5.9000001 0.64999998
-1.3 -5.9000001 0.75
-1.3 -5.9000001 0.85000002
-1.3 -5.9000001 0.94999999
-1.3 -5.9000001 1.05
-1.3 -5.9000001 1.15
-1.3 -5.9000001 1.25
-1.3 -5.9000001 1.35
-1.3 -5.9000001 1.45
-1.3 -5.9000001 1.55
-1.3 -5.9000001 1.65
-1.3 -5.9000001 1.75
-1.3 -5.9000001 1.85
-1.3 -5.9000001 1.95
-1.3 -5.9000001 2.05
-1.3 -5.9000001 2.1500001
-1.3 -5.9000001 2.25
-1.3 -5.9000001 2.3499999
-1.3 -5.9000001 2.45
-1.2 -6.0999999 -0.44999999
-1.2 -6.0999999 -0.34999999
-1.2 -6.0999999 -0.25
-1.2 -6.0999999 -0.15000001
-1.2 -6.0999999 -0.050000001
-1.2 -6.0999999 0.050000001
-1.2 -6.0999999 0.15000001
-1.2 -6.0999999 0.25
-1.2 -6.0999999 0.34999999
-1.2 -6.0999999 0.44999999
-1.2 -6.0999999 0.55000001
-1.2 -6.0999999 0.64999998
-1.2 -6.0999999 0.75
-1.2 -6.0999999 0.85000002
-1.2 -6.0999999 0.94999999
-1.2 -6.0999999 1.05
-1.2 -6.0999999 1.15
-1.2 -6.0999999 1.25
-1.2 -6.0999999 1.35
-1.2 -6.0999999 1.45
-1.2 -6.0999999 1.55
-1.2 -6.0999999 1.65
-1.2 -6.0999999 1.75
-1.2 -6.0999999 1.85
-1.2 -6.0999999 1.95
-1.2 -6.0999999 2.05
-1.2 -6.0999999 2.1500001
-1.2 -6.0999999 2.25
-1.2 -6.0999999 2.3499999
-1.2 -6.0999999 2.45
-1.2 -6 -0.44999999
-1.2 -6 -0.34999999
-1.2 -6 -0.25
-1.2 -6 -0.15000001
-1.2 -6 -0.050000001
-1.2 -6 0.050000001
-1.2 -6 0.15000001
-1.2 -6 0.25
-1.2 -6 0.34999999
-1.2 -6 0.44999999
-1.2 -6 0.55000001
-1.2 -6 0.64999998
-1.2 -6 0.75
-1.2 -6 0.85000002
-1.2 -6 0.94999999
-1.2 -6 1.05
-1.2 -6 1.15
-1.2 -6 1.25
-1.2 -6 1.35
-1.2 -6 1.45
-1.2 -6 1.55
-1.2 -6 1.65
-1.2 -6 1.75
-1.2 -6 1.85
-1.2 -6 1.95
-1.2 -6 2.05
-1.2 -6 2.1500001
-1.2 -6 2.25
-1.2 -6 2.3499999
-1.2 -6 2.45
-1.2 -5.9000001 -0.44999999
-1.2 -5.9000001 -0.34999999
-1.2 -5.9000001 -0.25
-1.2 -5.9000001 -0.15000001
-1.2 -5.9000001 -0.050000001
-1.2 -5.9000001 0.050000001
-1.2 -5.9000001 0.15000001
-1.2 -5.9000001 0.25
-1.2 -5.9000001 0.34999999
-1.2 -5.9000001 0.44999999
-1.2 -5.9000001 0.55000001
-1.2 -5.9000001 0.64999998
-1.2 -5.9000001 0.75
-1.2 -5.9000001 0.85000002
-1.2 -5.9000001 0.94999999
-1.2 -5.9000001 1.05
-1.2 -5.9000001 1.15
-1.2 -5.9000001 1.25
-1.2 -5.9000001 1.35
-1.2 -5.9000001 1.45
-1.2 -5.9000001 1.55
-1.2 -5.9000001 1.65
-1.2 -5.9000001 1.75
-1.2 -5.9000001 1.85
-1.2 -5.9000001 1.95
-1.2 -5.9000001 2.05
-1.2 -5.9000001 2.1500001
-1.2 -5.9000001 2.25
-1.2 -5.9000001 2.3499999
-1.2 -5.9000001 2.45
-1.1 -6.0999999 -0.44999999
-1.1 -6.0999999 -0.34999999
-1.1 -6.0999999 -0.25
-1.1 -6.0999999 -0.15000001
-1.1 -6.0999999 -0.050000001
-1.1 -6.0999999 0.050000001
-1.1 -6.0999999 0.15000001
-1.1 -6.0999999 0.25
-1.1 -6.0999999 0.34999999
-1.1 -6.0999999 0.44999999
-1.1 -6.0999999 0.55000001
-1.1 -6.0999999 0.64999998
-1.1 -6.0999999 0.75
-1.1 -6.0999999 0.85000002
-1.1 -6.0999999 0.94999999
-1.1 -6.0999999 1.05
-1.1 -6.0999999 1.15
-1.1 -6.0999999 1.25
-1.1 -6.0999999 1.35
-1.1 -6.0999999 1.45
-1.1 -6.0999999 1.55
-1.1 -6.0999999 1.65
-1.1 -6.0999999 1.75
-1.1 -6.0999999 1.85
-1.1 -6.0999999 1.95
-1.1 -6.0999999 2.05
-1.1 -6.0999999 2.1500001
-1.1 -6.0999999 2.25
-1.1 -6.0999999 2.3499999
-1.1 -6.0999999 2.45
-1.1 -6 -0.44999999
-1.1 -6 -0.34999999
-1.1 -6 -0.25
-1.1 -6 -0.15000001
-1.1 -6 -0.050000001
-1.1 -6 0.050000001
-1.1 -6 0.15000001
-1.1 -6 0.25
-1.1 -6 0.34999999
-1.1 -6 0.44999999
-1.1 -6 0.55000001
-1.1 -6 0.64999998
-1.1 -6 0.75
-1.1 -6 0.85000002
-1.1 -6 0.94999999
-1.1 -6 1.05
-1.1 -6 1.15
-1.1 -6 1.25
-1.1 -6 1.35
-1.1 -6 1.45
-1.1 -6 1.55
-1.1 -6 1.65
-1.1 -6 1.75
-1.1 -6 1.85
-1.1 -6 1.95
-1.1 -6 2.05
-1.1 -6 2.1500001
-1.1 -6 2.25
-1.1 -6 2.3499999
-1.1 -6 2.45
-1.1 -5.9000001 -0.44999999
-1.1 -5.9000001 -0.34999999
-1.1 -5.9000001 -0.25
-1.1 -5.9000001 -0.15000001
-1.1 -5.9000001 -0.050000001
-1.1 -5.9000001 0.050000001
-1.1 -5.9000001 0.15000001
-1.1 -5.9000001 0.25
-1.1 -5.9000001 0.34999999
-1.1 -5.9000001 0.44999999
-1.1 -5.9000001 0.55000001
-1.1 -5.9000001 0.64999998
-1.1 -5.9000001 0.75
-1.1 -5.9000001 0.85000002
-1.1 -5.9000001 0.94999999
-1.1 -5.9000001 1.05
-1.1 -5.9000001 1.15
-1.1 -5.9000001 1.25
-1.1 -5.9000001 1.35
-1.1 -5.9000001 1.45
-1.1 -5.9000001 1.55
-1.1 -5.9000001 1.65
-1.1 -5.9000001 1.75
-1.1 -5.9000001 1.85
-1.1 -5.9000001 1.95
-1.1 -5.9000001 2.05
-1.1 -5.9000001 2.1500001
-1.1 -5.9000001 2.25
-1.1 -5.9000001 2.3499999
-1.1 -5.9000001 2.45
-1 -6.0999999 -0.44999999
-1 -6.0999999 -0.34999999
-1 -6.0999999 -0.25
-1 -6.0999999 -0.15000001
-1 -6.0999999 -0.050000001
-1 -6.0999999 0.050000001
-1 -6.0999999 0.15000001
-1 -6.0999999 0.25
-1 -6.0999999 0.34999999
-1 -6.0999999 0.44999999
-1 -6.0999999 0.55000001
-1 -6.0999999 0.64999998
-1 -6.0999999 0.75
-1 -6.0999999 0.85000002
-1 -6.0999999 0.94999999
-1 -6.0999999 1.05
-1 -6.0999999 1.15
-1 -6.0999999 1.25
-1 -6.0999999 1.35
-1 -6.0999999 1.45
-1 -6.0999999 1.55
-1 -6.0999999 1.65
-1 -6.0999999 1.75
-1 -6.0999999 1.85
-1 -6.0999999 1.95
-1 -6.0999999 2.05
-1 -6.0999999 2.1500001
-1 -6.0999999 2.25
-1 -6.0999999 2.3499999
-1 -6.0999999 2.45
-1 -6 -0.44999999
-1 -6 -0.34999999
-1 -6 -0.25
-1 -6 -0.15000001
-1 -6 -0.050000001
-1 -6 0.050000001
-1 -6 0.15000001
-1 -6 0.25
-1 -6 0.34999999
-1 -6 0.44999999
-1 -6 0.55000001
-1 -6 0.64999998
-1 -6 0.75
-1 -6 0.85000002
-1 -6 0.94999999
-1 -6 1.05
-1 -6 1.15
-1 -6 1.25
-1 -6 1.35
-1 -6 1.45
-1 -6 1.55
-1 -6 1.65
-1 -6 1.75
-1 -6 1.85
-1 -6 1.95
-1 -6 2.05
-1 -6 2.1500001
-1 -6 2.25
-1 -6 2.3499999
-1 -6 2.45
-1 -5.9000001 -0.44999999
-1 -5.9000001 -0.34999999
-1 -5.9000001 -0.25
-1 -5.9000001 -0.15000001
-1 -5.9000001 -0.050000001
-1 -5.9000001 0.050000001
-1 -5.9000001 0.15000001
-1 -5.9000001 0.25
-1 -5.9000001 0.34999999
-1 -5.9000001 0.44999999
-1 -5.9000001 0.55000001
-1 -5.9000001 0.64999998
-1 -5.9000001 0.75
-1 -5.9000001 0.85000002
-1 -5.9000001 0.94999999
-1 -5.9000001 1.05
-1 -5.9000001 1.15
-1 -5.9000001 1.25
-1 -5.9000001 1.35
-1 -5.9000001 1.45
-1 -5.9000001 1.55
-1 -5.9000001 1.65
-1 -5.9000001 1.75
-1 -5.9000001 1.85
-1 -5.9000001 1.95
-1 -5.9000001 2.05
-1 -5.9000001 2.1500001
-1 -5.9000001 2.25
-1 -5.9000001 2.3499999
-1 -5.9000001 2.45
-0.89999998 -6.0999999 -0.44999999
-0.89999998 -6.0999999 -0.34999999
-0.89999998 -6.0999999 -0.25
-0.89999998 -6.0999999 -0.15000001
-0.89999998 -6.0999999 -0.050000001
-0.89999998 -6.0999999 0.050000001
-0.89999998 -6.0999999 0.15000001
-0.89999998 -6.0999999 0.25
-0.89999998 -6.0999999 0.34999999
-0.89999998 -6.0999999 0.44999999
-0.89999998 -6.0999999 0.55000001
-0.89999998 -6.0999999 0.64999998
-0.89999998 -6.0999999 0.75
-0.89999998 -6.0999999 0.85000002
-0.89999998 -6.0999999 0.94999999
-0.89999998 -6.0999999 1.05
-0.89999998 -6.0999999 1.15
-0.89999998 -6.0999999 1.25
-0.89999998 -6.0999999 1.35
-0.89999998 -6.0999999 1.45
-0.89999998 -6.0999999 1.55
-0.89999998 -6.0999999 1.65
-0.89999998 -6.0999999 1.75
-0.89999998 -6.0999999 1.85
-0.89999998 -6.0999999 1.95
-0.89999998 -6.0999999 2.05
-0.89999998 -6.0999999 2.1500001
-0.89999998 -6.0999999 2.25
-0.89999998 -6.0999999 2.3499999
-0.89999998 -6.0999999 2.45
-0.89999998 -6 -0.44999999
-0.89999998 -6 -0.34999999
-0.89999998 -6 -0.25
-0.89999998 -6 -0.15000001
-0.89999998 -6 -0.050000001
-0.89999998 -6 0.050000001
-0.89999998 -6 0.15000001
-0.89999998 -6 0.25
-0.89999998 -6 0.34999999
-0.89999998 -6 0.44999999
-0.89999998 -6 0.55000001
-0.89999998 -6 0.64999998
-0.89999998 -6 0.75
-0.89999998 -6 0.85000002
-0.89999998 -6 0.94999999
-0.89999998 -6 1.05
-0.89999998 -6 1.15
-0.89999998 -6 1.25
-0.89999998 -6 1.35
-0.89999998 -6 1.45
-0.89999998 -6 1.55
-0.89999998 -6 1.65
-0.89999998 -6 1.75
-0.89999998 -6 1.85
-0.89999998 -6 1.95
-0.89999998 -6 2.05
-0.89999998 -6 2.1500001
-0.89999998 -6 2.25
-0.89999998 -6 2.3499999
-0.89999998 -6 2.45
-0.89999998 -5.9000001 -0.44999999
-0.89999998 -5.9000001 -0.34999999
-0.89999998 -5.9000001 -0.25
-0.89999998 -5.9000001 -0.15000001
-0.89999998 -5.9000001 -0.050000001
-0.89999998 -5.9000001 0.050000001
-0.89999998 -5.9000001 0.15000001
-0.89999998 -5.9000001 0.25
-0.89999998 -5.9000001 0.34999999
-0.89999998 -5.9000001 0.44999999
-0.89999998 -5.9000001 0.55000001
-0.89999998 -5.9000001 0.64999998
-0.89999998 -5.9000001 0.75
-0.89999998 -5.9000001 0.85000002
-0.89999998 -5.9000001 0.94999999
-0.89999998 -5.9000001 1.05
-0.89999998 -5.9000001 1.15
-0.89999998 -5.9000001 1.25
-0.89999998 -5.9000001 1.35
-0.89999998 -5.9000001 1.45
-0.89999998 -5.9000001 1.55
-0.89999998 -5.9000001 1.65
-0.89999998 -5.9000001 1.75
-0.89999998 -5.9000001 1.85
-0.89999998 -5.9000001 1.95
-0.89999998 -5.9000001 2.05
-0.89999998 -5.9000001 2.1500001
-0.89999998 -5.9000001 2.25
-0.89999998 -5.9000001 2.3499999
-0.89999998 -5.9000001 2.45
-0.80000001 -6.0999999 -0.44999999
-0.80000001 -6.0999999 -0.34999999
-0.80000001 -6.0999999 -0.25
-0.80000001 -6.0999999 -0.15000001
-0.80000001 -6.0999999 -0.050000001
-0.80000001 -6.0999999 0.050000001
-0.80000001 -6.0999999 0.15000001
-0.80000001 -6.0999999 0.25
-0.80000001 -6.0999999 0.34999999
-0.80000001 -6.0999999 0.44999999
-0.80000001 -6.0999999 0.55000001
-0.80000001 -6.0999999 0.64999998
-0.80000001 -6.0999999 0.75
-0.80000001 -6.0999999 0.85000002
-0.80000001 -6.0999999 0.94999999
-0.80000001 -6.0999999 1.05
-0.80000001 -6.0999999 1.15
-0.80000001 -6.0999999 1.25
-0.80000001 -6.0999999 1.35
-0.80000001 -6.0999999 1.45
-0.80000001 -6.0999999 1.55
-0.80000001 -6.0999999 1.65
-0.80000001 -6.0999999 1.75
-0.80000001 -6.0999999 1.85
-0.80000001 -6.0999999 1.95
-0.80000001 -6.0999999 2.05
-0.80000001 -6.0999999 2.1500001
-0.80000001 -6.0999999 2.25
-0.80000001 -6.0999999 2.3499999
-0.80000001 -6.0999999 2.45
-0.80000001 -6 -0.44999999
-0.80000001 -6 -0.34999999
-0.80000001 -6 -0.25
-0.80000001 -6 -0.15000001
-0.80000001 -6 -0.050000001
-0.80000001 -6 0.050000001
-0.80000001 -6 0.15000001
-0.80000001 -6 0.25
-0.80000001 -6 0.34999999
-0.80000001 -6 0.44999999
-0.80000001 -6 0.55000001
-0.80000001 -6 0.64999998
-0.80000001 -6 0.75
-0.80000001 -6 0.85000002
-0.80000001 -6 0.94999999
-0.80000001 -6 1.05
-0.80000001 -6 1.15
-0.80000001 -6 1.25
-0.80000001 -6 1.35
-0.80000001 -6 1.45
-0.80000001 -6 1.55
-0.80000001 -6 1.65
-0.80000001 -6 1.75
-0.80000001 -6 1.85
-0.80000001 -6 1.95
-0.80000001 -6 2.05
-0.80000001 -6 2.1500001
-0.80000001 -6 2.25
-0.80000001 -6 2.3499999
-0.80000001 -6 2.45
-0.80000001 -5.9000001 -0.44999999
-0.80000001 -5.9000001 -0.34999999
-0.80000001 -5.9000001 -0.25
-0.80000001 -5.9000001 -0.15000001
-0.80000001 -5.9000001 -0.050000001
-0.80000001 -5.9000001 0.050000001
-0.80000001 -5.9000001 0.15000001
-0.80000001 -5.9000001 0.25
-0.80000001 -5.9000001 0.34999999
-0.80000001 -5.9000001 0.44999999
-0.80000001 -5.9000001 0.55000001
-0.80000001 -5.9000001 0.64999998
-0.80000001 -5.9000001 0.75
-0.80000001 -5.9000001 0.85000002
-0.80000001 -5.9000001 0.94999999
-0.80000001 -5.9000001 1.05
-0.80000001 -5.9000001 1.15
-0.80000001 -5.9000001 1.25
-0.80000001 -5.9000001 1.35
-0.80000001 -5.9000001 1.45
-0.80000001 -5.9000001 1.55
-0.80000001 -5.9000001 1.65
-0.80000001 -5.9000001 1.75
-0.80000001 -5.9000001 1.85
-0.80000001 -5.9000001 1.95
-0.80000001 -5.9000001 2.05
-0.80000001 -5.9000001 2.1500001
-0.80000001 -5.9000001 2.25
-0.80000001 -5.9000001 2.3499999
-0.80000001 -5.9000001 2.45
-0.69999999 -6.0999999 -0.44999999
-0.69999999 -6.0999999 -0.34999999
-0.69999999 -6.0999999 -0.25
-0.69999999 -6.0999999 -0.15000001
-0.69999999 -6.0999999 -0.050000001
-0.69999999 -6.0999999 0.050000001
-0.69999999 -6.0999999 0.15000001
-0.69999999 -6.0999999 0.25
-0.69999999 -6.0999999 0.34999999
-0.69999999 -6.0999999 0.44999999
-0.69999999 -6.0999999 0.55000001
-0.69999999 -6.0999999 0.64999998
-0.69999999 -6.0999999 0.75
-0.69999999 -6.0999999 0.85000002
-0.69999999 -6.0999999 0.94999999
-0.69999999 -6.0999999 1.05
-0.69999999 -6.0999999 1.15
-0.69999999 -6.0999999 1.25
-0.69999999 -6.0999999 1.35
-0.69999999 -6.0999999 1.45
-0.69999999 -6.0999999 1.55
-0.69999999 -6.0999999 1.65
-0.69999999 -6.0999999 1.75
-0.69999999 -6.0999999 1.85
-0.69999999 -6.0999999 1.95
-0.69999999 -6.0999999 2.05
-0.69999999 -6.0999999 2.1500001
-0.69999999 -6.0999999 2.25
-0.69999999 -6.0999999 2.3499999
-0.69999999 -6.0999999 2.45
-0.69999999 -6 -0.44999999
-0.69999999 -6 -0.34999999
-0.69999999 -6 -0.25
-0.69999999 -6 -0.15000001
-0.69999999 -6 -0.050000001
-0.69999999 -6 0.050000001
-0.69999999 -6 0.15000001
-0.69999999 -6 0.25
-0.69999999 -6 0.34999999
-0.69999999 -6 0.44999999
-0.69999999 -6 0.55000001
-0.69999999 -6 0.64999998
-0.69999999 -6 0.75
-0.69999999 -6 0.85000002
-0.69999999 -6 0.94999999
-0.69999999 -6 1.05
-0.69999999 -6 1.15
-0.69999999 -6 1.25
-0.69999999 -6 1.35
-0.69999999 -6 1.45
-0.69999999 -6 1.55
-0.69999999 -6 1.65
-0.69999999 -6 1.75
-0.69999999 -6 1.85
-0.69999999 -6 1.95
-0.69999999 -6 2.05
-0.69999999 -6 2.1500001
-0.69999999 -6 2.25
-0.69999999 -6 2.3499999
-0.69999999 -6 2.45
-0.69999999 -5.9000001 -0.44999999
-0.69999999 -5.9000001 -0.34999999
-0.69999999 -5.9000001 -0.25
-0.69999999 -5.9000001 -0.15000001
-0.69999999 -5.9000001 -0.050000001
-0.69999999 -5.9000001 0.050000001
-0.69999999 -5.9000001 0.15000001
-0.69999999 -5.9000001 0.25
-0.69999999 -5.9000001 0.34999999
-0.69999999 -5.9000001 0.44999999
-0.69999999 -5.9000001 0.55000001
-0.69999999 -5.9000001 0.64999998
-0.69999999 -5.9000001 0.75
-0.69999999 -5.9000001 0.85000002
-0.69999999 -5.9000001 0.94999999
-0.69999999 -5.9000001 1.05
-0.69999999 -5.9000001 1.15
-0.69999999 -5.9000001 1.25
-0.69999999 -5.9000001 1.35
-0.69999999 -5.9000001 1.45
-0.69999999 -5.9000001 1.55
-0.69999999 -5.9000001 1.65
-0.69999999 -5.9000001 1.75
-0.69999999 -5.9000001 1.85
-0.69999999 -5.9000001 1.95
-0.69999999 -5.9000001 2.05
-0.69999999 -5.9000001 2.1500001
-0.69999999 -5.9000001 2.25
-0.69999999 -5.9000001 2.3499999
-0.69999999 -5.9000001 2.45
-0.60000002 -6.0999999 -0.44999999
-0.60000002 -6.0999999 -0.34999999
-0.60000002 -6.0999999 -0.25
-0.60000002 -6.0999999 -0.15000001
-0.60000002 -6.0999999 -0.050000001
-0.60000002 -6.0999999 0.050000001
-0.60000002 -6.0999999 0.15000001
-0.60000002 -6.0999999 0.25
-0.60000002 -6.0999999 0.34999999
-0.60000002 -6.0999999 0.44999999
-0.60000002 -6.0999999 0.55000001
-0.60000002 -6.0999999 0.64999998
-0.60000002 -6.0999999 0.75
-0.60000002 -6.0999999 0.85000002
-0.60000002 -6.0999999 0.94999999
-0.60000002 -6.0999999 1.05
-0.60000002 -6.0999999 1.15
-0.60000002 -6.0999999 1.25
-0.60000002 -6.0999999 1.35
-0.60000002 -6.0999999 1.45
-0.60000002 -6.0999999 1.55
-0.60000002 -6.0999999 1.65
-0.60000002 -6.0999999 1.75
-0.60000002 -6.0999999 1.85
-0.60000002 -6.0999999 1.95
-0.60000002 -6.0999999 2.05
-0.60000002 -6.0999999 2.1500001
-0.60000002 -6.0999999 2.25
-0.60000002 -6.0999999 2.3499999
-0.60000002 -6.0999999 2.45
-0.60000002 -6 -0.44999999
-0.60000002 -6 -0.34999999
-0.60000002 -6 -0.25
-0.60000002 -6 -0.15000001
-0.60000002 -6 -0.050000001
-0.60000002 -6 0.050000001
-0.60000002 -6 0.15000001
-0.60000002 -6 0.25
-0.60000002 -6 0.34999999
-0.60000002 -6 0.44999999
-0.60000002 -6 0.55000001
-0.60000002 -6 0.64999998
-0.60000002 -6 0.75
-0.60000002 -6 0.85000002
-0.60000002 -6 0.94999999
-0.60000002 -6 1.05
-0.60000002 -6 1.15
-0.60000002 -6 1.25
-0.60000002 -6 1.35
-0.60000002 -6 1.45
-0.60000002 -6 1.55
-0.60000002 -6 1.65
-0.60000002 -6 1.75
-0.60000002 -6 1.85
-0.60000002 -6 1.95
-0.60000002 -6 2.05
-0.60000002 -6 2.1500001
-0.60000002 -6 2.25
-0.60000002 -6 2.3499999
-0.60000002 -6 2.45
-0.60000002 -5.9000001 -0.44999999
-0.60000002 -5.9000001 -0.34999999
-0.60000002 -5.9000001 -0.25
-0.60000002 -5.9000001 -0.15000001
-0.60000002 -5.9000001 -0.050000001
-0.60000002 -5.9000001 0.050000001
-0.60000002 -5.9000001 0.15000001
-0.60000002 -5.9000001 0.25
-0.60000002 -5.9000001 0.34999999
-0.60000002 -5.9000001 0.44999999
-0.60000002 -5.9000001 0.55000001
-0.60000002 -5.9000001 0.64999998
-0.60000002 -5.9000001 0.75
-0.60000002 -5.9000001 0.85000002
-0.60000002 -5.9000001 0.94999999
-0.60000002 -5.9000001 1.05
-0.60000002 -5.9000001 1.15
-0.60000002 -5.9000001 1.25
-0.60000002 -5.9000001 1.35
-0.60000002 -5.9000001 1.45
-0.60000002 -5.9000001 1.55
-0.60000002 -5.9000001 1.65
-0.60000002 -5.9000001 1.75
-0.60000002 -5.9000001 1.85
-0.60000002 -5.9000001 1.95
-0.60000002 -5.9000001 2.05
-0.60000002 -5.9000001 2.1500001
-0.60000002 -5.9000001 2.25
-0.60000002 -5.9000001 2.3499999
-0.60000002 -5.9000001 2.45
-0.5 -6.0999999 -0.44999999
-0.5 -6.0999999 -0.34999999
-0.5 -6.0999999 -0.25
-0.5 -6.0999999 -0.15000001
-0.5 -6.0999999 -0.050000001
-0.5 -6.0999999 0.050000001
-0.5 -6.0999999 0.15000001
-0.5 -6.0999999 0.25
-0.5 -6.0999999 0.34999999
-0.5 -6.0999999 0.44999999
-0.5 -6.0999999 0.55000001
-0.5 -6.0999999 0.64999998
-0.5 -6.0999999 0.75
-0.5 -6.0999999 0.85000002
-0.5 -6.0999999 0.94999999
-0.5 -6.0999999 1.05
-0.5 -6.0999999 1.15
-0.5 -6.0999999 1.25
-0.5 -6.0999999 1.35
-0.5 -6.0999999 1.45
-0.5 -6.0999999 1.55
-0.5 -6.0999999 1.65
-0.5 -6.0999999 1.75
-0.5 -6.0999999 1.85
-0.5 -6.0999999 1.95
-0.5 -6.0999999 2.05
-0.5 -6.0999999 2.1500001
-0.5 -6.0999999 2.25
-0.5 -6.0999999 2.3499999
-0.5 -6.0999999 2.45
-0.5 -6 -0.44999999
-0.5 -6 -0.34999999
-0.5 -6 -0.25
-0.5 -6 -0.15000001
-0.5 -6 -0.050000001
-0.5 -6 0.050000001
-0.5 -6 0.15000001
-0.5 -6 0.25
-0.5 -6 0.34999999
-0.5 -6 0.44999999
-0.5 -6 0.55000001
-0.5 -6 0.64999998
-0.5 -6 0.75
-0.5 -6 0.85000002
-0.5 -6 0.94999999
-0.5 -6 1.05
-0.5 -6 1.15
-0.5 -6 1.25
-0.5 -6 1.35
-0.5 -6 1.45
-0.5 -6 1.55
-0.5 -6 1.65
-0.5 -6 1.75
-0.5 -6 1.85
-0.5 -6 1.95
-0.5 -6 2.05
-0.5 -6 2.1500001
-0.5 -6 2.25
-0.5 -6 2.3499999
-0.5 -6 2.45
-0.5 -5.9000001 -0.44999999
-0.5 -5.9000001 -0.34999999
-0.5 -5.9000001 -0.25
-0.5 -5.9000001 -0.15000001
-0.5 -5.9000001 -0.050000001
-0.5 -5.9000001 0.050000001
-0.5 -5.9000001 0.15000001
-0.5 -5.9000001 0.25
-0.5 -5.9000001 0.34999999
-0.5 -5.9000001 0.44999999
-0.5 -5.9000001 0.55000001
-0.5 -5.9000001 0.64999998
-0.5 -5.9000001 0.75
-0.5 -5.9000001 0.85000002
-0.5 -5.9000001 0.94999999
-0.5 -5.9000001 1.05
-0.5 -5.9000001 1.15
-0.5 -5.9000001 1.25
-0.5 -5.9000001 1.35
-0.5 -5.9000001 1.45
-0.5 -5.9000001 1.55
-0.5 -5.9000001 1.65
-0.5 -5.9000001 1.75
-0.5 -5.9000001 1.85
-0.5 -5.9000001 1.95
-0.5 -5.9000001 2.05
-0.5 -5.9000001 2.1500001
-0.5 -5.9000001 2.25
-0.5 -5.9000001 2.3499999
-0.5 -5.9000001 2.45
-0.40000001 -6.0999999 -0.44999999
-0.40000001 -6.0999999 -0.34999999
-0.40000001 -6.0999999 -0.25
-0.40000001 -6.0999999 -0.15000001
-0.40000001 -6.0999999 -0.050000001
-0.40000001 -6.0999999 0.050000001
-0.40000001 -6.0999999 0.15000001
-0.40000001 -6.0999999 0.25
-0.40000001 -6.0999999 0.34999999
-0.40000001 -6.0999999 0.44999999
-0.40000001 -6.0999999 0.55000001
-0.40000001 -6.0999999 0.64999998
-0.40000001 -6.0999999 0.75
-0.40000001 -6.0999999 0.85000002
-0.40000001 -6.0999999 0.94999999
-0.40000001 -6.0999999 1.05
-0.40000001 -6.0999999 1.15
-0.40000001 -6.0999999 1.25
-0.40000001 -6.0999999 1.35
-0.40000001 -6.0999999 1.45
-0.40000001 -6.0999999 1.55
-0.40000001 -6.0999999 1.65
-0.40000001 -6.0999999 1.75
-0.40000001 -6.0999999 1.85
-0.40000001 -6.0999999 1.95
-0.40000001 -6.0999999 2.05
-0.40000001 -6.0999999 2.1500001
-0.40000001 -6.0999999 2.25
-0.40000001 -6.0999999 2.3499999
-0.40000001 -6.0999999 2.45
-0.40000001 -6 -0.44999999
-0.40000001 -6 -0.34999999
-0.40000001 -6 -0.25
-0.40000001 -6 -0.15000001
-0.40000001 -6 -0.050000001
-0.40000001 -6 0.050000001
-0.40000001 -6 0.15000001
-0.40000001 -6 0.25
-0.40000001 -6 0.34999999
-0.40000001 -6 0.44999999
-0.40000001 -6 0.55000001
-0.40000001 -6 0.64999998
-0.40000001 -6 0.75
-0.40000001 -6 0.85000002
-0.40000001 -6 0.94999999
-0.40000001 -6 1.05
-0.40000001 -6 1.15
-0.40000001 -6 1.25
-0.40000001 -6 1.35
-0.40000001 -6 1.45
-0.40000001 -6 1.55
-0.40000001 -6 1.65
-0.40000001 -6 1.75
-0.40000001 -6 1.85
-0.40000001 -6 1.95
-0.40000001 -6 2.05
-0.40000001 -6 2.1500001
-0.40000001 -6 2.25
-0.40000001 -6 2.3499999
-0.40000001 -6 2.45
-0.40000001 -5.9000001 -0.44999999
-0.40000001 -5.9000001 -0.34999999
-0.40000001 -5.9000001 -0.25
-0.40000001 -5.9000001 -0.15000001
-0.40000001 -5.9000001 -0.050000001
-0.40000001 -5.9000001 0.050000001
-0.40000001 -5.9000001 0.15000001
-0.40000001 -5.9000001 0.25
-0.40000001 -5.9000001 0.34999999
-0.40000001 -5.9000001 0.44999999
-0.40000001 -5.9000001 0.55000001
-0.40000001 -5.9000001 0.64999998
-0.40000001 -5.9000001 0.75
-0.40000001 -5.9000001 0.85000002
-0.40000001 -5.9000001 0.94999999
-0.40000001 -5.9000001 1.05
-0.40000001 -5.9000001 1.15
-0.40000001 -5.9000001 1.25
-0.40000001 -5.9000001 1.35
-0.40000001 -5.9000001 1.45
-0.40000001 -5.9000001 1.55
-0.40000001 -5.9000001 1.65
-0.40000001 -5.9000001 1.75
-0.40000001 -5.9000001 1.85
-0.40000001 -5.9000001 1.95
-0.40000001 -5.9000001 2.05
-0.40000001 -5.9000001 2.1500001
-0.40000001 -5.9000001 2.25
-0.40000001 -5.9000001 2.3499999
-0.40000001 -5.9000001 2.45
-0.30000001 -6.0999999 -0.44999999
-0.30000001 -6.0999999 -0.34999999
-0.30000001 -6.0999999 -0.25
-0.30000001 -6.0999999 -0.15000001
-0.30000001 -6.0999999 -0.050000001
-0.30000001 -6.0999999 0.050000001
-0.30000001 -6.0999999 0.15000001
-0.30000001 -6.0999999 0.25
-0.30000001 -6.0999999 0.34999999
-0.30000001 -6.0999999 0.44999999
-0.30000001 -6.0999999 0.55000001
-0.30000001 -6.0999999 0.64999998
-0.30000001 -6.0999999 0.75
-0.30000001 -6.0999999 0.85000002
-0.30000001 -6.0999999 0.94999999
-0.30000001 -6.0999999 1.05
-0.30000001 -6.0999999 1.15
-0.30000001 -6.0999999 1.25
-0.30000001 -6.0999999 1.35
-0.30000001 -6.0999999 1.45
-0.30000001 -6.0999999 1.55
-0.30000001 -6.0999999 1.65
-0.30000001 -6.0999999 1.75
-0.30000001 -6.0999999 1.85
-0.30000001 -6.0999999 1.95
-0.30000001 -6.0999999 2.05
-0.30000001 -6.0999999 2.1500001
-0.30000001 -6.0999999 2.25
-0.30000001 -6.0999999 2.3499999
-0.30000001 -6.0999999 2.45
-0.30000001 -6 -0.44999999
-0.30000001 -6 -0.34999999
-0.30000001 -6 -0.25
-0.30000001 -6 -0.15000001
-0.30000001 -6 -0.050000001
-0.30000001 -6 0.050000001
-0.30000001 -6 0.15000001
-0.30000001 -6 0.25
-0.30000001 -6 0.34999999
-0.30000001 -6 0.44999999
-0.30000001 -6 0.55000001
-0.30000001 -6 0.64999998
-0.30000001 -6 0.75
-0.30000001 -6 0.85000002
-0.30000001 -6 0.94999999
-0.30000001 -6 1.05
-0.30000001 -6 1.15
-0.30000001 -6 1.25
-0.30000001 -6 1.35
-0.30000001 -6 1.45
-0.30000001 -6 1.55
-0.30000001 -6 1.65
-0.30000001 -6 1.75
-0.30000001 -6 1.85
-0.30000001 -6 1.95
-0.30000001 -6 2.05
-0.30000001 -6 2.1500001
-0.30000001 -6 2.25
-0.30000001 -6 2.3499999
-0.30000001 -6 2.45
-0.30000001 -5.9000001 -0.44999999
-0.30000001 -5.9000001 -0.34999999
-0.30000001 -5.9000001 -0.25
-0.30000001 -5.9000001 -0.15000001
-0.30000001 -5.9000001 -0.050000001
-0.30000001 -5.9000001 0.050000001
-0.30000001 -5.9000001 0.15000001
-0.30000001 -5.9000001 0.25
-0.30000001 -5.9000001 0.34999999
-0.30000001 -5.9000001 0.44999999
-0.30000001 -5.9000001 0.55000001
-0.30000001 -5.9000001 0.64999998
-0.30000001 -5.9000001 0.75
-0.30000001 -5.9000001 0.85000002
-0.30000001 -5.9000001 0.94999999
-0.30000001 -5.9000001 1.05
-0.30000001 -5.9000001 1.15
-0.30000001 -5.9000001 1.25
-0.30000001 -5.9000001 1.35
-0.30000001 -5.9000001 1.45
-0.30000001 -5.9000001 1.55
-0.30000001 -5.9000001 1.65
-0.30000001 -5.9000001 1.75
-0.30000001 -5.9000001 1.85
-0.30000001 -5.9000001 1.95
-0.30000001 -5.9000001 2.05
-0.30000001 -5.9000001 2.1500001
-0.30000001 -5.9000001 2.25
-0.30000001 -5.9000001 2.3499999
-0.30000001 -5.9000001 2.45
-0.2 -6.0999999 -0.44999999
-0.2 -6.0999999 -0.34999999
-0.2 -6.0999999 -0.25
-0.2 -6.0999999 -0.15000001
-0.2 -6.0999999 -0.050000001
-0.2 -6.0999999 0.050000001
-0.2 -6.0999999 0.15000001
-0.2 -6.0999999 0.25
-0.2 -6.0999999 0.34999999
-0.2 -6.0999999 0.44999999
-0.2 -6.0999999 0.55000001
-0.2 -6.0999999 0.64999998
-0.2 -6.0999999 0.75
-0.2 -6.0999999 0.85000002
-0.2 -6.0999999 0.94999999
-0.2 -6.0999999 1.05
-0.2 -6.0999999 1.15
-0.2 -6.0999999 1.25
-0.2 -6.0999999 1.35
-0.2 -6.0999999 1.45
-0.2 -6.0999999 1.55
-0.2 -6.0999999 1.65
-0.2 -6.0999999 1.75
-0.2 -6.0999999 1.85
-0.2 -6.0999999 1.95
-0.2 -6.0999999 2.05
-0.2 -6.0999999 2.1500001
-0.2 -6.0999999 2.25
-0.2 -6.0999999 2.3499999
-0.2 -6.0999999 2.45
-0.2 -6 -0.44999999
-0.2 -6 -0.34999999
-0.2 -6 -0.25
-0.2 -6 -0.15000001
-0.2 -6 -0.050000001
-0.2 -6 0.050000001
-0.2 -6 0.15000001
-0.2 -6 0.25
-0.2 -6 0.34999999
-0.2 -6 0.44999999
-0.2 -6 0.55000001
-0.2 -6 0.64999998
-0.2 -6 0.75
-0.2 -6 0.85000002
-0.2 -6 0.94999999
-0.2 -6 1.05
-0.2 -6 1.15
-0.2 -6 1.25
-0.2 -6 1.35
-0.2 -6 1.45
-0.2 -6 1.55
-0.2 -6 1.65
-0.2 -6 1.75
-0.2 -6 1.85
-0.2 -6 1.95
-0.2 -6 2.05
-0.2 -6 2.1500001
-0.2 -6 2.25
-0.2 -6 2.3499999
-0.2 -6 2.45
-0.2 -5.9000001 -0.44999999
-0.2 -5.9000001 -0.34999999
-0.2 -5.9000001 -0.25
-0.2 -5.9000001 -0.15000001
-0.2 -5.9000001 -0.050000001
-0.2 -5.9000001 0.050000001
-0.2 -5.9000001 0.15000001
-0.2 -5.9000001 0.25
-0.2 -5.9000001 0.34999999
-0.2 -5.9000001 0.44999999
-0.2 -5.9000001 0.55000001
-0.2 -5.9000001 0.64999998
-0.2 -5.9000001 0.75
-0.2 -5.9000001 0.85000002
-0.2 -5.9000001 0.94999999
-0.2 -5.9000001 1.05
-0.2 -5.9000001 1.15
-0.2 -5.9000001 1.25
-0.2 -5.9000001 1.35
-0.2 -5.9000001 1.45
-0.2 -5.9000001 1.55
-0.2 -5.9000001 1.65
-0.2 -5.9000001 1.75
-0.2 -5.9000001 1.85
-0.2 -5.9000001 1.95
-0.2 -5.9000001 2.05
-0.2 -5.9000001 2.1500001
-0.2 -5.9000001 2.25
-0.2 -5.9000001 2.3499999
-0.2 -5.9000001 2.45
-0.1 -6.0999999 -0.44999999
-0.1 -6.0999999 -0.34999999
-0.1 -6.0999999 -0.25
-0.1 -6.0999999 -0.15000001
-0.1 -6.0999999 -0.050000001
-0.1 -6.0999999 0.050000001
-0.1 -6.0999999 0.15000001
-0.1 -6.0999999 0.25
-0.1 -6.0999999 0.34999999
-0.1 -6.0999999 0.44999999
-0.1 -6.0999999 0.55000001
-0.1 -6.0999999 0.64999998
-0.1 -6.0999999 0.75
-0.1 -6.0999999 0.85000002
-0.1 -6.0999999 0.94999999
-0.1 -6.0999999 1.05
-0.1 -6.0999999 1.15
-0.1 -6.0999999 1.25
-0.1 -6.0999999 1.35
-0.1 -6.0999999 1.45
-0.1 -6.0999999 1.55
-0.1 -6.0999999 1.65
-0.1 -6.0999999 1.75
-0.1 -6.0999999 1.85
-0.1 -6.0999999 1.95
-0.1 -6.0999999 2.05
-0.1 -6.0999999 2.1500001
-0.1 -6.0999999 2.25
-0.1 -6.0999999 2.3499999
-0.1 -6.0999999 2.45
-0.1 -6 -0.44999999
-0.1 -6 -0.34999999
-0.1 -6 -0.25
-0.1 -6 -0.15000001
-0.1 -6 -0.050000001
-0.1 -6 0.050000001
-0.1 -6 0.15000001
-0.1 -6 0.25
-0.1 -6 0.34999999
-0.1 -6 0.44999999
-0.1 -6 0.55000001
-0.1 -6 0.64999998
-0.1 -6 0.75
-0.1 -6 0.85000002
-0.1 -6 0.94999999
-0.1 -6 1.05
-0.1 -6 1.15
-0.1 -6 1.25
-0.1 -6 1.35
-0.1 -6 1.45
-0.1 -6 1.55
-0.1 -6 1.65
-0.1 -6 1.75
-0.1 -6 1.85
-0.1 -6 1.95
-0.1 -6 2.05
-0.1 -6 2.1500001
-0.1 -6 2.25
-0.1 -6 2.3499999
-0.1 -6 2.45
-0.1 -5.9000001 -0.44999999
-0.1 -5.9000001 -0.34999999
-0.1 -5.9000001 -0.25
-0.1 -5.9000001 -0.15000001
-0.1 -5.9000001 -0.050000001
-0.1 -5.9000001 0.050000001
-0.1 -5.9000001 0.15000001
-0.1 -5.9000001 0.25
-0.1 -5.9000001 0.34999999
-0.1 -5.9000001 0.44999999
-0.1 -5.9000001 0.55000001
-0.1 -5.9000001 0.64999998
-0.1 -5.9000001 0.75
-0.1 -5.9000001 0.85000002
-0.1 -5.9000001 0.94999999
-0.1 -5.9000001 1.05
-0.1 -5.9000001 1.15
-0.1 -5.9000001 1.25
-0.1 -5.9000001 1.35
-0.1 -5.9000001 1.45
-0.1 -5.9000001 1.55
-0.1 -5.9000001 1.65
-0.1 -5.9000001 1.75
-0.1 -5.9000001 1.85
-0.1 -5.9000001 1.95
-0.1 -5.9000001 2.05
-0.1 -5.9000001 2.1500001
-0.1 -5.9000001 2.25
-0.1 -5.9000001 2.3499999
-0.1 -5.9000001 2.45
0 -6.0999999 -0.44999999
0 -6.0999999 -0.34999999
0 -6.0999999 -0.25
0 -6.0999999 -0.15000001
0 -6.0999999 -0.050000001
0 -6.0999999 0.050000001
0 -6.0999999 0.15000001
0 -6.0999999 0.25
0 -6.0999999 0.34999999
0 -6.0999999 0.44999999
0 -6.0999999 0.55000001
0 -6.0999999 0.64999998
0 -6.0999999 0.75
0 -6.0999999 0.85000002
0 -6.0999999 0.94999999
0 -6.0999999 1.05
0 -6.0999999 1.15
0 -6.0999999 1.25
0 -6.0999999 1.35
0 -6.0999999 1.45
0 -6.0999999 1.55
0 -6.0999999 1.65
0 -6.0999999 1.75
0 -6.0999999 1.85
0 -6.0999999 1.95
0 -6.0999999 2.05
0 -6.0999999 2.1500001
0 -6.0999999 2.25
0 -6.0999999 2.3499999
0 -6.0999999 2.45
0 -6 -0.44999999
0 -6 -0.34999999
0 -6 -0.25
0 -6 -0.15000001
0 -6 -0.050000001
0 -6 0.050000001
0 -6 0.15000001
0 -6 0.25
0 -6 0.34999999
0 -6 0.44999999
0 -6 0.55000001
0 -6 0.64999998
0 -6 0.75
0 -6 0.85000002
0 -6 0.94999999
0 -6 1.05
0 -6 1.15
0 -6 1.25
0 -6 1.35
0 -6 1.45
0 -6 1.55
0 -6 1.65
0 -6 1.75
0 -6 1.85
0 -6 1.95
0 -6 2.05
0 -6 2.1500001
0 -6 2.25
0 -6 2.3499999
0 -6 2.45
0 -5.9000001 -0.44999999
0 -5.9000001 -0.34999999
0 -5.9000001 -0.25
0 -5.9000001 -0.15000001
0 -5.9000001 -0.050000001
0 -5.9000001 0.050000001
0 -5.9000001 0.15000001
0 -5.9000001 0.25
0 -5.9000001 0.34999999
0 -5.9000001 0.44999999
0 -5.9000001 0.55000001
0 -5.9000001 0.64999998
0 -5.9000001 0.75
0 -5.9000001 0.85000002
0 -5.9000001 0.94999999
0 -5.9000001 1.05
0 -5.9000001 1.15
0 -5.9000001 1.25
0 -5.9000001 1.35
0 -5.9000001 1.45
0 -5.9000001 1.55
0 -5.9000001 1.65
0 -5.9000001 1.75
0 -5.9000001 1.85
0 -5.9000001 1.95
0 -5.9000001 2.05
0 -5.9000001 2.1500001
0 -5.9000001 2.25
0 -5.9000001 2.3499999
0 -5.9000001 2.45
0.1 -6.0999999 -0.44999999
0.1 -6.0999999 -0.34999999
0.1 -6.0999999 -0.25
0.1 -6.0999999 -0.15000001
0.1 -6.0999999 -0.050000001
0.1 -6.0999999 0.050000001
0.1 -6.0999999 0.15000001
0.1 -6.0999999 0.25
0.1 -6.0999999 0.34999999
0.1 -6.0999999 0.44999999
0.1 -6.0999999 0.55000001
0.1 -6.0999999 0.64999998
0.1 -6.0999999 0.75
0.1 -6.0999999 0.85000002
0.1 -6.0999999 0.94999999
0.1 -6.0999999 1.05
0.1 -6.0999999 1.15
0.1 -6.0999999 1.25
0.1 -6.0999999 1.35
0.1 -6.0999999 1.45
0.1 -6.0999999 1.55
0.1 -6.0999999 1.65
0.1 -6.0999999 1.75
0.1 -6.0999999 1.85
0.1 -6.0999999 1.95
0.1 -6.0999999 2.05
0.1 -6.0999999 2.1500001
0.1 -6.0999999 2.25
0.1 -6.0999999 2.3499999
0.1 -6.0999999 2.45
0.1 -6 -0.44999999
0.1 -6 -0.34999999
0.1 -6 -0.25
0.1 -6 -0.15000001
0.1 -6 -0.050000001
0.1 -6 0.050000001
0.1 -6 0.15000001
0.1 -6 0.25
0.1 -6 0.34999999
0.1 -6 0.44999999
0.1 -6 0.55000001
0.1 -6 0.64999998
0.1 -6 0.75
0.1 -6 0.85000002
0.1 -6 0.94999999
0.1 -6 1.05
0.1 -6 1.15
0.1 -6 1.25
0.1 -6 1.35
0.1 -6 1.45
0.1 -6 1.55
0.1 -6 1.65
0.1 -6 1.75
0.1 -6 1.85
0.1 -6 1.95
0.1 -6 2.05
0.1 -6 2.1500001
0.1 -6 2.25
0.1 -6 2.3499999
0.1 -6 2.45
0.1 -5.9000001 -0.44999999
0.1 -5.9000001 -0.34999999
0.1 -5.9000001 -0.25
0.1 -5.9000001 -0.15000001
0.1 -5.9000001 -0.050000001
0.1 -5.9000001 0.050000001
0.1 -5.9000001 0.15000001
0.1 -5.9000001 0.25
0.1 -5.9000001 0.34999999
0.1 -5.9000001 0.44999999
0.1 -5.9000001 0.55000001
0.1 -5.9000001 0.64999998
0.1 -5.9000001 0.75
0.1 -5.9000001 0.85000002
0.1 -5.9000001 0.94999999
0.1 -5.9000001 1.05
0.1 -5.9000001 1.15
0.1 -5.9000001 1.25
0.1 -5.9000001 1.35
0.1 -5.9000001 1.45
0.1 -5.9000001 1.55
0.1 -5.9000001 1.65
0.1 -5.9000001 1.75
0.1 -5.9000001 1.85
0.1 -5.9000001 1.95
0.1 -5.9000001 2.05
0.1 -5.9000001 2.1500001
0.1 -5.9000001 2.25
0.1 -5.9000001 2.3499999
0.1 -5.9000001 2.45
0.2 -6.0999999 -0.44999999
0.2 -6.0999999 -0.34999999
0.2 -6.0999999 -0.25
0.2 -6.0999999 -0.15000001
0.2 -6.0999999 -0.050000001
0.2 -6.0999999 0.050000001
0.2 -6.0999999 0.15000001
0.2 -6.0999999 0.25
0.2 -6.0999999 0.34999999
0.2 -6.0999999 0.44999999
0.2 -6.0999999 0.55000001
0.2 -6.0999999 0.64999998
0.2 -6.0999999 0.75
0.2 -6.0999999 0.85000002
0.2 -6.0999999 0.94999999
0.2 -6.0999999 1.05
0.2 -6.0999999 1.15
0.2 -6.0999999 1.25
0.2 -6.0999999 1.35
0.2 -6.0999999 1.45
0.2 -6.0999999 1.55
0.2 -6.0999999 1.65
0.2 -6.0999999 1.75
0.2 -6.0999999 1.85
0.2 -6.0999999 1.95
0.2 -6.0999999 2.05
0.2 -6.0999999 2.1500001
0.2 -6.0999999 2.25
0.2 -6.0999999 2.3499999
0.2 -6.0999999 2.45
0.2 -6 -0.44999999
0.2 -6 -0.34999999
0.2 -6 -0.25
0.2 -6 -0.15000001
0.2 -6 -0.050000001
0.2 -6 0.050000001
0.2 -6 0.15000001
0.2 -6 0.25
0.2 -6 0.34999999
0.2 -6 0.44999999
0.2 -6 0.55000001
0.2 -6 0.64999998
0.2 -6 0.75
0.2 -6 0.85000002
0.2 -6 0.94999999
0.2 -6 1.05
0.2 -6 1.15
0.2 -6 1.25
0.2 -6 1.35
0.2 -6 1.45
0.2 -6 1.55
0.2 -6 1.65
0.2 -6 1.75
0.2 -6 1.85
0.2 -6 1.95
0.2 -6 2.05
0.2 -6 2.1500001
0.2 -6 2.25
0.2 -6 2.3499999
0.2 -6 2.45
0.2 -5.9000001 -0.44999999
0.2 -5.9000001 -0.34999999
0.2 -5.9000001 -0.25
0.2 -5.9000001 -0.15000001
0.2 -5.9000001 -0.050000001
0.2 -5.9000001 0.050000001
0.2 -5.9000001 0.15000001
0.2 -5.9000001 0.25
0.2 -5.9000001 0.34999999
0.2 -5.9000001 0.44999999
0.2 -5.9000001 0.55000001
0.2 -5.9000001 0.64999998
0.2 -5.9000001 0.75
0.2 -5.9000001 0.85000002
0.2 -5.9000001 0.94999999
0.2 -5.9000001 1.05
0.2 -5.9000001 1.15
0.2 -5.9000001 1.25
0.2 -5.9000001 1.35
0.2 -5.9000001 1.45
0.2 -5.9000001 1.55
0.2 -5.9000001 1.65
0.2 -5.9000001 1.75
0.2 -5.9000001 1.85
0.2 -5.9000001 1.95
0.2 -5.9000001 2.05
0.2 -5.9000001 2.1500001
0.2 -5.9000001 2.25
0.2 -5.9000001 2.3499999
0.2 -5.9000001 2.45
0.30000001 -6.0999999 -0.44999999
0.30000001 -6.0999999 -0.34999999
0.30000001 -6.0999999 -0.25
0.30000001 -6.0999999 -0.15000001
0.30000001 -6.0999999 -0.050000001
0.30000001 -6.0999999 0.050000001
0.30000001 -6.0999999 0.15000001
0.30000001 -6.0999999 0.25
0.30000001 -6.0999999 0.34999999
0.30000001 -6.0999999 0.44999999
0.30000001 -6.0999999 0.55000001
0.30000001 -6.0999999 0.64999998
0.30000001 -6.0999999 0.75
0.30000001 -6.0999999 0.85000002
0.30000001 -6.0999999 0.94999999
0.30000001 -6.0999999 1.05
0.30000001 -6.0999999 1.15
0.30000001 -6.0999999 1.25
0.30000001 -6.0999999 1.35
0.30000001 -6.0999999 1.45
0.30000001 -6.0999999 1.55
0.30000001 -6.0999999 1.65
0.30000001 -6.0999999 1.75
0.30000001 -6.0999999 1.85
0.30000001 -6.0999999 1.95
0.30000001 -6.0999999 2.05
0.30000001 -6.0999999 2.1500001
0.30000001 -6.0999999 2.25
0.30000001 -6.0999999 2.3499999
0.30000001 -6.0999999 2.45
0.30000001 -6 -0.44999999
0.30000001 -6 -0.34999999
0.30000001 -6 -0.25
0.30000001 -6 -0.15000001
0.30000001 -6 -0.050000001
0.30000001 -6 0.050000001
0.30000001 -6 0.15000001
0.30000001 -6 0.25
0.30000001 -6 0.34999999
0.30000001 -6 0.44999999
0.30000001 -6 0.55000001
0.30000001 -6 0.64999998
0.30000001 -6 0.75
0.30000001 -6 0.85000002
0.30000001 -6 0.94999999
0.30000001 -6 1.05
0.30000001 -6 1.15
0.30000001 -6 1.25
0.30000001 -6 1.35
0.30000001 -6 1.45
0.30000001 -6 1.55
0.30000001 -6 1.65
0.30000001 -6 1.75
0.30000001 -6 1.85
0.30000001 -6 1.95
0.30000001 -6 2.05
0.30000001 -6 2.1500001
0.30000001 -6 2.25
0.30000001 -6 2.3499999
0.30000001 -6 2.45
0.30000001 -5.9000001 -0.44999999
0.30000001 -5.9000001 -0.34999999
0.30000001 -5.9000001 -0.25
0.30000001 -5.9000001 -0.15000001
0.30000001 -5.9000001 -0.050000001
0.30000001 -5.9000001 0.050000001
0.30000001 -5.9000001 0.15000001
0.30000001 -5.9000001 0.25
0.30000001 -5.9000001 0.34999999
0.30000001 -5.9000001 0.44999999
0.30000001 -5.9000001 0.55000001
0.30000001 -5.9000001 0.64999998
0.30000001 -5.9000001 0.75
0.30000001 -5.9000001 0.85000002
0.30000001 -5.9000001 0.94999999
0.30000001 -5.9000001 1.05
0.30000001 -5.9000001 1.15
0.30000001 -5.9000001 1.25
0.30000001 -5.9000001 1.35
0.30000001 -5.9000001 1.45
0.30000001 -5.9000001 1.55
0.30000001 -5.9000001 1.65
0.30000001 -5.9000001 1.75
0.30000001 -5.9000001 1.85
0.30000001 -5.9000001 1.95
0.30000001 -5.9000001 2.05
0.30000001 -5.9000001 2.1500001
0.30000001 -5.9000001 2.25
0.30000001 -5.9000001 2.3499999
0.30000001 -5.9000001 2.45
0.40000001 -6.0999999 -0.44999999
0.40000001 -6.0999999 -0.34999999
0.40000001 -6.0999999 -0.25
0.40000001 -6.0999999 -0.15000001
0.40000001 -6.0999999 -0.050000001
0.40000001 -6.0999999 0.050000001
0.40000001 -6.0999999 0.15000001
0.40000001 -6.0999999 0.25
0.40000001 -6.0999999 0.34999999
0.40000001 -6.0999999 0.44999999
0.40000001 -6.0999999 0.55000001
0.40000001 -6.0999999 0.64999998
0.40000001 -6.0999999 0.75
0.40000001 -6.0999999 0.85000002
0.40000001 -6.0999999 0.94999999
0.40000001 -6.0999999 1.05
0.40000001 -6.0999999 1.15
0.40000001 -6.0999999 1.25
0.40000001 -6.0999999 1.35
0.40000001 -6.0999999 1.45
0.40000001 -6.0999999 1.55
0.40000001 -6.0999999 1.65
0.40000001 -6.0999999 1.75
0.40000001 -6.0999999 1.85
0.40000001 -6.0999999 1.95
0.40000001 -6.0999999 2.05
0.40000001 -6.0999999 2.1500001
0.40000001 -6.0999999 2.25
0.40000001 -6.0999999 2.3499999
0.40000001 -6.0999999 2.45
0.40000001 -6 -0.44999999
0.40000001 -6 -0.34999999
0.40000001 -6 -0.25
0.40000001 -6 -0.15000001
0.40000001 -6 -0.050000001
0.40000001 -6 0.050000001
0.40000001 -6 0.15000001
0.40000001 -6 0.25
0.40000001 -6 0.34999999
0.40000001 -6 0.44999999
0.40000001 -6 0.55000001
0.40000001 -6 0.64999998
0.40000001 -6 0.75
0.40000001 -6 0.85000002
0.40000001 -6 0.94999999
0.40000001 -6 1.05
0.40000001 -6 1.15
0.40000001 -6 1.25
0.40000001 -6 1.35
0.40000001 -6 1.45
0.40000001 -6 1.55
0.40000001 -6 1.65
0.40000001 -6 1.75
0.40000001 -6 1.85
0.40000001 -6 1.95
0.40000001 -6 2.05
0.40000001 -6 2.1500001
0.40000001 -6 2.25
0.40000001 -6 2.3499999
0.40000001 -6 2.45
0.40000001 -5.9000001 -0.44999999
0.40000001 -5.9000001 -0.34999999
0.40000001 -5.9000001 -0.25
0.40000001 -5.9000001 -0.15000001
0.40000001 -5.9000001 -0.050000001
0.40000001 -5.9000001 0.050000001
0.40000001 -5.9000001 0.15000001
0.40000001 -5.9000001 0.25
0.40000001 -5.9000001 0.34999999
0.40000001 -5.9000001 0.44999999
0.40000001 -5.9000001 0.55000001
0.40000001 -5.9000001 0.64999998
0.40000001 -5.9000001 0.75
0.40000001 -5.9000001 0.85000002
0.40000001 -5.9000001 0.94999999
0.40000001 -5.9000001 1.05
0.40000001 -5.9000001 1.15
0.40000001 -5.9000001 1.25
0.40000001 -5.9000001 1.35
0.40000001 -5.9000001 1.45
0.40000001 -5.9000001 1.55
0.40000001 -5.9000001 1.65
0.40000001 -5.9000001 1.75
0.40000001 -5.9000001 1.85
0.40000001 -5.9000001 1.95
0.40000001 -5.9000001 2.05
0.40000001 -5.9000001 2.1500001
0.40000001 -5.9000001 2.25
0.40000001 -5.9000001 2.3499999
0.40000001 -5.9000001 2.45
0.5 -6.0999999 -0.44999999
0.5 -6.0999999 -0.34999999
0.5 -6.0999999 -0.25
0.5 -6.0999999 -0.15000001
0.5 -6.0999999 -0.050000001
0.5 -6.0999999 0.050000001
0.5 -6.0999999 0.15000001
0.5 -6.0999999 0.25
0.5 -6.0999999 0.34999999
0.5 -6.0999999 0.44999999
0.5 -6.0999999 0.55000001
0.5 -6.0999999 0.64999998
0.5 -6.0999999 0.75
0.5 -6.0999999 0.85000002
0.5 -6.0999999 0.94999999
0.5 -6.0999999 1.05
0.5 -6.0999999 1.15
0.5 -6.0999999 1.25
0.5 -6.0999999 1.35
0.5 -6.0999999 1.45
0.5 -6.0999999 1.55
0.5 -6.0999999 1.65
0.5 -6.0999999 1.75
0.5 -6.0999999 1.85
0.5 -6.0999999 1.95
0.5 -6.0999999 2.05
0.5 -6.0999999 2.1500001
0.5 -6.0999999 2.25
0.5 -6.0999999 2.3499999
0.5 -6.0999999 2.45
0.5 -6 -0.44999999
0.5 -6 -0.34999999
0.5 -6 -0.25
0.5 -6 -0.15000001
0.5 -6 -0.050000001
0.5 -6 0.050000001
0.5 -6 0.15000001
0.5 -6 0.25
0.5 -6 0.34999999
0.5 -6 0.44999999
0.5 -6 0.55000001
0.5 -6 0.64999998
0.5 -6 0.75
0.5 -6 0.85000002
0.5 -6 0.94999999
0.5 -6 1.05
0.5 -6 1.15
0.5 -6 1.25
0.5 -6 1.35
0.5 -6 1.45
0.5 -6 1.55
0.5 -6 1.65
0.5 -6 1.75
0.5 -6 1.85
0.5 -6 1.95
0.5 -6 2.05
0.5 -6 2.1500001
0.5 -6 2.25
0.5 -6 2.3499999
0.5 -6 2.45
0.5 -5.9000001 -0.44999999
0.5 -5.9000001 -0.34999999
0.5 -5.9000001 -0.25
0.5 -5.9000001 -0.15000001
0.5 -5.9000001 -0.050000001
0.5 -5.9000001 0.050000001
0.5 -5.9000001 0.15000001
0.5 -5.9000001 0.25
0.5 -5.9000001 0.34999999
0.5 -5.9000001 0.44999999
0.5 -5.9000001 0.55000001
0.5 -5.9000001 0.64999998
0.5 -5.9000001 0.75
0.5 -5.9000001 0.85000002
0.5 -5.9000001 0.94999999
0.5 -5.9000001 1.05
0.5 -5.9000001 1.15
0.5 -5.9000001 1.25
0.5 -5.9000001 1.35
0.5 -5.9000001 1.45
0.5 -5.9000001 1.55
0.5 -5.9000001 1.65
0.5 -5.9000001 1.75
0.5 -5.9000001 1.85
0.5 -5.9000001 1.95
0.5 -5.9000001 2.05
0.5 -5.9000001 2.1500001
0.5 -5.9000001 2.25
0.5 -5.9000001 2.3499999
0.5 -5.9000001 2.45
0.60000002 -6.0999999 -0.44999999
0.60000002 -6.0999999 -0.34999999
0.60000002 -6.0999999 -0.25
0.60000002 -6.0999999 -0.15000001
0.60000002 -6.0999999 -0.050000001
0.60000002 -6.0999999 0.050000001
0.60000002 -6.0999999 0.15000001
0.60000002 -6.0999999 0.25
0.60000002 -6.0999999 0.34999999
0.60000002 -6.0999999 0.44999999
0.60000002 -6.0999999 0.55000001
0.60000002 -6.0999999 0.64999998
0.60000002 -6.0999999 0.75
0.60000002 -6.0999999 0.85000002
0.60000002 -6.0999999 0.94999999
0.60000002 -6.0999999 1.05
0.60000002 -6.0999999 1.15
0.60000002 -6.0999999 1.25
0.60000002 -6.0999999 1.35
0.60000002 -6.0999999 1.45
0.60000002 -6.0999999 1.55
0.60000002 -6.0999999 1.65
0.60000002 -6.0999999 1.75
0.60000002 -6.0999999 1.85
0.60000002 -6.0999999 1.95
0.60000002 -6.0999999 2.05
0.60000002 -6.0999999 2.1500001
0.60000002 -6.0999999 2.25
0.60000002 -6.0999999 2.3499999
0.60000002 -6.0999999 2.45
0.60000002 -6 -0.44999999
0.60000002 -6 -0.34999999
0.60000002 -6 -0.25
0.60000002 -6 -0.15000001
0.60000002 -6 -0.050000001
0.60000002 -6 0.050000001
0.60000002 -6 0.15000001
0.60000002 -6 0.25
0.60000002 -6 0.34999999
0.60000002 -6 0.44999999
0.60000002 -6 0.55000001
0.60000002 -6 0.64999998
0.60000002 -6 0.75
0.60000002 -6 0.85000002
0.60000002 -6 0.94999999
0.60000002 -6 1.05
0.60000002 -6 1.15
0.60000002 -6 1.25
0.60000002 -6 1.35
0.60000002 -6 1.45
0.60000002 -6 1.55
0.60000002 -6 1.65
0.60000002 -6 1.75
0.60000002 -6 1.85
0.60000002 -6 1.95
0.60000002 -6 2.05
0.60000002 -6 2.1500001
0.60000002 -6 2.25
0.60000002 -6 2.3499999
0.60000002 -6 2.45
0.60000002 -5.9000001 -0.44999999
0.60000002 -5.9000001 -0.34999999
0.60000002 -5.9000001 -0.25
0.60000002 -5.9000001 -0.15000001
0.60000002 -5.9000001 -0.050000001
0.60000002 -5.9000001 0.050000001
0.60000002 -5.9000001 0.15000001
0.60000002 -5.9000001 0.25
0.60000002 -5.9000001 0.34999999
0.60000002 -5.9000001 0.44999999
0.60000002 -5.9000001 0.55000001
0.60000002 -5.9000001 0.64999998
0.60000002 -5.9000001 0.75
0.60000002 -5.9000001 0.85000002
0.60000002 -5.9000001 0.94999999
0.60000002 -5.9000001 1.05
0.60000002 -5.9000001 1.15
0.60000002 -5.9000001 1.25
0.60000002 -5.9000001 1.35
0.60000002 -5.9000001 1.45
0.60000002 -5.9000001 1.55
0.60000002 -5.9000001 1.65
0.60000002 -5.9000001 1.75
0.60000002 -5.9000001 1.85
0.60000002 -5.9000001 1.95
0.60000002 -5.9000001 2.05
0.60000002 -5.9000001 2.1500001
0.60000002 -5.9000001 2.25
0.60000002 -5.9000001 2.3499999
0.60000002 -5.9000001 2.45
0.69999999 -6.0999999 -0.44999999
0.69999999 -6.0999999 -0.34999999
0.69999999 -6.0999999 -0.25
0.69999999 -6.0999999 -0.15000001
0.69999999 -6.0999999 -0.050000001
0.69999999 -6.0999999 0.050000001
0.69999999 -6.0999999 0.15000001
0.69999999 -6.0999999 0.25
0.69999999 -6.0999999 0.34999999
0.69999999 -6.0999999 0.44999999
0.69999999 -6.0999999 0.55000001
0.69999999 -6.0999999 0.64999998
0.69999999 -6.0999999 0.75
0.69999999 -6.0999999 0.85000002
0.69999999 -6.0999999 0.94999999
0.69999999 -6.0999999 1.05
0.69999999 -6.0999999 1.15
0.69999999 -6.0999999 1.25
0.69999999 -6.0999999 1.35
0.69999999 -6.0999999 1.45
0.69999999 -6.0999999 1.55
0.69999999 -6.0999999 1.65
0.69999999 -6.0999999 1.75
0.69999999 -6.0999999 1.85
0.69999999 -6.0999999 1.95
0.69999999 -6.0999999 2.05
0.69999999 -6.0999999 2.1500001
0.69999999 -6.0999999 2.25
0.69999999 -6.0999999 2.3499999
0.69999999 -6.0999999 2.45
0.69999999 -6 -0.44999999
0.69999999 -6 -0.34999999
0.69999999 -6 -0.25
0.69999999 -6 -0.15000001
0.69999999 -6 -0.050000001
0.69999999 -6 0.050000001
0.69999999 -6 0.15000001
0.69999999 -6 0.25
0.69999999 -6 0.34999999
0.69999999 -6 0.44999999
0.69999999 -6 0.55000001
0.69999999 -6 0.64999998
0.69999999 -6 0.75
0.69999999 -6 0.85000002
0.69999999 -6 0.94999999
0.69999999 -6 1.05
0.69999999 -6 1.15
0.69999999 -6 1.25
0.69999999 -6 1.35
0.69999999 -6 1.45
0.69999999 -6 1.55
0.69999999 -6 1.65
0.69999999 -6 1.75
0.69999999 -6 1.85
0.69999999 -6 1.95
0.69999999 -6 2.05
0.69999999 -6 2.1500001
0.69999999 -6 2.25
0.69999999 -6 2.3499999
0.69999999 -6 2.45
0.69999999 -5.9000001 -0.44999999
0.69999999 -5.9000001 -0.34999999
0.69999999 -5.9000001 -0.25
0.69999999 -5.9000001 -0.15000001
0.69999999 -5.9000001 -0.050000001
0.69999999 -5.9000001 0.050000001
0.69999999 -5.9000001 0.15000001
0.69999999 -5.9000001 0.25
0.69999999 -5.9000001 0.34999999
0.69999999 -5.9000001 0.44999999
0.69999999 -5.9000001 0.55000001
0.69999999 -5.9000001 0.64999998
0.69999999 -5.9000001 0.75
0.69999999 -5.9000001 0.85000002
0.69999999 -5.9000001 0.94999999
0.69999999 -5.9000001 1.05
0.69999999 -5.9000001 1.15
0.69999999 -5.9000001 1.25
0.69999999 -5.9000001 1.35
0.69999999 -5.9000001 1.45
0.69999999 -5.9000001 1.55
0.69999999 -5.9000001 1.65
0.69999999 -5.9000001 1.75
0.69999999 -5.9000001 1.85
0.69999999 -5.9000001 1.95
0.69999999 -5.9000001 2.05
0.69999999 -5.9000001 2.1500001
0.69999999 -5.9000001 2.25
0.69999999 -5.9000001 2.3499999
0.69999999 -5.9000001 2.45
0.80000001 -6.0999999 -0.44999999
0.80000001 -6.0999999 -0.34999999
0.80000001 -6.0999999 -0.25
0.80000001 -6.0999999 -0.15000001
0.80000001 -6.0999999 -0.050000001
0.80000001 -6.0999999 0.050000001
0.80000001 -6.0999999 0.15000001
0.80000001 -6.0999999 0.25
0.80000001 -6.0999999 0.34999999
0.80000001 -6.0999999 0.44999999
0.80000001 -6.0999999 0.55000001
0.80000001 -6.0999999 0.64999998
0.80000001 -6.0999999 0.75
0.80000001 -6.0999999 0.85000002
0.80000001 -6.0999999 0.94999999
0.80000001 -6.0999999 1.05
0.80000001 -6.0999999 1.15
0.80000001 -6.0999999 1.25
0.80000001 -6.0999999 1.35
0.80000001 -6.0999999 1.45
0.80000001 -6.0999999 1.55
0.80000001 -6.0999999 1.65
0.80000001 -6.0999999 1.75
0.80000001 -6.0999999 1.85
0.80000001 -6.0999999 1.95
0.80000001 -6.0999999 2.05
0.80000001 -6.0999999 2.1500001
0.80000001 -6.0999999 2.25
0.80000001 -6.0999999 2.3499999
0.80000001 -6.0999999 2.45
0.80000001 -6 -0.44999999
0.80000001 -6 -0.34999999
0.80000001 -6 -0.25
0.80000001 -6 -0.15000001
0.80000001 -6 -0.050000001
0.80000001 -6 0.050000001
0.80000001 -6 0.15000001
0.80000001 -6 0.25
0.80000001 -6 0.34999999
0.80000001 -6 0.44999999
0.80000001 -6 0.55000001
0.80000001 -6 0.64999998
0.80000001 -6 0.75
0.80000001 -6 0.85000002
0.80000001 -6 0.94999999
0.80000001 -6 1.05
0.80000001 -6 1.15
0.80000001 -6 1.25
0.80000001 -6 1.35
0.80000001 -6 1.45
0.80000001 -6 1.55
0.80000001 -6 1.65
0.80000001 -6 1.75
0.80000001 -6 1.85
0.80000001 -6 1.95
0.80000001 -6 2.05
0.80000001 -6 2.1500001
0.80000001 -6 2.25
0.80000001 -6 2.3499999
0.80000001 -6 2.45
0.80000001 -5.9000001 -0.44999999
0.80000001 -5.9000001 -0.34999999
0.80000001 -5.9000001 -0.25
0.80000001 -5.9000001 -0.15000001
0.80000001 -5.9000001 -0.050000001
0.80000001 -5.9000001 0.050000001
0.80000001 -5.9000001 0.15000001
0.80000001 -5.9000001 0.25
0.80000001 -5.9000001 0.34999999
0.80000001 -5.9000001 0.44999999
0.80000001 -5.9000001 0.55000001
0.80000001 -5.9000001 0.64999998
0.80000001 -5.9000001 0.75
0.80000001 -5.9000001 0.85000002
0.80000001 -5.9000001 0.94999999
0.80000001 -5.9000001 1.05
0.80000001 -5.9000001 1.15
0.80000001 -5.9000001 1.25
0.80000001 -5.9000001 1.35
0.80000001 -5.9000001 1.45
0.80000001 -5.9000001 1.55
0.80000001 -5.9000001 1.65
0.80000001 -5.9000001 1.75
0.80000001 -5.9000001 1.85
0.80000001 -5.9000001 1.95
0.80000001 -5.9000001 2.05
0.80000001 -5.9000001 2.1500001
0.80000001 -5.9000001 2.25
0.80000001 -5.9000001 2.3499999
0.80000001 -5.9000001 2.45
0.89999998 -6.0999999 -0.44999999
0.89999998 -6.0999999 -0.34999999
0.89999998 -6.0999999 -0.25
0.89999998 -6.0999999 -0.15000001
0.89999998 -6.0999999 -0.050000001
0.89999998 -6.0999999 0.050000001
0.89999998 -6.0999999 0.15000001
0.89999998 -6.0999999 0.25
0.89999998 -6.0999999 0.34999999
0.89999998 -6.0999999 0.44999999
0.89999998 -6.0999999 0.55000001
0.89999998 -6.0999999 0.64999998
0.89999998 -6.0999999 0.75
0.89999998 -6.0999999 0.85000002
0.89999998 -6.0999999 0.94999999
0.89999998 -6.0999999 1.05
0.89999998 -6.0999999 1.15
0.89999998 -6.0999999 1.25
0.89999998 -6.0999999 1.35
0.89999998 -6.0999999 1.45
0.89999998 -6.0999999 1.55
0.89999998 -6.0999999 1.65
0.89999998 -6.0999999 1.75
0.89999998 -6.0999999 1.85
0.89999998 -6.0999999 1.95
0.89999998 -6.0999999 2.05
0.89999998 -6.0999999 2.1500001
0.89999998 -6.0999999 2.25
0.89999998 -6.0999999 2.3499999
0.89999998 -6.0999999 2.45
0.89999998 -6 -0.44999999
0.89999998 -6 -0.34999999
0.89999998 -6 -0.25
0.89999998 -6 -0.15000001
0.89999998 -6 -0.050000001
0.89999998 -6 0.050000001
0.89999998 -6 0.15000001
0.89999998 -6 0.25
0.89999998 -6 0.34999999
0.89999998 -6 0.44999999
0.89999998 -6 0.55000001
0.89999998 -6 0.64999998
0.89999998 -6 0.75
0.89999998 -6 0.85000002
0.89999998 -6 0.94999999
0.89999998 -6 1.05
0.89999998 -6 1.15
0.89999998 -6 1.25
0.89999998 -6 1.35
0.89999998 -6 1.45
0.89999998 -6 1.55
0.89999998 -6 1.65
0.89999998 -6 1.75
0.89999998 -6 1.85
0.89999998 -6 1.95
0.89999998 -6 2.05
0.89999998 -6 2.1500001
0.89999998 -6 2.25
0.89999998 -6 2.3499999
0.89999998 -6 2.45
0.89999998 -5.9000001 -0.44999999
0.89999998 -5.9000001 -0.34999999
0.89999998 -5.9000001 -0.25
0.89999998 -5.9000001 -0.15000001
0.89999998 -5.9000001 -0.050000001
0.89999998 -5.9000001 0.050000001
0.89999998 -5.9000001 0.15000001
0.89999998 -5.9000001 0.25
0.89999998 -5.9000001 0.34999999
0.89999998 -5.9000001 0.44999999
0.89999998 -5.9000001 0.55000001
0.89999998 -5.9000001 0.64999998
0.89999998 -5.9000001 0.75
0.89999998 -5.9000001 0.85000002
0.89999998 -5.9000001 0.94999999
0.89999998 -5.9000001 1.05
0.89999998 -5.9000001 1.15
0.89999998 -5.9000001 1.25
0.89999998 -5.9000001 1.35
0.89999998 -5.9000001 1.45
0.89999998 -5.9000001 1.55
0.89999998 -5.9000001 1.65
0.89999998 -5.9000001 1.75
0.89999998 -5.9000001 1.85
0.89999998 -5.9000001 1.95
0.89999998 -5.9000001 2.05
0.89999998 -5.9000001 2.1500001
0.89999998 -5.9000001 2.25
0.89999998 -5.9000001 2.3499999
0.89999998 -5.9000001 2.45
1 -6.0999999 -0.44999999
1 -6.0999999 -0.34999999
1 -6.0999999 -0.25
1 -6.0999999 -0.15000001
1 -6.0999999 -0.050000001
1 -6.0999999 0.050000001
1 -6.0999999 0.15000001
1 -6.0999999 0.25
1 -6.0999999 0.34999999
1 -6.0999999 0.44999999
1 -6.0999999 0.55000001
1 -6.0999999 0.64999998
1 -6.0999999 0.75
1 -6.0999999 0.85000002
1 -6.0999999 0.94999999
1 -6.0999999 1.05
1 -6.0999999 1.15
1 -6.0999999 1.25
1 -6.0999999 1.35
1 -6.0999999 1.45
1 -6.0999999 1.55
1 -6.0999999 1.65
1 -6.0999999 1.75
1 -6.0999999 1.85
1 -6.0999999 1.95
1 -6.0999999 2.05
1 -6.0999999 2.1500001
1 -6.0999999 2.25
1 -6.0999999 2.3499999
1 -6.0999999 2.45
1 -6 -0.44999999
1 -6 -0.34999999
1 -6 -0.25
1 -6 -0.15000001
1 -6 -0.050000001
1 -6 0.050000001
1 -6 0.15000001
1 -6 0.25
1 -6 0.34999999
1 -6 0.44999999
1 -6 0.55000001
1 -6 0.64999998
1 -6 0.75
1 -6 0.85000002
1 -6 0.94999999
1 -6 1.05
1 -6 1.15
1 -6 1.25
1 -6 1.35
1 -6 1.45
1 -6 1.55
1 -6 1.65
1 -6 1.75
1 -6 1.85
1 -6 1.95
1 -6 2.05
1 -6 2.1500001
1 -6 2.25
1 -6 2.3499999
1 -6 2.45
1 -5.9000001 -0.44999999
1 -5.9000001 -0.34999999
1 -5.9000001 -0.25
1 -5.9000001 -0.15000001
1 -5.9000001 -0.050000001
1 -5.9000001 0.050000001
1 -5.9000001 0.15000001
1 -5.9000001 0.25
1 -5.9000001 0.34999999
1 -5.9000001 0.44999999
1 -5.9000001 0.55000001
1 -5.9000001 0.64999998
1 -5.9000001 0.75
1 -5.9000001 0.85000002
1 -5.9000001 0.94999999
1 -5.9000001 1.05
1 -5.9000001 1.15
1 -5.9000001 1.25
1 -5.9000001 1.35
1 -5.9000001 1.45
1 -5.9000001 1.55
1 -5.9000001 1.65
1 -5.9000001 1.75
1 -5.9000001 1.85
1 -5.9000001 1.95
1 -5.9000001 2.05
1 -5.9000001 2.1500001
1 -5.9000001 2.25
1 -5.9000001 2.3499999
1 -5.9000001 2.45
1.1 -6.0999999 -0.44999999
1.1 -6.0999999 -0.34999999
1.1 -6.0999999 -0.25
1.1 -6.0999999 -0.15000001
1.1 -6.0999999 -0.050000001
1.1 -6.0999999 0.050000001
1.1 -6.0999999 0.15000001
1.1 -6.0999999 0.25
1.1 -6.0999999 0.34999999
1.1 -6.0999999 0.44999999
1.1 -6.0999999 0.55000001
1.1 -6.0999999 0.64999998
1.1 -6.0999999 0.75
1.1 -6.0999999 0.85000002
1.1 -6.0999999 0.94999999
1.1 -6.0999999 1.05
1.1 -6.0999999 1.15
1.1 -6.0999999 1.25
1.1 -6.0999999 1.35
1.1 -6.0999999 1.45
1.1 -6.0999999 1.55
1.1 -6.0999999 1.65
1.1 -6.0999999 1.75
1.1 -6.0999999 1.85
1.1 -6.0999999 1.95
1.1 -6.0999999 2.05
1.1 -6.0999999 2.1500001
1.1 -6.0999999 2.25
1.1 -6.0999999 2.3499999
1.1 -6.0999999 2.45
1.1 -6 -0.44999999
1.1 -6 -0.34999999
1.1 -6 -0.25
1.1 -6 -0.15000001
1.1 -6 -0.050000001
1.1 -6 0.050000001
1.1 -6 0.15000001
1.1 -6 0.25
1.1 -6 0.34999999
1.1 -6 0.44999999
1.1 -6 0.55000001
1.1 -6 0.64999998
1.1 -6 0.75
1.1 -6 0.85000002
1.1 -6 0.94999999
1.1 -6 1.05
1.1 -6 1.15
1.1 -6 1.25
1.1 -6 1.35
1.1 -6 1.45
1.1 -6 1.55
1.1 -6 1.65
1.1 -6 1.75
1.1 -6 1.85
1.1 -6 1.95
1.1 -6 2.05
1.1 -6 2.1500001
1.1 -6 2.25
1.1 -6 2.3499999
1.1 -6 2.45
1.1 -5.9000001 -0.44999999
1.1 -5.9000001 -0.34999999
1.1 -5.9000001 -0.25
1.1 -5.9000001 -0.15000001
1.1 -5.9000001 -0.050000001
1.1 -5.9000001 0.050000001
1.1 -5.9000001 0.15000001
1.1 -5.9000001 0.25
1.1 -5.9000001 0.34999999
1.1 -5.9000001 0.44999999
1.1 -5.9000001 0.55000001
1.1 -5.9000001 0.64999998
1.1 -5.9000001 0.75
1.1 -5.9000001 0.85000002
1.1 -5.9000001 0.94999999
1.1 -5.9000001 1.05
1.1 -5.9000001 1.15
1.1 -5.9000001 1.25
1.1 -5.9000001 1.35
1.1 -5.9000001 1.45
1.1 -5.9000001 1.55
1.1 -5.9000001 1.65
1.1 -5.9000001 1.75
1.1 -5.9000001 1.85
1.1 -5.9000001 1.95
1.1 -5.9000001 2.05
1.1 -5.9000001 2.1500001
1.1 -5.9000001 2.25
1.1 -5.9000001 2.3499999
1.1 -5.9000001 2.45
1.2 -6.0999999 -0.44999999
1.2 -6.0999999 -0.34999999
1.2 -6.0999999 -0.25
1.2 -6.0999999 -0.15000001
1.2 -6.0999999 -0.050000001
1.2 -6.0999999 0.050000001
1.2 -6.0999999 0.15000001
1.2 -6.0999999 0.25
1.2 -6.0999999 0.34999999
1.2 -6.0999999 0.44999999
1.2 -6.0999999 0.55000001
1.2 -6.0999999 0.64999998
1.2 -6.0999999 0.75
1.2 -6.0999999 0.85000002
1.2 -6.0999999 0.94999999
1.2 -6.0999999 1.05
1.2 -6.0999999 1.15
1.2 -6.0999999 1.25
1.2 -6.0999999 1.35
1.2 -6.0999999 1.45
1.2 -6.0999999 1.55
1.2 -6.0999999 1.65
1.2 -6.0999999 1.75
1.2 -6.0999999 1.85
1.2 -6.0999999 1.95
1.2 -6.0999999 2.05
1.2 -6.0999999 2.1500001
1.2 -6.0999999 2.25
1.2 -6.0999999 2.3499999
1.2 -6.0999999 2.45
1.2 -6 -0.44999999
1.2 -6 -0.34999999
1.2 -6 -0.25
1.2 -6 -0.15000001
1.2 -6 -0.050000001
1.2 -6 0.050000001
1.2 -6 0.15000001
1.2 -6 0.25
1.2 -6 0.34999999
1.2 -6 0.44999999
1.2 -6 0.55000001
1.2 -6 0.64999998
1.2 -6 0.75
1.2 -6 0.85000002
1.2 -6 0.94999999
1.2 -6 1.05
1.2 -6 1.15
1.2 -6 1.25
1.2 -6 1.35
1.2 -6 1.45
1.2 -6 1.55
1.2 -6 1.65
1.2 -6 1.75
1.2 -6 1.85
1.2 -6 1.95
1.2 -6 2.05
1.2 -6 2.1500001
1.2 -6 2.25
1.2 -6 2.3499999
1.2 -6 2.45
1.2 -5.9000001 -0.44999999
1.2 -5.9000001 -0.34999999
1.2 -5.9000001 -0.25
1.2 -5.9000001 -0.15000001
1.2 -5.9000001 -0.050000001
1.2 -5.9000001 0.050000001
1.2 -5.9000001 0.15000001
1.2 -5.9000001 0.25
1.2 -5.9000001 0.34999999
1.2 -5.9000001 0.44999999
1.2 -5.9000001 0.55000001
1.2 -5.9000001 0.64999998
1.2 -5.9000001 0.75
1.2 -5.9000001 0.85000002
1.2 -5.9000001 0.94999999
1.2 -5.9000001 1.05
1.2 -5.9000001 1.15
1.2 -5.9000001 1.25
1.2 -5.9000001 1.35
1.2 -5.9000001 1.45
1.2 -5.9000001 1.55
1.2 -5.9000001 1.65
1.2 -5.9000001 1.75
1.2 -5.9000001 1.85
1.2 -5.9000001 1.95
1.2 -5.9000001 2.05
1.2 -5.9000001 2.1500001
1.2 -5.9000001 2.25
1.2 -5.9000001 2.3499999
1.2 -5.9000001 2.45
1.3 -6.0999999 -0.44999999
1.3 -6.0999999 -0.34999999
1.3 -6.0999999 -0.25
1.3 -6.0999999 -0.15000001
1.3 -6.0999999 -0.050000001
1.3 -6.0999999 0.050000001
1.3 -6.0999999 0.15000001
1.3 -6.0999999 0.25
1.3 -6.0999999 0.34999999
1.3 -6.0999999 0.44999999
1.3 -6.0999999 0.55000001
1.3 -6.0999999 0.64999998
1.3 -6.0999999 0.75
1.3 -6.0999999 0.85000002
1.3 -6.0999999 0.94999999
1.3 -6.0999999 1.05
1.3 -6.0999999 1.15
1.3 -6.0999999 1.25
1.3 -6.0999999 1.35
1.3 -6.0999999 1.45
1.3 -6.0999999 1.55
1.3 -6.0999999 1.65
1.3 -6.0999999 1.75
1.3 -6.0999999 1.85
1.3 -6.0999999 1.95
1.3 -6.0999999 2.05
1.3 -6.0999999 2.1500001
1.3 -6.0999999 2.25
1.3 -6.0999999 2.3499999
1.3 -6.0999999 2.45
1.3 -6 -0.44999999
1.3 -6 -0.34999999
1.3 -6 -0.25
1.3 -6 -0.15000001
1.3 -6 -0.050000001
1.3 -6 0.050000001
1.3 -6 0.15000001
1.3 -6 0.25
1.3 -6 0.34999999
1.3 -6 0.44999999
1.3 -6 0.55000001
1.3 -6 0.64999998
1.3 -6 0.75
1.3 -6 0.85000002
1.3 -6 0.94999999
1.3 -6 1.05
1.3 -6 1.15
1.3 -6 1.25
1.3 -6 1.35
1.3 -6 1.45
1.3 -6 1.55
1.3 -6 1.65
1.3 -6 1.75
1.3 -6 1.85
1.3 -6 1.95
1.3 -6 2.05
1.3 -6 2.1500001
1.3 -6 2.25
1.3 -6 2.3499999
1.3 -6 2.45
1.3 -5.9000001 -0.44999999
1.3 -5.9000001 -0.34999999
1.3 -5.9000001 -0.25
1.3 -5.9000001 -0.15000001
1.3 -5.9000001 -0.050000001
1.3 -5.9000001 0.050000001
1.3 -5.9000001 0.15000001
1.3 -5.9000001 0.25
1.3 -5.9000001 0.34999999
1.3 -5.9000001 0.44999999
1.3 -5.9000001 0.55000001
1.3 -5.9000001 0.64999998
1.3 -5.9000001 0.75
1.3 -5.9000001 0.85000002
1.3 -5.9000001 0.94999999
1.3 -5.9000001 1.05
1.3 -5.9000001 1.15
1.3 -5.9000001 1.25
1.3 -5.9000001 1.35
1.3 -5.9000001 1.45
1.3 -5.9000001 1.55
1.3 -5.9000001 1.65
1.3 -5.9000001 1.75
1.3 -5.9000001 1.85
1.3 -5.9000001 1.95
1.3 -5.9000001 2.05
1.3 -5.9000001 2.1500001
1.3 -5.9000001 2.25
1.3 -5.9000001 2.3499999
1.3 -5.9000001 2.45
1.4 -6.0999999 -0.44999999
1.4 -6.0999999 -0.34999999
1.4 -6.0999999 -0.25
1.4 -6.0999999 -0.15000001
1.4 -6.0999999 -0.050000001
1.4 -6.0999999 0.050000001
1.4 -6.0999999 0.15000001
1.4 -6.0999999 0.25
1.4 -6.0999999 0.34999999
1.4 -6.0999999 0.44999999
1.4 -6.0999999 0.55000001
1.4 -6.0999999 0.64999998
1.4 -6.0999999 0.75
1.4 -6.0999999 0.85000002
1.4 -6.0999999 0.94999999
1.4 -6.0999999 1.05
1.4 -6.0999999 1.15
1.4 -6.0999999 1.25
1.4 -6.0999999 1.35
1.4 -6.0999999 1.45
1.4 -6.0999999 1.55
1.4 -6.0999999 1.65
1.4 -6.0999999 1.75
1.4 -6.0999999 1.85
1.4 -6.0999999 1.95
1.4 -6.0999999 2.05
1.4 -6.0999999 2.1500001
1.4 -6.0999999 2.25
1.4 -6.0999999 2.3499999
1.4 -6.0999999 2.45
1.4 -6 -0.44999999
1.4 -6 -0.34999999
1.4 -6 -0.25
1.4 -6 -0.15000001
1.4 -6 -0.050000001
1.4 -6 0.050000001
1.4 -6 0.15000001
1.4 -6 0.25
1.4 -6 0.34999999
1.4 -6 0.44999999
1.4 -6 0.55000001
1.4 -6 0.64999998
1.4 -6 0.75
1.4 -6 0.85000002
1.4 -6 0.94999999
1.4 -6 1.05
1.4 -6 1.15
1.4 -6 1.25
1.4 -6 1.35
1.4 -6 1.45
1.4 -6 1.55
1.4 -6 1.65
1.4 -6 1.75
1.4 -6 1.85
1.4 -6 1.95
1.4 -6 2.05
1.4 -6 2.1500001
1.4 -6 2.25
1.4 -6 2.3499999
1.4 -6 2.45
1.4 -5.9000001 -0.44999999
1.4 -5.9000001 -0.34999999
1.4 -5.9000001 -0.25
1.4 -5.9000001 -0.15000001
1.4 -5.9000001 -0.050000001
1.4 -5.9000001 0.050000001
1.4 -5.9000001 0.15000001
1.4 -5.9000001 0.25
1.4 -5.9000001 0.34999999
1.4 -5.9000001 0.44999999
1.4 -5.9000001 0.55000001
1.4 -5.9000001 0.64999998
1.4 -5.9000001 0.75
1.4 -5.9000001 0.85000002
1.4 -5.9000001 0.94999999
1.4 -5.9000001 1.05
1.4 -5.9000001 1.15
1.4 -5.9000001 1.25
1.4 -5.9000001 1.35
1.4 -5.9000001 1.45
1.4 -5.9000001 1.55
1.4 -5.9000001 1.65
1.4 -5.9000001 1.75
1.4 -5.9000001 1.85
1.4 -5.9000001 1.95
1.4 -5.9000001 2.05
1.4 -5.9000001 2.1500001
1.4 -5.9000001 2.25
1.4 -5.9000001 2.3499999
1.4 -5.9000001 2.45
1.5 -6.0999999 -0.44999999
1.5 -6.0999999 -0.34999999
1.5 -6.0999999 -0.25
1.5 -6.0999999 -0.15000001
1.5 -6.0999999 -0.050000001
1.5 -6.0999999 0.050000001
1.5 -6.0999999 0.15000001
1.5 -6.0999999 0.25
1.5 -6.0999999 0.34999999
1.5 -6.0999999 0.44999999
1.5 -6.0999999 0.55000001
1.5 -6.0999999 0.64999998
1.5 -6.0999999 0.75
1.5 -6.0999999 0.85000002
1.5 -6.0999999 0.94999999
1.5 -6.0999999 1.05
1.5 -6.0999999 1.15
1.5 -6.0999999 1.25
1.5 -6.0999999 1.35
1.5 -6.0999999 1.45
1.5 -6.0999999 1.55
1.5 -6.0999999 1.65
1.5 -6.0999999 1.75
1.5 -6.0999999 1.85
1.5 -6.0999999 1.95
1.5 -6.0999999 2.05
1.5 -6.0999999 2.1500001
1.5 -6.0999999 2.25
1.5 -6.0999999 2.3499999
1.5 -6.0999999 2.45
1.5 -6 -0.44999999
1.5 -6 -0.34999999
1.5 -6 -0.25
1.5 -6 -0.15000001
1.5 -6 -0.050000001
1.5 -6 0.050000001
1.5 -6 0.15000001
1.5 -6 0.25
1.5 -6 0.34999999
1.5 -6 0.44999999
1.5 -6 0.55000001
1.5 -6 0.64999998
1.5 -6 0.75
1.5 -6 0.85000002
1.5 -6 0.94999999
1.5 -6 1.05
1.5 -6 1.15
1.5 -6 1.25
1.5 -6 1.35
1.5 -6 1.45
1.5 -6 1.55
1.5 -6 1.65
1.5 -6 1.75
1.5 -6 1.85
1.5 -6 1.95
1.5 -6 2.05
1.5 -6 2.1500001
1.5 -6 2.25
1.5 -6 2.3499999
1.5 -6 2.45
1.5 -5.9000001 -0.44999999
1.5 -5.9000001 -0.34999999
1.5 -5.9000001 -0.25
1.5 -5.9000001 -0.15000001
1.5 -5.9000001 -0.050000001
1.5 -5.9000001 0.050000001
1.5 -5.9000001 0.15000001
1.5 -5.9000001 0.25
1.5 -5.9000001 0.34999999
1.5 -5.9000001 0.44999999
1.5 -5.9000001 0.55000001
1.5 -5.9000001 0.64999998
1.5 -5.9000001 0.75
1.5 -5.9000001 0.85000002
1.5 -5.9000001 0.94999999
1.5 -5.9000001 1.05
1.5 -5.9000001 1.15
1.5 -5.9000001 1.25
1.5 -5.9000001 1.35
1.5 -5.9000001 1.45
1.5 -5.9000001 1.55
1.5 -5.9000001 1.65
1.5 -5.9000001 1.75
1.5 -5.9000001 1.85
1.5 -5.9000001 1.95
1.5 -5.9000001 2.05
1.5 -5.9000001 2.1500001
1.5 -5.9000001 2.25
1.5 -5.9000001 2.3499999
1.5 -5.9000001 2.45
1.6 -6.0999999 -0.44999999
1.6 -6.0999999 -0.34999999
1.6 -6.0999999 -0.25
1.6 -6.0999999 -0.15000001
1.6 -6.0999999 -0.050000001
1.6 -6.0999999 0.050000001
1.6 -6.0999999 0.15000001
1.6 -6.0999999 0.25
1.6 -6.0999999 0.34999999
1.6 -6.0999999 0.44999999
1.6 -6.0999999 0.55000001
1.6 -6.0999999 0.64999998
1.6 -6.0999999 0.75
1.6 -6.0999999 0.85000002
1.6 -6.0999999 0.94999999
1.6 -6.0999999 1.05
1.6 -6.0999999 1.15
1.6 -6.0999999 1.25
1.6 -6.0999999 1.35
1.6 -6.0999999 1.45
1.6 -6.0999999 1.55
1.6 -6.0999999 1.65
1.6 -6.0999999 1.75
1.6 -6.0999999 1.85
1.6 -6.0999999 1.95
1.6 -6.0999999 2.05
1.6 -6.0999999 2.1500001
1.6 -6.0999999 2.25
1.6 -6.0999999 2.3499999
1.6 -6.0999999 2.45
1.6 -6 -0.44999999
1.6 -6 -0.34999999
1.6 -6 -0.25
1.6 -6 -0.15000001
1.6 -6 -0.050000001
1.6 -6 0.050000001
1.6 -6 0.15000001
1.6 -6 0.25
1.6 -6 0.34999999
1.6 -6 0.44999999
1.6 -6 0.55000001
1.6 -6 0.64999998
1.6 -6 0.75
1.6 -6 0.85000002
1.6 -6 0.94999999
1.6 -6 1.05
1.6 -6 1.15
1.6 -6 1.25
1.6 -6 1.35
1.6 -6 1.45
1.6 -6 1.55
1.6 -6 1.65
1.6 -6 1.75
1.6 -6 1.85
1.6 -6 1.95
1.6 -6 2.05
1.6 -6 2.1500001
1.6 -6 2.25
1.6 -6 2.3499999
1.6 -6 2.45
1.6 -5.9000001 -0.44999999
1.6 -5.9000001 -0.34999999
1.6 -5.9000001 -0.25
1.6 -5.9000001 -0.15000001
1.6 -5.9000001 -0.050000001
1.6 -5.9000001 0.050000001
1.6 -5.9000001 0.15000001
1.6 -5.9000001 0.25
1.6 -5.9000001 0.34999999
1.6 -5.9000001 0.44999999
1.6 -5.9000001 0.55000001
1.6 -5.9000001 0.64999998
1.6 -5.9000001 0.75
1.6 -5.9000001 0.85000002
1.6 -5.9000001 0.94999999
1.6 -5.9000001 1.05
1.6 -5.9000001 1.15
1.6 -5.9000001 1.25
1.6 -5.9000001 1.35
1.6 -5.9000001 1.45
1.6 -5.9000001 1.55
1.6 -5.9000001 1.65
1.6 -5.9000001 1.75
1.6 -5.9000001 1.85
1.6 -5.9000001 1.95
1.6 -5.9000001 2.05
1.6 -5.9000001 2.1500001
1.6 -5.9000001 2.25
1.6 -5.9000001 2.3499999
1.6 -5.9000001 2.45
1.7 -6.0999999 -0.44999999
1.7 -6.0999999 -0.34999999
1.7 -6.0999999 -0.25
1.7 -6.0999999 -0.15000001
1.7 -6.0999999 -0.050000001
1.7 -6.0999999 0.050000001
1.7 -6.0999999 0.15000001
1.7 -6.0999999 0.25
1.7 -6.0999999 0.34999999
1.7 -6.0999999 0.44999999
1.7 -6.0999999 0.55000001
1.7 -6.0999999 0.64999998
1.7 -6.0999999 0.75
1.7 -6.0999999 0.85000002
1.7 -6.0999999 0.94999999
1.7 -6.0999999 1.05
1.7 -6.0999999 1.15
1.7 -6.0999999 1.25
1.7 -6.0999999 1.35
1.7 -6.0999999 1.45
1.7 -6.0999999 1.55
1.7 -6.0999999 1.65
1.7 -6.0999999 1.75
1.7 -6.0999999 1.85
1.7 -6.0999999 1.95
1.7 -6.0999999 2.05
1.7 -6.0999999 2.1500001
1.7 -6.0999999 2.25
1.7 -6.0999999 2.3499999
1.7 -6.0999999 2.45
1.7 -6 -0.44999999
1.7 -6 -0.34999999
1.7 -6 -0.25
1.7 -6 -0.15000001
1.7 -6 -0.050000001
1.7 -6 0.050000001
1.7 -6 0.15000001
1.7 -6 0.25
1.7 -6 0.34999999
1.7 -6 0.44999999
1.7 -6 0.55000001
1.7 -6 0.64999998
1.7 -6 0.75
1.7 -6 0.85000002
1.7 -6 0.94999999
1.7 -6 1.05
1.7 -6 1.15
1.7 -6 1.25
1.7 -6 1.35
1.7 -6 1.45
1.7 -6 1.55
1.7 -6 1.65
1.7 -6 1.75
1.7 -6 1.85
1.7 -6 1.95
1.7 -6 2.05
1.7 -6 2.1500001
1.7 -6 2.25
1.7 -6 2.3499999
1.7 -6 2.45
1.7 -5.9000001 -0.44999999
1.7 -5.9000001 -0.34999999
1.7 -5.9000001 -0.25
1.7 -5.9000001 -0.15000001
1.7 -5.9000001 -0.050000001
1.7 -5.9000001 0.050000001
1.7 -5.9000001 0.15000001
1.7 -5.9000001 0.25
1.7 -5.9000001 0.34999999
1.7 -5.9000001 0.44999999
1.7 -5.9000001 0.55000001
1.7 -5.9000001 0.64999998
1.7 -5.9000001 0.75
1.7 -5.9000001 0.85000002
1.7 -5.9000001 0.94999999
1.7 -5.9000001 1.05
1.7 -5.9000001 1.15
1.7 -5.9000001 1.25
1.7 -5.9000001 1.35
1.7 -5.9000001 1.45
1.7 -5.9000001 1.55
1.7 -5.9000001 1.65
1.7 -5.9000001 1.75
1.7 -5.9000001 1.85
1.7 -5.9000001 1.95
1.7 -5.9000001 2.05
1.7 -5.9000001 2.1500001
1.7 -5.9000001 2.25
1.7 -5.9000001 2.3499999
1.7 -5.9000001 2.45
1.8 -6.0999999 -0.44999999
1.8 -6.0999999 -0.34999999
1.8 -6.0999999 -0.25
1.8 -6.0999999 -0.15000001
1.8 -6.0999999 -0.050000001
1.8 -6.0999999 0.050000001
1.8 -6.0999999 0.15000001
1.8 -6.0999999 0.25
1.8 -6.0999999 0.34999999
1.8 -6.0999999 0.44999999
1.8 -6.0999999 0.55000001
1.8 -6.0999999 0.64999998
1.8 -6.0999999 0.75
1.8 -6.0999999 0.85000002
1.8 -6.0999999 0.94999999
1.8 -6.0999999 1.05
1.8 -6.0999999 1.15
1.8 -6.0999999 1.25
1.8 -6.0999999 1.35
1.8 -6.0999999 1.45
1.8 -6.0999999 1.55
1.8 -6.0999999 1.65
1.8 -6.0999999 1.75
1.8 -6.0999999 1.85
1.8 -6.0999999 1.95
1.8 -6.0999999 2.05
1.8 -6.0999999 2.1500001
1.8 -6.0999999 2.25
1.8 -6.0999999 2.3499999
1.8 -6.0999999 2.45
1.8 -6 -0.44999999
1.8 -6 -0.34999999
1.8 -6 -0.25
1.8 -6 -0.15000001
1.8 -6 -0.050000001
1.8 -6 0.050000001
1.8 -6 0.15000001
1.8 -6 0.25
1.8 -6 0.34999999
1.8 -6 0.44999999
1.8 -6 0.55000001
1.8 -6 0.64999998
1.8 -6 0.75
1.8 -6 0.85000002
1.8 -6 0.94999999
1.8 -6 1.05
1.8 -6 1.15
1.8 -6 1.25
1.8 -6 1.35
1.8 -6 1.45
1.8 -6 1.55
1.8 -6 1.65
1.8 -6 1.75
1.8 -6 1.85
1.8 -6 1.95
1.8 -6 2.05
1.8 -6 2.1500001
1.8 -6 2.25
1.8 -6 2.3499999
1.8 -6 2.45
1.8 -5.9000001 -0.44999999
1.8 -5.9000001 -0.34999999
1.8 -5.9000001 -0.25
1.8 -5.9000001 -0.15000001
1.8 -5.9000001 -0.050000001
1.8 -5.9000001 0.050000001
1.8 -5.9000001 0.15000001
1.8 -5.9000001 0.25
1.8 -5.9000001 0.34999999
1.8 -5.9000001 0.44999999
1.8 -5.9000001 0.55000001
1.8 -5.9000001 0.64999998
1.8 -5.9000001 0.75
1.8 -5.9000001 0.85000002
1.8 -5.9000001 0.94999999
1.8 -5.9000001 1.05
1.8 -5.9000001 1.15
1.8 -5.9000001 1.25
1.8 -5.9000001 1.35
1.8 -5.9000001 1.45
1.8 -5.9000001 1.55
1.8 -5.9000001 1.65
1.8 -5.9000001 1.75
1.8 -5.9000001 1.85
1.8 -5.9000001 1.95
1.8 -5.9000001 2.05
1.8 -5.9000001 2.1500001
1.8 -5.9000001 2.25
1.8 -5.9000001 2.3499999
1.8 -5.9000001 2.45
1.9 -6.0999999 -0.44999999
1.9 -6.0999999 -0.34999999
1.9 -6.0999999 -0.25
1.9 -6.0999999 -0.15000001
1.9 -6.0999999 -0.050000001
1.9 -6.0999999 0.050000001
1.9 -6.0999999 0.15000001
1.9 -6.0999999 0.25
1.9 -6.0999999 0.34999999
1.9 -6.0999999 0.44999999
1.9 -6.0999999 0.55000001
1.9 -6.0999999 0.64999998
1.9 -6.0999999 0.75
1.9 -6.0999999 0.85000002
1.9 -6.0999999 0.94999999
1.9 -6.0999999 1.05
1.9 -6.0999999 1.15
1.9 -6.0999999 1.25
1.9 -6.0999999 1.35
1.9 -6.0999999 1.45
1.9 -6.0999999 1.55
1.9 -6.0999999 1.65
1.9 -6.0999999 1.75
1.9 -6.0999999 1.85
1.9 -6.0999999 1.95
1.9 -6.0999999 2.05
1.9 -6.0999999 2.1500001
1.9 -6.0999999 2.25
1.9 -6.0999999 2.3499999
1.9 -6.0999999 2.45
1.9 -6 -0.44999999
1.9 -6 -0.34999999
1.9 -6 -0.25
1.9 -6 -0.15000001
1.9 -6 -0.050000001
1.9 -6 0.050000001
1.9 -6 0.15000001
1.9 -6 0.25
1.9 -6 0.34999999
1.9 -6 0.44999999
1.9 -6 0.55000001
1.9 -6 0.64999998
1.9 -6 0.75
1.9 -6 0.85000002
1.9 -6 0.94999999
1.9 -6 1.05
1.9 -6 1.15
1.9 -6 1.25
1.9 -6 1.35
1.9 -6 1.45
1.9 -6 1.55
1.9 -6 1.65
1.9 -6 1.75
1.9 -6 1.85
1.9 -6 1.95
1.9 -6 2.05
1.9 -6 2.1500001
1.9 -6 2.25
1.9 -6 2.3499999
1.9 -6 2.45
1.9 -5.9000001 -0.44999999
1.9 -5.9000001 -0.34999999
1.9 -5.9000001 -0.25
1.9 -5.9000001 -0.15000001
1.9 -5.9000001 -0.050000001
1.9 -5.9000001 0.050000001
1.9 -5.9000001 0.15000001
1.9 -5.9000001 0.25
1.9 -5.9000001 0.34999999
1.9 -5.9000001 0.44999999
1.9 -5.9000001 0.55000001
1.9 -5.9000001 0.64999998
1.9 -5.9000001 0.75
1.9 -5.9000001 0.85000002
1.9 -5.9000001 0.94999999
1.9 -5.9000001 1.05
1.9 -5.9000001 1.15
1.9 -5.9000001 1.25
1.9 -5.9000001 1.35
1.9 -5.9000001 1.45
1.9 -5.9000001 1.55
1.9 -5.9000001 1.65
1.9 -5.9000001 1.75
1.9 -5.9000001 1.85
1.9 -5.9000001 1.95
1.9 -5.9000001 2.05
1.9 -5.9000001 2.1500001
1.9 -5.9000001 2.25
1.9 -5.9000001 2.3499999
1.9 -5.9000001 2.45
2 -6.0999999 -0.44999999
2 -6.0999999 -0.34999999
2 -6.0999999 -0.25
2 -6.0999999 -0.15000001
2 -6.0999999 -0.050000001
2 -6.0999999 0.050000001
2 -6.0999999 0.15000001
2 -6.0999999 0.25
2 -6.0999999 0.34999999
2 -6.0999999 0.44999999
2 -6.0999999 0.55000001
2 -6.0999999 0.64999998
2 -6.0999999 0.75
2 -6.0999999 0.85000002
2 -6.0999999 0.94999999
2 -6.0999999 1.05
2 -6.0999999 1.15
2 -6.0999999 1.25
2 -6.0999999 1.35
2 -6.0999999 1.45
2 -6.0999999 1.55
2 -6.0999999 1.65
2 -6.0999999 1.75
2 -6.0999999 1.85
2 -6.0999999 1.95
2 -6.0999999 2.05
2 -6.0999999 2.1500001
2 -6.0999999 2.25
2 -6.0999999 2.3499999
2 -6.0999999 2.45
2 -6 -0.44999999
2 -6 -0.34999999
2 -6 -0.25
2 -6 -0.15000001
2 -6 -0.050000001
2 -6 0.050000001
2 -6 0.15000001
2 -6 0.25
2 -6 0.34999999
2 -6 0.44999999
2 -6 0.55000001
2 -6 0.64999998
2 -6 0.75
2 -6 0.85000002
2 -6 0.94999999
2 -6 1.05
2 -6 1.15
2 -6 1.25
2 -6 1.35
2 -6 1.45
2 -6 1.55
2 -6 1.65
2 -6 1.75
2 -6 1.85
2 -6 1.95
2 -6 2.05
2 -6 2.1500001
2 -6 2.25
2 -6 2.3499999
2 -6 2.45
2 -5.9000001 -0.44999999
2 -5.9000001 -0.34999999
2 -5.9000001 -0.25
2 -5.9000001 -0.15000001
2 -5.9000001 -0.050000001
2 -5.9000001 0.050000001
2 -5.9000001 0.15000001
2 -5.9000001 0.25
2 -5.9000001 0.34999999
2 -5.9000001 0.44999999
2 -5.9000001 0.55000001
2 -5.9000001 0.64999998
2 -5.9000001 0.75
2 -5.9000001 0.85000002
2 -5.9000001 0.94999999
2 -5.9000001 1.05
2 -5.9000001 1.15
2 -5.9000001 1.25
2 -5.9000001 1.35
2 -5.9000001 1.45
2 -5.9000001 1.55
2 -5.9000001 1.65
2 -5.9000001 1.75
2 -5.9000001 1.85
2 -5.9000001 1.95
2 -5.9000001 2.05
2 -5.9000001 2.1500001
2 -5.9000001 2.25
2 -5.9000001 2.3499999
2 -5.9000001 2.45
2.0999999 -6.0999999 -0.44999999
2.0999999 -6.0999999 -0.34999999
2.0999999 -6.0999999 -0.25
2.0999999 -6.0999999 -0.15000001
2.0999999 -6.0999999 -0.050000001
2.0999999 -6.0999999 0.050000001
2.0999999 -6.0999999 0.15000001
2.0999999 -6.0999999 0.25
2.0999999 -6.0999999 0.34999999
2.0999999 -6.0999999 0.44999999
2.0999999 -6.0999999 0.55000001
2.0999999 -6.0999999 0.64999998
2.0999999 -6.0999999 0.75
2.0999999 -6.0999999 0.85000002
2.0999999 -6.0999999 0.94999999
2.0999999 -6.0999999 1.05
2.0999999 -6.0999999 1.15
2.0999999 -6.0999999 1.25
2.0999999 -6.0999999 1.35
2.0999999 -6.0999999 1.45
2.0999999 -6.0999999 1.55
2.0999999 -6.0999999 1.65
2.0999999 -6.0999999 1.75
2.0999999 -6.0999999 1.85
2.0999999 -6.0999999 1.95
2.0999999 -6.0999999 2.05
2.0999999 -6.0999999 2.1500001
2.0999999 -6.0999999 2.25
2.0999999 -6.0999999 2.3499999
2.0999999 -6.0999999 2.45
2.0999999 -6 -0.44999999
2.0999999 -6 -0.34999999
2.0999999 -6 -0.25
2.0999999 -6 -0.15000001
2.0999999 -6 -0.050000001
2.0999999 -6 0.050000001
2.0999999 -6 0.15000001
2.0999999 -6 0.25
2.0999999 -6 0.34999999
2.0999999 -6 0.44999999
2.0999999 -6 0.55000001
2.0999999 -6 0.64999998
2.0999999 -6 0.75
2.0999999 -6 0.85000002
2.0999999 -6 0.94999999
2.0999999 -6 1.05
2.0999999 -6 1.15
2.0999999 -6 1.25
2.0999999 -6 1.35
2.0999999 -6 1.45
2.0999999 -6 1.55
2.0999999 -6 1.65
2.0999999 -6 1.75
2.0999999 -6 1.85
2.0999999 -6 1.95
2.0999999 -6 2.05
2.0999999 -6 2.1500001
2.0999999 -6 2.25
2.0999999 -6 2.3499999
2.0999999 -6 2.45
2.0999999 -5.9000001 -0.44999999
2.0999999 -5.9000001 -0.34999999
2.0999999 -5.9000001 -0.25
2.0999999 -5.9000001 -0.15000001
2.0999999 -5.9000001 -0.050000001
2.0999999 -5.9000001 0.050000001
2.0999999 -5.9000001 0.15000001
2.0999999 -5.9000001 0.25
2.0999999 -5.9000001 0.34999999
2.0999999 -5.9000001 0.44999999
2.0999999 -5.9000001 0.55000001
2.0999999 -5.9000001 0.64999998
2.0999999 -5.9000001 0.75
2.0999999 -5.9000001 0.85000002
2.0999999 -5.9000001 0.94999999
2.0999999 -5.9000001 1.05
2.0999999 -5.9000001 1.15
2.0999999 -5.9000001 1.25
2.0999999 -5.9000001 1.35
2.0999999 -5.9000001 1.45
2.0999999 -5.9000001 1.55
2.0999999 -5.9000001 1.65
2.0999999 -5.9000001 1.75
2.0999999 -5.9000001 1.85
2.0999999 -5.9000001 1.95
2.0999999 -5.9000001 2.05
2.0999999 -5.9000001 2.1500001
2.0999999 -5.9000001 2.25
2.0999999 -5.9000001 2.3499999
2.0999999 -5.9000001 2.45
2.2 -6.0999999 -0.44999999
2.2 -6.0999999 -0.34999999
2.2 -6.0999999 -0.25
2.2 -6.0999999 -0.15000001
2.2 -6.0999999 -0.050000001
2.2 -6.0999999 0.050000001
2.2 -6.0999999 0.15000001
2.2 -6.0999999 0.25
2.2 -6.0999999 0.34999999
2.2 -6.0999999 0.44999999
2.2 -6.0999999 0.55000001
2.2 -6.0999999 0.64999998
2.2 -6.0999999 0.75
2.2 -6.0999999 0.85000002
2.2 -6.0999999 0.94999999
2.2 -6.0999999 1.05
2.2 -6.0999999 1.15
2.2 -6.0999999 1.25
2.2 -6.0999999 1.35
2.2 -6.0999999 1.45
2.2 -6.0999999 1.55
2.2 -6.0999999 1.65
2.2 -6.0999999 1.75
2.2 -6.0999999 1.85
2.2 -6.0999999 1.95
2.2 -6.0999999 2.05
2.2 -6.0999999 2.1500001
2.2 -6.0999999 2.25
2.2 -6.0999999 2.3499999
2.2 -6.0999999 2.45
2.2 -6 -0.44999999
2.2 -6 -0.34999999
2.2 -6 -0.25
2.2 -6 -0.15000001
2.2 -6 -0.050000001
2.2 -6 0.050000001
2.2 -6 0.15000001
2.2 -6 0.25
2.2 -6 0.34999999
2.2 -6 0.44999999
2.2 -6 0.55000001
2.2 -6 0.64999998
2.2 -6 0.75
2.2 -6 0.85000002
2.2 -6 0.94999999
2.2 -6 1.05
2.2 -6 1.15
2.2 -6 1.25
2.2 -6 1.35
2.2 -6 1.45
2.2 -6 1.55
2.2 -6 1.65
2.2 -6 1.75
2.2 -6 1.85
2.2 -6 1.95
2.2 -6 2.05
2.2 -6 2.1500001
2.2 -6 2.25
2.2 -6 2.3499999
2.2 -6 2.45
2.2 -5.9000001 -0.44999999
2.2 -5.9000001 -0.34999999
2.2 -5.9000001 -0.25
2.2 -5.9000001 -0.15000001
2.2 -5.9000001 -0.050000001
2.2 -5.9000001 0.050000001
2.2 -5.9000001 0.15000001
2.2 -5.9000001 0.25
2.2 -5.9000001 0.34999999
2.2 -5.9000001 0.44999999
2.2 -5.9000001 0.55000001
2.2 -5.9000001 0.64999998
2.2 -5.9000001 0.75
2.2 -5.9000001 0.85000002
2.2 -5.9000001 0.94999999
2.2 -5.9000001 1.05
2.2 -5.9000001 1.15
2.2 -5.9000001 1.25
2.2 -5.9000001 1.35
2.2 -5.9000001 1.45
2.2 -5.9000001 1.55
2.2 -5.9000001 1.65
2.2 -5.9000001 1.75
2.2 -5.9000001 1.85
2.2 -5.9000001 1.95
2.2 -5.9000001 2.05
2.2 -5.9000001 2.1500001
2.2 -5.9000001 2.25
2.2 -5.9000001 2.3499999
2.2 -5.9000001 2.45
2.3 -6.0999999 -0.44999999
2.3 -6.0999999 -0.34999999
2.3 -6.0999999 -0.25
2.3 -6.0999999 -0.15000001
2.3 -6.0999999 -0.050000001
2.3 -6.0999999 0.050000001
2.3 -6.0999999 0.15000001
2.3 -6.0999999 0.25
2.3 -6.0999999 0.34999999
2.3 -6.0999999 0.44999999
2.3 -6.0999999 0.55000001
2.3 -6.0999999 0.64999998
2.3 -6.0999999 0.75
2.3 -6.0999999 0.85000002
2.3 -6.0999999 0.94999999
2.3 -6.0999999 1.05
2.3 -6.0999999 1.15
2.3 -6.0999999 1.25
2.3 -6.0999999 1.35
2.3 -6.0999999 1.45
2.3 -6.0999999 1.55
2.3 -6.0999999 1.65
2.3 -6.0999999 1.75
2.3 -6.0999999 1.85
2.3 -6.0999999 1.95
2.3 -6.0999999 2.05
2.3 -6.0999999 2.1500001
2.3 -6.0999999 2.25
2.3 -6.0999999 2.3499999
2.3 -6.0999999 2.45
2.3 -6 -0.44999999
2.3 -6 -0.34999999
2.3 -6 -0.25
2.3 -6 -0.15000001
2.3 -6 -0.050000001
2.3 -6 0.050000001
2.3 -6 0.15000001
2.3 -6 0.25
2.3 -6 0.34999999
2.3 -6 0.44999999
2.3 -6 0.55000001
2.3 -6 0.64999998
2.3 -6 0.75
2.3 -6 0.85000002
2.3 -6 0.94999999
2.3 -6 1.05
2.3 -6 1.15
2.3 -6 1.25
2.3 -6 1.35
2.3 -6 1.45
2.3 -6 1.55
2.3 -6 1.65
2.3 -6 1.75
2.3 -6 1.85
2.3 -6 1.95
2.3 -6 2.05
2.3 -6 2.1500001
2.3 -6 2.25
2.3 -6 2.3499999
2.3 -6 2.45
2.3 -5.9000001 -0.44999999
2.3 -5.9000001 -0.34999999
2.3 -5.9000001 -0.25
2.3 -5.9000001 -0.15000001
2.3 -5.9000001 -0.050000001
2.3 -5.9000001 0.050000001
2.3 -5.9000001 0.15000001
2.3 -5.9000001 0.25
2.3 -5.9000001 0.34999999
2.3 -5.9000001 0.44999999
2.3 -5.9000001 0.55000001
2.3 -5.9000001 0.64999998
2.3 -5.9000001 0.75
2.3 -5.9000001 0.85000002
2.3 -5.9000001 0.94999999
2.3 -5.9000001 1.05
2.3 -5.9000001 1.15
2.3 -5.9000001 1.25
2.3 -5.9000001 1.35
2.3 -5.9000001 1.45
2.3 -5.9000001 1.55
2.3 -5.9000001 1.65
2.3 -5.9000001 1.75
2.3 -5.9000001 1.85
2.3 -5.9000001 1.95
2.3 -5.9000001 2.05
2.3 -5.9000001 2.1500001
2.3 -5.9000001 2.25
2.3 -5.9000001 2.3499999
2.3 -5.9000001 2.45
2.4000001 -6.0999999 -0.44999999
2.4000001 -6.0999999 -0.34999999
2.4000001 -6.0999999 -0.25
2.4000001 -6.0999999 -0.15000001
2.4000001 -6.0999999 -0.050000001
2.4000001 -6.0999999 0.050000001
2.4000001 -6.0999999 0.15000001
2.4000001 -6.0999999 0.25
2.4000001 -6.0999999 0.34999999
2.4000001 -6.0999999 0.44999999
2.4000001 -6.0999999 0.55000001
2.4000001 -6.0999999 0.64999998
2.4000001 -6.0999999 0.75
2.4000001 -6.0999999 0.85000002
2.4000001 -6.0999999 0.94999999
2.4000001 -6.0999999 1.05
2.4000001 -6.0999999 1.15
2.4000001 -6.0999999 1.25
2.4000001 -6.0999999 1.35
2.4000001 -6.0999999 1.45
2.4000001 -6.0999999 1.55
2.4000001 -6.0999999 1.65
2.4000001 -6.0999999 1.75
2.4000001 -6.0999999 1.85
2.4000001 -6.0999999 1.95
2.4000001 -6.0999999 2.05
2.4000001 -6.0999999 2.1500001
2.4000001 -6.0999999 2.25
2.4000001 -6.0999999 2.3499999
2.4000001 -6.0999999 2.45
2.4000001 -6 -0.44999999
2.4000001 -6 -0.34999999
2.4000001 -6 -0.25
2.4000001 -6 -0.15000001
2.4000001 -6 -0.050000001
2.4000001 -6 0.050000001
2.4000001 -6 0.15000001
2.4000001 -6 0.25
2.4000001 -6 0.34999999
2.4000001 -6 0.44999999
2.4000001 -6 0.55000001
2.4000001 -6 0.64999998
2.4000001 -6 0.75
2.4000001 -6 0.85000002
2.4000001 -6 0.94999999
2.4000001 -6 1.05
2.4000001 -6 1.15
2.4000001 -6 1.25
2.4000001 -6 1.35
2.4000001 -6 1.45
2.4000001 -6 1.55
2.4000001 -6 1.65
2.4000001 -6 1.75
2.4000001 -6 1.85
2.4000001 -6 1.95
2.4000001 -6 2.05
2.4000001 -6 2.1500001
2.4000001 -6 2.25
2.4000001 -6 2.3499999
2.4000001 -6 2.45
2.4000001 -5.9000001 -0.44999999
2.4000001 -5.9000001 -0.34999999
2.4000001 -5.9000001 -0.25
2.4000001 -5.9000001 -0.15000001
2.4000001 -5.9000001 -0.050000001
2.4000001 -5.9000001 0.050000001
2.4000001 -5.9000001 0.15000001
2.4000001 -5.9000001 0.25
2.4000001 -5.9000001 0.34999999
2.4000001 -5.9000001 0.44999999
2.4000001 -5.9000001 0.55000001
2.4000001 -5.9000001 0.64999998
2.4000001 -5.9000001 0.75
2.4000001 -5.9000001 0.85000002
2.4000001 -5.9000001 0.94999999
2.4000001 -5.9000001 1.05
2.4000001 -5.9000001 1.15
2.4000001 -5.9000001 1.25
2.4000001 -5.9000001 1.35
2.4000001 -5.9000001 1.45
2.4000001 -5.9000001 1.55
2.4000001 -5.9000001 1.65
2.4000001 -5.9000001 1.75
2.4000001 -5.9000001 1.85
2.4000001 -5.9000001 1.95
2.4000001 -5.9000001 2.05
2.4000001 -5.9000001 2.1500001
2.4000001 -5.9000001 2.25
2.4000001 -5.9000001 2.3499999
2.4000001 -5.9000001 2.45
2.5 -6.0999999 -0.44999999
2.5 -6.0999999 -0.34999999
2.5 -6.0999999 -0.25
2.5 -6.0999999 -0.15000001
2.5 -6.0999999 -0.050000001
2.5 -6.0999999 0.050000001
2.5 -6.0999999 0.15000001
2.5 -6.0999999 0.25
2.5 -6.0999999 0.34999999
2.5 -6.0999999 0.44999999
2.5 -6.0999999 0.55000001
2.5 -6.0999999 0.64999998
2.5 -6.0999999 0.75
2.5 -6.0999999 0.85000002
2.5 -6.0999999 0.94999999
2.5 -6.0999999 1.05
2.5 -6.0999999 1.15
2.5 -6.0999999 1.25
2.5 -6.0999999 1.35
2.5 -6.0999999 1.45
2.5 -6.0999999 1.55
2.5 -6.0999999 1.65
2.5 -6.0999999 1.75
2.5 -6.0999999 1.85
2.5 -6.0999999 1.95
2.5 -6.0999999 2.05
2.5 -6.0999999 2.1500001
2.5 -6.0999999 2.25
2.5 -6.0999999 2.3499999
2.5 -6.0999999 2.45
2.5 -6 -0.44999999
2.5 -6 -0.34999999
2.5 -6 -0.25
2.5 -6 -0.15000001
2.5 -6 -0.050000001
2.5 -6 0.050000001
2.5 -6 0.15000001
2.5 -6 0.25
2.5 -6 0.34999999
2.5 -6 0.44999999
2.5 -6 0.55000001
2.5 -6 0.64999998
2.5 -6 0.75
2.5 -6 0.85000002
2.5 -6 0.94999999
2.5 -6 1.05
2.5 -6 1.15
2.5 -6 1.25
2.5 -6 1.35
2.5 -6 1.45
2.5 -6 1.55
2.5 -6 1.65
2.5 -6 1.75
2.5 -6 1.85
2.5 -6 1.95
2.5 -6 2.05
2.5 -6 2.1500001
2.5 -6 2.25
2.5 -6 2.3499999
2.5 -6 2.45
2.5 -5.9000001 -0.44999999
2.5 -5.9000001 -0.34999999
2.5 -5.9000001 -0.25
2.5 -5.9000001 -0.15000001
2.5 -5.9000001 -0.050000001
2.5 -5.9000001 0.050000001
2.5 -5.9000001 0.15000001
2.5 -5.9000001 0.25
2.5 -5.9000001 0.34999999
2.5 -5.9000001 0.44999999
2.5 -5.9000001 0.55000001
2.5 -5.9000001 0.64999998
2.5 -5.9000001 0.75
2.5 -5.9000001 0.85000002
2.5 -5.9000001 0.94999999
2.5 -5.9000001 1.05
2.5 -5.9000001 1.15
2.5 -5.9000001 1.25
2.5 -5.9000001 1.35
2.5 -5.9000001 1.45
2.5 -5.9000001 1.55
2.5 -5.9000001 1.65
2.5 -5.9000001 1.75
2.5 -5.9000001 1.85
2.5 -5.9000001 1.95
2.5 -5.9000001 2.05
2.5 -5.9000001 2.1500001
2.5 -5.9000001 2.25
2.5 -5.9000001 2.3499999
2.5 -5.9000001 2.45
2.5999999 -6.0999999 -0.44999999
2.5999999 -6.0999999 -0.34999999
2.5999999 -6.0999999 -0.25
2.5999999 -6.0999999 -0.15000001
2.5999999 -6.0999999 -0.050000001
2.5999999 -6.0999999 0.050000001
2.5999999 -6.0999999 0.15000001
2.5999999 -6.0999999 0.25
2.5999999 -6.0999999 0.34999999
2.5999999 -6.0999999 0.44999999
2.5999999 -6.0999999 0.55000001
2.5999999 -6.0999999 0.64999998
2.5999999 -6.0999999 0.75
2.5999999 -6.0999999 0.85000002
2.5999999 -6.0999999 0.94999999
2.5999999 -6.0999999 1.05
2.5999999 -6.0999999 1.15
2.5999999 -6.0999999 1.25
2.5999999 -6.0999999 1.35
2.5999999 -6.0999999 1.45
2.5999999 -6.0999999 1.55
2.5999999 -6.0999999 1.65
2.5999999 -6.0999999 1.75
2.5999999 -6.0999999 1.85
2.5999999 -6.0999999 1.95
2.5999999 -6.0999999 2.05
2.5999999 -6.0999999 2.1500001
2.5999999 -6.0999999 2.25
2.5999999 -6.0999999 2.3499999
2.5999999 -6.0999999 2.45
2.5999999 -6 -0.44999999
2.5999999 -6 -0.34999999
2.5999999 -6 -0.25
2.5999999 -6 -0.15000001
2.5999999 -6 -0.050000001
2.5999999 -6 0.050000001
2.5999999 -6 0.15000001
2.5999999 -6 0.25
2.5999999 -6 0.34999999
2.5999999 -6 0.44999999
2.5999999 -6 0.55000001
2.5999999 -6 0.64999998
2.5999999 -6 0.75
2.5999999 -6 0.85000002
2.5999999 -6 0.94999999
2.5999999 -6 1.05
2.5999999 -6 1.15
2.5999999 -6 1.25
2.5999999 -6 1.35
2.5999999 -6 1.45
2.5999999 -6 1.55
2.5999999 -6 1.65
2.5999999 -6 1.75
2.5999999 -6 1.85
2.5999999 -6 1.95
2.5999999 -6 2.05
2.5999999 -6 2.1500001
2.5999999 -6 2.25
2.5999999 -6 2.3499999
2.5999999 -6 2.45
2.5999999 -5.9000001 -0.44999999
2.5999999 -5.9000001 -0.34999999
2.5999999 -5.9000001 -0.25
2.5999999 -5.9000001 -0.15000001
2.5999999 -5.9000001 -0.050000001
2.5999999 -5.9000001 0.050000001
2.5999999 -5.9000001 0.15000001
2.5999999 -5.9000001 0.25
2.5999999 -5.9000001 0.34999999
2.5999999 -5.9000001 0.44999999
2.5999999 -5.9000001 0.55000001
2.5999999 -5.9000001 0.64999998
2.5999999 -5.9000001 0.75
2.5999999 -5.9000001 0.85000002
2.5999999 -5.9000001 0.94999999
2.5999999 -5.9000001 1.05
2.5999999 -5.9000001 1.15
2.5999999 -5.9000001 1.25
2.5999999 -5.9000001 1.35
2.5999999 -5.9000001 1.45
2.5999999 -5.9000001 1.55
2.5999999 -5.9000001 1.65
2.5999999 -5.9000001 1.75
2.5999999 -5.9000001 1.85
2.5999999 -5.9000001 1.95
2.5999999 -5.9000001 2.05
2.5999999 -5.9000001 2.1500001
2.5999999 -5.9000001 2.25
2.5999999 -5.9000001 2.3499999
2.5999999 -5.9000001 2.45
2.7 -6.0999999 -0.44999999
2.7 -6.0999999 -0.34999999
2.7 -6.0999999 -0.25
2.7 -6.0999999 -0.15000001
2.7 -6.0999999 -0.050000001
2.7 -6.0999999 0.050000001
2.7 -6.0999999 0.15000001
2.7 -6.0999999 0.25
2.7 -6.0999999 0.34999999
2.7 -6.0999999 0.44999999
2.7 -6.0999999 0.55000001
2.7 -6.0999999 0.64999998
2.7 -6.0999999 0.75
2.7 -6.0999999 0.85000002
2.7 -6.0999999 0.94999999
2.7 -6.0999999 1.05
2.7 -6.0999999 1.15
2.7 -6.0999999 1.25
2.7 -6.0999999 1.35
2.7 -6.0999999 1.45
2.7 -6.0999999 1.55
2.7 -6.0999999 1.65
2.7 -6.0999999 1.75
2.7 -6.0999999 1.85
2.7 -6.0999999 1.95
2.7 -6.0999999 2.05
2.7 -6.0999999 2.1500001
2.7 -6.0999999 2.25
2.7 -6.0999999 2.3499999
2.7 -6.0999999 2.45
2.7 -6 -0.44999999
2.7 -6 -0.34999999
2.7 -6 -0.25
2.7 -6 -0.15000001
2.7 -6 -0.050000001
2.7 -6 0.050000001
2.7 -6 0.15000001
2.7 -6 0.25
2.7 -6 0.34999999
2.7 -6 0.44999999
2.7 -6 0.55000001
2.7 -6 0.64999998
2.7 -6 0.75
2.7 -6 0.85000002
2.7 -6 0.94999999
2.7 -6 1.05
2.7 -6 1.15
2.7 -6 1.25
2.7 -6 1.35
2.7 -6 1.45
2.7 -6 1.55
2.7 -6 1.65
2.7 -6 1.75
2.7 -6 1.85
2.7 -6 1.95
2.7 -6 2.05
2.7 -6 2.1500001
2.7 -6 2.25
2.7 -6 2.3499999
2.7 -6 2.45
2.7 -5.9000001 -0.44999999
2.7 -5.9000001 -0.34999999
2.7 -5.9000001 -0.25
2.7 -5.9000001 -0.15000001
2.7 -5.9000001 -0.050000001
2.7 -5.9000001 0.050000001
2.7 -5.9000001 0.15000001
2.7 -5.9000001 0.25
2.7 -5.9000001 0.34999999
2.7 -5.9000001 0.44999999
2.7 -5.9000001 0.55000001
2.7 -5.9000001 0.64999998
2.7 -5.9000001 0.75
2.7 -5.9000001 0.85000002
2.7 -5.9000001 0.94999999
2.7 -5.9000001 1.05
2.7 -5.9000001 1.15
2.7 -5.9000001 1.25
2.7 -5.9000001 1.35
2.7 -5.9000001 1.45
2.7 -5.9000001 1.55
2.7 -5.9000001 1.65
2.7 -5.9000001 1.75
2.7 -5.9000001 1.85
2.7 -5.9000001 1.95
2.7 -5.9000001 2.05
2.7 -5.9000001 2.1500001
2.7 -5.9000001 2.25
2.7 -5.9000001 2.3499999
2.7 -5.9000001 2.45
2.8 -6.0999999 -0.44999999
2.8 -6.0999999 -0.34999999
2.8 -6.0999999 -0.25
2.8 -6.0999999 -0.15000001
2.8 -6.0999999 -0.050000001
2.8 -6.0999999 0.050000001
2.8 -6.0999999 0.15000001
2.8 -6.0999999 0.25
2.8 -6.0999999 0.34999999
2.8 -6.0999999 0.44999999
2.8 -6.0999999 0.55000001
2.8 -6.0999999 0.64999998
2.8 -6.0999999 0.75
2.8 -6.0999999 0.85000002
2.8 -6.0999999 0.94999999
2.8 -6.0999999 1.05
2.8 -6.0999999 1.15
2.8 -6.0999999 1.25
2.8 -6.0999999 1.35
2.8 -6.0999999 1.45
2.8 -6.0999999 1.55
2.8 -6.0999999 1.65
2.8 -6.0999999 1.75
2.8 -6.0999999 1.85
2.8 -6.0999999 1.95
2.8 -6.0999999 2.05
2.8 -6.0999999 2.1500001
2.8 -6.0999999 2.25
2.8 -6.0999999 2.3499999
2.8 -6.0999999 2.45
2.8 -6 -0.44999999
2.8 -6 -0.34999999
2.8 -6 -0.25
2.8 -6 -0.15000001
2.8 -6 -0.050000001
2.8 -6 0.050000001
2.8 -6 0.15000001
2.8 -6 0.25
2.8 -6 0.34999999
2.8 -6 0.44999999
2.8 -6 0.55000001
2.8 -6 0.64999998
2.8 -6 0.75
2.8 -6 0.85000002
2.8 -6 0.94999999
2.8 -6 1.05
2.8 -6 1.15
2.8 -6 1.25
2.8 -6 1.35
2.8 -6 1.45
2.8 -6 1.55
2.8 -6 1.65
2.8 -6 1.75
2.8 -6 1.85
2.8 -6 1.95
2.8 -6 2.05
2.8 -6 2.1500001
2.8 -6 2.25
2.8 -6 2.3499999
2.8 -6 2.45
2.8 -5.9000001 -0.44999999
2.8 -5.9000001 -0.34999999
2.8 -5.9000001 -0.25
2.8 -5.9000001 -0.15000001
2.8 -5.9000001 -0.050000001
2.8 -5.9000001 0.050000001
2.8 -5.9000001 0.15000001
2.8 -5.9000001 0.25
2.8 -5.9000001 0.34999999
2.8 -5.9000001 0.44999999
2.8 -5.9000001 0.55000001
2.8 -5.9000001 0.64999998
2.8 -5.9000001 0.75
2.8 -5.9000001 0.85000002
2.8 -5.9000001 0.94999999
2.8 -5.9000001 1.05
2.8 -5.9000001 1.15
2.8 -5.9000001 1.25
2.8 -5.9000001 1.35
2.8 -5.9000001 1.45
2.8 -5.9000001 1.55
2.8 -5.9000001 1.65
2.8 -5.9000001 1.75
2.8 -5.9000001 1.85
2.8 -5.9000001 1.95
2.8 -5.9000001 2.05
2.8 -5.9000001 2.1500001
2.8 -5.9000001 2.25
2.8 -5.9000001 2.3499999
2.8 -5.9000001 2.45
2.9000001 -6.0999999 -0.44999999
2.9000001 -6.0999999 -0.34999999
2.9000001 -6.0999999 -0.25
2.9000001 -6.0999999 -0.15000001
2.9000001 -6.0999999 -0.050000001
2.9000001 -6.0999999 0.050000001
2.9000001 -6.0999999 0.15000001
2.9000001 -6.0999999 0.25
2.9000001 -6.0999999 0.34999999
2.9000001 -6.0999999 0.44999999
2.9000001 -6.0999999 0.55000001
2.9000001 -6.0999999 0.64999998
2.9000001 -6.0999999 0.75
2.9000001 -6.0999999 0.85000002
2.9000001 -6.0999999 0.94999999
2.9000001 -6.0999999 1.05
2.9000001 -6.0999999 1.15
2.9000001 -6.0999999 1.25
2.9000001 -6.0999999 1.35
2.9000001 -6.0999999 1.45
2.9000001 -6.0999999 1.55
2.9000001 -6.0999999 1.65
2.9000001 -6.0999999 1.75
2.9000001 -6.0999999 1.85
2.9000001 -6.0999999 1.95
2.9000001 -6.0999999 2.05
2.9000001 -6.0999999 2.1500001
2.9000001 -6.0999999 2.25
2.9000001 -6.0999999 2.3499999
2.9000001 -6.0999999 2.45
2.9000001 -6 -0.44999999
2.9000001 -6 -0.34999999
2.9000001 -6 -0.25
2.9000001 -6 -0.15000001
2.9000001 -6 -0.050000001
2.9000001 -6 0.050000001
2.9000001 -6 0.15000001
2.9000001 -6 0.25
2.9000001 -6 0.34999999
2.9000001 -6 0.44999999
2.9000001 -6 0.55000001
2.9000001 -6 0.64999998
2.9000001 -6 0.75
2.9000001 -6 0.85000002
2.9000001 -6 0.94999999
2.9000001 -6 1.05
2.9000001 -6 1.15
2.9000001 -6 1.25
2.9000001 -6 1.35
2.9000001 -6 1.45
2.9000001 -6 1.55
2.9000001 -6 1.65
2.9000001 -6 1.75
2.9000001 -6 1.85
2.9000001 -6 1.95
2.9000001 -6 2.05
2.9000001 -6 2.1500001
2.9000001 -6 2.25
2.9000001 -6 2.3499999
2.9000001 -6 2.45
2.9000001 -5.9000001 -0.44999999
2.9000001 -5.9000001 -0.34999999
2.9000001 -5.9000001 -0.25
2.9000001 -5.9000001 -0.15000001
2.9000001 -5.9000001 -0.050000001
2.9000001 -5.9000001 0.050000001
2.9000001 -5.9000001 0.15000001
2.9000001 -5.9000001 0.25
2.9000001 -5.9000001 0.34999999
2.9000001 -5.9000001 0.44999999
2.9000001 -5.9000001 0.55000001
2.9000001 -5.9000001 0.64999998
2.9000001 -5.9000001 0.75
2.9000001 -5.9000001 0.85000002
2.9000001 -5.9000001 0.94999999
2.9000001 -5.9000001 1.05
2.9000001 -5.9000001 1.15
2.9000001 -5.9000001 1.25
2.9000001 -5.9000001 1.35
2.9000001 -5.9000001 1.45
2.9000001 -5.9000001 1.55
2.9000001 -5.9000001 1.65
2.9000001 -5.9000001 1.75
2.9000001 -5.9000001 1.85
2.9000001 -5.9000001 1.95
2.9000001 -5.9000001 2.05
2.9000001 -5.9000001 2.1500001
2.9000001 -5.9000001 2.25
2.9000001 -5.9000001 2.3499999
2.9000001 -5.9000001 2.45
3 -6.0999999 -0.44999999
3 -6.0999999 -0.34999999
3 -6.0999999 -0.25
3 -6.0999999 -0.15000001
3 -6.0999999 -0.050000001
3 -6.0999999 0.050000001
3 -6.0999999 0.15000001
3 -6.0999999 0.25
3 -6.0999999 0.34999999
3 -6.0999999 0.44999999
3 -6.0999999 0.55000001
3 -6.0999999 0.64999998
3 -6.0999999 0.75
3 -6.0999999 0.85000002
3 -6.0999999 0.94999999
3 -6.0999999 1.05
3 -6.0999999 1.15
3 -6.0999999 1.25
3 -6.0999999 1.35
3 -6.0999999 1.45
3 -6.0999999 1.55
3 -6.0999999 1.65
3 -6.0999999 1.75
3 -6.0999999 1.85
3 -6.0999999 1.95
3 -6.0999999 2.05
3 -6.0999999 2.1500001
3 -6.0999999 2.25
3 -6.0999999 2.3499999
3 -6.0999999 2.45
3 -6 -0.44999999
3 -6 -0.34999999
3 -6 -0.25
3 -6 -0.15000001
3 -6 -0.050000001
3 -6 0.050000001
3 -6 0.15000001
3 -6 0.25
3 -6 0.34999999
3 -6 0.44999999
3 -6 0.55000001
3 -6 0.64999998
3 -6 0.75
3 -6 0.85000002
3 -6 0.94999999
3 -6 1.05
3 -6 1.15
3 -6 1.25
3 -6 1.35
3 -6 1.45
3 -6 1.55
3 -6 1.65
3 -6 1.75
3 -6 1.85
3 -6 1.95
3 -6 2.05
3 -6 2.1500001
3 -6 2.25
3 -6 2.3499999
3 -6 2.45
3 -5.9000001 -0.44999999
3 -5.9000001 -0.34999999
3 -5.9000001 -0.25
3 -5.9000001 -0.15000001
3 -5.9000001 -0.050000001
3 -5.9000001 0.050000001
3 -5.9000001 0.15000001
3 -5.9000001 0.25
3 -5.9000001 0.34999999
3 -5.9000001 0.44999999
3 -5.9000001 0.55000001
3 -5.9000001 0.64999998
3 -5.9000001 0.75
3 -5.9000001 0.85000002
3 -5.9000001 0.94999999
3 -5.9000001 1.05
3 -5.9000001 1.15
3 -5.9000001 1.25
3 -5.9000001 1.35
3 -5.9000001 1.45
3 -5.9000001 1.55
3 -5.9000001 1.65
3 -5.9000001 1.75
3 -5.9000001 1.85
3 -5.9000001 1.95
3 -5.9000001 2.05
3 -5.9000001 2.1500001
3 -5.9000001 2.25
3 -5.9000001 2.3499999
3 -5.9000001 2.45
3.0999999 -6.0999999 -0.44999999
3.0999999 -6.0999999 -0.34999999
3.0999999 -6.0999999 -0.25
3.0999999 -6.0999999 -0.15000001
3.0999999 -6.0999999 -0.050000001
3.0999999 -6.0999999 0.050000001
3.0999999 -6.0999999 0.15000001
3.0999999 -6.0999999 0.25
3.0999999 -6.0999999 0.34999999
3.0999999 -6.0999999 0.44999999
3.0999999 -6.0999999 0.55000001
3.0999999 -6.0999999 0.64999998
3.0999999 -6.0999999 0.75
3.0999999 -6.0999999 0.85000002
3.0999999 -6.0999999 0.94999999
3.0999999 -6.0999999 1.05
3.0999999 -6.0999999 1.15
3.0999999 -6.0999999 1.25
3.0999999 -6.0999999 1.35
3.0999999 -6.0999999 1.45
3.0999999 -6.0999999 1.55
3.0999999 -6.0999999 1.65
3.0999999 -6.0999999 1.75
3.0999999 -6.0999999 1.85
3.0999999 -6.0999999 1.95
3.0999999 -6.0999999 2.05
3.0999999 -6.0999999 2.1500001
3.0999999 -6.0999999 2.25
3.0999999 -6.0999999 2.3499999
3.0999999 -6.0999999 2.45
3.0999999 -6 -0.44999999
3.0999999 -6 -0.34999999
3.0999999 -6 -0.25
3.0999999 -6 -0.15000001
3.0999999 -6 -0.050000001
3.0999999 -6 0.050000001
3.0999999 -6 0.15000001
3.0999999 -6 0.25
3.0999999 -6 0.34999999
3.0999999 -6 0.44999999
3.0999999 -6 0.55000001
3.0999999 -6 0.64999998
3.0999999 -6 0.75
3.0999999 -6 0.85000002
3.0999999 -6 0.94999999
3.0999999 -6 1.05
3.0999999 -6 1.15
3.0999999 -6 1.25
3.0999999 -6 1.35
3.0999999 -6 1.45
3.0999999 -6 1.55
3.0999999 -6 1.65
3.0999999 -6 1.75
3.0999999 -6 1.85
3.0999999 -6 1.95
3.0999999 -6 2.05
3.0999999 -6 2.1500001
3.0999999 -6 2.25
3.0999999 -6 2.3499999
3.0999999 -6 2.45
3.0999999 -5.9000001 -0.44999999
3.0999999 -5.9000001 -0.34999999
3.0999999 -5.9000001 -0.25
3.0999999 -5.9000001 -0.15000001
3.0999999 -5.9000001 -0.050000001
3.0999999 -5.9000001 0.050000001
3.0999999 -5.9000001 0.15000001
3.0999999 -5.9000001 0.25
3.0999999 -5.9000001 0.34999999
3.0999999 -5.9000001 0.44999999
3.0999999 -5.9000001 0.55000001
3.0999999 -5.9000001 0.64999998
3.0999999 -5.9000001 0.75
3.0999999 -5.9000001 0.85000002
3.0999999 -5.9000001 0.94999999
3.0999999 -5.9000001 1.05
3.0999999 -5.9000001 1.15
3.0999999 -5.9000001 1.25
3.0999999 -5.9000001 1.35
3.0999999 -5.9000001 1.45
3.0999999 -5.9000001 1.55
3.0999999 -5.9000001 1.65
3.0999999 -5.9000001 1.75
3.0999999 -5.9000001 1.85
3.0999999 -5.9000001 1.95
3.0999999 -5.9000001 2.05
3.0999999 -5.9000001 2.1500001
3.0999999 -5.9000001 2.25
3.0999999 -5.9000001 2.3499999
3.0999999 -5.9000001 2.45
3.2 -6.0999999 -0.44999999
3.2 -6.0999999 -0.34999999
3.2 -6.0999999 -0.25
3.2 -6.0999999 -0.15000001
3.2 -6.0999999 -0.050000001
3.2 -6.0999999 0.050000001
3.2 -6.0999999 0.15000001
3.2 -6.0999999 0.25
3.2 -6.0999999 0.34999999
3.2 -6.0999999 0.44999999
3.2 -6.0999999 0.55000001
3.2 -6.0999999 0.64999998
3.2 -6.0999999 0.75
3.2 -6.0999999 0.85000002
3.2 -6.0999999 0.94999999
3.2 -6.0999999 1.05
3.2 -6.0999999 1.15
3.2 -6.0999999 1.25
3.2 -6.0999999 1.35
3.2 -6.0999999 1.45
3.2 -6.0999999 1.55
3.2 -6.0999999 1.65
3.2 -6.0999999 1.75
3.2 -6.0999999 1.85
3.2 -6.0999999 1.95
3.2 -6.0999999 2.05
3.2 -6.0999999 2.1500001
3.2 -6.0999999 2.25
3.2 -6.0999999 2.3499999
3.2 -6.0999999 2.45
3.2 -6 -0.44999999
3.2 -6 -0.34999999
3.2 -6 -0.25
3.2 -6 -0.15000001
3.2 -6 -0.050000001
3.2 -6 0.050000001
3.2 -6 0.15000001
3.2 -6 0.25
3.2 -6 0.34999999
3.2 -6 0.44999999
3.2 -6 0.55000001
3.2 -6 0.64999998
3.2 -6 0.75
3.2 -6 0.85000002
3.2 -6 0.94999999
3.2 -6 1.05
3.2 -6 1.15
3.2 -6 1.25
3.2 -6 1.35
3.2 -6 1.45
3.2 -6 1.55
3.2 -6 1.65
3.2 -6 1.75
3.2 -6 1.85
3.2 -6 1.95
3.2 -6 2.05
3.2 -6 2.1500001
3.2 -6 2.25
3.2 -6 2.3499999
3.2 -6 2.45
3.2 -5.9000001 -0.44999999
3.2 -5.9000001 -0.34999999
3.2 -5.9000001 -0.25
3.2 -5.9000001 -0.15000001
3.2 -5.9000001 -0.050000001
3.2 -5.9000001 0.050000001
3.2 -5.9000001 0.15000001
3.2 -5.9000001 0.25
3.2 -5.9000001 0.34999999
3.2 -5.9000001 0.44999999
3.2 -5.9000001 0.55000001
3.2 -5.9000001 0.64999998
3.2 -5.9000001 0.75
3.2 -5.9000001 0.85000002
3.2 -5.9000001 0.94999999
3.2 -5.9000001 1.05
3.2 -5.9000001 1.15
3.2 -5.9000001 1.25
3.2 -5.9000001 1.35
3.2 -5.9000001 1.45
3.2 -5.9000001 1.55
3.2 -5.9000001 1.65
3.2 -5.9000001 1.75
3.2 -5.9000001 1.85
3.2 -5.9000001 1.95
3.2 -5.9000001 2.05
3.2 -5.9000001 2.1500001
3.2 -5.9000001 2.25
3.2 -5.9000001 2.3499999
3.2 -5.9000001 2.45
3.3 -6.0999999 -0.44999999
3.3 -6.0999999 -0.34999999
3.3 -6.0999999 -0.25
3.3 -6.0999999 -0.15000001
3.3 -6.0999999 -0.050000001
3.3 -6.0999999 0.050000001
3.3 -6.0999999 0.15000001
3.3 -6.0999999 0.25
3.3 -6.0999999 0.34999999
3.3 -6.0999999 0.44999999
3.3 -6.0999999 0.55000001
3.3 -6.0999999 0.64999998
3.3 -6.0999999 0.75
3.3 -6.0999999 0.85000002
3.3 -6.0999999 0.94999999
3.3 -6.0999999 1.05
3.3 -6.0999999 1.15
3.3 -6.0999999 1.25
3.3 -6.0999999 1.35
3.3 -6.0999999 1.45
3.3 -6.0999999 1.55
3.3 -6.0999999 1.65
3.3 -6.0999999 1.75
3.3 -6.0999999 1.85
3.3 -6.0999999 1.95
3.3 -6.0999999 2.05
3.3 -6.0999999 2.1500001
3.3 -6.0999999 2.25
3.3 -6.0999999 2.3499999
3.3 -6.0999999 2.45
3.3 -6 -0.44999999
3.3 -6 -0.34999999
3.3 -6 -0.25
3.3 -6 -0.15000001
3.3 -6 -0.050000001
3.3 -6 0.050000001
3.3 -6 0.15000001
3.3 -6 0.25
3.3 -6 0.34999999
3.3 -6 0.44999999
3.3 -6 0.55000001
3.3 -6 0.64999998
3.3 -6 0.75
3.3 -6 0.85000002
3.3 -6 0.94999999
3.3 -6 1.05
3.3 -6 1.15
3.3 -6 1.25
3.3 -6 1.35
3.3 -6 1.45
3.3 -6 1.55
3.3 -6 1.65
3.3 -6 1.75
3.3 -6 1.85
3.3 -6 1.95
3.3 -6 2.05
3.3 -6 2.1500001
3.3 -6 2.25
3.3 -6 2.3499999
3.3 -6 2.45
3.3 -5.9000001 -0.44999999
3.3 -5.9000001 -0.34999999
3.3 -5.9000001 -0.25
3.3 -5.9000001 -0.15000001
3.3 -5.9000001 -0.050000001
3.3 -5.9000001 0.050000001
3.3 -5.9000001 0.15000001
3.3 -5.9000001 0.25
3.3 -5.9000001 0.34999999
3.3 -5.9000001 0.44999999
3.3 -5.9000001 0.55000001
3.3 -5.9000001 0.64999998
3.3 -5.9000001 0.75
3.3 -5.9000001 0.85000002
3.3 -5.9000001 0.94999999
3.3 -5.9000001 1.05
3.3 -5.9000001 1.15
3.3 -5.9000001 1.25
3.3 -5.9000001 1.35
3.3 -5.9000001 1.45
3.3 -5.9000001 1.55
3.3 -5.9000001 1.65
3.3 -5.9000001 1.75
3.3 -5.9000001 1.85
3.3 -5.9000001 1.95
3.3 -5.9000001 2.05
3.3 -5.9000001 2.1500001
3.3 -5.9000001 2.25
3.3 -5.9000001 2.3499999
3.3 -5.9000001 2.45
3.4000001 -6.0999999 -0.44999999
3.4000001 -6.0999999 -0.34999999
3.4000001 -6.0999999 -0.25
3.4000001 -6.0999999 -0.15000001
3.4000001 -6.0999999 -0.050000001
3.4000001 -6.0999999 0.050000001
3.4000001 -6.0999999 0.15000001
3.4000001 -6.0999999 0.25
3.4000001 -6.0999999 0.34999999
3.4000001 -6.0999999 0.44999999
3.4000001 -6.0999999 0.55000001
3.4000001 -6.0999999 0.64999998
3.4000001 -6.0999999 0.75
3.4000001 -6.0999999 0.85000002
3.4000001 -6.0999999 0.94999999
3.4000001 -6.0999999 1.05
3.4000001 -6.0999999 1.15
3.4000001 -6.0999999 1.25
3.4000001 -6.0999999 1.35
3.4000001 -6.0999999 1.45
3.4000001 -6.0999999 1.55
3.4000001 -6.0999999 1.65
3.4000001 -6.0999999 1.75
3.4000001 -6.0999999 1.85
3.4000001 -6.0999999 1.95
3.4000001 -6.0999999 2.05
3.4000001 -6.0999999 2.1500001
3.4000001 -6.0999999 2.25
3.4000001 -6.0999999 2.3499999
3.4000001 -6.0999999 2.45
3.4000001 -6 -0.44999999
3.4000001 -6 -0.34999999
3.4000001 -6 -0.25
3.4000001 -6 -0.15000001
3.4000001 -6 -0.050000001
3.4000001 -6 0.050000001
3.4000001 -6 0.15000001
3.4000001 -6 0.25
3.4000001 -6 0.34999999
3.4000001 -6 0.44999999
3.4000001 -6 0.55000001
3.4000001 -6 0.64999998
3.4000001 -6 0.75
3.4000001 -6 0.85000002
3.4000001 -6 0.94999999
3.4000001 -6 1.05
3.4000001 -6 1.15
3.4000001 -6 1.25
3.4000001 -6 1.35
3.4000001 -6 1.45
3.4000001 -6 1.55
3.4000001 -6 1.65
3.4000001 -6 1.75
3.4000001 -6 1.85
3.4000001 -6 1.95
3.4000001 -6 2.05
3.4000001 -6 2.1500001
3.4000001 -6 2.25
3.4000001 -6 2.3499999
3.4000001 -6 2.45
3.4000001 -5.9000001 -0.44999999
3.4000001 -5.9000001 -0.34999999
3.4000001 -5.9000001 -0.25
3.4000001 -5.9000001 -0.15000001
3.4000001 -5.9000001 -0.050000001
3.4000001 -5.9000001 0.050000001
3.4000001 -5.9000001 0.15000001
3.4000001 -5.9000001 0.25
3.4000001 -5.9000001 0.34999999
3.4000001 -5.9000001 0.44999999
3.4000001 -5.9000001 0.55000001
3.4000001 -5.9000001 0.64999998
3.4000001 -5.9000001 0.75
3.4000001 -5.9000001 0.85000002
3.4000001 -5.9000001 0.94999999
3.4000001 -5.9000001 1.05
3.4000001 -5.9000001 1.15
3.4000001 -5.9000001 1.25
3.4000001 -5.9000001 1.35
3.4000001 -5.9000001 1.45
3.4000001 -5.9000001 1.55
3.4000001 -5.9000001 1.65
3.4000001 -5.9000001 1.75
3.4000001 -5.9000001 1.85
3.4000001 -5.9000001 1.95
3.4000001 -5.9000001 2.05
3.4000001 -5.9000001 2.1500001
3.4000001 -5.9000001 2.25
3.4000001 -5.9000001 2.3499999
3.4000001 -5.9000001 2.45
3.5 -6.0999999 -0.44999999
3.5 -6.0999999 -0.34999999
3.5 -6.0999999 -0.25
3.5 -6.0999999 -0.15000001
3.5 -6.0999999 -0.050000001
3.5 -6.0999999 0.050000001
3.5 -6.0999999 0.15000001
3.5 -6.0999999 0.25
3.5 -6.0999999 0.34999999
3.5 -6.0999999 0.44999999
3.5 -6.0999999 0.55000001
3.5 -6.0999999 0.64999998
3.5 -6.0999999 0.75
3.5 -6.0999999 0.85000002
3.5 -6.0999999 0.94999999
3.5 -6.0999999 1.05
3.5 -6.0999999 1.15
3.5 -6.0999999 1.25
3.5 -6.0999999 1.35
3.5 -6.0999999 1.45
3.5 -6.0999999 1.55
3.5 -6.0999999 1.65
3.5 -6.0999999 1.75
3.5 -6.0999999 1.85
3.5 -6.0999999 1.95
3.5 -6.0999999 2.05
3.5 -6.0999999 2.1500001
3.5 -6.0999999 2.25
3.5 -6.0999999 2.3499999
3.5 -6.0999999 2.45
3.5 -6 -0.44999999
3.5 -6 -0.34999999
3.5 -6 -0.25
3.5 -6 -0.15000001
3.5 -6 -0.050000001
3.5 -6 0.050000001
3.5 -6 0.15000001
3.5 -6 0.25
3.5 -6 0.34999999
3.5 -6 0.44999999
3.5 -6 0.55000001
3.5 -6 0.64999998
3.5 -6 0.75
3.5 -6 0.85000002
3.5 -6 0.94999999
3.5 -6 1.05
3.5 -6 1.15
3.5 -6 1.25
3.5 -6 1.35
3.5 -6 1.45
3.5 -6 1.55
3.5 -6 1.65
3.5 -6 1.75
3.5 -6 1.85
3.5 -6 1.95
3.5 -6 2.05
3.5 -6 2.1500001
3.5 -6 2.25
3.5 -6 2.3499999
3.5 -6 2.45
3.5 -5.9000001 -0.44999999
3.5 -5.9000001 -0.34999999
3.5 -5.9000001 -0.25
3.5 -5.9000001 -0.15000001
3.5 -5.9000001 -0.050000001
3.5 -5.9000001 0.050000001
3.5 -5.9000001 0.15000001
3.5 -5.9000001 0.25
3.5 -5.9000001 0.34999999
3.5 -5.9000001 0.44999999
3.5 -5.9000001 0.55000001
3.5 -5.9000001 0.64999998
3.5 -5.9000001 0.75
3.5 -5.9000001 0.85000002
3.5 -5.9000001 0.94999999
3.5 -5.9000001 1.05
3.5 -5.9000001 1.15
3.5 -5.9000001 1.25
3.5 -5.9000001 1.35
3.5 -5.9000001 1.45
3.5 -5.9000001 1.55
3.5 -5.9000001 1.65
3.5 -5.9000001 1.75
3.5 -5.9000001 1.85
3.5 -5.9000001 1.95
3.5 -5.9000001 2.05
3.5 -5.9000001 2.1500001
3.5 -5.9000001 2.25
3.5 -5.9000001 2.3499999
3.5 -5.9000001 2.45
3.5999999 -6.0999999 -0.44999999
3.5999999 -6.0999999 -0.34999999
3.5999999 -6.0999999 -0.25
3.5999999 -6.0999999 -0.15000001
3.5999999 -6.0999999 -0.050000001
3.5999999 -6.0999999 0.050000001
3.5999999 -6.0999999 0.15000001
3.5999999 -6.0999999 0.25
3.5999999 -6.0999999 0.34999999
3.5999999 -6.0999999 0.44999999
3.5999999 -6.0999999 0.55000001
3.5999999 -6.0999999 0.64999998
3.5999999 -6.0999999 0.75
3.5999999 -6.0999999 0.85000002
3.5999999 -6.0999999 0.94999999
3.5999999 -6.0999999 1.05
3.5999999 -6.0999999 1.15
3.5999999 -6.0999999 1.25
3.5999999 -6.0999999 1.35
3.5999999 -6.0999999 1.45
3.5999999 -6.0999999 1.55
3.5999999 -6.0999999 1.65
3.5999999 -6.0999999 1.75
3.5999999 -6.0999999 1.85
3.5999999 -6.0999999 1.95
3.5999999 -6.0999999 2.05
3.5999999 -6.0999999 2.1500001
3.5999999 -6.0999999 2.25
3.5999999 -6.0999999 2.3499999
3.5999999 -6.0999999 2.45
3.5999999 -6 -0.44999999
3.5999999 -6 -0.34999999
3.5999999 -6 -0.25
3.5999999 -6 -0.15000001
3.5999999 -6 -0.050000001
3.5999999 -6 0.050000001
3.5999999 -6 0.15000001
3.5999999 -6 0.25
3.5999999 -6 0.34999999
3.5999999 -6 0.44999999
3.5999999 -6 0.55000001
3.5999999 -6 0.64999998
3.5999999 -6 0.75
3.5999999 -6 0.85000002
3.5999999 -6 0.94999999
3.5999999 -6 1.05
3.5999999 -6 1.15
3.5999999 -6 1.25
3.5999999 -6 1.35
3.5999999 -6 1.45
3.5999999 -6 1.55
3.5999999 -6 1.65
3.5999999 -6 1.75
3.5999999 -6 1.85
3.5999999 -6 1.95
3.5999999 -6 2.05
3.5999999 -6 2.1500001
3.5999999 -6 2.25
3.5999999 -6 2.3499999
3.5999999 -6 2.45
3.5999999 -5.9000001 -0.44999999
3.5999999 -5.9000001 -0.34999999
3.5999999 -5.9000001 -0.25
3.5999999 -5.9000001 -0.15000001
3.5999999 -5.9000001 -0.050000001
3.5999999 -5.9000001 0.050000001
3.5999999 -5.9000001 0.15000001
3.5999999 -5.9000001 0.25
3.5999999 -5.9000001 0.34999999
3.5999999 -5.9000001 0.44999999
3.5999999 -5.9000001 0.55000001
3.5999999 -5.9000001 0.64999998
3.5999999 -5.9000001 0.75
3.5999999 -5.9000001 0.85000002
3.5999999 -5.9000001 0.94999999
3.5999999 -5.9000001 1.05
3.5999999 -5.9000001 1.15
3.5999999 -5.9000001 1.25
3.5999999 -5.9000001 1.35
3.5999999 -5.9000001 1.45
3.5999999 -5.9000001 1.55
3.5999999 -5.9000001 1.65
3.5999999 -5.9000001 1.75
3.5999999 -5.9000001 1.85
3.5999999 -5.9000001 1.95
3.5999999 -5.9000001 2.05
3.5999999 -5.9000001 2.1500001
3.5999999 -5.9000001 2.25
3.5999999 -5.9000001 2.3499999
3.5999999 -5.9000001 2.45
3.7 -6.0999999 -0.44999999
3.7 -6.0999999 -0.34999999
3.7 -6.0999999 -0.25
3.7 -6.0999999 -0.15000001
3.7 -6.0999999 -0.050000001
3.7 -6.0999999 0.050000001
3.7 -6.0999999 0.15000001
3.7 -6.0999999 0.25
3.7 -6.0999999 0.34999999
3.7 -6.0999999 0.44999999
3.7 -6.0999999 0.55000001
3.7 -6.0999999 0.64999998
3.7 -6.0999999 0.75
3.7 -6.0999999 0.85000002
3.7 -6.0999999 0.94999999
3.7 -6.0999999 1.05
3.7 -6.0999999 1.15
3.7 -6.0999999 1.25
3.7 -6.0999999 1.35
3.7 -6.0999999 1.45
3.7 -6.0999999 1.55
3.7 -6.0999999 1.65
3.7 -6.0999999 1.75
3.7 -6.0999999 1.85
3.7 -6.0999999 1.95
3.7 -6.0999999 2.05
3.7 -6.0999999 2.1500001
3.7 -6.0999999 2.25
3.7 -6.0999999 2.3499999
3.7 -6.0999999 2.45
3.7 -6 -0.44999999
3.7 -6 -0.34999999
3.7 -6 -0.25
3.7 -6 -0.15000001
3.7 -6 -0.050000001
3.7 -6 0.050000001
3.7 -6 0.15000001
3.7 -6 0.25
3.7 -6 0.34999999
3.7 -6 0.44999999
3.7 -6 0.55000001
3.7 -6 0.64999998
3.7 -6 0.75
3.7 -6 0.85000002
3.7 -6 0.94999999
3.7 -6 1.05
3.7 -6 1.15
3.7 -6 1.25
3.7 -6 1.35
3.7 -6 1.45
3.7 -6 1.55
3.7 -6 1.65
3.7 -6 1.75
3.7 -6 1.85
3.7 -6 1.95
3.7 -6 2.05
3.7 -6 2.1500001
3.7 -6 2.25
3.7 -6 2.3499999
3.7 -6 2.45
3.7 -5.9000001 -0.44999999
3.7 -5.9000001 -0.34999999
3.7 -5.9000001 -0.25
3.7 -5.9000001 -0.15000001
3.7 -5.9000001 -0.050000001
3.7 -5.9000001 0.050000001
3.7 -5.9000001 0.15000001
3.7 -5.9000001 0.25
3.7 -5.9000001 0.34999999
3.7 -5.9000001 0.44999999
3.7 -5.9000001 0.55000001
3.7 -5.9000001 0.64999998
3.7 -5.9000001 0.75
3.7 -5.9000001 0.85000002
3.7 -5.9000001 0.94999999
3.7 -5.9000001 1.05
3.7 -5.9000001 1.15
3.7 -5.9000001 1.25
3.7 -5.9000001 1.35
3.7 -5.9000001 1.45
3.7 -5.9000001 1.55
3.7 -5.9000001 1.65
3.7 -5.9000001 1.75
3.7 -5.9000001 1.85
3.7 -5.9000001 1.95
3.7 -5.9000001 2.05
3.7 -5.9000001 2.1500001
3.7 -5.9000001 2.25
3.7 -5.9000001 2.3499999
3.7 -5.9000001 2.45
3.8 -6.0999999 -0.44999999
3.8 -6.0999999 -0.34999999
3.8 -6.0999999 -0.25
3.8 -6.0999999 -0.15000001
3.8 -6.0999999 -0.050000001
3.8 -6.0999999 0.050000001
3.8 -6.0999999 0.15000001
3.8 -6.0999999 0.25
3.8 -6.0999999 0.34999999
3.8 -6.0999999 0.44999999
3.8 -6.0999999 0.55000001
3.8 -6.0999999 0.64999998
3.8 -6.0999999 0.75
3.8 -6.0999999 0.85000002
3.8 -6.0999999 0.94999999
3.8 -6.0999999 1.05
3.8 -6.0999999 1.15
3.8 -6.0999999 1.25
3.8 -6.0999999 1.35
3.8 -6.0999999 1.45
3.8 -6.0999999 1.55
3.8 -6.0999999 1.65
3.8 -6.0999999 1.75
3.8 -6.0999999 1.85
3.8 -6.0999999 1.95
3.8 -6.0999999 2.05
3.8 -6.0999999 2.1500001
3.8 -6.0999999 2.25
3.8 -6.0999999 2.3499999
3.8 -6.0999999 2.45
3.8 -6 -0.44999999
3.8 -6 -0.34999999
3.8 -6 -0.25
3.8 -6 -0.15000001
3.8 -6 -0.050000001
3.8 -6 0.050000001
3.8 -6 0.15000001
3.8 -6 0.25
3.8 -6 0.34999999
3.8 -6 0.44999999
3.8 -6 0.55000001
3.8 -6 0.64999998
3.8 -6 0.75
3.8 -6 0.85000002
3.8 -6 0.94999999
3.8 -6 1.05
3.8 -6 1.15
3.8 -6 1.25
3.8 -6 1.35
3.8 -6 1.45
3.8 -6 1.55
3.8 -6 1.65
3.8 -6 1.75
3.8 -6 1.85
3.8 -6 1.95
3.8 -6 2.05
3.8 -6 2.1500001
3.8 -6 2.25
3.8 -6 2.3499999
3.8 -6 2.45
3.8 -5.9000001 -0.44999999
3.8 -5.9000001 -0.34999999
3.8 -5.9000001 -0.25
3.8 -5.9000001 -0.15000001
3.8 -5.9000001 -0.050000001
3.8 -5.9000001 0.050000001
3.8 -5.9000001 0.15000001
3.8 -5.9000001 0.25
3.8 -5.9000001 0.34999999
3.8 -5.9000001 0.44999999
3.8 -5.9000001 0.55000001
3.8 -5.9000001 0.64999998
3.8 -5.9000001 0.75
3.8 -5.9000001 0.85000002
3.8 -5.9000001 0.94999999
3.8 -5.9000001 1.05
3.8 -5.9000001 1.15
3.8 -5.9000001 1.25
3.8 -5.9000001 1.35
3.8 -5.9000001 1.45
3.8 -5.9000001 1.55
3.8 -5.9000001 1.65
3.8 -5.9000001 1.75
3.8 -5.9000001 1.85
3.8 -5.9000001 1.95
3.8 -5.9000001 2.05
3.8 -5.9000001 2.1500001
3.8 -5.9000001 2.25
3.8 -5.9000001 2.3499999
3.8 -5.9000001 2.45
3.9000001 -6.0999999 -0.44999999
3.9000001 -6.0999999 -0.34999999
3.9000001 -6.0999999 -0.25
3.9000001 -6.0999999 -0.15000001
3.9000001 -6.0999999 -0.050000001
3.9000001 -6.0999999 0.050000001
3.9000001 -6.0999999 0.15000001
3.9000001 -6.0999999 0.25
3.9000001 -6.0999999 0.34999999
3.9000001 -6.0999999 0.44999999
3.9000001 -6.0999999 0.55000001
3.9000001 -6.0999999 0.64999998
3.9000001 -6.0999999 0.75
3.9000001 -6.0999999 0.85000002
3.9000001 -6.0999999 0.94999999
3.9000001 -6.0999999 1.05
3.9000001 -6.0999999 1.15
3.9000001 -6.0999999 1.25
3.9000001 -6.0999999 1.35
3.9000001 -6.0999999 1.45
3.9000001 -6.0999999 1.55
3.9000001 -6.0999999 1.65
3.9000001 -6.0999999 1.75
3.9000001 -6.0999999 1.85
3.9000001 -6.0999999 1.95
3.9000001 -6.0999999 2.05
3.9000001 -6.0999999 2.1500001
3.9000001 -6.0999999 2.25
3.9000001 -6.0999999 2.3499999
3.9000001 -6.0999999 2.45
3.9000001 -6 -0.44999999
3.9000001 -6 -0.34999999
3.9000001 -6 -0.25
3.9000001 -6 -0.15000001
3.9000001 -6 -0.050000001
3.9000001 -6 0.050000001
3.9000001 -6 0.15000001
3.9000001 -6 0.25
3.9000001 -6 0.34999999
3.9000001 -6 0.44999999
3.9000001 -6 0.55000001
3.9000001 -6 0.64999998
3.9000001 -6 0.75
3.9000001 -6 0.85000002
3.9000001 -6 0.94999999
3.9000001 -6 1.05
3.9000001 -6 1.15
3.9000001 -6 1.25
3.9000001 -6 1.35
3.9000001 -6 1.45
3.9000001 -6 1.55
3.9000001 -6 1.65
3.9000001 -6 1.75
3.9000001 -6 1.85
3.9000001 -6 1.95
3.9000001 -6 2.05
3.9000001 -6 2.1500001
3.9000001 -6 2.25
3.9000001 -6 2.3499999
3.9000001 -6 2.45
3.9000001 -5.9000001 -0.44999999
3.9000001 -5.9000001 -0.34999999
3.9000001 -5.9000001 -0.25
3.9000001 -5.9000001 -0.15000001
3.9000001 -5.9000001 -0.050000001
3.9000001 -5.9000001 0.050000001
3.9000001 -5.9000001 0.15000001
3.9000001 -5.9000001 0.25
3.9000001 -5.9000001 0.34999999
3.9000001 -5.9000001 0.44999999
3.9000001 -5.9000001 0.55000001
3.9000001 -5.9000001 0.64999998
3.9000001 -5.9000001 0.75
3.9000001 -5.9000001 0.85000002
3.9000001 -5.9000001 0.94999999
3.9000001 -5.9000001 1.05
3.9000001 -5.9000001 1.15
3.9000001 -5.9000001 1.25
3.9000001 -5.9000001 1.35
3.9000001 -5.9000001 1.45
3.9000001 -5.9000001 1.55
3.9000001 -5.9000001 1.65
3.9000001 -5.9000001 1.75
3.9000001 -5.9000001 1.85
3.9000001 -5.9000001 1.95
3.9000001 -5.9000001 2.05
3.9000001 -5.9000001 2.1500001
3.9000001 -5.9000001 2.25
3.9000001 -5.9000001 2.3499999
3.9000001 -5.9000001 2.45
4 -6.0999999 -0.44999999
4 -6.0999999 -0.34999999
4 -6.0999999 -0.25
4 -6.0999999 -0.15000001
4 -6.0999999 -0.050000001
4 -6.0999999 0.050000001
4 -6.0999999 0.15000001
4 -6.0999999 0.25
4 -6.0999999 0.34999999
4 -6.0999999 0.44999999
4 -6.0999999 0.55000001
4 -6.0999999 0.64999998
4 -6.0999999 0.75
4 -6.0999999 0.85000002
4 -6.0999999 0.94999999
4 -6.0999999 1.05
4 -6.0999999 1.15
4 -6.0999999 1.25
4 -6.0999999 1.35
4 -6.0999999 1.45
4 -6.0999999 1.55
4 -6.0999999 1.65
4 -6.0999999 1.75
4 -6.0999999 1.85
4 -6.0999999 1.95
4 -6.0999999 2.05
4 -6.0999999 2.1500001
4 -6.0999999 2.25
4 -6.0999999 2.3499999
4 -6.0999999 2.45
4 -6 -0.44999999
4 -6 -0.34999999
4 -6 -0.25
4 -6 -0.15000001
4 -6 -0.050000001
4 -6 0.050000001
4 -6 0.15000001
4 -6 0.25
4 -6 0.34999999
4 -6 0.44999999
4 -6 0.55000001
4 -6 0.64999998
4 -6 0.75
4 -6 0.85000002
4 -6 0.94999999
4 -6 1.05
4 -6 1.15
4 -6 1.25
4 -6 1.35
4 -6 1.45
4 -6 1.55
4 -6 1.65
4 -6 1.75
4 -6 1.85
4 -6 1.95
4 -6 2.05
4 -6 2.1500001
4 -6 2.25
4 -6 2.3499999
4 -6 2.45
4 -5.9000001 -0.44999999
4 -5.9000001 -0.34999999
4 -5.9000001 -0.25
4 -5.9000001 -0.15000001
4 -5.9000001 -0.050000001
4 -5.9000001 0.050000001
4 -5.9000001 0.15000001
4 -5.9000001 0.25
4 -5.9000001 0.34999999
4 -5.9000001 0.44999999
4 -5.9000001 0.55000001
4 -5.9000001 0.64999998
4 -5.9000001 0.75
4 -5.9000001 0.85000002
4 -5.9000001 0.94999999
4 -5.9000001 1.05
4 -5.9000001 1.15
4 -5.9000001 1.25
4 -5.9000001 1.35
4 -5.9000001 1.45
4 -5.9000001 1.55
4 -5.9000001 1.65
4 -5.9000001 1.75
4 -5.9000001 1.85
4 -5.9000001 1.95
4 -5.9000001 2.05
4 -5.9000001 2.1500001
4 -5.9000001 2.25
4 -5.9000001 2.3499999
4 -5.9000001 2.45
4.0999999 -6.0999999 -0.44999999
4.0999999 -6.0999999 -0.34999999
4.0999999 -6.0999999 -0.25
4.0999999 -6.0999999 -0.15000001
4.0999999 -6.0999999 -0.050000001
4.0999999 -6.0999999 0.050000001
4.0999999 -6.0999999 0.15000001
4.0999999 -6.0999999 0.25
4.0999999 -6.0999999 0.34999999
4.0999999 -6.0999999 0.44999999
4.0999999 -6.0999999 0.55000001
4.0999999 -6.0999999 0.64999998
4.0999999 -6.0999999 0.75
4.0999999 -6.0999999 0.85000002
4.0999999 -6.0999999 0.94999999
4.0999999 -6.0999999 1.05
4.0999999 -6.0999999 1.15
4.0999999 -6.0999999 1.25
4.0999999 -6.0999999 1.35
4.0999999 -6.0999999 1.45
4.0999999 -6.0999999 1.55
4.0999999 -6.0999999 1.65
4.0999999 -6.0999999 1.75
4.0999999 -6.0999999 1.85
4.0999999 -6.0999999 1.95
4.0999999 -6.0999999 2.05
4.0999999 -6.0999999 2.1500001
4.0999999 -6.0999999 2.25
4.0999999 -6.0999999 2.3499999
4.0999999 -6.0999999 2.45
4.0999999 -6 -0.44999999
4.0999999 -6 -0.34999999
4.0999999 -6 -0.25
4.0999999 -6 -0.15000001
4.0999999 -6 -0.050000001
4.0999999 -6 0.050000001
4.0999999 -6 0.15000001
4.0999999 -6 0.25
4.0999999 -6 0.34999999
4.0999999 -6 0.44999999
4.0999999 -6 0.55000001
4.0999999 -6 0.64999998
4.0999999 -6 0.75
4.0999999 -6 0.85000002
4.0999999 -6 0.94999999
4.0999999 -6 1.05
4.0999999 -6 1.15
4.0999999 -6 1.25
4.0999999 -6 1.35
4.0999999 -6 1.45
4.0999999 -6 1.55
4.0999999 -6 1.65
4.0999999 -6 1.75
4.0999999 -6 1.85
4.0999999 -6 1.95
4.0999999 -6 2.05
4.0999999 -6 2.1500001
4.0999999 -6 2.25
4.0999999 -6 2.3499999
4.0999999 -6 2.45
4.0999999 -5.9000001 -0.44999999
4.0999999 -5.9000001 -0.34999999
4.0999999 -5.9000001 -0.25
4.0999999 -5.9000001 -0.15000001
4.0999999 -5.9000001 -0.050000001
4.0999999 -5.9000001 0.050000001
4.0999999 -5.9000001 0.15000001
4.0999999 -5.9000001 0.25
4.0999999 -5.9000001 0.34999999
4.0999999 -5.9000001 0.44999999
4.0999999 -5.9000001 0.55000001
4.0999999 -5.9000001 0.64999998
4.0999999 -5.9000001 0.75
4.0999999 -5.9000001 0.85000002
4.0999999 -5.9000001 0.94999999
4.0999999 -5.9000001 1.05
4.0999999 -5.9000001 1.15
4.0999999 -5.9000001 1.25
4.0999999 -5.9000001 1.35
4.0999999 -5.9000001 1.45
4.0999999 -5.9000001 1.55
4.0999999 -5.9000001 1.65
4.0999999 -5.9000001 1.75
4.0999999 -5.9000001 1.85
4.0999999 -5.9000001 1.95
4.0999999 -5.9000001 2.05
4.0999999 -5.9000001 2.1500001
4.0999999 -5.9000001 2.25
4.0999999 -5.9000001 2.3499999
4.0999999 -5.9000001 2.45
4.1999998 -6.0999999 -0.44999999
4.1999998 -6.0999999 -0.34999999
4.1999998 -6.0999999 -0.25
4.1999998 -6.0999999 -0.15000001
4.1999998 -6.0999999 -0.050000001
4.1999998 -6.0999999 0.050000001
4.1999998 -6.0999999 0.15000001
4.1999998 -6.0999999 0.25
4.1999998 -6.0999999 0.34999999
4.1999998 -6.0999999 0.44999999
4.1999998 -6.0999999 0.55000001
4.1999998 -6.0999999 0.64999998
4.1999998 -6.0999999 0.75
4.1999998 -6.0999999 0.85000002
4.1999998 -6.0999999 0.94999999
4.1999998 -6.0999999 1.05
4.1999998 -6.0999999 1.15
4.1999998 -6.0999999 1.25
4.1999998 -6.0999999 1.35
4.1999998 -6.0999999 1.45
4.1999998 -6.0999999 1.55
4.1999998 -6.0999999 1.65
4.1999998 -6.0999999 1.75
4.1999998 -6.0999999 1.85
4.1999998 -6.0999999 1.95
4.1999998 -6.0999999 2.05
4.1999998 -6.0999999 2.1500001
4.1999998 -6.0999999 2.25
4.1999998 -6.0999999 2.3499999
4.1999998 -6.0999999 2.45
4.1999998 -6 -0.44999999
4.1999998 -6 -0.34999999
4.1999998 -6 -0.25
4.1999998 -6 -0.15000001
4.1999998 -6 -0.050000001
4.1999998 -6 0.050000001
4.1999998 -6 0.15000001
4.1999998 -6 0.25
4.1999998 -6 0.34999999
4.1999998 -6 0.44999999
4.1999998 -6 0.55000001
4.1999998 -6 0.64999998
4.1999998 -6 0.75
4.1999998 -6 0.85000002
4.1999998 -6 0.94999999
4.1999998 -6 1.05
4.1999998 -6 1.15
4.1999998 -6 1.25
4.1999998 -6 1.35
4.1999998 -6 1.45
4.1999998 -6 1.55
4.1999998 -6 1.65
4.1999998 -6 1.75
4.1999998 -6 1.85
4.1999998 -6 1.95
4.1999998 -6 2.05
4.1999998 -6 2.1500001
4.1999998 -6 2.25
4.1999998 -6 2.3499999
4.1999998 -6 2.45
4.1999998 -5.9000001 -0.44999999
4.1999998 -5.9000001 -0.34999999
4.1999998 -5.9000001 -0.25
4.1999998 -5.9000001 -0.15000001
4.1999998 -5.9000001 -0.050000001
4.1999998 -5.9000001 0.050000001
4.1999998 -5.9000001 0.15000001
4.1999998 -5.9000001 0.25
4.1999998 -5.9000001 0.34999999
4.1999998 -5.9000001 0.44999999
4.1999998 -5.9000001 0.55000001
4.1999998 -5.9000001 0.64999998
4.1999998 -5.9000001 0.75
4.1999998 -5.9000001 0.85000002
4.1999998 -5.9000001 0.94999999
4.1999998 -5.9000001 1.05
4.1999998 -5.9000001 1.15
4.1999998 -5.9000001 1.25
4.1999998 -5.9000001 1.35
4.1999998 -5.9000001 1.45
4.1999998 -5.9000001 1.55
4.1999998 -5.9000001 1.65
4.1999998 -5.9000001 1.75
4.1999998 -5.9000001 1.85
4.1999998 -5.9000001 1.95
4.1999998 -5.9000001 2.05
4.1999998 -5.9000001 2.1500001
4.1999998 -5.9000001 2.25
4.1999998 -5.9000001 2.3499999
4.1999998 -5.9000001 2.45
4.3000002 -6.0999999 -0.44999999
4.3000002 -6.0999999 -0.34999999
4.3000002 -6.0999999 -0.25
4.3000002 -6.0999999 -0.15000001
4.3000002 -6.0999999 -0.050000001
4.3000002 -6.0999999 0.050000001
4.3000002 -6.0999999 0.15000001
4.3000002 -6.0999999 0.25
4.3000002 -6.0999999 0.34999999
4.3000002 -6.0999999 0.44999999
4.3000002 -6.0999999 0.55000001
4.3000002 -6.0999999 0.64999998
4.3000002 -6.0999999 0.75
4.3000002 -6.0999999 0.85000002
4.3000002 -6.0999999 0.94999999
4.3000002 -6.0999999 1.05
4.3000002 -6.0999999 1.15
4.3000002 -6.0999999 1.25
4.3000002 -6.0999999 1.35
4.3000002 -6.0999999 1.45
4.3000002 -6.0999999 1.55
4.3000002 -6.0999999 1.65
4.3000002 -6.0999999 1.75
4.3000002 -6.0999999 1.85
4.3000002 -6.0999999 1.95
4.3000002 -6.0999999 2.05
4.3000002 -6.0999999 2.1500001
4.3000002 -6.0999999 2.25
4.3000002 -6.0999999 2.3499999
4.3000002 -6.0999999 2.45
4.3000002 -6 -0.44999999
4.3000002 -6 -0.34999999
4.3000002 -6 -0.25
4.3000002 -6 -0.15000001
4.3000002 -6 -0.050000001
4.3000002 -6 0.050000001
4.3000002 -6 0.15000001
4.3000002 -6 0.25
4.3000002 -6 0.34999999
4.3000002 -6 0.44999999
4.3000002 -6 0.55000001
4.3000002 -6 0.64999998
4.3000002 -6 0.75
4.3000002 -6 0.85000002
4.3000002 -6 0.94999999
4.3000002 -6 1.05
4.3000002 -6 1.15
4.3000002 -6 1.25
4.3000002 -6 1.35
4.3000002 -6 1.45
4.3000002 -6 1.55
4.3000002 -6 1.65
4.3000002 -6 1.75
4.3000002 -6 1.85
4.3000002 -6 1.95
4.3000002 -6 2.05
4.3000002 -6 2.1500001
4.3000002 -6 2.25
4.3000002 -6 2.3499999
4.3000002 -6 2.45
4.3000002 -5.9000001 -0.44999999
4.3000002 -5.9000001 -0.34999999
4.3000002 -5.9000001 -0.25
4.3000002 -5.9000001 -0.15000001
4.3000002 -5.9000001 -0.050000001
4.3000002 -5.9000001 0.050000001
4.3000002 -5.9000001 0.15000001
4.3000002 -5.9000001 0.25
4.3000002 -5.9000001 0.34999999
4.3000002 -5.9000001 0.44999999
4.3000002 -5.9000001 0.55000001
4.3000002 -5.9000001 0.64999998
4.3000002 -5.9000001 0.75
4.3000002 -5.9000001 0.85000002
4.3000002 -5.9000001 0.94999999
4.3000002 -5.9000001 1.05
4.3000002 -5.9000001 1.15
4.3000002 -5.9000001 1.25
4.3000002 -5.9000001 1.35
4.3000002 -5.9000001 1.45
4.3000002 -5.9000001 1.55
4.3000002 -5.9000001 1.65
4.3000002 -5.9000001 1.75
4.3000002 -5.9000001 1.85
4.3000002 -5.9000001 1.95
4.3000002 -5.9000001 2.05
4.3000002 -5.9000001 2.1500001
4.3000002 -5.9000001 2.25
4.3000002 -5.9000001 2.3499999
4.3000002 -5.9000001 2.45
4.4000001 -6.0999999 -0.44999999
4.4000001 -6.0999999 -0.34999999
4.4000001 -6.0999999 -0.25
4.4000001 -6.0999999 -0.15000001
4.4000001 -6.0999999 -0.050000001
4.4000001 -6.0999999 0.050000001
4.4000001 -6.0999999 0.15000001
4.4000001 -6.0999999 0.25
4.4000001 -6.0999999 0.34999999
4.4000001 -6.0999999 0.44999999
4.4000001 -6.0999999 0.55000001
4.4000001 -6.0999999 0.64999998
4.4000001 -6.0999999 0.75
4.4000001 -6.0999999 0.85000002
4.4000001 -6.0999999 0.94999999
4.4000001 -6.0999999 1.05
4.4000001 -6.0999999 1.15
4.4000001 -6.0999999 1.25
4.4000001 -6.0999999 1.35
4.4000001 -6.0999999 1.45
4.4000001 -6.0999999 1.55
4.4000001 -6.0999999 1.65
4.4000001 -6.0999999 1.75
4.4000001 -6.0999999 1.85
4.4000001 -6.0999999 1.95
4.4000001 -6.0999999 2.05
4.4000001 -6.0999999 2.1500001
4.4000001 -6.0999999 2.25
4.4000001 -6.0999999 2.3499999
4.4000001 -6.0999999 2.45
4.4000001 -6 -0.44999999
4.4000001 -6 -0.34999999
4.4000001 -6 -0.25
4.4000001 -6 -0.15000001
4.4000001 -6 -0.050000001
4.4000001 -6 0.050000001
4.4000001 -6 0.15000001
4.4000001 -6 0.25
4.4000001 -6 0.34999999
4.4000001 -6 0.44999999
4.4000001 -6 0.55000001
4.4000001 -6 0.64999998
4.4000001 -6 0.75
4.4000001 -6 0.85000002
4.4000001 -6 0.94999999
4.4000001 -6 1.05
4.4000001 -6 1.15
4.4000001 -6 1.25
4.4000001 -6 1.35
4.4000001 -6 1.45
4.4000001 -6 1.55
4.4000001 -6 1.65
4.4000001 -6 1.75
4.4000001 -6 1.85
4.4000001 -6 1.95
4.4000001 -6 2.05
4.4000001 -6 2.1500001
4.4000001 -6 2.25
4.4000001 -6 2.3499999
4.4000001 -6 2.45
4.4000001 -5.9000001 -0.44999999
4.4000001 -5.9000001 -0.34999999
4.4000001 -5.9000001 -0.25
4.4000001 -5.9000001 -0.15000001
4.4000001 -5.9000001 -0.050000001
4.4000001 -5.9000001 0.050000001
4.4000001 -5.9000001 0.15000001
4.4000001 -5.9000001 0.25
4.4000001 -5.9000001 0.34999999
4.4000001 -5.9000001 0.44999999
4.4000001 -5.9000001 0.55000001
4.4000001 -5.9000001 0.64999998
4.4000001 -5.9000001 0.75
4.4000001 -5.9000001 0.85000002
4.4000001 -5.9000001 0.94999999
4.4000001 -5.9000001 1.05
4.4000001 -5.9000001 1.15
4.4000001 -5.9000001 1.25
4.4000001 -5.9000001 1.35
4.4000001 -5.9000001 1.45
4.4000001 -5.9000001 1.55
4.4000001 -5.9000001 1.65
4.4000001 -5.9000001 1.75
4.4000001 -5.9000001 1.85
4.4000001 -5.9000001 1.95
4.4000001 -5.9000001 2.05
4.4000001 -5.9000001 2.1500001
4.4000001 -5.9000001 2.25
4.4000001 -5.9000001 2.3499999
4.4000001 -5.9000001 2.45
4.5 -6.0999999 -0.44999999
4.5 -6.0999999 -0.34999999
4.5 -6.0999999 -0.25
4.5 -6.0999999 -0.15000001
4.5 -6.0999999 -0.050000001
4.5 -6.0999999 0.050000001
4.5 -6.0999999 0.15000001
4.5 -6.0999999 0.25
4.5 -6.0999999 0.34999999
4.5 -6.0999999 0.44999999
4.5 -6.0999999 0.55000001
4.5 -6.0999999 0.64999998
4.5 -6.0999999 0.75
4.5 -6.0999999 0.85000002
4.5 -6.0999999 0.94999999
4.5 -6.0999999 1.05
4.5 -6.0999999 1.15
4.5 -6.0999999 1.25
4.5 -6.0999999 1.35
4.5 -6.0999999 1.45
4.5 -6.0999999 1.55
4.5 -6.0999999 1.65
4.5 -6.0999999 1.75
4.5 -6.0999999 1.85
4.5 -6.0999999 1.95
4.5 -6.0999999 2.05
4.5 -6.0999999 2.1500001
4.5 -6.0999999 2.25
4.5 -6.0999999 2.3499999
4.5 -6.0999999 2.45
4.5 -6 -0.44999999
4.5 -6 -0.34999999
4.5 -6 -0.25
4.5 -6 -0.15000001
4.5 -6 -0.050000001
4.5 -6 0.050000001
4.5 -6 0.15000001
4.5 -6 0.25
4.5 -6 0.34999999
4.5 -6 0.44999999
4.5 -6 0.55000001
4.5 -6 0.64999998
4.5 -6 0.75
4.5 -6 0.85000002
4.5 -6 0.94999999
4.5 -6 1.05
4.5 -6 1.15
4.5 -6 1.25
4.5 -6 1.35
4.5 -6 1.45
4.5 -6 1.55
4.5 -6 1.65
4.5 -6 1.75
4.5 -6 1.85
4.5 -6 1.95
4.5 -6 2.05
4.5 -6 2.1500001
4.5 -6 2.25
4.5 -6 2.3499999
4.5 -6 2.45
4.5 -5.9000001 -0.44999999
4.5 -5.9000001 -0.34999999
4.5 -5.9000001 -0.25
4.5 -5.9000001 -0.15000001
4.5 -5.9000001 -0.050000001
4.5 -5.9000001 0.050000001
4.5 -5.9000001 0.15000001
4.5 -5.9000001 0.25
4.5 -5.9000001 0.34999999
4.5 -5.9000001 0.44999999
4.5 -5.9000001 0.55000001
4.5 -5.9000001 0.64999998
4.5 -5.9000001 0.75
4.5 -5.9000001 0.85000002
4.5 -5.9000001 0.94999999
4.5 -5.9000001 1.05
4.5 -5.9000001 1.15
4.5 -5.9000001 1.25
4.5 -5.9000001 1.35
4.5 -5.9000001 1.45
4.5 -5.9000001 1.55
4.5 -5.9000001 1.65
4.5 -5.9000001 1.75
4.5 -5.9000001 1.85
4.5 -5.9000001 1.95
4.5 -5.9000001 2.05
4.5 -5.9000001 2.1500001
4.5 -5.9000001 2.25
4.5 -5.9000001 2.3499999
4.5 -5.9000001 2.45
4.5999999 -6.0999999 -0.44999999
4.5999999 -6.0999999 -0.34999999
4.5999999 -6.0999999 -0.25
4.5999999 -6.0999999 -0.15000001
4.5999999 -6.0999999 -0.050000001
4.5999999 -6.0999999 0.050000001
4.5999999 -6.0999999 0.15000001
4.5999999 -6.0999999 0.25
4.5999999 -6.0999999 0.34999999
4.5999999 -6.0999999 0.44999999
4.5999999 -6.0999999 0.55000001
4.5999999 -6.0999999 0.64999998
4.5999999 -6.0999999 0.75
4.5999999 -6.0999999 0.85000002
4.5999999 -6.0999999 0.94999999
4.5999999 -6.0999999 1.05
4.5999999 -6.0999999 1.15
4.5999999 -6.0999999 1.25
4.5999999 -6.0999999 1.35
4.5999999 -6.0999999 1.45
4.5999999 -6.0999999 1.55
4.5999999 -6.0999999 1.65
4.5999999 -6.0999999 1.75
4.5999999 -6.0999999 1.85
4.5999999 -6.0999999 1.95
4.5999999 -6.0999999 2.05
4.5999999 -6.0999999 2.1500001
4.5999999 -6.0999999 2.25
4.5999999 -6.0999999 2.3499999
4.5999999 -6.0999999 2.45
4.5999999 -6 -0.44999999
4.5999999 -6 -0.34999999
4.5999999 -6 -0.25
4.5999999 -6 -0.15000001
4.5999999 -6 -0.050000001
4.5999999 -6 0.050000001
4.5999999 -6 0.15000001
4.5999999 -6 0.25
4.5999999 -6 0.34999999
4.5999999 -6 0.44999999
4.5999999 -6 0.55000001
4.5999999 -6 0.64999998
4.5999999 -6 0.75
4.5999999 -6 0.85000002
4.5999999 -6 0.94999999
4.5999999 -6 1.05
4.5999999 -6 1.15
4.5999999 -6 1.25
4.5999999 -6 1.35
4.5999999 -6 1.45
4.5999999 -6 1.55
4.5999999 -6 1.65
4.5999999 -6 1.75
4.5999999 -6 1.85
4.5999999 -6 1.95
4.5999999 -6 2.05
4.5999999 -6 2.1500001
4.5999999 -6 2.25
4.5999999 -6 2.3499999
4.5999999 -6 2.45
4.5999999 -5.9000001 -0.44999999
4.5999999 -5.9000001 -0.34999999
4.5999999 -5.9000001 -0.25
4.5999999 -5.9000001 -0.15000001
4.5999999 -5.9000001 -0.050000001
4.5999999 -5.9000001 0.050000001
4.5999999 -5.9000001 0.15000001
4.5999999 -5.9000001 0.25
4.5999999 -5.9000001 0.34999999
4.5999999 -5.9000001 0.44999999
4.5999999 -5.9000001 0.55000001
4.5999999 -5.9000001 0.64999998
4.5999999 -5.9000001 0.75
4.5999999 -5.9000001 0.85000002
4.5999999 -5.9000001 0.94999999
4.5999999 -5.9000001 1.05
4.5999999 -5.9000001 1.15
4.5999999 -5.9000001 1.25
4.5999999 -5.9000001 1.35
4.5999999 -5.9000001 1.45
4.5999999 -5.9000001 1.55
4.5999999 -5.9000001 1.65
4.5999999 -5.9000001 1.75
4.5999999 -5.9000001 1.85
4.5999999 -5.9000001 1.95
4.5999999 -5.9000001 2.05
4.5999999 -5.9000001 2.1500001
4.5999999 -5.9000001 2.25
4.5999999 -5.9000001 2.3499999
4.5999999 -5.9000001 2.45
4.6999998 -6.0999999 -0.44999999
4.6999998 -6.0999999 -0.34999999
4.6999998 -6.0999999 -0.25
4.6999998 -6.0999999 -0.15000001
4.6999998 -6.0999999 -0.050000001
4.6999998 -6.0999999 0.050000001
4.6999998 -6.0999999 0.15000001
4.6999998 -6.0999999 0.25
4.6999998 -6.0999999 0.34999999
4.6999998 -6.0999999 0.44999999
4.6999998 -6.0999999 0.55000001
4.6999998 -6.0999999 0.64999998
4.6999998 -6.0999999 0.75
4.6999998 -6.0999999 0.85000002
4.6999998 -6.0999999 0.94999999
4.6999998 -6.0999999 1.05
4.6999998 -6.0999999 1.15
4.6999998 -6.0999999 1.25
4.6999998 -6.0999999 1.35
4.6999998 -6.0999999 1.45
4.6999998 -6.0999999 1.55
4.6999998 -6.0999999 1.65
4.6999998 -6.0999999 1.75
4.6999998 -6.0999999 1.85
4.6999998 -6.0999999 1.95
4.6999998 -6.0999999 2.05
4.6999998 -6.0999999 2.1500001
4.6999998 -6.0999999 2.25
4.6999998 -6.0999999 2.3499999
4.6999998 -6.0999999 2.45
4.6999998 -6 -0.44999999
4.6999998 -6 -0.34999999
4.6999998 -6 -0.25
4.6999998 -6 -0.15000001
4.6999998 -6 -0.050000001
4.6999998 -6 0.050000001
4.6999998 -6 0.15000001
4.6999998 -6 0.25
4.6999998 -6 0.34999999
4.6999998 -6 0.44999999
4.6999998 -6 0.55000001
4.6999998 -6 0.64999998
4.6999998 -6 0.75
4.6999998 -6 0.85000002
4.6999998 -6 0.94999999
4.6999998 -6 1.05
4.6999998 -6 1.15
4.6999998 -6 1.25
4.6999998 -6 1.35
4.6999998 -6 1.45
4.6999998 -6 1.55
4.6999998 -6 1.65
4.6999998 -6 1.75
4.6999998 -6 1.85
4.6999998 -6 1.95
4.6999998 -6 2.05
4.6999998 -6 2.1500001
4.6999998 -6 2.25
4.6999998 -6 2.3499999
4.6999998 -6 2.45
4.6999998 -5.9000001 -0.44999999
4.6999998 -5.9000001 -0.34999999
4.6999998 -5.9000001 -0.25
4.6999998 -5.9000001 -0.15000001
4.6999998 -5.9000001 -0.050000001
4.6999998 -5.9000001 0.050000001
4.6999998 -5.9000001 0.15000001
4.6999998 -5.9000001 0.25
4.6999998 -5.9000001 0.34999999
4.6999998 -5.9000001 0.44999999
4.6999998 -5.9000001 0.55000001
4.6999998 -5.9000001 0.64999998
4.6999998 -5.9000001 0.75
4.6999998 -5.9000001 0.85000002
4.6999998 -5.9000001 0.94999999
4.6999998 -5.9000001 1.05
4.6999998 -5.9000001 1.15
4.6999998 -5.9000001 1.25
4.6999998 -5.9000001 1.35
4.6999998 -5.9000001 1.45
4.6999998 -5.9000001 1.55
4.6999998 -5.9000001 1.65
4.6999998 -5.9000001 1.75
4.6999998 -5.9000001 1.85
4.6999998 -5.9000001 1.95
4.6999998 -5.9000001 2.05
4.6999998 -5.9000001 2.1500001
4.6999998 -5.9000001 2.25
4.6999998 -5.9000001 2.3499999
4.6999998 -5.9000001 2.45
4.8000002 -6.0999999 -0.44999999
4.8000002 -6.0999999 -0.34999999
4.8000002 -6.0999999 -0.25
4.8000002 -6.0999999 -0.15000001
4.8000002 -6.0999999 -0.050000001
4.8000002 -6.0999999 0.050000001
4.8000002 -6.0999999 0.15000001
4.8000002 -6.0999999 0.25
4.8000002 -6.0999999 0.34999999
4.8000002 -6.0999999 0.44999999
4.8000002 -6.0999999 0.55000001
4.8000002 -6.0999999 0.64999998
4.8000002 -6.0999999 0.75
4.8000002 -6.0999999 0.85000002
4.8000002 -6.0999999 0.94999999
4.8000002 -6.0999999 1.05
4.8000002 -6.0999999 1.15
4.8000002 -6.0999999 1.25
4.8000002 -6.0999999 1.35
4.8000002 -6.0999999 1.45
4.8000002 -6.0999999 1.55
4.8000002 -6.0999999 1.65
4.8000002 -6.0999999 1.75
4.8000002 -6.0999999 1.85
4.8000002 -6.0999999 1.95
4.8000002 -6.0999999 2.05
4.8000002 -6.0999999 2.1500001
4.8000002 -6.0999999 2.25
4.8000002 -6.0999999 2.3499999
4.8000002 -6.0999999 2.45
4.8000002 -6 -0.44999999
4.8000002 -6 -0.34999999
4.8000002 -6 -0.25
4.8000002 -6 -0.15000001
4.8000002 -6 -0.050000001
4.8000002 -6 0.050000001
4.8000002 -6 0.15000001
4.8000002 -6 0.25
4.8000002 -6 0.34999999
4.8000002 -6 0.44999999
4.8000002 -6 0.55000001
4.8000002 -6 0.64999998
4.8000002 -6 0.75
4.8000002 -6 0.85000002
4.8000002 -6 0.94999999
4.8000002 -6 1.05
4.8000002 -6 1.15
4.8000002 -6 1.25
4.8000002 -6 1.35
4.8000002 -6 1.45
4.8000002 -6 1.55
4.8000002 -6 1.65
4.8000002 -6 1.75
4.8000002 -6 1.85
4.8000002 -6 1.95
4.8000002 -6 2.05
4.8000002 -6 2.1500001
4.8000002 -6 2.25
4.8000002 -6 2.3499999
4.8000002 -6 2.45
4.8000002 -5.9000001 -0.44999999
4.8000002 -5.9000001 -0.34999999
4.8000002 -5.9000001 -0.25
4.8000002 -5.9000001 -0.15000001
4.8000002 -5.9000001 -0.050000001
4.8000002 -5.9000001 0.050000001
4.8000002 -5.9000001 0.15000001
4.8000002 -5.9000001 0.25
4.8000002 -5.9000001 0.34999999
4.8000002 -5.9000001 0.44999999
4.8000002 -5.9000001 0.55000001
4.8000002 -5.9000001 0.64999998
4.8000002 -5.9000001 0.75
4.8000002 -5.9000001 0.85000002
4.8000002 -5.9000001 0.94999999
4.8000002 -5.9000001 1.05
4.8000002 -5.9000001 1.15
4.8000002 -5.9000001 1.25
4.8000002 -5.9000001 1.35
4.8000002 -5.9000001 1.45
4.8000002 -5.9000001 1.55
4.8000002 -5.9000001 1.65
4.8000002 -5.9000001 1.75
4.8000002 -5.9000001 1.85
4.8000002 -5.9000001 1.95
4.8000002 -5.9000001 2.05
4.8000002 -5.9000001 2.1500001
4.8000002 -5.9000001 2.25
4.8000002 -5.9000001 2.3499999
4.8000002 -5.9000001 2.45
4.9000001 -6.0999999 -0.44999999
4.9000001 -6.0999999 -0.34999999
4.9000001 -6.0999999 -0.25
4.9000001 -6.0999999 -0.15000001
4.9000001 -6.0999999 -0.050000001
4.9000001 -6.0999999 0.050000001
4.9000001 -6.0999999 0.15000001
4.9000001 -6.0999999 0.25
4.9000001 -6.0999999 0.34999999
4.9000001 -6.0999999 0.44999999
4.9000001 -6.0999999 0.55000001
4.9000001 -6.0999999 0.64999998
4.9000001 -6.0999999 0.75
4.9000001 -6.0999999 0.85000002
4.9000001 -6.0999999 0.94999999
4.9000001 -6.0999999 1.05
4.9000001 -6.0999999 1.15
4.9000001 -6.0999999 1.25
4.9000001 -6.0999999 1.35
4.9000001 -6.0999999 1.45
4.9000001 -6.0999999 1.55
4.9000001 -6.0999999 1.65
4.9000001 -6.0999999 1.75
4.9000001 -6.0999999 1.85
4.9000001 -6.0999999 1.95
4.9000001 -6.0999999 2.05
4.9000001 -6.0999999 2.1500001
4.9000001 -6.0999999 2.25
4.9000001 -6.0999999 2.3499999
4.9000001 -6.0999999 2.45
4.9000001 -6 -0.44999999
4.9000001 -6 -0.34999999
4.9000001 -6 -0.25
4.9000001 -6 -0.15000001
4.9000001 -6 -0.050000001
4.9000001 -6 0.050000001
4.9000001 -6 0.15000001
4.9000001 -6 0.25
4.9000001 -6 0.34999999
4.9000001 -6 0.44999999
4.9000001 -6 0.55000001
4.9000001 -6 0.64999998
4.9000001 -6 0.75
4.9000001 -6 0.85000002
4.9000001 -6 0.94999999
4.9000001 -6 1.05
4.9000001 -6 1.15
4.9000001 -6 1.25
4.9000001 -6 1.35
4.9000001 -6 1.45
4.9000001 -6 1.55
4.9000001 -6 1.65
4.9000001 -6 1.75
4.9000001 -6 1.85
4.9000001 -6 1.95
4.9000001 -6 2.05
4.9000001 -6 2.1500001
4.9000001 -6 2.25
4.9000001 -6 2.3499999
4.9000001 -6 2.45
4.9000001 -5.9000001 -0.44999999
4.9000001 -5.9000001 -0.34999999
4.9000001 -5.9000001 -0.25
4.9000001 -5.9000001 -0.15000001
4.9000001 -5.9000001 -0.050000001
4.9000001 -5.9000001 0.050000001
4.9000001 -5.9000001 0.15000001
4.9000001 -5.9000001 0.25
4.9000001 -5.9000001 0.34999999
4.9000001 -5.9000001 0.44999999
4.9000001 -5.9000001 0.55000001
4.9000001 -5.9000001 0.64999998
4.9000001 -5.9000001 0.75
4.9000001 -5.9000001 0.85000002
4.9000001 -5.9000001 0.94999999
4.9000001 -5.9000001 1.05
4.9000001 -5.9000001 1.15
4.9000001 -5.9000001 1.25
4.9000001 -5.9000001 1.35
4.9000001 -5.9000001 1.45
4.9000001 -5.9000001 1.55
4.9000001 -5.9000001 1.65
4.9000001 -5.9000001 1.75
4.9000001 -5.9000001 1.85
4.9000001 -5.9000001 1.95
4.9000001 -5.9000001 2.05
4.9000001 -5.9000001 2.1500001
4.9000001 -5.9000001 2.25
4.9000001 -5.9000001 2.3499999
4.9000001 -5.9000001 2.45
5 -6.0999999 -0.44999999
5 -6.0999999 -0.34999999
5 -6.0999999 -0.25
5 -6.0999999 -0.15000001
5 -6.0999999 -0.050000001
5 -6.0999999 0.050000001
5 -6.0999999 0.15000001
5 -6.0999999 0.25
5 -6.0999999 0.34999999
5 -6.0999999 0.44999999
5 -6.0999999 0.55000001
5 -6.0999999 0.64999998
5 -6.0999999 0.75
5 -6.0999999 0.85000002
5 -6.0999999 0.94999999
5 -6.0999999 1.05
5 -6.0999999 1.15
5 -6.0999999 1.25
5 -6.0999999 1.35
5 -6.0999999 1.45
5 -6.0999999 1.55
5 -6.0999999 1.65
5 -6.0999999 1.75
5 -6.0999999 1.85
5 -6.0999999 1.95
5 -6.0999999 2.05
5 -6.0999999 2.1500001
5 -6.0999999 2.25
5 -6.0999999 2.3499999
5 -6.0999999 2.45
5 -6 -0.44999999
5 -6 -0.34999999
5 -6 -0.25
5 -6 -0.15000001
5 -6 -0.050000001
5 -6 0.050000001
5 -6 0.15000001
5 -6 0.25
5 -6 0.34999999
5 -6 0.44999999
5 -6 0.55000001
5 -6 0.64999998
5 -6 0.75
5 -6 0.85000002
5 -6 0.94999999
5 -6 1.05
5 -6 1.15
5 -6 1.25
5 -6 1.35
5 -6 1.45
5 -6 1.55
5 -6 1.65
5 -6 1.75
5 -6 1.85
5 -6 1.95
5 -6 2.05
5 -6 2.1500001
5 -6 2.25
5 -6 2.3499999
5 -6 2.45
5 -5.9000001 -0.44999999
5 -5.9000001 -0.34999999
5 -5.9000001 -0.25
5 -5.9000001 -0.15000001
5 -5.9000001 -0.050000001
5 -5.9000001 0.050000001
5 -5.9000001 0.15000001
5 -5.9000001 0.25
5 -5.9000001 0.34999999
5 -5.9000001 0.44999999
5 -5.9000001 0.55000001
5 -5.9000001 0.64999998
5 -5.9000001 0.75
5 -5.9000001 0.85000002
5 -5.9000001 0.94999999
5 -5.9000001 1.05
5 -5.9000001 1.15
5 -5.9000001 1.25
5 -5.9000001 1.35
5 -5.9000001 1.45
5 -5.9000001 1.55
5 -5.9000001 1.65
5 -5.9000001 1.75
5 -5.9000001 1.85
5 -5.9000001 1.95
5 -5.9000001 2.05
5 -5.9000001 2.1500001
5 -5.9000001 2.25
5 -5.9000001 2.3499999
5 -5.9000001 2.45
5.0999999 -6.0999999 -0.44999999
5.0999999 -6.0999999 -0.34999999
5.0999999 -6.0999999 -0.25
5.0999999 -6.0999999 -0.15000001
5.0999999 -6.0999999 -0.050000001
5.0999999 -6.0999999 0.050000001
5.0999999 -6.0999999 0.15000001
5.0999999 -6.0999999 0.25
5.0999999 -6.0999999 0.34999999
5.0999999 -6.0999999 0.44999999
5.0999999 -6.0999999 0.55000001
5.0999999 -6.0999999 0.64999998
5.0999999 -6.0999999 0.75
5.0999999 -6.0999999 0.85000002
5.0999999 -6.0999999 0.94999999
5.0999999 -6.0999999 1.05
5.0999999 -6.0999999 1.15
5.0999999 -6.0999999 1.25
5.0999999 -6.0999999 1.35
5.0999999 -6.0999999 1.45
5.0999999 -6.0999999 1.55
5.0999999 -6.0999999 1.65
5.0999999 -6.0999999 1.75
5.0999999 -6.0999999 1.85
5.0999999 -6.0999999 1.95
5.0999999 -6.0999999 2.05
5.0999999 -6.0999999 2.1500001
5.0999999 -6.0999999 2.25
5.0999999 -6.0999999 2.3499999
5.0999999 -6.0999999 2.45
5.0999999 -6 -0.44999999
5.0999999 -6 -0.34999999
5.0999999 -6 -0.25
5.0999999 -6 -0.15000001
5.0999999 -6 -0.050000001
5.0999999 -6 0.050000001
5.0999999 -6 0.15000001
5.0999999 -6 0.25
5.0999999 -6 0.34999999
5.0999999 -6 0.44999999
5.0999999 -6 0.55000001
5.0999999 -6 0.64999998
5.0999999 -6 0.75
5.0999999 -6 0.85000002
5.0999999 -6 0.94999999
5.0999999 -6 1.05
5.0999999 -6 1.15
5.0999999 -6 1.25
5.0999999 -6 1.35
5.0999999 -6 1.45
5.0999999 -6 1.55
5.0999999 -6 1.65
5.0999999 -6 1.75
5.0999999 -6 1.85
5.0999999 -6 1.95
5.0999999 -6 2.05
5.0999999 -6 2.1500001
5.0999999 -6 2.25
5.0999999 -6 2.3499999
5.0999999 -6 2.45
5.0999999 -5.9000001 -0.44999999
5.0999999 -5.9000001 -0.34999999
5.0999999 -5.9000001 -0.25
5.0999999 -5.9000001 -0.15000001
5.0999999 -5.9000001 -0.050000001
5.0999999 -5.9000001 0.050000001
5.0999999 -5.9000001 0.15000001
5.0999999 -5.9000001 0.25
5.0999999 -5.9000001 0.34999999
5.0999999 -5.9000001 0.44999999
5.0999999 -5.9000001 0.55000001
5.0999999 -5.9000001 0.64999998
5.0999999 -5.9000001 0.75
5.0999999 -5.9000001 0.85000002
5.0999999 -5.9000001 0.94999999
5.0999999 -5.9000001 1.05
5.0999999 -5.9000001 1.15
5.0999999 -5.9000001 1.25
5.0999999 -5.9000001 1.35
5.0999999 -5.9000001 1.45
5.0999999 -5.9000001 1.55
5.0999999 -5.9000001 1.65
5.0999999 -5.9000001 1.75
5.0999999 -5.9000001 1.85
5.0999999 -5.9000001 1.95
5.0999999 -5.9000001 2.05
5.0999999 -5.9000001 2.1500001
5.0999999 -5.9000001 2.25
5.0999999 -5.9000001 2.3499999
5.0999999 -5.9000001 2.45
5.1999998 -6.0999999 -0.44999999
5.1999998 -6.0999999 -0.34999999
5.1999998 -6.0999999 -0.25
5.1999998 -6.0999999 -0.15000001
5.1999998 -6.0999999 -0.050000001
5.1999998 -6.0999999 0.050000001
5.1999998 -6.0999999 0.15000001
5.1999998 -6.0999999 0.25
5.1999998 -6.0999999 0.34999999
5.1999998 -6.0999999 0.44999999
5.1999998 -6.0999999 0.55000001
5.1999998 -6.0999999 0.64999998
5.1999998 -6.0999999 0.75
5.1999998 -6.0999999 0.85000002
5.1999998 -6.0999999 0.94999999
5.1999998 -6.0999999 1.05
5.1999998 -6.0999999 1.15
5.1999998 -6.0999999 1.25
5.1999998 -6.0999999 1.35
5.1999998 -6.0999999 1.45
5.1999998 -6.0999999 1.55
5.1999998 -6.0999999 1.65
5.1999998 -6.0999999 1.75
5.1999998 -6.0999999 1.85
5.1999998 -6.0999999 1.95
5.1999998 -6.0999999 2.05
5.1999998 -6.0999999 2.1500001
5.1999998 -6.0999999 2.25
5.1999998 -6.0999999 2.3499999
5.1999998 -6.0999999 2.45
5.1999998 -6 -0.44999999
5.1999998 -6 -0.34999999
5.1999998 -6 -0.25
5.1999998 -6 -0.15000001
5.1999998 -6 -0.050000001
5.1999998 -6 0.050000001
5.1999998 -6 0.15000001
5.1999998 -6 0.25
5.1999998 -6 0.34999999
5.1999998 -6 0.44999999
5.1999998 -6 0.55000001
5.1999998 -6 0.64999998
5.1999998 -6 0.75
5.1999998 -6 0.85000002
5.1999998 -6 0.94999999
5.1999998 -6 1.05
5.1999998 -6 1.15
5.1999998 -6 1.25
5.1999998 -6 1.35
5.1999998 -6 1.45
5.1999998 -6 1.55
5.1999998 -6 1.65
5.1999998 -6 1.75
5.1999998 -6 1.85
5.1999998 -6 1.95
5.1999998 -6 2.05
5.1999998 -6 2.1500001
5.1999998 -6 2.25
5.1999998 -6 2.3499999
5.1999998 -6 2.45
5.1999998 -5.9000001 -0.44999999
5.1999998 -5.9000001 -0.34999999
5.1999998 -5.9000001 -0.25
5.1999998 -5.9000001 -0.15000001
5.1999998 -5.9000001 -0.050000001
5.1999998 -5.9000001 0.050000001
5.1999998 -5.9000001 0.15000001
5.1999998 -5.9000001 0.25
5.1999998 -5.9000001 0.34999999
5.1999998 -5.9000001 0.44999999
5.1999998 -5.9000001 0.55000001
5.1999998 -5.9000001 0.64999998
5.1999998 -5.9000001 0.75
5.1999998 -5.9000001 0.85000002
5.1999998 -5.9000001 0.94999999
5.1999998 -5.9000001 1.05
5.1999998 -5.9000001 1.15
5.1999998 -5.9000001 1.25
5.1999998 -5.9000001 1.35
5.1999998 -5.9000001 1.45
5.1999998 -5.9000001 1.55
5.1999998 -5.9000001 1.65
5.1999998 -5.9000001 1.75
5.1999998 -5.9000001 1.85
5.1999998 -5.9000001 1.95
5.1999998 -5.9000001 2.05
5.1999998 -5.9000001 2.1500001
5.1999998 -5.9000001 2.25
5.1999998 -5.9000001 2.3499999
5.1999998 -5.9000001 2.45
5.3000002 -6.0999999 -0.44999999
5.3000002 -6.0999999 -0.34999999
5.3000002 -6.0999999 -0.25
5.3000002 -6.0999999 -0.15000001
5.3000002 -6.0999999 -0.050000001
5.3000002 -6.0999999 0.050000001
5.3000002 -6.0999999 0.15000001
5.3000002 -6.0999999 0.25
5.3000002 -6.0999999 0.34999999
5.3000002 -6.0999999 0.44999999
5.3000002 -6.0999999 0.55000001
5.3000002 -6.0999999 0.64999998
5.3000002 -6.0999999 0.75
5.3000002 -6.0999999 0.85000002
5.3000002 -6.0999999 0.94999999
5.3000002 -6.0999999 1.05
5.3000002 -6.0999999 1.15
5.3000002 -6.0999999 1.25
5.3000002 -6.0999999 1.35
5.3000002 -6.0999999 1.45
5.3000002 -6.0999999 1.55
5.3000002 -6.0999999 1.65
5.3000002 -6.0999999 1.75
5.3000002 -6.0999999 1.85
5.3000002 -6.0999999 1.95
5.3000002 -6.0999999 2.05
5.3000002 -6.0999999 2.1500001
5.3000002 -6.0999999 2.25
5.3000002 -6.0999999 2.3499999
5.3000002 -6.0999999 2.45
5.3000002 -6 -0.44999999
5.3000002 -6 -0.34999999
5.3000002 -6 -0.25
5.3000002 -6 -0.15000001
5.3000002 -6 -0.050000001
5.3000002 -6 0.050000001
5.3000002 -6 0.15000001
5.3000002 -6 0.25
5.3000002 -6 0.34999999
5.3000002 -6 0.44999999
5.3000002 -6 0.55000001
5.3000002 -6 0.64999998
5.3000002 -6 0.75
5.3000002 -6 0.85000002
5.3000002 -6 0.94999999
5.3000002 -6 1.05
5.3000002 -6 1.15
5.3000002 -6 1.25
5.3000002 -6 1.35
5.3000002 -6 1.45
5.3000002 -6 1.55
5.3000002 -6 1.65
5.3000002 -6 1.75
5.3000002 -6 1.85
5.3000002 -6 1.95
5.3000002 -6 2.05
5.3000002 -6 2.1500001
5.3000002 -6 2.25
5.3000002 -6 2.3499999
5.3000002 -6 2.45
5.3000002 -5.9000001 -0.44999999
5.3000002 -5.9000001 -0.34999999
5.3000002 -5.9000001 -0.25
5.3000002 -5.9000001 -0.15000001
5.3000002 -5.9000001 -0.050000001
5.3000002 -5.9000001 0.050000001
5.3000002 -5.9000001 0.15000001
5.3000002 -5.9000001 0.25
5.3000002 -5.9000001 0.34999999
5.3000002 -5.9000001 0.44999999
5.3000002 -5.9000001 0.55000001
5.3000002 -5.9000001 0.64999998
5.3000002 -5.9000001 0.75
5.3000002 -5.9000001 0.85000002
5.3000002 -5.9000001 0.94999999
5.3000002 -5.9000001 1.05
5.3000002 -5.9000001 1.15
5.3000002 -5.9000001 1.25
5.3000002 -5.9000001 1.35
5.3000002 -5.9000001 1.45
5.3000002 -5.9000001 1.55
5.3000002 -5.9000001 1.65
5.3000002 -5.9000001 1.75
5.3000002 -5.9000001 1.85
5.3000002 -5.9000001 1.95
5.3000002 -5.9000001 2.05
5.3000002 -5.9000001 2.1500001
5.3000002 -5.9000001 2.25
5.3000002 -5.9000001 2.3499999
5.3000002 -5.9000001 2.45
5.4000001 -6.0999999 -0.44999999
5.4000001 -6.0999999 -0.34999999
5.4000001 -6.0999999 -0.25
5.4000001 -6.0999999 -0.15000001
5.4000001 -6.0999999 -0.050000001
5.4000001 -6.0999999 0.050000001
5.4000001 -6.0999999 0.15000001
5.4000001 -6.0999999 0.25
5.4000001 -6.0999999 0.34999999
5.4000001 -6.0999999 0.44999999
5.4000001 -6.0999999 0.55000001
5.4000001 -6.0999999 0.64999998
5.4000001 -6.0999999 0.75
5.4000001 -6.0999999 0.85000002
5.4000001 -6.0999999 0.94999999
5.4000001 -6.0999999 1.05
5.4000001 -6.0999999 1.15
5.4000001 -6.0999999 1.25
5.4000001 -6.0999999 1.35
5.4000001 -6.0999999 1.45
5.4000001 -6.0999999 1.55
5.4000001 -6.0999999 1.65
5.4000001 -6.0999999 1.75
5.4000001 -6.0999999 1.85
5.4000001 -6.0999999 1.95
5.4000001 -6.0999999 2.05
5.4000001 -6.0999999 2.1500001
5.4000001 -6.0999999 2.25
5.4000001 -6.0999999 2.3499999
5.4000001 -6.0999999 2.45
5.4000001 -6 -0.44999999
5.4000001 -6 -0.34999999
5.4000001 -6 -0.25
5.4000001 -6 -0.15000001
5.4000001 -6 -0.050000001
5.4000001 -6 0.050000001
5.4000001 -6 0.15000001
5.4000001 -6 0.25
5.4000001 -6 0.34999999
5.4000001 -6 0.44999999
5.4000001 -6 0.55000001
5.4000001 -6 0.64999998
5.4000001 -6 0.75
5.4000001 -6 0.85000002
5.4000001 -6 0.94999999
5.4000001 -6 1.05
5.4000001 -6 1.15
5.4000001 -6 1.25
5.4000001 -6 1.35
5.4000001 -6 1.45
5.4000001 -6 1.55
5.4000001 -6 1.65
5.4000001 -6 1.75
5.4000001 -6 1.85
5.4000001 -6 1.95
5.4000001 -6 2.05
5.4000001 -6 2.1500001
5.4000001 -6 2.25
5.4000001 -6 2.3499999
5.4000001 -6 2.45
5.4000001 -5.9000001 -0.44999999
5.4000001 -5.9000001 -0.34999999
5.4000001 -5.9000001 -0.25
5.4000001 -5.9000001 -0.15000001
5.4000001 -5.9000001 -0.050000001
5.4000001 -5.9000001 0.050000001
5.4000001 -5.9000001 0.15000001
5.4000001 -5.9000001 0.25
5.4000001 -5.9000001 0.34999999
5.4000001 -5.9000001 0.44999999
5.4000001 -5.9000001 0.55000001
5.4000001 -5.9000001 0.64999998
5.4000001 -5.9000001 0.75
5.4000001 -5.9000001 0.85000002
5.4000001 -5.9000001 0.94999999
5.4000001 -5.9000001 1.05
5.4000001 -5.9000001 1.15
5.4000001 -5.9000001 1.25
5.4000001 -5.9000001 1.35
5.4000001 -5.9000001 1.45
5.4000001 -5.9000001 1.55
5.4000001 -5.9000001 1.65
5.4000001 -5.9000001 1.75
5.4000001 -5.9000001 1.85
5.4000001 -5.9000001 1.95
5.4000001 -5.9000001 2.05
5.4000001 -5.9000001 2.1500001
5.4000001 -5.9000001 2.25
5.4000001 -5.9000001 2.3499999
5.4000001 -5.9000001 2.45
5.5 -6.0999999 -0.44999999
5.5 -6.0999999 -0.34999999
5.5 -6.0999999 -0.25
5.5 -6.0999999 -0.15000001
5.5 -6.0999999 -0.050000001
5.5 -6.0999999 0.050000001
5.5 -6.0999999 0.15000001
5.5 -6.0999999 0.25
5.5 -6.0999999 0.34999999
5.5 -6.0999999 0.44999999
5.5 -6.0999999 0.55000001
5.5 -6.0999999 0.64999998
5.5 -6.0999999 0.75
5.5 -6.0999999 0.85000002
5.5 -6.0999999 0.94999999
5.5 -6.0999999 1.05
5.5 -6.0999999 1.15
5.5 -6.0999999 1.25
5.5 -6.0999999 1.35
5.5 -6.0999999 1.45
5.5 -6.0999999 1.55
5.5 -6.0999999 1.65
5.5 -6.0999999 1.75
5.5 -6.0999999 1.85
5.5 -6.0999999 1.95
5.5 -6.0999999 2.05
5.5 -6.0999999 2.1500001
5.5 -6.0999999 2.25
5.5 -6.0999999 2.3499999
5.5 -6.0999999 2.45
5.5 -6 -0.44999999
5.5 -6 -0.34999999
5.5 -6 -0.25
5.5 -6 -0.15000001
5.5 -6 -0.050000001
5.5 -6 0.050000001
5.5 -6 0.15000001
5.5 -6 0.25
5.5 -6 0.34999999
5.5 -6 0.44999999
5.5 -6 0.55000001
5.5 -6 0.64999998
5.5 -6 0.75
5.5 -6 0.85000002
5.5 -6 0.94999999
5.5 -6 1.05
5.5 -6 1.15
5.5 -6 1.25
5.5 -6 1.35
5.5 -6 1.45
5.5 -6 1.55
5.5 -6 1.65
5.5 -6 1.75
5.5 -6 1.85
5.5 -6 1.95
5.5 -6 2.05
5.5 -6 2.1500001
5.5 -6 2.25
5.5 -6 2.3499999
5.5 -6 2.45
5.5 -5.9000001 -0.44999999
5.5 -5.9000001 -0.34999999
5.5 -5.9000001 -0.25
5.5 -5.9000001 -0.15000001
5.5 -5.9000001 -0.050000001
5.5 -5.9000001 0.050000001
5.5 -5.9000001 0.15000001
5.5 -5.9000001 0.25
5.5 -5.9000001 0.34999999
5.5 -5.9000001 0.44999999
5.5 -5.9000001 0.55000001
5.5 -5.9000001 0.64999998
5.5 -5.9000001 0.75
5.5 -5.9000001 0.85000002
5.5 -5.9000001 0.94999999
5.5 -5.9000001 1.05
5.5 -5.9000001 1.15
5.5 -5.9000001 1.25
5.5 -5.9000001 1.35
5.5 -5.9000001 1.45
5.5 -5.9000001 1.55
5.5 -5.9000001 1.65
5.5 -5.9000001 1.75
5.5 -5.9000001 1.85
5.5 -5.9000001 1.95
5.5 -5.9000001 2.05
5.5 -5.9000001 2.1500001
5.5 -5.9000001 2.25
5.5 -5.9000001 2.3499999
5.5 -5.9000001 2.45
5.5999999 -6.0999999 -0.44999999
5.5999999 -6.0999999 -0.34999999
5.5999999 -6.0999999 -0.25
5.5999999 -6.0999999 -0.15000001
5.5999999 -6.0999999 -0.050000001
5.5999999 -6.0999999 0.050000001
5.5999999 -6.0999999 0.15000001
5.5999999 -6.0999999 0.25
5.5999999 -6.0999999 0.34999999
5.5999999 -6.0999999 0.44999999
5.5999999 -6.0999999 0.55000001
5.5999999 -6.0999999 0.64999998
5.5999999 -6.0999999 0.75
5.5999999 -6.0999999 0.85000002
5.5999999 -6.0999999 0.94999999
5.5999999 -6.0999999 1.05
5.5999999 -6.0999999 1.15
5.5999999 -6.0999999 1.25
5.5999999 -6.0999999 1.35
5.5999999 -6.0999999 1.45
5.5999999 -6.0999999 1.55
5.5999999 -6.0999999 1.65
5.5999999 -6.0999999 1.75
5.5999999 -6.0999999 1.85
5.5999999 -6.0999999 1.95
5.5999999 -6.0999999 2.05
5.5999999 -6.0999999 2.1500001
5.5999999 -6.0999999 2.25
5.5999999 -6.0999999 2.3499999
5.5999999 -6.0999999 2.45
5.5999999 -6 -0.44999999
5.5999999 -6 -0.34999999
5.5999999 -6 -0.25
5.5999999 -6 -0.15000001
5.5999999 -6 -0.050000001
5.5999999 -6 0.050000001
5.5999999 -6 0.15000001
5.5999999 -6 0.25
5.5999999 -6 0.34999999
5.5999999 -6 0.44999999
5.5999999 -6 0.55000001
5.5999999 -6 0.64999998
5.5999999 -6 0.75
5.5999999 -6 0.85000002
5.5999999 -6 0.94999999
5.5999999 -6 1.05
5.5999999 -6 1.15
5.5999999 -6 1.25
5.5999999 -6 1.35
5.5999999 -6 1.45
5.5999999 -6 1.55
5.5999999 -6 1.65
5.5999999 -6 1.75
5.5999999 -6 1.85
5.5999999 -6 1.95
5.5999999 -6 2.05
5.5999999 -6 2.1500001
5.5999999 -6 2.25
5.5999999 -6 2.3499999
5.5999999 -6 2.45
5.5999999 -5.9000001 -0.44999999
5.5999999 -5.9000001 -0.34999999
5.5999999 -5.9000001 -0.25
5.5999999 -5.9000001 -0.15000001
5.5999999 -5.9000001 -0.050000001
5.5999999 -5.9000001 0.050000001
5.5999999 -5.9000001 0.15000001
5.5999999 -5.9000001 0.25
5.5999999 -5.9000001 0.34999999
5.5999999 -5.9000001 0.44999999
5.5999999 -5.9000001 0.55000001
5.5999999 -5.9000001 0.64999998
5.5999999 -5.9000001 0.75
5.5999999 -5.9000001 0.85000002
5.5999999 -5.9000001 0.94999999
5.5999999 -5.9000001 1.05
5.5999999 -5.9000001 1.15
5.5999999 -5.9000001 1.25
5.5999999 -5.9000001 1.35
5.5999999 -5.9000001 1.45
5.5999999 -5.9000001 1.55
5.5999999 -5.9000001 1.65
5.5999999 -5.9000001 1.75
5.5999999 -5.9000001 1.85
5.5999999 -5.9000001 1.95
5.5999999 -5.9000001 2.05
5.5999999 -5.9000001 2.1500001
5.5999999 -5.9000001 2.25
5.5999999 -5.9000001 2.3499999
5.5999999 -5.9000001 2.45
5.6999998 -6.0999999 -0.44999999
5.6999998 -6.0999999 -0.34999999
5.6999998 -6.0999999 -0.25
5.6999998 -6.0999999 -0.15000001
5.6999998 -6.0999999 -0.050000001
5.6999998 -6.0999999 0.050000001
5.6999998 -6.0999999 0.15000001
5.6999998 -6.0999999 0.25
5.6999998 -6.0999999 0.34999999
5.6999998 -6.0999999 0.44999999
5.6999998 -6.0999999 0.55000001
5.6999998 -6.0999999 0.64999998
5.6999998 -6.0999999 0.75
5.6999998 -6.0999999 0.85000002
5.6999998 -6.0999999 0.94999999
5.6999998 -6.0999999 1.05
5.6999998 -6.0999999 1.15
5.6999998 -6.0999999 1.25
5.6999998 -6.0999999 1.35
5.6999998 -6.0999999 1.45
5.6999998 -6.0999999 1.55
5.6999998 -6.0999999 1.65
5.6999998 -6.0999999 1.75
5.6999998 -6.0999999 1.85
5.6999998 -6.0999999 1.95
5.6999998 -6.0999999 2.05
5.6999998 -6.0999999 2.1500001
5.6999998 -6.0999999 2.25
5.6999998 -6.0999999 2.3499999
5.6999998 -6.0999999 2.45
5.6999998 -6 -0.44999999
5.6999998 -6 -0.34999999
5.6999998 -6 -0.25
5.6999998 -6 -0.15000001
5.6999998 -6 -0.050000001
5.6999998 -6 0.050000001
5.6999998 -6 0.15000001
5.6999998 -6 0.25
5.6999998 -6 0.34999999
5.6999998 -6 0.44999999
5.6999998 -6 0.55000001
5.6999998 -6 0.64999998
5.6999998 -6 0.75
5.6999998 -6 0.85000002
5.6999998 -6 0.94999999
5.6999998 -6 1.05
5.6999998 -6 1.15
5.6999998 -6 1.25
5.6999998 -6 1.35
5.6999998 -6 1.45
5.6999998 -6 1.55
5.6999998 -6 1.65
5.6999998 -6 1.75
5.6999998 -6 1.85
5.6999998 -6 1.95
5.6999998 -6 2.05
5.6999998 -6 2.1500001
5.6999998 -6 2.25
5.6999998 -6 2.3499999
5.6999998 -6 2.45
5.6999998 -5.9000001 -0.44999999
5.6999998 -5.9000001 -0.34999999
5.6999998 -5.9000001 -0.25
5.6999998 -5.9000001 -0.15000001
5.6999998 -5.9000001 -0.050000001
5.6999998 -5.9000001 0.050000001
5.6999998 -5.9000001 0.15000001
5.6999998 -5.9000001 0.25
5.6999998 -5.9000001 0.34999999
5.6999998 -5.9000001 0.44999999
5.6999998 -5.9000001 0.55000001
5.6999998 -5.9000001 0.64999998
5.6999998 -5.9000001 0.75
5.6999998 -5.9000001 0.85000002
5.6999998 -5.9000001 0.94999999
5.6999998 -5.9000001 1.05
5.6999998 -5.9000001 1.15
5.6999998 -5.9000001 1.25
5.6999998 -5.9000001 1.35
5.6999998 -5.9000001 1.45
5.6999998 -5.9000001 1.55
5.6999998 -5.9000001 1.65
5.6999998 -5.9000001 1.75
5.6999998 -5.9000001 1.85
5.6999998 -5.9000001 1.95
5.6999998 -5.9000001 2.05
5.6999998 -5.9000001 2.1500001
5.6999998 -5.9000001 2.25
5.6999998 -5.9000001 2.3499999
5.6999998 -5.9000001 2.45
5.8000002 -6.0999999 -0.44999999
5.8000002 -6.0999999 -0.34999999
5.8000002 -6.0999999 -0.25
5.8000002 -6.0999999 -0.15000001
5.8000002 -6.0999999 -0.050000001
5.8000002 -6.0999999 0.050000001
5.8000002 -6.0999999 0.15000001
5.8000002 -6.0999999 0.25
5.8000002 -6.0999999 0.34999999
5.8000002 -6.0999999 0.44999999
5.8000002 -6.0999999 0.55000001
5.8000002 -6.0999999 0.64999998
5.8000002 -6.0999999 0.75
5.8000002 -6.0999999 0.85000002
5.8000002 -6.0999999 0.94999999
5.8000002 -6.0999999 1.05
5.8000002 -6.0999999 1.15
5.8000002 -6.0999999 1.25
5.8000002 -6.0999999 1.35
5.8000002 -6.0999999 1.45
5.8000002 -6.0999999 1.55
5.8000002 -6.0999999 1.65
5.8000002 -6.0999999 1.75
5.8000002 -6.0999999 1.85
5.8000002 -6.0999999 1.95
5.8000002 -6.0999999 2.05
5.8000002 -6.0999999 2.1500001
5.8000002 -6.0999999 2.25
5.8000002 -6.0999999 2.3499999
5.8000002 -6.0999999 2.45
5.8000002 -6 -0.44999999
5.8000002 -6 -0.34999999
5.8000002 -6 -0.25
5.8000002 -6 -0.15000001
5.8000002 -6 -0.050000001
5.8000002 -6 0.050000001
5.8000002 -6 0.15000001
5.8000002 -6 0.25
5.8000002 -6 0.34999999
5.8000002 -6 0.44999999
5.8000002 -6 0.55000001
5.8000002 -6 0.64999998
5.8000002 -6 0.75
5.8000002 -6 0.85000002
5.8000002 -6 0.94999999
5.8000002 -6 1.05
5.8000002 -6 1.15
5.8000002 -6 1.25
5.8000002 -6 1.35
5.8000002 -6 1.45
5.8000002 -6 1.55
5.8000002 -6 1.65
5.8000002 -6 1.75
5.8000002 -6 1.85
5.8000002 -6 1.95
5.8000002 -6 2.05
5.8000002 -6 2.1500001
5.8000002 -6 2.25
5.8000002 -6 2.3499999
5.8000002 -6 2.45
5.8000002 -5.9000001 -0.44999999
5.8000002 -5.9000001 -0.34999999
5.8000002 -5.9000001 -0.25
5.8000002 -5.9000001 -0.15000001
5.8000002 -5.9000001 -0.050000001
5.8000002 -5.9000001 0.050000001
5.8000002 -5.9000001 0.15000001
5.8000002 -5.9000001 0.25
5.8000002 -5.9000001 0.34999999
5.8000002 -5.9000001 0.44999999
5.8000002 -5.9000001 0.55000001
5.8000002 -5.9000001 0.64999998
5.8000002 -5.9000001 0.75
5.8000002 -5.9000001 0.85000002
5.8000002 -5.9000001 0.94999999
5.8000002 -5.9000001 1.05
5.8000002 -5.9000001 1.15
5.8000002 -5.9000001 1.25
5.8000002 -5.9000001 1.35
5.8000002 -5.9000001 1.45
5.8000002 -5.9000001 1.55
5.8000002 -5.9000001 1.65
5.8000002 -5.9000001 1.75
5.8000002 -5.9000001 1.85
5.8000002 -5.9000001 1.95
5.8000002 -5.9000001 2.05
5.8000002 -5.9000001 2.1500001
5.8000002 -5.9000001 2.25
5.8000002 -5.9000001 2.3499999
5.8000002 -5.9000001 2.45
5.9000001 -6.0999999 -0.44999999
5.9000001 -6.0999999 -0.34999999
5.9000001 -6.0999999 -0.25
5.9000001 -6.0999999 -0.15000001
5.9000001 -6.0999999 -0.050000001
5.9000001 -6.0999999 0.050000001
5.9000001 -6.0999999 0.15000001
5.9000001 -6.0999999 0.25
5.9000001 -6.0999999 0.34999999
5.9000001 -6.0999999 0.44999999
5.9000001 -6.0999999 0.55000001
5.9000001 -6.0999999 0.64999998
5.9000001 -6.0999999 0.75
5.9000001 -6.0999999 0.85000002
5.9000001 -6.0999999 0.94999999
5.9000001 -6.0999999 1.05
5.9000001 -6.0999999 1.15
5.9000001 -6.0999999 1.25
5.9000001 -6.0999999 1.35
5.9000001 -6.0999999 1.45
5.9000001 -6.0999999 1.55
5.9000001 -6.0999999 1.65
5.9000001 -6.0999999 1.75
5.9000001 -6.0999999 1.85
5.9000001 -6.0999999 1.95
5.9000001 -6.0999999 2.05
5.9000001 -6.0999999 2.1500001
5.9000001 -6.0999999 2.25
5.9000001 -6.0999999 2.3499999
5.9000001 -6.0999999 2.45
5.9000001 -6 -0.44999999
5.9000001 -6 -0.34999999
5.9000001 -6 -0.25
5.9000001 -6 -0.15000001
5.9000001 -6 -0.050000001
5.9000001 -6 0.050000001
5.9000001 -6 0.15000001
5.9000001 -6 0.25
5.9000001 -6 0.34999999
5.9000001 -6 0.44999999
5.9000001 -6 0.55000001
5.9000001 -6 0.64999998
5.9000001 -6 0.75
5.9000001 -6 0.85000002
5.9000001 -6 0.94999999
5.9000001 -6 1.05
5.9000001 -6 1.15
5.9000001 -6 1.25
5.9000001 -6 1.35
5.9000001 -6 1.45
5.9000001 -6 1.55
5.9000001 -6 1.65
5.9000001 -6 1.75
5.9000001 -6 1.85
5.9000001 -6 1.95
5.9000001 -6 2.05
5.9000001 -6 2.1500001
5.9000001 -6 2.25
5.9000001 -6 2.3499999
5.9000001 -6 2.45
5.9000001 -5.9000001 -0.44999999
5.9000001 -5.9000001 -0.34999999
5.9000001 -5.9000001 -0.25
5.9000001 -5.9000001 -0.15000001
5.9000001 -5.9000001 -0.050000001
5.9000001 -5.9000001 0.050000001
5.9000001 -5.9000001 0.15000001
5.9000001 -5.9000001 0.25
5.9000001 -5.9000001 0.34999999
5.9000001 -5.9000001 0.44999999
5.9000001 -5.9000001 0.55000001
5.9000001 -5.9000001 0.64999998
5.9000001 -5.9000001 0.75
5.9000001 -5.9000001 0.85000002
5.9000001 -5.9000001 0.94999999
5.9000001 -5.9000001 1.05
5.9000001 -5.9000001 1.15
5.9000001 -5.9000001 1.25
5.9000001 -5.9000001 1.35
5.9000001 -5.9000001 1.45
5.9000001 -5.9000001 1.55
5.9000001 -5.9000001 1.65
5.9000001 -5.9000001 1.75
5.9000001 -5.9000001 1.85
5.9000001 -5.9000001 1.95
5.9000001 -5.9000001 2.05
5.9000001 -5.9000001 2.1500001
5.9000001 -5.9000001 2.25
5.9000001 -5.9000001 2.3499999
5.9000001 -5.9000001 2.45
6 -6.0999999 -0.44999999
6 -6.0999999 -0.34999999
6 -6.0999999 -0.25
6 -6.0999999 -0.15000001
6 -6.0999999 -0.050000001
6 -6.0999999 0.050000001
6 -6.0999999 0.15000001
6 -6.0999999 0.25
6 -6.0999999 0.34999999
6 -6.0999999 0.44999999
6 -6.0999999 0.55000001
6 -6.0999999 0.64999998
6 -6.0999999 0.75
6 -6.0999999 0.85000002
6 -6.0999999 0.94999999
6 -6.0999999 1.05
6 -6.0999999 1.15
6 -6.0999999 1.25
6 -6.0999999 1.35
6 -6.0999999 1.45
6 -6.0999999 1.55
6 -6.0999999 1.65
6 -6.0999999 1.75
6 -6.0999999 1.85
6 -6.0999999 1.95
6 -6.0999999 2.05
6 -6.0999999 2.1500001
6 -6.0999999 2.25
6 -6.0999999 2.3499999
6 -6.0999999 2.45
6 -6 -0.44999999
6 -6 -0.34999999
6 -6 -0.25
6 -6 -0.15000001
6 -6 -0.050000001
6 -6 0.050000001
6 -6 0.15000001
6 -6 0.25
6 -6 0.34999999
6 -6 0.44999999
6 -6 0.55000001
6 -6 0.64999998
6 -6 0.75
6 -6 0.85000002
6 -6 0.94999999
6 -6 1.05
6 -6 1.15
6 -6 1.25
6 -6 1.35
6 -6 1.45
6 -6 1.55
6 -6 1.65
6 -6 1.75
6 -6 1.85
6 -6 1.95
6 -6 2.05
6 -6 2.1500001
6 -6 2.25
6 -6 2.3499999
6 -6 2.45
6 -5.9000001 -0.44999999
6 -5.9000001 -0.34999999
6 -5.9000001 -0.25
6 -5.9000001 -0.15000001
6 -5.9000001 -0.050000001
6 -5.9000001 0.050000001
6 -5.9000001 0.15000001
6 -5.9000001 0.25
6 -5.9000001 0.34999999
6 -5.9000001 0.44999999
6 -5.9000001 0.55000001
6 -5.9000001 0.64999998
6 -5.9000001 0.75
6 -5.9000001 0.85000002
6 -5.9000001 0.94999999
6 -5.9000001 1.05
6 -5.9000001 1.15
6 -5.9000001 1.25
6 -5.9000001 1.35
6 -5.9000001 1.45
6 -5.9000001 1.55
6 -5.9000001 1.65
6 -5.9000001 1.75
6 -5.9000001 1.85
6 -5.9000001 1.95
6 -5.9000001 2.05
6 -5.9000001 2.1500001
6 -5.9000001 2.25
6 -5.9000001 2.3499999
6 -5.9000001 2.45
6.0999999 -6.0999999 -0.44999999
6.0999999 -6.0999999 -0.34999999
6.0999999 -6.0999999 -0.25
6.0999999 -6.0999999 -0.15000001
6.0999999 -6.0999999 -0.050000001
6.0999999 -6.0999999 0.050000001
6.0999999 -6.0999999 0.15000001
6.0999999 -6.0999999 0.25
6.0999999 -6.0999999 0.34999999
6.0999999 -6.0999999 0.44999999
6.0999999 -6.0999999 0.55000001
6.0999999 -6.0999999 0.64999998
6.0999999 -6.0999999 0.75
6.0999999 -6.0999999 0.85000002
6.0999999 -6.0999999 0.94999999
6.0999999 -6.0999999 1.05
6.0999999 -6.0999999 1.15
6.0999999 -6.0999999 1.25
6.0999999 -6.0999999 1.35
6.0999999 -6.0999999 1.45
6.0999999 -6.0999999 1.55
6.0999999 -6.0999999 1.65
6.0999999 -6.0999999 1.75
6.0999999 -6.0999999 1.85
6.0999999 -6.0999999 1.95
6.0999999 -6.0999999 2.05
6.0999999 -6.0999999 2.1500001
6.0999999 -6.0999999 2.25
6.0999999 -6.0999999 2.3499999
6.0999999 -6.0999999 2.45
6.0999999 -6 -0.44999999
6.0999999 -6 -0.34999999
6.0999999 -6 -0.25
6.0999999 -6 -0.15000001
6.0999999 -6 -0.050000001
6.0999999 -6 0.050000001
6.0999999 -6 0.15000001
6.0999999 -6 0.25
6.0999999 -6 0.34999999
6.0999999 -6 0.44999999
6.0999999 -6 0.55000001
6.0999999 -6 0.64999998
6.0999999 -6 0.75
6.0999999 -6 0.85000002
6.0999999 -6 0.94999999
6.0999999 -6 1.05
6.0999999 -6 1.15
6.0999999 -6 1.25
6.0999999 -6 1.35
6.0999999 -6 1.45
6.0999999 -6 1.55
6.0999999 -6 1.65
6.0999999 -6 1.75
6.0999999 -6 1.85
6.0999999 -6 1.95
6.0999999 -6 2.05
6.0999999 -6 2.1500001
6.0999999 -6 2.25
6.0999999 -6 2.3499999
6.0999999 -6 2.45
6.0999999 -5.9000001 -0.44999999
6.0999999 -5.9000001 -0.34999999
6.0999999 -5.9000001 -0.25
6.0999999 -5.9000001 -0.15000001
6.0999999 -5.9000001 -0.050000001
6.0999999 -5.9000001 0.050000001
6.0999999 -5.9000001 0.15000001
6.0999999 -5.9000001 0.25
6.0999999 -5.9000001 0.34999999
6.0999999 -5.9000001 0.44999999
6.0999999 -5.9000001 0.55000001
6.0999999 -5.9000001 0.64999998
6.0999999 -5.9000001 0.75
6.0999999 -5.9000001 0.85000002
6.0999999 -5.9000001 0.94999999
6.0999999 -5.9000001 1.05
6.0999999 -5.9000001 1.15
6.0999999 -5.9000001 1.25
6.0999999 -5.9000001 1.35
6.0999999 -5.9000001 1.45
6.0999999 -5.9000001 1.55
6.0999999 -5.9000001 1.65
6.0999999 -5.9000001 1.75
6.0999999 -5.9000001 1.85
6.0999999 -5.9000001 1.95
6.0999999 -5.9000001 2.05
6.0999999 -5.9000001 2.1500001
6.0999999 -5.9000001 2.25
6.0999999 -5.9000001 2.3499999
6.0999999 -5.9000001 2.45
6.1999998 -6.0999999 -0.44999999
6.1999998 -6.0999999 -0.34999999
6.1999998 -6.0999999 -0.25
6.1999998 -6.0999999 -0.15000001
6.1999998 -6.0999999 -0.050000001
6.1999998 -6.0999999 0.050000001
6.1999998 -6.0999999 0.15000001
6.1999998 -6.0999999 0.25
6.1999998 -6.0999999 0.34999999
6.1999998 -6.0999999 0.44999999
6.1999998 -6.0999999 0.55000001
6.1999998 -6.0999999 0.64999998
6.1999998 -6.0999999 0.75
6.1999998 -6.0999999 0.85000002
6.1999998 -6.0999999 0.94999999
6.1999998 -6.0999999 1.05
6.1999998 -6.0999999 1.15
6.1999998 -6.0999999 1.25
6.1999998 -6.0999999 1.35
6.1999998 -6.0999999 1.45
6.1999998 -6.0999999 1.55
6.1999998 -6.0999999 1.65
6.1999998 -6.0999999 1.75
6.1999998 -6.0999999 1.85
6.1999998 -6.0999999 1.95
6.1999998 -6.0999999 2.05
6.1999998 -6.0999999 2.1500001
6.1999998 -6.0999999 2.25
6.1999998 -6.0999999 2.3499999
6.1999998 -6.0999999 2.45
6.1999998 -6 -0.44999999
6.1999998 -6 -0.34999999
6.1999998 -6 -0.25
6.1999998 -6 -0.15000001
6.1999998 -6 -0.050000001
6.1999998 -6 0.050000001
6.1999998 -6 0.15000001
6.1999998 -6 0.25
6.1999998 -6 0.34999999
6.1999998 -6 0.44999999
6.1999998 -6 0.55000001
6.1999998 -6 0.64999998
6.1999998 -6 0.75
6.1999998 -6 0.85000002
6.1999998 -6 0.94999999
6.1999998 -6 1.05
6.1999998 -6 1.15
6.1999998 -6 1.25
6.1999998 -6 1.35
6.1999998 -6 1.45
6.1999998 -6 1.55
6.1999998 -6 1.65
6.1999998 -6 1.75
6.1999998 -6 1.85
6.1999998 -6 1.95
6.1999998 -6 2.05
6.1999998 -6 2.1500001
6.1999998 -6 2.25
6.1999998 -6 2.3499999
6.1999998 -6 2.45
6.1999998 -5.9000001 -0.44999999
6.1999998 -5.9000001 -0.34999999
6.1999998 -5.9000001 -0.25
6.1999998 -5.9000001 -0.15000001
6.1999998 -5.9000001 -0.050000001
6.1999998 -5.9000001 0.050000001
6.1999998 -5.9000001 0.15000001
6.1999998 -5.9000001 0.25
6.1999998 -5.9000001 0.34999999
6.1999998 -5.9000001 0.44999999
6.1999998 -5.9000001 0.55000001
6.1999998 -5.9000001 0.64999998
6.1999998 -5.9000001 0.75
6.1999998 -5.9000001 0.85000002
6.1999998 -5.9000001 0.94999999
6.1999998 -5.9000001 1.05
6.1999998 -5.9000001 1.15
6.1999998 -5.9000001 1.25
6.1999998 -5.9000001 1.35
6.1999998 -5.9000001 1.45
6.1999998 -5.9000001 1.55
6.1999998 -5.9000001 1.65
6.1999998 -5.9000001 1.75
6.1999998 -5.9000001 1.85
6.1999998 -5.9000001 1.95
6.1999998 -5.9000001 2.05
6.1999998 -5.9000001 2.1500001
6.1999998 -5.9000001 2.25
6.1999998 -5.9000001 2.3499999
6.1999998 -5.9000001 2.45
6.3000002 -6.0999999 -0.44999999
6.3000002 -6.0999999 -0.34999999
6.3000002 -6.0999999 -0.25
6.3000002 -6.0999999 -0.15000001
6.3000002 -6.0999999 -0.050000001
6.3000002 -6.0999999 0.050000001
6.3000002 -6.0999999 0.15000001
6.3000002 -6.0999999 0.25
6.3000002 -6.0999999 0.34999999
6.3000002 -6.0999999 0.44999999
6.3000002 -6.0999999 0.55000001
6.3000002 -6.0999999 0.64999998
6.3000002 -6.0999999 0.75
6.3000002 -6.0999999 0.85000002
6.3000002 -6.0999999 0.94999999
6.3000002 -6.0999999 1.05
6.3000002 -6.0999999 1.15
6.3000002 -6.0999999 1.25
6.3000002 -6.0999999 1.35
6.3000002 -6.0999999 1.45
6.3000002 -6.0999999 1.55
6.3000002 -6.0999999 1.65
6.3000002 -6.0999999 1.75
6.3000002 -6.0999999 1.85
6.3000002 -6.0999999 1.95
6.3000002 -6.0999999 2.05
6.3000002 -6.0999999 2.1500001
6.3000002 -6.0999999 2.25
6.3000002 -6.0999999 2.3499999
6.3000002 -6.0999999 2.45
6.3000002 -6 -0.44999999
6.3000002 -6 -0.34999999
6.3000002 -6 -0.25
6.3000002 -6 -0.15000001
6.3000002 -6 -0.050000001
6.3000002 -6 0.050000001
6.3000002 -6 0.15000001
6.3000002 -6 0.25
6.3000002 -6 0.34999999
6.3000002 -6 0.44999999
6.3000002 -6 0.55000001
6.3000002 -6 0.64999998
6.3000002 -6 0.75
6.3000002 -6 0.85000002
6.3000002 -6 0.94999999
6.3000002 -6 1.05
6.3000002 -6 1.15
6.3000002 -6 1.25
6.3000002 -6 1.35
6.3000002 -6 1.45
6.3000002 -6 1.55
6.3000002 -6 1.65
6.3000002 -6 1.75
6.3000002 -6 1.85
6.3000002 -6 1.95
6.3000002 -6 2.05
6.3000002 -6 2.1500001
6.3000002 -6 2.25
6.3000002 -6 2.3499999
6.3000002 -6 2.45
6.3000002 -5.9000001 -0.44999999
6.3000002 -5.9000001 -0.34999999
6.3000002 -5.9000001 -0.25
6.3000002 -5.9000001 -0.15000001
6.3000002 -5.9000001 -0.050000001
6.3000002 -5.9000001 0.050000001
6.3000002 -5.9000001 0.15000001
6.3000002 -5.9000001 0.25
6.3000002 -5.9000001 0.34999999
6.3000002 -5.9000001 0.44999999
6.3000002 -5.9000001 0.55000001
6.3000002 -5.9000001 0.64999998
6.3000002 -5.9000001 0.75
6.3000002 -5.9000001 0.85000002
6.3000002 -5.9000001 0.94999999
6.3000002 -5.9000001 1.05
6.3000002 -5.9000001 1.15
6.3000002 -5.9000001 1.25
6.3000002 -5.9000001 1.35
6.3000002 -5.9000001 1.45
6.3000002 -5.9000001 1.55
6.3000002 -5.9000001 1.65
6.3000002 -5.9000001 1.75
6.3000002 -5.9000001 1.85
6.3000002 -5.9000001 1.95
6.3000002 -5.9000001 2.05
6.3000002 -5.9000001 2.1500001
6.3000002 -5.9000001 2.25
6.3000002 -5.9000001 2.3499999
6.3000002 -5.9000001 2.45
6.4000001 -6.0999999 -0.44999999
6.4000001 -6.0999999 -0.34999999
6.4000001 -6.0999999 -0.25
6.4000001 -6.0999999 -0.15000001
6.4000001 -6.0999999 -0.050000001
6.4000001 -6.0999999 0.050000001
6.4000001 -6.0999999 0.15000001
6.4000001 -6.0999999 0.25
6.4000001 -6.0999999 0.34999999
6.4000001 -6.0999999 0.44999999
6.4000001 -6.0999999 0.55000001
6.4000001 -6.0999999 0.64999998
6.4000001 -6.0999999 0.75
6.4000001 -6.0999999 0.85000002
6.4000001 -6.0999999 0.94999999
6.4000001 -6.0999999 1.05
6.4000001 -6.0999999 1.15
6.4000001 -6.0999999 1.25
6.4000001 -6.0999999 1.35
6.4000001 -6.0999999 1.45
6.4000001 -6.0999999 1.55
6.4000001 -6.0999999 1.65
6.4000001 -6.0999999 1.75
6.4000001 -6.0999999 1.85
6.4000001 -6.0999999 1.95
6.4000001 -6.0999999 2.05
6.4000001 -6.0999999 2.1500001
6.4000001 -6.0999999 2.25
6.4000001 -6.0999999 2.3499999
6.4000001 -6.0999999 2.45
6.4000001 -6 -0.44999999
6.4000001 -6 -0.34999999
6.4000001 -6 -0.25
6.4000001 -6 -0.15000001
6.4000001 -6 -0.050000001
6.4000001 -6 0.050000001
6.4000001 -6 0.15000001
6.4000001 -6 0.25
6.4000001 -6 0.34999999
6.4000001 -6 0.44999999
6.4000001 -6 0.55000001
6.4000001 -6 0.64999998
6.4000001 -6 0.75
6.4000001 -6 0.85000002
6.4000001 -6 0.94999999
6.4000001 -6 1.05
6.4000001 -6 1.15
6.4000001 -6 1.25
6.4000001 -6 1.35
6.4000001 -6 1.45
6.4000001 -6 1.55
6.4000001 -6 1.65
6.4000001 -6 1.75
6.4000001 -6 1.85
6.4000001 -6 1.95
6.4000001 -6 2.05
6.4000001 -6 2.1500001
6.4000001 -6 2.25
6.4000001 -6 2.3499999
6.4000001 -6 2.45
6.4000001 -5.9000001 -0.44999999
6.4000001 -5.9000001 -0.34999999
6.4000001 -5.9000001 -0.25
6.4000001 -5.9000001 -0.15000001
6.4000001 -5.9000001 -0.050000001
6.4000001 -5.9000001 0.050000001
6.4000001 -5.9000001 0.15000001
6.4000001 -5.9000001 0.25
6.4000001 -5.9000001 0.34999999
6.4000001 -5.9000001 0.44999999
6.4000001 -5.9000001 0.55000001
6.4000001 -5.9000001 0.64999998
6.4000001 -5.9000001 0.75
6.4000001 -5.9000001 0.85000002
6.4000001 -5.9000001 0.94999999
6.4000001 -5.9000001 1.05
6.4000001 -5.9000001 1.15
6.4000001 -5.9000001 1.25
6.4000001 -5.9000001 1.35
6.4000001 -5.9000001 1.45
6.4000001 -5.9000001 1.55
6.4000001 -5.9000001 1.65
6.4000001 -5.9000001 1.75
6.4000001 -5.9000001 1.85
6.4000001 -5.9000001 1.95
6.4000001 -5.9000001 2.05
6.4000001 -5.9000001 2.1500001
6.4000001 -5.9000001 2.25
6.4000001 -5.9000001 2.3499999
6.4000001 -5.9000001 2.45
6.5 -6.0999999 -0.44999999
6.5 -6.0999999 -0.34999999
6.5 -6.0999999 -0.25
6.5 -6.0999999 -0.15000001
6.5 -6.0999999 -0.050000001
6.5 -6.0999999 0.050000001
6.5 -6.0999999 0.15000001
6.5 -6.0999999 0.25
6.5 -6.0999999 0.34999999
6.5 -6.0999999 0.44999999
6.5 -6.0999999 0.55000001
6.5 -6.0999999 0.64999998
6.5 -6.0999999 0.75
6.5 -6.0999999 0.85000002
6.5 -6.0999999 0.94999999
6.5 -6.0999999 1.05
6.5 -6.0999999 1.15
6.5 -6.0999999 1.25
6.5 -6.0999999 1.35
6.5 -6.0999999 1.45
6.5 -6.0999999 1.55
6.5 -6.0999999 1.65
6.5 -6.0999999 1.75
6.5 -6.0999999 1.85
6.5 -6.0999999 1.95
6.5 -6.0999999 2.05
6.5 -6.0999999 2.1500001
6.5 -6.0999999 2.25
6.5 -6.0999999 2.3499999
6.5 -6.0999999 2.45
6.5 -6 -0.44999999
6.5 -6 -0.34999999
6.5 -6 -0.25
6.5 -6 -0.15000001
6.5 -6 -0.050000001
6.5 -6 0.050000001
6.5 -6 0.15000001
6.5 -6 0.25
6.5 -6 0.34999999
6.5 -6 0.44999999
6.5 -6 0.55000001
6.5 -6 0.64999998
6.5 -6 0.75
6.5 -6 0.85000002
6.5 -6 0.94999999
6.5 -6 1.05
6.5 -6 1.15
6.5 -6 1.25
6.5 -6 1.35
6.5 -6 1.45
6.5 -6 1.55
6.5 -6 1.65
6.5 -6 1.75
6.5 -6 1.85
6.5 -6 1.95
6.5 -6 2.05
6.5 -6 2.1500001
6.5 -6 2.25
6.5 -6 2.3499999
6.5 -6 2.45
6.5 -5.9000001 -0.44999999
6.5 -5.9000001 -0.34999999
6.5 -5.9000001 -0.25
6.5 -5.9000001 -0.15000001
6.5 -5.9000001 -0.050000001
6.5 -5.9000001 0.050000001
6.5 -5.9000001 0.15000001
6.5 -5.9000001 0.25
6.5 -5.9000001 0.34999999
6.5 -5.9000001 0.44999999
6.5 -5.9000001 0.55000001
6.5 -5.9000001 0.64999998
6.5 -5.9000001 0.75
6.5 -5.9000001 0.85000002
6.5 -5.9000001 0.94999999
6.5 -5.9000001 1.05
6.5 -5.9000001 1.15
6.5 -5.9000001 1.25
6.5 -5.9000001 1.35
6.5 -5.9000001 1.45
6.5 -5.9000001 1.55
6.5 -5.9000001 1.65
6.5 -5.9000001 1.75
6.5 -5.9000001 1.85
6.5 -5.9000001 1.95
6.5 -5.9000001 2.05
6.5 -5.9000001 2.1500001
6.5 -5.9000001 2.25
6.5 -5.9000001 2.3499999
6.5 -5.9000001 2.45
6.5999999 -6.0999999 -0.44999999
6.5999999 -6.0999999 -0.34999999
6.5999999 -6.0999999 -0.25
6.5999999 -6.0999999 -0.15000001
6.5999999 -6.0999999 -0.050000001
6.5999999 -6.0999999 0.050000001
6.5999999 -6.0999999 0.15000001
6.5999999 -6.0999999 0.25
6.5999999 -6.0999999 0.34999999
6.5999999 -6.0999999 0.44999999
6.5999999 -6.0999999 0.55000001
6.5999999 -6.0999999 0.64999998
6.5999999 -6.0999999 0.75
6.5999999 -6.0999999 0.85000002
6.5999999 -6.0999999 0.94999999
6.5999999 -6.0999999 1.05
6.5999999 -6.0999999 1.15
6.5999999 -6.0999999 1.25
6.5999999 -6.0999999 1.35
6.5999999 -6.0999999 1.45
6.5999999 -6.0999999 1.55
6.5999999 -6.0999999 1.65
6.5999999 -6.0999999 1.75
6.5999999 -6.0999999 1.85
6.5999999 -6.0999999 1.95
6.5999999 -6.0999999 2.05
6.5999999 -6.0999999 2.1500001
6.5999999 -6.0999999 2.25
6.5999999 -6.0999999 2.3499999
6.5999999 -6.0999999 2.45
6.5999999 -6 -0.44999999
6.5999999 -6 -0.34999999
6.5999999 -6 -0.25
6.5999999 -6 -0.15000001
6.5999999 -6 -0.050000001
6.5999999 -6 0.050000001
6.5999999 -6 0.15000001
6.5999999 -6 0.25
6.5999999 -6 0.34999999
6.5999999 -6 0.44999999
6.5999999 -6 0.55000001
6.5999999 -6 0.64999998
6.5999999 -6 0.75
6.5999999 -6 0.85000002
6.5999999 -6 0.94999999
6.5999999 -6 1.05
6.5999999 -6 1.15
6.5999999 -6 1.25
6.5999999 -6 1.35
6.5999999 -6 1.45
6.5999999 -6 1.55
6.5999999 -6 1.65
6.5999999 -6 1.75
6.5999999 -6 1.85
6.5999999 -6 1.95
6.5999999 -6 2.05
6.5999999 -6 2.1500001
6.5999999 -6 2.25
6.5999999 -6 2.3499999
6.5999999 -6 2.45
6.5999999 -5.9000001 -0.44999999
6.5999999 -5.9000001 -0.34999999
6.5999999 -5.9000001 -0.25
6.5999999 -5.9000001 -0.15000001
6.5999999 -5.9000001 -0.050000001
6.5999999 -5.9000001 0.050000001
6.5999999 -5.9000001 0.15000001
6.5999999 -5.9000001 0.25
6.5999999 -5.9000001 0.34999999
6.5999999 -5.9000001 0.44999999
6.5999999 -5.9000001 0.55000001
6.5999999 -5.9000001 0.64999998
6.5999999 -5.9000001 0.75
6.5999999 -5.9000001 0.85000002
6.5999999 -5.9000001 0.94999999
6.5999999 -5.9000001 1.05
6.5999999 -5.9000001 1.15
6.5999999 -5.9000001 1.25
6.5999999 -5.9000001 1.35
6.5999999 -5.9000001 1.45
6.5999999 -5.9000001 1.55
6.5999999 -5.9000001 1.65
6.5999999 -5.9000001 1.75
6.5999999 -5.9000001 1.85
6.5999999 -5.9000001 1.95
6.5999999 -5.9000001 2.05
6.5999999 -5.9000001 2.1500001
6.5999999 -5.9000001 2.25
6.5999999 -5.9000001 2.3499999
6.5999999 -5.9000001 2.45
6.6999998 -6.0999999 -0.44999999
6.6999998 -6.0999999 -0.34999999
6.6999998 -6.0999999 -0.25
6.6999998 -6.0999999 -0.15000001
6.6999998 -6.0999999 -0.050000001
6.6999998 -6.0999999 0.050000001
6.6999998 -6.0999999 0.15000001
6.6999998 -6.0999999 0.25
6.6999998 -6.0999999 0.34999999
6.6999998 -6.0999999 0.44999999
6.6999998 -6.0999999 0.55000001
6.6999998 -6.0999999 0.64999998
6.6999998 -6.0999999 0.75
6.6999998 -6.0999999 0.85000002
6.6999998 -6.0999999 0.94999999
6.6999998 -6.0999999 1.05
6.6999998 -6.0999999 1.15
6.6999998 -6.0999999 1.25
6.6999998 -6.0999999 1.35
6.6999998 -6.0999999 1.45
6.6999998 -6.0999999 1.55
6.6999998 -6.0999999 1.65
6.6999998 -6.0999999 1.75
6.6999998 -6.0999999 1.85
6.6999998 -6.0999999 1.95
6.6999998 -6.0999999 2.05
6.6999998 -6.0999999 2.1500001
6.6999998 -6.0999999 2.25
6.6999998 -6.0999999 2.3499999
6.6999998 -6.0999999 2.45
6.6999998 -6 -0.44999999
6.6999998 -6 -0.34999999
6.6999998 -6 -0.25
6.6999998 -6 -0.15000001
6.6999998 -6 -0.050000001
6.6999998 -6 0.050000001
6.6999998 -6 0.15000001
6.6999998 -6 0.25
6.6999998 -6 0.34999999
6.6999998 -6 0.44999999
6.6999998 -6 0.55000001
6.6999998 -6 0.64999998
6.6999998 -6 0.75
6.6999998 -6 0.85000002
6.6999998 -6 0.94999999
6.6999998 -6 1.05
6.6999998 -6 1.15
6.6999998 -6 1.25
6.6999998 -6 1.35
6.6999998 -6 1.45
6.6999998 -6 1.55
6.6999998 -6 1.65
6.6999998 -6 1.75
6.6999998 -6 1.85
6.6999998 -6 1.95
6.6999998 -6 2.05
6.6999998 -6 2.1500001
6.6999998 -6 2.25
6.6999998 -6 2.3499999
6.6999998 -6 2.45
6.6999998 -5.9000001 -0.44999999
6.6999998 -5.9000001 -0.34999999
6.6999998 -5.9000001 -0.25
6.6999998 -5.9000001 -0.15000001
6.6999998 -5.9000001 -0.050000001
6.6999998 -5.9000001 0.050000001
6.6999998 -5.9000001 0.15000001
6.6999998 -5.9000001 0.25
6.6999998 -5.9000001 0.34999999
6.6999998 -5.9000001 0.44999999
6.6999998 -5.9000001 0.55000001
6.6999998 -5.9000001 0.64999998
6.6999998 -5.9000001 0.75
6.6999998 -5.9000001 0.85000002
6.6999998 -5.9000001 0.94999999
6.6999998 -5.9000001 1.05
6.6999998 -5.9000001 1.15
6.6999998 -5.9000001 1.25
6.6999998 -5.9000001 1.35
6.6999998 -5.9000001 1.45
6.6999998 -5.9000001 1.55
6.6999998 -5.9000001 1.65
6.6999998 -5.9000001 1.75
6.6999998 -5.9000001 1.85
6.6999998 -5.9000001 1.95
6.6999998 -5.9000001 2.05
6.6999998 -5.9000001 2.1500001
6.6999998 -5.9000001 2.25
6.6999998 -5.9000001 2.3499999
6.6999998 -5.9000001 2.45
6.8000002 -6.0999999 -0.44999999
6.8000002 -6.0999999 -0.34999999
6.8000002 -6.0999999 -0.25
6.8000002 -6.0999999 -0.15000001
6.8000002 -6.0999999 -0.050000001
6.8000002 -6.0999999 0.050000001
6.8000002 -6.0999999 0.15000001
6.8000002 -6.0999999 0.25
6.8000002 -6.0999999 0.34999999
6.8000002 -6.0999999 0.44999999
6.8000002 -6.0999999 0.55000001
6.8000002 -6.0999999 0.64999998
6.8000002 -6.0999999 0.75
6.8000002 -6.0999999 0.85000002
6.8000002 -6.0999999 0.94999999
6.8000002 -6.0999999 1.05
6.8000002 -6.0999999 1.15
6.8000002 -6.0999999 1.25
6.8000002 -6.0999999 1.35
6.8000002 -6.0999999 1.45
6.8000002 -6.0999999 1.55
6.8000002 -6.0999999 1.65
6.8000002 -6.0999999 1.75
6.8000002 -6.0999999 1.85
6.8000002 -6.0999999 1.95
6.8000002 -6.0999999 2.05
6.8000002 -6.0999999 2.1500001
6.8000002 -6.0999999 2.25
6.8000002 -6.0999999 2.3499999
6.8000002 -6.0999999 2.45
6.8000002 -6 -0.44999999
6.8000002 -6 -0.34999999
6.8000002 -6 -0.25
6.8000002 -6 -0.15000001
6.8000002 -6 -0.050000001
6.8000002 -6 0.050000001
6.8000002 -6 0.15000001
6.8000002 -6 0.25
6.8000002 -6 0.34999999
6.8000002 -6 0.44999999
6.8000002 -6 0.55000001
6.8000002 -6 0.64999998
6.8000002 -6 0.75
6.8000002 -6 0.85000002
6.8000002 -6 0.94999999
6.8000002 -6 1.05
6.8000002 -6 1.15
6.8000002 -6 1.25
6.8000002 -6 1.35
6.8000002 -6 1.45
6.8000002 -6 1.55
6.8000002 -6 1.65
6.8000002 -6 1.75
6.8000002 -6 1.85
6.8000002 -6 1.95
6.8000002 -6 2.05
6.8000002 -6 2.1500001
6.8000002 -6 2.25
6.8000002 -6 2.3499999
6.8000002 -6 2.45
6.8000002 -5.9000001 -0.44999999
6.8000002 -5.9000001 -0.34999999
6.8000002 -5.9000001 -0.25
6.8000002 -5.9000001 -0.15000001
6.8000002 -5.9000001 -0.050000001
6.8000002 -5.9000001 0.050000001
6.8000002 -5.9000001 0.15000001
6.8000002 -5.9000001 0.25
6.8000002 -5.9000001 0.34999999
6.8000002 -5.9000001 0.44999999
6.8000002 -5.9000001 0.55000001
6.8000002 -5.9000001 0.64999998
6.8000002 -5.9000001 0.75
6.8000002 -5.9000001 0.85000002
6.8000002 -5.9000001 0.94999999
6.8000002 -5.9000001 1.05
6.8000002 -5.9000001 1.15
6.8000002 -5.9000001 1.25
6.8000002 -5.9000001 1.35
6.8000002 -5.9000001 1.45
6.8000002 -5.9000001 1.55
6.8000002 -5.9000001 1.65
6.8000002 -5.9000001 1.75
6.8000002 -5.9000001 1.85
6.8000002 -5.9000001 1.95
6.8000002 -5.9000001 2.05
6.8000002 -5.9000001 2.1500001
6.8000002 -5.9000001 2.25
6.8000002 -5.9000001 2.3499999
6.8000002 -5.9000001 2.45
6.9000001 -6.0999999 -0.44999999
6.9000001 -6.0999999 -0.34999999
6.9000001 -6.0999999 -0.25
6.9000001 -6.0999999 -0.15000001
6.9000001 -6.0999999 -0.050000001
6.9000001 -6.0999999 0.050000001
6.9000001 -6.0999999 0.15000001
6.9000001 -6.0999999 0.25
6.9000001 -6.0999999 0.34999999
6.9000001 -6.0999999 0.44999999
6.9000001 -6.0999999 0.55000001
6.9000001 -6.0999999 0.64999998
6.9000001 -6.0999999 0.75
6.9000001 -6.0999999 0.85000002
6.9000001 -6.0999999 0.94999999
6.9000001 -6.0999999 1.05
6.9000001 -6.0999999 1.15
6.9000001 -6.0999999 1.25
6.9000001 -6.0999999 1.35
6.9000001 -6.0999999 1.45
6.9000001 -6.0999999 1.55
6.9000001 -6.0999999 1.65
6.9000001 -6.0999999 1.75
6.9000001 -6.0999999 1.85
6.9000001 -6.0999999 1.95
6.9000001 -6.0999999 2.05
6.9000001 -6.0999999 2.1500001
6.9000001 -6.0999999 2.25
6.9000001 -6.0999999 2.3499999
6.9000001 -6.0999999 2.45
6.9000001 -6 -0.44999999
6.9000001 -6 -0.34999999
6.9000001 -6 -0.25
6.9000001 -6 -0.15000001
6.9000001 -6 -0.050000001
6.9000001 -6 0.050000001
6.9000001 -6 0.15000001
6.9000001 -6 0.25
6.9000001 -6 0.34999999
6.9000001 -6 0.44999999
6.9000001 -6 0.55000001
6.9000001 -6 0.64999998
6.9000001 -6 0.75
6.9000001 -6 0.85000002
6.9000001 -6 0.94999999
6.9000001 -6 1.05
6.9000001 -6 1.15
6.9000001 -6 1.25
6.9000001 -6 1.35
6.9000001 -6 1.45
6.9000001 -6 1.55
6.9000001 -6 1.65
6.9000001 -6 1.75
6.9000001 -6 1.85
6.9000001 -6 1.95
6.9000001 -6 2.05
6.9000001 -6 2.1500001
6.9000001 -6 2.25
6.9000001 -6 2.3499999
6.9000001 -6 2.45
6.9000001 -5.9000001 -0.44999999
6.9000001 -5.9000001 -0.34999999
6.9000001 -5.9000001 -0.25
6.9000001 -5.9000001 -0.15000001
6.9000001 -5.9000001 -0.050000001
6.9000001 -5.9000001 0.050000001
6.9000001 -5.9000001 0.15000001
6.9000001 -5.9000001 0.25
6.9000001 -5.9000001 0.34999999
6.9000001 -5.9000001 0.44999999
6.9000001 -5.9000001 0.55000001
6.9000001 -5.9000001 0.64999998
6.9000001 -5.9000001 0.75
6.9000001 -5.9000001 0.85000002
6.9000001 -5.9000001 0.94999999
6.9000001 -5.9000001 1.05
6.9000001 -5.9000001 1.15
6.9000001 -5.9000001 1.25
6.9000001 -5.9000001 1.35
6.9000001 -5.9000001 1.45
6.9000001 -5.9000001 1.55
6.9000001 -5.9000001 1.65
6.9000001 -5.9000001 1.75
6.9000001 -5.9000001 1.85
6.9000001 -5.9000001 1.95
6.9000001 -5.9000001 2.05
6.9000001 -5.9000001 2.1500001
6.9000001 -5.9000001 2.25
6.9000001 -5.9000001 2.3499999
6.9000001 -5.9000001 2.45
7 -6.0999999 -0.44999999
7 -6.0999999 -0.34999999
7 -6.0999999 -0.25
7 -6.0999999 -0.15000001
7 -6.0999999 -0.050000001
7 -6.0999999 0.050000001
7 -6.0999999 0.15000001
7 -6.0999999 0.25
7 -6.0999999 0.34999999
7 -6.0999999 0.44999999
7 -6.0999999 0.55000001
7 -6.0999999 0.64999998
7 -6.0999999 0.75
7 -6.0999999 0.85000002
7 -6.0999999 0.94999999
7 -6.0999999 1.05
7 -6.0999999 1.15
7 -6.0999999 1.25
7 -6.0999999 1.35
7 -6.0999999 1.45
7 -6.0999999 1.55
7 -6.0999999 1.65
7 -6.0999999 1.75
7 -6.0999999 1.85
7 -6.0999999 1.95
7 -6.0999999 2.05
7 -6.0999999 2.1500001
7 -6.0999999 2.25
7 -6.0999999 2.3499999
7 -6.0999999 2.45
7 -6 -0.44999999
7 -6 -0.34999999
7 -6 -0.25
7 -6 -0.15000001
7 -6 -0.050000001
7 -6 0.050000001
7 -6 0.15000001
7 -6 0.25
7 -6 0.34999999
7 -6 0.44999999
7 -6 0.55000001
7 -6 0.64999998
7 -6 0.75
7 -6 0.85000002
7 -6 0.94999999
7 -6 1.05
7 -6 1.15
7 -6 1.25
7 -6 1.35
7 -6 1.45
7 -6 1.55
7 -6 1.65
7 -6 1.75
7 -6 1.85
7 -6 1.95
7 -6 2.05
7 -6 2.1500001
7 -6 2.25
7 -6 2.3499999
7 -6 2.45
7 -5.9000001 -0.44999999
7 -5.9000001 -0.34999999
7 -5.9000001 -0.25
7 -5.9000001 -0.15000001
7 -5.9000001 -0.050000001
7 -5.9000001 0.050000001
7 -5.9000001 0.15000001
7 -5.9000001 0.25
7 -5.9000001 0.34999999
7 -5.9000001 0.44999999
7 -5.9000001 0.55000001
7 -5.9000001 0.64999998
7 -5.9000001 0.75
7 -5.9000001 0.85000002
7 -5.9000001 0.94999999
7 -5.9000001 1.05
7 -5.9000001 1.15
7 -5.9000001 1.25
7 -5.9000001 1.35
7 -5.9000001 1.45
7 -5.9000001 1.55
7 -5.9000001 1.65
7 -5.9000001 1.75
7 -5.9000001 1.85
7 -5.9000001 1.95
7 -5.9000001 2.05
7 -5.9000001 2.1500001
7 -5.9000001 2.25
7 -5.9000001 2.3499999
7 -5.9000001 2.45
7.0999999 -6.0999999 -0.44999999
7.0999999 -6.0999999 -0.34999999
7.0999999 -6.0999999 -0.25
7.0999999 -6.0999999 -0.15000001
7.0999999 -6.0999999 -0.050000001
7.0999999 -6.0999999 0.050000001
7.0999999 -6.0999999 0.15000001
7.0999999 -6.0999999 0.25
7.0999999 -6.0999999 0.34999999
7.0999999 -6.0999999 0.44999999
7.0999999 -6.0999999 0.55000001
7.0999999 -6.0999999 0.64999998
7.0999999 -6.0999999 0.75
7.0999999 -6.0999999 0.85000002
7.0999999 -6.0999999 0.94999999
7.0999999 -6.0999999 1.05
7.0999999 -6.0999999 1.15
7.0999999 -6.0999999 1.25
7.0999999 -6.0999999 1.35
7.0999999 -6.0999999 1.45
7.0999999 -6.0999999 1.55
7.0999999 -6.0999999 1.65
7.0999999 -6.0999999 1.75
7.0999999 -6.0999999 1.85
7.0999999 -6.0999999 1.95
7.0999999 -6.0999999 2.05
7.0999999 -6.0999999 2.1500001
7.0999999 -6.0999999 2.25
7.0999999 -6.0999999 2.3499999
7.0999999 -6.0999999 2.45
7.0999999 -6 -0.44999999
7.0999999 -6 -0.34999999
7.0999999 -6 -0.25
7.0999999 -6 -0.15000001
7.0999999 -6 -0.050000001
7.0999999 -6 0.050000001
7.0999999 -6 0.15000001
7.0999999 -6 0.25
7.0999999 -6 0.34999999
7.0999999 -6 0.44999999
7.0999999 -6 0.55000001
7.0999999 -6 0.64999998
7.0999999 -6 0.75
7.0999999 -6 0.85000002
7.0999999 -6 0.94999999
7.0999999 -6 1.05
7.0999999 -6 1.15
7.0999999 -6 1.25
7.0999999 -6 1.35
7.0999999 -6 1.45
7.0999999 -6 1.55
7.0999999 -6 1.65
7.0999999 -6 1.75
7.0999999 -6 1.85
7.0999999 -6 1.95
7.0999999 -6 2.05
7.0999999 -6 2.1500001
7.0999999 -6 2.25
7.0999999 -6 2.3499999
7.0999999 -6 2.45
7.0999999 -5.9000001 -0.44999999
7.0999999 -5.9000001 -0.34999999
7.0999999 -5.9000001 -0.25
7.0999999 -5.9000001 -0.15000001
7.0999999 -5.9000001 -0.050000001
7.0999999 -5.9000001 0.050000001
7.0999999 -5.9000001 0.15000001
7.0999999 -5.9000001 0.25
7.0999999 -5.9000001 0.34999999
7.0999999 -5.9000001 0.44999999
7.0999999 -5.9000001 0.55000001
7.0999999 -5.9000001 0.64999998
7.0999999 -5.9000001 0.75
7.0999999 -5.9000001 0.85000002
7.0999999 -5.9000001 0.94999999
7.0999999 -5.9000001 1.05
7.0999999 -5.9000001 1.15
7.0999999 -5.9000001 1.25
7.0999999 -5.9000001 1.35
7.0999999 -5.9000001 1.45
7.0999999 -5.9000001 1.55
7.0999999 -5.9000001 1.65
7.0999999 -5.9000001 1.75
7.0999999 -5.9000001 1.85
7.0999999 -5.9000001 1.95
7.0999999 -5.9000001 2.05
7.0999999 -5.9000001 2.1500001
7.0999999 -5.9000001 2.25
7.0999999 -5.9000001 2.3499999
7.0999999 -5.9000001 2.45
7.1999998 -6.0999999 -0.44999999
7.1999998 -6.0999999 -0.34999999
7.1999998 -6.0999999 -0.25
7.1999998 -6.0999999 -0.15000001
7.1999998 -6.0999999 -0.050000001
7.1999998 -6.0999999 0.050000001
7.1999998 -6.0999999 0.15000001
7.1999998 -6.0999999 0.25
7.1999998 -6.0999999 0.34999999
7.1999998 -6.0999999 0.44999999
7.1999998 -6.0999999 0.55000001
7.1999998 -6.0999999 0.64999998
7.1999998 -6.0999999 0.75
7.1999998 -6.0999999 0.85000002
7.1999998 -6.0999999 0.94999999
7.1999998 -6.0999999 1.05
7.1999998 -6.0999999 1.15
7.1999998 -6.0999999 1.25
7.1999998 -6.0999999 1.35
7.1999998 -6.0999999 1.45
7.1999998 -6.0999999 1.55
7.1999998 -6.0999999 1.65
7.1999998 -6.0999999 1.75
7.1999998 -6.0999999 1.85
7.1999998 -6.0999999 1.95
7.1999998 -6.0999999 2.05
7.1999998 -6.0999999 2.1500001
7.1999998 -6.0999999 2.25
7.1999998 -6.0999999 2.3499999
7.1999998 -6.0999999 2.45
7.1999998 -6 -0.44999999
7.1999998 -6 -0.34999999
7.1999998 -6 -0.25
7.1999998 -6 -0.15000001
7.1999998 -6 -0.050000001
7.1999998 -6 0.050000001
7.1999998 -6 0.15000001
7.1999998 -6 0.25
7.1999998 -6 0.34999999
7.1999998 -6 0.44999999
7.1999998 -6 0.55000001
7.1999998 -6 0.64999998
7.1999998 -6 0.75
7.1999998 -6 0.85000002
7.1999998 -6 0.94999999
7.1999998 -6 1.05
7.1999998 -6 1.15
7.1999998 -6 1.25
7.1999998 -6 1.35
7.1999998 -6 1.45
7.1999998 -6 1.55
7.1999998 -6 1.65
7.1999998 -6 1.75
7.1999998 -6 1.85
7.1999998 -6 1.95
7.1999998 -6 2.05
7.1999998 -6 2.1500001
7.1999998 -6 2.25
7.1999998 -6 2.3499999
7.1999998 -6 2.45
7.1999998 -5.9000001 -0.44999999
7.1999998 -5.9000001 -0.34999999
7.1999998 -5.9000001 -0.25
7.1999998 -5.9000001 -0.15000001
7.1999998 -5.9000001 -0.050000001
7.1999998 -5.9000001 0.050000001
7.1999998 -5.9000001 0.15000001
7.1999998 -5.9000001 0.25
7.1999998 -5.9000001 0.34999999
7.1999998 -5.9000001 0.44999999
7.1999998 -5.9000001 0.55000001
7.1999998 -5.9000001 0.64999998
7.1999998 -5.9000001 0.75
7.1999998 -5.9000001 0.85000002
7.1999998 -5.9000001 0.94999999
7.1999998 -5.9000001 1.05
7.1999998 -5.9000001 1.15
7.1999998 -5.9000001 1.25
7.1999998 -5.9000001 1.35
7.1999998 -5.9000001 1.45
7.1999998 -5.9000001 1.55
7.1999998 -5.9000001 1.65
7.1999998 -5.9000001 1.75
7.1999998 -5.9000001 1.85
7.1999998 -5.9000001 1.95
7.1999998 -5.9000001 2.05
7.1999998 -5.9000001 2.1500001
7.1999998 -5.9000001 2.25
7.1999998 -5.9000001 2.3499999
7.1999998 -5.9000001 2.45
7.3000002 -6.0999999 -0.44999999
7.3000002 -6.0999999 -0.34999999
7.3000002 -6.0999999 -0.25
7.3000002 -6.0999999 -0.15000001
7.3000002 -6.0999999 -0.050000001
7.3000002 -6.0999999 0.050000001
7.3000002 -6.0999999 0.15000001
7.3000002 -6.0999999 0.25
7.3000002 -6.0999999 0.34999999
7.3000002 -6.0999999 0.44999999
7.3000002 -6.0999999 0.55000001
7.3000002 -6.0999999 0.64999998
7.3000002 -6.0999999 0.75
7.3000002 -6.0999999 0.85000002
7.3000002 -6.0999999 0.94999999
7.3000002 -6.0999999 1.05
7.3000002 -6.0999999 1.15
7.3000002 -6.0999999 1.25
7.3000002 -6.0999999 1.35
7.3000002 -6.0999999 1.45
7.3000002 -6.0999999 1.55
7.3000002 -6.0999999 1.65
7.3000002 -6.0999999 1.75
7.3000002 -6.0999999 1.85
7.3000002 -6.0999999 1.95
7.3000002 -6.0999999 2.05
7.3000002 -6.0999999 2.1500001
7.3000002 -6.0999999 2.25
7.3000002 -6.0999999 2.3499999
7.3000002 -6.0999999 2.45
7.3000002 -6 -0.44999999
7.3000002 -6 -0.34999999
7.3000002 -6 -0.25
7.3000002 -6 -0.15000001
7.3000002 -6 -0.050000001
7.3000002 -6 0.050000001
7.3000002 -6 0.15000001
7.3000002 -6 0.25
7.3000002 -6 0.34999999
7.3000002 -6 0.44999999
7.3000002 -6 0.55000001
7.3000002 -6 0.64999998
7.3000002 -6 0.75
7.3000002 -6 0.85000002
7.3000002 -6 0.94999999
7.3000002 -6 1.05
7.3000002 -6 1.15
7.3000002 -6 1.25
7.3000002 -6 1.35
7.3000002 -6 1.45
7.3000002 -6 1.55
7.3000002 -6 1.65
7.3000002 -6 1.75
7.3000002 -6 1.85
7.3000002 -6 1.95
7.3000002 -6 2.05
7.3000002 -6 2.1500001
7.3000002 -6 2.25
7.3000002 -6 2.3499999
7.3000002 -6 2.45
7.3000002 -5.9000001 -0.44999999
7.3000002 -5.9000001 -0.34999999
7.3000002 -5.9000001 -0.25
7.3000002 -5.9000001 -0.15000001
7.3000002 -5.9000001 -0.050000001
7.3000002 -5.9000001 0.050000001
7.3000002 -5.9000001 0.15000001
7.3000002 -5.9000001 0.25
7.3000002 -5.9000001 0.34999999
7.3000002 -5.9000001 0.44999999
7.3000002 -5.9000001 0.55000001
7.3000002 -5.9000001 0.64999998
7.3000002 -5.9000001 0.75
7.3000002 -5.9000001 0.85000002
7.3000002 -5.9000001 0.94999999
7.3000002 -5.9000001 1.05
7.3000002 -5.9000001 1.15
7.3000002 -5.9000001 1.25
7.3000002 -5.9000001 1.35
7.3000002 -5.9000001 1.45
7.3000002 -5.9000001 1.55
7.3000002 -5.9000001 1.65
7.3000002 -5.9000001 1.75
7.3000002 -5.9000001 1.85
7.3000002 -5.9000001 1.95
7.3000002 -5.9000001 2.05
7.3000002 -5.9000001 2.1500001
7.3000002 -5.9000001 2.25
7.3000002 -5.9000001 2.3499999
7.3000002 -5.9000001 2.45
7.4000001 -6.0999999 -0.44999999
7.4000001 -6.0999999 -0.34999999
7.4000001 -6.0999999 -0.25
7.4000001 -6.0999999 -0.15000001
7.4000001 -6.0999999 -0.050000001
7.4000001 -6.0999999 0.050000001
7.4000001 -6.0999999 0.15000001
7.4000001 -6.0999999 0.25
7.4000001 -6.0999999 0.34999999
7.4000001 -6.0999999 0.44999999
7.4000001 -6.0999999 0.55000001
7.4000001 -6.0999999 0.64999998
7.4000001 -6.0999999 0.75
7.4000001 -6.0999999 0.85000002
7.4000001 -6.0999999 0.94999999
7.4000001 -6.0999999 1.05
7.4000001 -6.0999999 1.15
7.4000001 -6.0999999 1.25
7.4000001 -6.0999999 1.35
7.4000001 -6.0999999 1.45
7.4000001 -6.0999999 1.55
7.4000001 -6.0999999 1.65
7.4000001 -6.0999999 1.75
7.4000001 -6.0999999 1.85
7.4000001 -6.0999999 1.95
7.4000001 -6.0999999 2.05
7.4000001 -6.0999999 2.1500001
7.4000001 -6.0999999 2.25
7.4000001 -6.0999999 2.3499999
7.4000001 -6.0999999 2.45
7.4000001 -6 -0.44999999
7.4000001 -6 -0.34999999
7.4000001 -6 -0.25
7.4000001 -6 -0.15000001
7.4000001 -6 -0.050000001
7.4000001 -6 0.050000001
7.4000001 -6 0.15000001
7.4000001 -6 0.25
7.4000001 -6 0.34999999
7.4000001 -6 0.44999999
7.4000001 -6 0.55000001
7.4000001 -6 0.64999998
7.4000001 -6 0.75
7.4000001 -6 0.85000002
7.4000001 -6 0.94999999
7.4000001 -6 1.05
7.4000001 -6 1.15
7.4000001 -6 1.25
7.4000001 -6 1.35
7.4000001 -6 1.45
7.4000001 -6 1.55
7.4000001 -6 1.65
7.4000001 -6 1.75
7.4000001 -6 1.85
7.4000001 -6 1.95
7.4000001 -6 2.05
7.4000001 -6 2.1500001
7.4000001 -6 2.25
7.4000001 -6 2.3499999
7.4000001 -6 2.45
7.4000001 -5.9000001 -0.44999999
7.4000001 -5.9000001 -0.34999999
7.4000001 -5.9000001 -0.25
7.4000001 -5.9000001 -0.15000001
7.4000001 -5.9000001 -0.050000001
7.4000001 -5.9000001 0.050000001
7.4000001 -5.9000001 0.15000001
7.4000001 -5.9000001 0.25
7.4000001 -5.9000001 0.34999999
7.4000001 -5.9000001 0.44999999
7.4000001 -5.9000001 0.55000001
7.4000001 -5.9000001 0.64999998
7.4000001 -5.9000001 0.75
7.4000001 -5.9000001 0.85000002
7.4000001 -5.9000001 0.94999999
7.4000001 -5.9000001 1.05
7.4000001 -5.9000001 1.15
7.4000001 -5.9000001 1.25
7.4000001 -5.9000001 1.35
7.4000001 -5.9000001 1.45
7.4000001 -5.9000001 1.55
7.4000001 -5.9000001 1.65
7.4000001 -5.9000001 1.75
7.4000001 -5.9000001 1.85
7.4000001 -5.9000001 1.95
7.4000001 -5.9000001 2.05
7.4000001 -5.9000001 2.1500001
7.4000001 -5.9000001 2.25
7.4000001 -5.9000001 2.3499999
7.4000001 -5.9000001 2.45
7.5 -6.0999999 -0.44999999
7.5 -6.0999999 -0.34999999
7.5 -6.0999999 -0.25
7.5 -6.0999999 -0.15000001
7.5 -6.0999999 -0.050000001
7.5 -6.0999999 0.050000001
7.5 -6.0999999 0.15000001
7.5 -6.0999999 0.25
7.5 -6.0999999 0.34999999
7.5 -6.0999999 0.44999999
7.5 -6.0999999 0.55000001
7.5 -6.0999999 0.64999998
7.5 -6.0999999 0.75
7.5 -6.0999999 0.85000002
7.5 -6.0999999 0.94999999
7.5 -6.0999999 1.05
7.5 -6.0999999 1.15
7.5 -6.0999999 1.25
7.5 -6.0999999 1.35
7.5 -6.0999999 1.45
7.5 -6.0999999 1.55
7.5 -6.0999999 1.65
7.5 -6.0999999 1.75
7.5 -6.0999999 1.85
7.5 -6.0999999 1.95
7.5 -6.0999999 2.05
7.5 -6.0999999 2.1500001
7.5 -6.0999999 2.25
7.5 -6.0999999 2.3499999
7.5 -6.0999999 2.45
7.5 -6 -0.44999999
7.5 -6 -0.34999999
7.5 -6 -0.25
7.5 -6 -0.15000001
7.5 -6 -0.050000001
7.5 -6 0.050000001
7.5 -6 0.15000001
7.5 -6 0.25
7.5 -6 0.34999999
7.5 -6 0.44999999
7.5 -6 0.55000001
7.5 -6 0.64999998
7.5 -6 0.75
7.5 -6 0.85000002
7.5 -6 0.94999999
7.5 -6 1.05
7.5 -6 1.15
7.5 -6 1.25
7.5 -6 1.35
7.5 -6 1.45
7.5 -6 1.55
7.5 -6 1.65
7.5 -6 1.75
7.5 -6 1.85
7.5 -6 1.95
7.5 -6 2.05
7.5 -6 2.1500001
7.5 -6 2.25
7.5 -6 2.3499999
7.5 -6 2.45
7.5 -5.9000001 -0.44999999
7.5 -5.9000001 -0.34999999
7.5 -5.9000001 -0.25
7.5 -5.9000001 -0.15000001
7.5 -5.9000001 -0.050000001
7.5 -5.9000001 0.050000001
7.5 -5.9000001 0.15000001
7.5 -5.9000001 0.25
7.5 -5.9000001 0.34999999
7.5 -5.9000001 0.44999999
7.5 -5.9000001 0.55000001
7.5 -5.9000001 0.64999998
7.5 -5.9000001 0.75
7.5 -5.9000001 0.85000002
7.5 -5.9000001 0.94999999
7.5 -5.9000001 1.05
7.5 -5.9000001 1.15
7.5 -5.9000001 1.25
7.5 -5.9000001 1.35
7.5 -5.9000001 1.45
7.5 -5.9000001 1.55
7.5 -5.9000001 1.65
7.5 -5.9000001 1.75
7.5 -5.9000001 1.85
7.5 -5.9000001 1.95
7.5 -5.9000001 2.05
7.5 -5.9000001 2.1500001
7.5 -5.9000001 2.25
7.5 -5.9000001 2.3499999
7.5 -5.9000001 2.45
7.5999999 -6.0999999 -0.44999999
7.5999999 -6.0999999 -0.34999999
7.5999999 -6.0999999 -0.25
7.5999999 -6.0999999 -0.15000001
7.5999999 -6.0999999 -0.050000001
7.5999999 -6.0999999 0.050000001
7.5999999 -6.0999999 0.15000001
7.5999999 -6.0999999 0.25
7.5999999 -6.0999999 0.34999999
7.5999999 -6.0999999 0.44999999
7.5999999 -6.0999999 0.55000001
7.5999999 -6.0999999 0.64999998
7.5999999 -6.0999999 0.75
7.5999999 -6.0999999 0.85000002
7.5999999 -6.0999999 0.94999999
7.5999999 -6.0999999 1.05
7.5999999 -6.0999999 1.15
7.5999999 -6.0999999 1.25
7.5999999 -6.0999999 1.35
7.5999999 -6.0999999 1.45
7.5999999 -6.0999999 1.55
7.5999999 -6.0999999 1.65
7.5999999 -6.0999999 1.75
7.5999999 -6.0999999 1.85
7.5999999 -6.0999999 1.95
7.5999999 -6.0999999 2.05
7.5999999 -6.0999999 2.1500001
7.5999999 -6.0999999 2.25
7.5999999 -6.0999999 2.3499999
7.5999999 -6.0999999 2.45
7.5999999 -6 -0.44999999
7.5999999 -6 -0.34999999
7.5999999 -6 -0.25
7.5999999 -6 -0.15000001
7.5999999 -6 -0.050000001
7.5999999 -6 0.050000001
7.5999999 -6 0.15000001
7.5999999 -6 0.25
7.5999999 -6 0.34999999
7.5999999 -6 0.44999999
7.5999999 -6 0.55000001
7.5999999 -6 0.64999998
7.5999999 -6 0.75
7.5999999 -6 0.85000002
7.5999999 -6 0.94999999
7.5999999 -6 1.05
7.5999999 -6 1.15
7.5999999 -6 1.25
7.5999999 -6 1.35
7.5999999 -6 1.45
7.5999999 -6 1.55
7.5999999 -6 1.65
7.5999999 -6 1.75
7.5999999 -6 1.85
7.5999999 -6 1.95
7.5999999 -6 2.05
7.5999999 -6 2.1500001
7.5999999 -6 2.25
7.5999999 -6 2.3499999
7.5999999 -6 2.45
7.5999999 -5.9000001 -0.44999999
7.5999999 -5.9000001 -0.34999999
7.5999999 -5.9000001 -0.25
7.5999999 -5.9000001 -0.15000001
7.5999999 -5.9000001 -0.050000001
7.5999999 -5.9000001 0.050000001
7.5999999 -5.9000001 0.15000001
7.5999999 -5.9000001 0.25
7.5999999 -5.9000001 0.34999999
7.5999999 -5.9000001 0.44999999
7.5999999 -5.9000001 0.55000001
7.5999999 -5.9000001 0.64999998
7.5999999 -5.9000001 0.75
7.5999999 -5.9000001 0.85000002
7.5999999 -5.9000001 0.94999999
7.5999999 -5.9000001 1.05
7.5999999 -5.9000001 1.15
7.5999999 -5.9000001 1.25
7.5999999 -5.9000001 1.35
7.5999999 -5.9000001 1.45
7.5999999 -5.9000001 1.55
7.5999999 -5.9000001 1.65
7.5999999 -5.9000001 1.75
7.5999999 -5.9000001 1.85
7.5999999 -5.9000001 1.95
7.5999999 -5.9000001 2.05
7.5999999 -5.9000001 2.1500001
7.5999999 -5.9000001 2.25
7.5999999 -5.9000001 2.3499999
7.5999999 -5.9000001 2.45
7.6999998 -6.0999999 -0.44999999
7.6999998 -6.0999999 -0.34999999
7.6999998 -6.0999999 -0.25
7.6999998 -6.0999999 -0.15000001
7.6999998 -6.0999999 -0.050000001
7.6999998 -6.0999999 0.050000001
7.6999998 -6.0999999 0.15000001
7.6999998 -6.0999999 0.25
7.6999998 -6.0999999 0.34999999
7.6999998 -6.0999999 0.44999999
7.6999998 -6.0999999 0.55000001
7.6999998 -6.0999999 0.64999998
7.6999998 -6.0999999 0.75
7.6999998 -6.0999999 0.85000002
7.6999998 -6.0999999 0.94999999
7.6999998 -6.0999999 1.05
7.6999998 -6.0999999 1.15
7.6999998 -6.0999999 1.25
7.6999998 -6.0999999 1.35
7.6999998 -6.0999999 1.45
7.6999998 -6.0999999 1.55
7.6999998 -6.0999999 1.65
7.6999998 -6.0999999 1.75
7.6999998 -6.0999999 1.85
7.6999998 -6.0999999 1.95
7.6999998 -6.0999999 2.05
7.6999998 -6.0999999 2.1500001
7.6999998 -6.0999999 2.25
7.6999998 -6.0999999 2.3499999
7.6999998 -6.0999999 2.45
7.6999998 -6 -0.44999999
7.6999998 -6 -0.34999999
7.6999998 -6 -0.25
7.6999998 -6 -0.15000001
7.6999998 -6 -0.050000001
7.6999998 -6 0.050000001
7.6999998 -6 0.15000001
7.6999998 -6 0.25
7.6999998 -6 0.34999999
7.6999998 -6 0.44999999
7.6999998 -6 0.55000001
7.6999998 -6 0.64999998
7.6999998 -6 0.75
7.6999998 -6 0.85000002
7.6999998 -6 0.94999999
7.6999998 -6 1.05
7.6999998 -6 1.15
7.6999998 -6 1.25
7.6999998 -6 1.35
7.6999998 -6 1.45
7.6999998 -6 1.55
7.6999998 -6 1.65
7.6999998 -6 1.75
7.6999998 -6 1.85
7.6999998 -6 1.95
7.6999998 -6 2.05
7.6999998 -6 2.1500001
7.6999998 -6 2.25
7.6999998 -6 2.3499999
7.6999998 -6 2.45
7.6999998 -5.9000001 -0.44999999
7.6999998 -5.9000001 -0.34999999
7.6999998 -5.9000001 -0.25
7.6999998 -5.9000001 -0.15000001
7.6999998 -5.9000001 -0.050000001
7.6999998 -5.9000001 0.050000001
7.6999998 -5.9000001 0.15000001
7.6999998 -5.9000001 0.25
7.6999998 -5.9000001 0.34999999
7.6999998 -5.9000001 0.44999999
7.6999998 -5.9000001 0.55000001
7.6999998 -5.9000001 0.64999998
7.6999998 -5.9000001 0.75
7.6999998 -5.9000001 0.85000002
7.6999998 -5.9000001 0.94999999
7.6999998 -5.9000001 1.05
7.6999998 -5.9000001 1.15
7.6999998 -5.9000001 1.25
7.6999998 -5.9000001 1.35
7.6999998 -5.9000001 1.45
7.6999998 -5.9000001 1.55
7.6999998 -5.9000001 1.65
7.6999998 -5.9000001 1.75
7.6999998 -5.9000001 1.85
7.6999998 -5.9000001 1.95
7.6999998 -5.9000001 2.05
7.6999998 -5.9000001 2.1500001
7.6999998 -5.9000001 2.25
7.6999998 -5.9000001 2.3499999
7.6999998 -5.9000001 2.45
7.8000002 -6.0999999 -0.44999999
7.8000002 -6.0999999 -0.34999999
7.8000002 -6.0999999 -0.25
7.8000002 -6.0999999 -0.15000001
7.8000002 -6.0999999 -0.050000001
7.8000002 -6.0999999 0.050000001
7.8000002 -6.0999999 0.15000001
7.8000002 -6.0999999 0.25
7.8000002 -6.0999999 0.34999999
7.8000002 -6.0999999 0.44999999
7.8000002 -6.0999999 0.55000001
7.8000002 -6.0999999 0.64999998
7.8000002 -6.0999999 0.75
7.8000002 -6.0999999 0.85000002
7.8000002 -6.0999999 0.94999999
7.8000002 -6.0999999 1.05
7.8000002 -6.0999999 1.15
7.8000002 -6.0999999 1.25
7.8000002 -6.0999999 1.35
7.8000002 -6.0999999 1.45
7.8000002 -6.0999999 1.55
7.8000002 -6.0999999 1.65
7.8000002 -6.0999999 1.75
7.8000002 -6.0999999 1.85
7.8000002 -6.0999999 1.95
7.8000002 -6.0999999 2.05
7.8000002 -6.0999999 2.1500001
7.8000002 -6.0999999 2.25
7.8000002 -6.0999999 2.3499999
7.8000002 -6.0999999 2.45
7.8000002 -6 -0.44999999
7.8000002 -6 -0.34999999
7.8000002 -6 -0.25
7.8000002 -6 -0.15000001
7.8000002 -6 -0.050000001
7.8000002 -6 0.050000001
7.8000002 -6 0.15000001
7.8000002 -6 0.25
7.8000002 -6 0.34999999
7.8000002 -6 0.44999999
7.8000002 -6 0.55000001
7.8000002 -6 0.64999998
7.8000002 -6 0.75
7.8000002 -6 0.85000002
7.8000002 -6 0.94999999
7.8000002 -6 1.05
7.8000002 -6 1.15
7.8000002 -6 1.25
7.8000002 -6 1.35
7.8000002 -6 1.45
7.8000002 -6 1.55
7.8000002 -6 1.65
7.8000002 -6 1.75
7.8000002 -6 1.85
7.8000002 -6 1.95
7.8000002 -6 2.05
7.8000002 -6 2.1500001
7.8000002 -6 2.25
7.8000002 -6 2.3499999
7.8000002 -6 2.45
7.8000002 -5.9000001 -0.44999999
7.8000002 -5.9000001 -0.34999999
7.8000002 -5.9000001 -0.25
7.8000002 -5.9000001 -0.15000001
7.8000002 -5.9000001 -0.050000001
7.8000002 -5.9000001 0.050000001
7.8000002 -5.9000001 0.15000001
7.8000002 -5.9000001 0.25
7.8000002 -5.9000001 0.34999999
7.8000002 -5.9000001 0.44999999
7.8000002 -5.9000001 0.55000001
7.8000002 -5.9000001 0.64999998
7.8000002 -5.9000001 0.75
7.8000002 -5.9000001 0.85000002
7.8000002 -5.9000001 0.94999999
7.8000002 -5.9000001 1.05
7.8000002 -5.9000001 1.15
7.8000002 -5.9000001 1.25
7.8000002 -5.9000001 1.35
7.8000002 -5.9000001 1.45
7.8000002 -5.9000001 1.55
7.8000002 -5.9000001 1.65
7.8000002 -5.9000001 1.75
7.8000002 -5.9000001 1.85
7.8000002 -5.9000001 1.95
7.8000002 -5.9000001 2.05
7.8000002 -5.9000001 2.1500001
7.8000002 -5.9000001 2.25
7.8000002 -5.9000001 2.3499999
7.8000002 -5.9000001 2.45
7.9000001 -6.0999999 -0.44999999
7.9000001 -6.0999999 -0.34999999
7.9000001 -6.0999999 -0.25
7.9000001 -6.0999999 -0.15000001
7.9000001 -6.0999999 -0.050000001
7.9000001 -6.0999999 0.050000001
7.9000001 -6.0999999 0.15000001
7.9000001 -6.0999999 0.25
7.9000001 -6.0999999 0.34999999
7.9000001 -6.0999999 0.44999999
7.9000001 -6.0999999 0.55000001
7.9000001 -6.0999999 0.64999998
7.9000001 -6.0999999 0.75
7.9000001 -6.0999999 0.85000002
7.9000001 -6.0999999 0.94999999
7.9000001 -6.0999999 1.05
7.9000001 -6.0999999 1.15
7.9000001 -6.0999999 1.25
7.9000001 -6.0999999 1.35
7.9000001 -6.0999999 1.45
7.9000001 -6.0999999 1.55
7.9000001 -6.0999999 1.65
7.9000001 -6.0999999 1.75
7.9000001 -6.0999999 1.85
7.9000001 -6.0999999 1.95
7.9000001 -6.0999999 2.05
7.9000001 -6.0999999 2.1500001
7.9000001 -6.0999999 2.25
7.9000001 -6.0999999 2.3499999
7.9000001 -6.0999999 2.45
7.9000001 -6 -0.44999999
7.9000001 -6 -0.34999999
7.9000001 -6 -0.25
7.9000001 -6 -0.15000001
7.9000001 -6 -0.050000001
7.9000001 -6 0.050000001
7.9000001 -6 0.15000001
7.9000001 -6 0.25
7.9000001 -6 0.34999999
7.9000001 -6 0.44999999
7.9000001 -6 0.55000001
7.9000001 -6 0.64999998
7.9000001 -6 0.75
7.9000001 -6 0.85000002
7.9000001 -6 0.94999999
7.9000001 -6 1.05
7.9000001 -6 1.15
7.9000001 -6 1.25
7.9000001 -6 1.35
7.9000001 -6 1.45
7.9000001 -6 1.55
7.9000001 -6 1.65
7.9000001 -6 1.75
7.9000001 -6 1.85
7.9000001 -6 1.95
7.9000001 -6 2.05
7.9000001 -6 2.1500001
7.9000001 -6 2.25
7.9000001 -6 2.3499999
7.9000001 -6 2.45
7.9000001 -5.9000001 -0.44999999
7.9000001 -5.9000001 -0.34999999
7.9000001 -5.9000001 -0.25
7.9000001 -5.9000001 -0.15000001
7.9000001 -5.9000001 -0.050000001
7.9000001 -5.9000001 0.050000001
7.9000001 -5.9000001 0.15000001
7.9000001 -5.9000001 0.25
7.9000001 -5.9000001 0.34999999
7.9000001 -5.9000001 0.44999999
7.9000001 -5.9000001 0.55000001
7.9000001 -5.9000001 0.64999998
7.9000001 -5.9000001 0.75
7.9000001 -5.9000001 0.85000002
7.9000001 -5.9000001 0.94999999
7.9000001 -5.9000001 1.05
7.9000001 -5.9000001 1.15
7.9000001 -5.9000001 1.25
7.9000001 -5.9000001 1.35
7.9000001 -5.9000001 1.45
7.9000001 -5.9000001 1.55
7.9000001 -5.9000001 1.65
7.9000001 -5.9000001 1.75
7.9000001 -5.9000001 1.85
7.9000001 -5.9000001 1.95
7.9000001 -5.9000001 2.05
7.9000001 -5.9000001 2.1500001
7.9000001 -5.9000001 2.25
7.9000001 -5.9000001 2.3499999
7.9000001 -5.9000001 2.45
8 -6.0999999 -0.44999999
8 -6.0999999 -0.34999999
8 -6.0999999 -0.25
8 -6.0999999 -0.15000001
8 -6.0999999 -0.050000001
8 -6.0999999 0.050000001
8 -6.0999999 0.15000001
8 -6.0999999 0.25
8 -6.0999999 0.34999999
8 -6.0999999 0.44999999
8 -6.0999999 0.55000001
8 -6.0999999 0.64999998
8 -6.0999999 0.75
8 -6.0999999 0.85000002
8 -6.0999999 0.94999999
8 -6.0999999 1.05
8 -6.0999999 1.15
8 -6.0999999 1.25
8 -6.0999999 1.35
8 -6.0999999 1.45
8 -6.0999999 1.55
8 -6.0999999 1.65
8 -6.0999999 1.75
8 -6.0999999 1.85
8 -6.0999999 1.95
8 -6.0999999 2.05
8 -6.0999999 2.1500001
8 -6.0999999 2.25
8 -6.0999999 2.3499999
8 -6.0999999 2.45
8 -6 -0.44999999
8 -6 -0.34999999
8 -6 -0.25
8 -6 -0.15000001
8 -6 -0.050000001
8 -6 0.050000001
8 -6 0.15000001
8 -6 0.25
8 -6 0.34999999
8 -6 0.44999999
8 -6 0.55000001
8 -6 0.64999998
8 -6 0.75
8 -6 0.85000002
8 -6 0.94999999
8 -6 1.05
8 -6 1.15
8 -6 1.25
8 -6 1.35
8 -6 1.45
8 -6 1.55
8 -6 1.65
8 -6 1.75
8 -6 1.85
8 -6 1.95
8 -6 2.05
8 -6 2.1500001
8 -6 2.25
8 -6 2.3499999
8 -6 2.45
8 -5.9000001 -0.44999999
8 -5.9000001 -0.34999999
8 -5.9000001 -0.25
8 -5.9000001 -0.15000001
8 -5.9000001 -0.050000001
8 -5.9000001 0.050000001
8 -5.9000001 0.15000001
8 -5.9000001 0.25
8 -5.9000001 0.34999999
8 -5.9000001 0.44999999
8 -5.9000001 0.55000001
8 -5.9000001 0.64999998
8 -5.9000001 0.75
8 -5.9000001 0.85000002
8 -5.9000001 0.94999999
8 -5.9000001 1.05
8 -5.9000001 1.15
8 -5.9000001 1.25
8 -5.9000001 1.35
8 -5.9000001 1.45
8 -5.9000001 1.55
8 -5.9000001 1.65
8 -5.9000001 1.75
8 -5.9000001 1.85
8 -5.9000001 1.95
8 -5.9000001 2.05
8 -5.9000001 2.1500001
8 -5.9000001 2.25
8 -5.9000001 2.3499999
8 -5.9000001 2.45
8.1000004 -6 -0.44999999
8.1000004 -6 -0.34999999
8.1000004 -6 -0.25
8.1000004 -6 -0.15000001
8.1000004 -6 -0.050000001
8.1000004 -6 0.050000001
8.1000004 -6 0.15000001
8.1000004 -6 0.25
8.1000004 -6 0.34999999
8.1000004 -6 0.44999999
8.1000004 -6 0.55000001
8.1000004 -6 0.64999998
8.1000004 -6 0.75
8.1000004 -6 0.85000002
8.1000004 -6 0.94999999
8.1000004 -6 1.05
8.1000004 -6 1.15
8.1000004 -6 1.25
8.1000004 -6 1.35
8.1000004 -6 1.45
8.1000004 -6 1.55
8.1000004 -6 1.65
8.1000004 -6 1.75
8.1000004 -6 1.85
8.1000004 -6 1.95
8.1000004 -6 2.05
8.1000004 -6 2.1500001
8.1000004 -6 2.25
8.1000004 -6 2.3499999
8.1000004 -6 2.45
8.1000004 -5.9000001 -0.44999999
8.1000004 -5.9000001 -0.34999999
8.1000004 -5.9000001 -0.25
8.1000004 -5.9000001 -0.15000001
8.1000004 -5.9000001 -0.050000001
8.1000004 -5.9000001 0.050000001
8.1000004 -5.9000001 0.15000001
8.1000004 -5.9000001 0.25
8.1000004 -5.9000001 0.34999999
8.1000004 -5.9000001 0.44999999
8.1000004 -5.9000001 0.55000001
8.1000004 -5.9000001 0.64999998
8.1000004 -5.9000001 0.75
8.1000004 -5.9000001 0.85000002
8.1000004 -5.9000001 0.94999999
8.1000004 -5.9000001 1.05
8.1000004 -5.9000001 1.15
8.1000004 -5.9000001 1.25
8.1000004 -5.9000001 1.35
8.1000004 -5.9000001 1.45
8.1000004 -5.9000001 1.55
8.1000004 -5.9000001 1.65
8.1000004 -5.9000001 1.75
8.1000004 -5.9000001 1.85
8.1000004 -5.9000001 1.95
8.1000004 -5.9000001 2.05
8.1000004 -5.9000001 2.1500001
8.1000004 -5.9000001 2.25
8.1000004 -5.9000001 2.3499999
8.1000004 -5.9000001 2.45
8.1000004 -5.8000002 -0.44999999
8.1000004 -5.8000002 -0.34999999
8.1000004 -5.8000002 -0.25
8.1000004 -5.8000002 -0.15000001
8.1000004 -5.8000002 -0.050000001
8.1000004 -5.8000002 0.050000001
8.1000004 -5.8000002 0.15000001
8.1000004 -5.8000002 0.25
8.1000004 -5.8000002 0.34999999
8.1000004 -5.8000002 0.44999999
8.1000004 -5.8000002 0.55000001
8.1000004 -5.8000002 0.64999998
8.1000004 -5.8000002 0.75
8.1000004 -5.8000002 0.85000002
8.1000004 -5.8000002 0.94999999
8.1000004 -5.8000002 1.05
8.1000004 -5.8000002 1.15
8.1000004 -5.8000002 1.25
8.1000004 -5.8000002 1.35
8.1000004 -5.8000002 1.45
8.1000004 -5.8000002 1.55
8.1000004 -5.8000002 1.65
8.1000004 -5.8000002 1.75
8.1000004 -5.8000002 1.85
8.1000004 -5.8000002 1.95
8.1000004 -5.8000002 2.05
8.1000004 -5.8000002 2.1500001
8.1000004 -5.8000002 2.25
8.1000004 -5.8000002 2.3499999
8.1000004 -5.8000002 2.45
8 -5.8000002 -0.44999999
8 -5.8000002 -0.34999999
8 -5.8000002 -0.25
8 -5.8000002 -0.15000001
8 -5.8000002 -0.050000001
8 -5.8000002 0.050000001
8 -5.8000002 0.15000001
8 -5.8000002 0.25
8 -5.8000002 0.34999999
8 -5.8000002 0.44999999
8 -5.8000002 0.55000001
8 -5.8000002 0.64999998
8 -5.8000002 0.75
8 -5.8000002 0.85000002
8 -5.8000002 0.94999999
8 -5.8000002 1.05
8 -5.8000002 1.15
8 -5.8000002 1.25
8 -5.8000002 1.35
8 -5.8000002 1.45
8 -5.8000002 1.55
8 -5.8000002 1.65
8 -5.8000002 1.75
8 -5.8000002 1.85
8 -5.8000002 1.95
8 -5.8000002 2.05
8 -5.8000002 2.1500001
8 -5.8000002 2.25
8 -5.8000002 2.3499999
8 -5.8000002 2.45
7.9000001 -5.8000002 -0.44999999
7.9000001 -5.8000002 -0.34999999
7.9000001 -5.8000002 -0.25
7.9000001 -5.8000002 -0.15000001
7.9000001 -5.8000002 -0.050000001
7.9000001 -5.8000002 0.050000001
7.9000001 -5.8000002 0.15000001
7.9000001 -5.8000002 0.25
7.9000001 -5.8000002 0.34999999
7.9000001 -5.8000002 0.44999999
7.9000001 -5.8000002 0.55000001
7.9000001 -5.8000002 0.64999998
7.9000001 -5.8000002 0.75
7.9000001 -5.8000002 0.85000002
7.9000001 -5.8000002 0.94999999
7.9000001 -5.8000002 1.05
7.9000001 -5.8000002 1.15
7.9000001 -5.8000002 1.25
7.9000001 -5.8000002 1.35
7.9000001 -5.8000002 1.45
7.9000001 -5.8000002 1.55
7.9000001 -5.8000002 1.65
7.9000001 -5.8000002 1.75
7.9000001 -5.8000002 1.85
7.9000001 -5.8000002 1.95
7.9000001 -5.8000002 2.05
7.9000001 -5.8000002 2.1500001
7.9000001 -5.8000002 2.25
7.9000001 -5.8000002 2.3499999
7.9000001 -5.8000002 2.45
8.1000004 -5.6999998 -0.44999999
8.1000004 -5.6999998 -0.34999999
8.1000004 -5.6999998 -0.25
8.1000004 -5.6999998 -0.15000001
8.1000004 -5.6999998 -0.050000001
8.1000004 -5.6999998 0.050000001
8.1000004 -5.6999998 0.15000001
8.1000004 -5.6999998 0.25
8.1000004 -5.6999998 0.34999999
8.1000004 -5.6999998 0.44999999
8.1000004 -5.6999998 0.55000001
8.1000004 -5.6999998 0.64999998
8.1000004 -5.6999998 0.75
8.1000004 -5.6999998 0.85000002
8.1000004 -5.6999998 0.94999999
8.1000004 -5.6999998 1.05
8.1000004 -5.6999998 1.15
8.1000004 -5.6999998 1.25
8.1000004 -5.6999998 1.35
8.1000004 -5.6999998 1.45
8.1000004 -5.6999998 1.55
8.1000004 -5.6999998 1.65
8.1000004 -5.6999998 1.75
8.1000004 -5.6999998 1.85
8.1000004 -5.6999998 1.95
8.1000004 -5.6999998 2.05
8.1000004 -5.6999998 2.1500001
8.1000004 -5.6999998 2.25
8.1000004 -5.6999998 2.3499999
8.1000004 -5.6999998 2.45
8 -5.6999998 -0.44999999
8 -5.6999998 -0.34999999
8 -5.6999998 -0.25
8 -5.6999998 -0.15000001
8 -5.6999998 -0.050000001
8 -5.6999998 0.050000001
8 -5.6999998 0.15000001
8 -5.6999998 0.25
8 -5.6999998 0.34999999
8 -5.6999998 0.44999999
8 -5.6999998 0.55000001
8 -5.6999998 0.64999998
8 -5.6999998 0.75
8 -5.6999998 0.85000002
8 -5.6999998 0.94999999
8 -5.6999998 1.05
8 -5.6999998 1.15
8 -5.6999998 1.25
8 -5.6999998 1.35
8 -5.6999998 1.45
8 -5.6999998 1.55
8 -5.6999998 1.65
8 -5.6999998 1.75
8 -5.6999998 1.85
8 -5.6999998 1.95
8 -5.6999998 2.05
8 -5.6999998 2.1500001
8 -5.6999998 2.25
8 -5.6999998 2.3499999
8 -5.6999998 2.45
7.9000001 -5.6999998 -0.44999999
7.9000001 -5.6999998 -0.34999999
7.9000001 -5.6999998 -0.25
7.9000001 -5.6999998 -0.15000001
7.9000001 -5.6999998 -0.050000001
7.9000001 -5.6999998 0.050000001
7.9000001 -5.6999998 0.15000001
7.9000001 -5.6999998 0.25
7.9000001 -5.6999998 0.34999999
7.9000001 -5.6999998 0.44999999
7.9000001 -5.6999998 0.55000001
7.9000001 -5.6999998 0.64999998
7.9000001 -5.6999998 0.75
7.9000001 -5.6999998 0.85000002
7.9000001 -5.6999998 0.94999999
7.9000001 -5.6999998 1.05
7.9000001 -5.6999998 1.15
7.9000001 -5.6999998 1.25
7.9000001 -5.6999998 1.35
7.9000001 -5.6999998 1.45
7.9000001 -5.6999998 1.55
7.9000001 -5.6999998 1.65
7.9000001 -5.6999998 1.75
7.9000001 -5.6999998 1.85
7.9000001 -5.6999998 1.95
7.9000001 -5.6999998 2.05
7.9000001 -5.6999998 2.1500001
7.9000001 -5.6999998 2.25
7.9000001 -5.6999998 2.3499999
7.9000001 -5.6999998 2.45
8.1000004 -5.5999999 -0.44999999
8.1000004 -5.5999999 -0.34999999
8.1000004 -5.5999999 -0.25
8.1000004 -5.5999999 -0.15000001
8.1000004 -5.5999999 -0.050000001
8.1000004 -5.5999999 0.050000001
8.1000004 -5.5999999 0.15000001
8.1000004 -5.5999999 0.25
8.1000004 -5.5999999 0.34999999
8.1000004 -5.5999999 0.44999999
8.1000004 -5.5999999 0.55000001
8.1000004 -5.5999999 0.64999998
8.1000004 -5.5999999 0.75
8.1000004 -5.5999999 0.85000002
8.1000004 -5.5999999 0.94999999
8.1000004 -5.5999999 1.05
8.1000004 -5.5999999 1.15
8.1000004 -5.5999999 1.25
8.1000004 -5.5999999 1.35
8.1000004 -5.5999999 1.45
8.1000004 -5.5999999 1.55
8.1000004 -5.5999999 1.65
8.1000004 -5.5999999 1.75
8.1000004 -5.5999999 1.85
8.1000004 -5.5999999 1.95
8.1000004 -5.5999999 2.05
8.1000004 -5.5999999 2.1500001
8.1000004 -5.5999999 2.25
8.1000004 -5.5999999 2.3499999
8.1000004 -5.5999999 2.45
8 -5.5999999 -0.44999999
8 -5.5999999 -0.34999999
8 -5.5999999 -0.25
8 -5.5999999 -0.15000001
8 -5.5999999 -0.050000001
8 -5.5999999 0.050000001
8 -5.5999999 0.15000001
8 -5.5999999 0.25
8 -5.5999999 0.34999999
8 -5.5999999 0.44999999
8 -5.5999999 0.55000001
8 -5.5999999 0.64999998
8 -5.5999999 0.75
8 -5.5999999 0.85000002
8 -5.5999999 0.94999999
8 -5.5999999 1.05
8 -5.5999999 1.15
8 -5.5999999 1.25
8 -5.5999999 1.35
8 -5.5999999 1.45
8 -5.5999999 1.55
8 -5.5999999 1.65
8 -5.5999999 1.75
8 -5.5999999 1.85
8 -5.5999999 1.95
8 -5.5999999 2.05
8 -5.5999999 2.1500001
8 -5.5999999 2.25
8 -5.5999999 2.3499999
8 -5.5999999 2.45
7.9000001 -5.5999999 -0.44999999
7.9000001 -5.5999999 -0.34999999
7.9000001 -5.5999999 -0.25
7.9000001 -5.5999999 -0.15000001
7.9000001 -5.5999999 -0.050000001
7.9000001 -5.5999999 0.050000001
7.9000001 -5.5999999 0.15000001
7.9000001 -5.5999999 0.25
7.9000001 -5.5999999 0.34999999
7.9000001 -5.5999999 0.44999999
7.9000001 -5.5999999 0.55000001
7.9000001 -5.5999999 0.64999998
7.9000001 -5.5999999 0.75
7.9000001 -5.5999999 0.85000002
7.9000001 -5.5999999 0.94999999
7.9000001 -5.5999999 1.05
7.9000001 -5.5999999 1.15
7.9000001 -5.5999999 1.25
7.9000001 -5.5999999 1.35
7.9000001 -5.5999999 1.45
7.9000001 -5.5999999 1.55
7.9000001 -5.5999999 1.65
7.9000001 -5.5999999 1.75
7.9000001 -5.5999999 1.85
7.9000001 -5.5999999 1.95
7.9000001 -5.5999999 2.05
7.9000001 -5.5999999 2.1500001
7.9000001 -5.5999999 2.25
7.9000001 -5.5999999 2.3499999
7.9000001 -5.5999999 2.45
8.1000004 -5.5 -0.44999999
8.1000004 -5.5 -0.34999999
8.1000004 -5.5 -0.25
8.1000004 -5.5 -0.15000001
8.1000004 -5.5 -0.050000001
8.1000004 -5.5 0.050000001
8.1000004 -5.5 0.15000001
8.1000004 -5.5 0.25
8.1000004 -5.5 0.34999999
8.1000004 -5.5 0.44999999
8.1000004 -5.5 0.55000001
8.1000004 -5.5 0.64999998
8.1000004 -5.5 0.75
8.1000004 -5.5 0.85000002
8.1000004 -5.5 0.94999999
8.1000004 -5.5 1.05
8.1000004 -5.5 1.15
8.1000004 -5.5 1.25
8.1000004 -5.5 1.35
8.1000004 -5.5 1.45
8.1000004 -5.5 1.55
8.1000004 -5.5 1.65
8.1000004 -5.5 1.75
8.1000004 -5.5 1.85
8.1000004 -5.5 1.95
8.1000004 -5.5 2.05
8.1000004 -5.5 2.1500001
8.1000004 -5.5 2.25
8.1000004 -5.5 2.3499999
8.1000004 -5.5 2.45
8 -5.5 -0.44999999
8 -5.5 -0.34999999
8 -5.5 -0.25
8 -5.5 -0.15000001
8 -5.5 -0.050000001
8 -5.5 0.050000001
8 -5.5 0.15000001
8 -5.5 0.25
8 -5.5 0.34999999
8 -5.5 0.44999999
8 -5.5 0.55000001
8 -5.5 0.64999998
8 -5.5 0.75
8 -5.5 0.85000002
8 -5.5 0.94999999
8 -5.5 1.05
8 -5.5 1.15
8 -5.5 1.25
8 -5.5 1.35
8 -5.5 1.45
8 -5.5 1.55
8 -5.5 1.65
8 -5.5 1.75
8 -5.5 1.85
8 -5.5 1.95
8 -5.5 2.05
8 -5.5 2.1500001
8 -5.5 2.25
8 -5.5 2.3499999
8 -5.5 2.45
7.9000001 -5.5 -0.44999999
7.9000001 -5.5 -0.34999999
7.9000001 -5.5 -0.25
7.9000001 -5.5 -0.15000001
7.9000001 -5.5 -0.050000001
7.9000001 -5.5 0.050000001
7.9000001 -5.5 0.15000001
7.9000001 -5.5 0.25
7.9000001 -5.5 0.34999999
7.9000001 -5.5 0.44999999
7.9000001 -5.5 0.55000001
7.9000001 -5.5 0.64999998
7.9000001 -5.5 0.75
7.9000001 -5.5 0.85000002
7.9000001 -5.5 0.94999999
7.9000001 -5.5 1.05
7.9000001 -5.5 1.15
7.9000001 -5.5 1.25
7.9000001 -5.5 1.35
7.9000001 -5.5 1.45
7.9000001 -5.5 1.55
7.9000001 -5.5 1.65
7.9000001 -5.5 1.75
7.9000001 -5.5 1.85
7.9000001 -5.5 1.95
7.9000001 -5.5 2.05
7.9000001 -5.5 2.1500001
7.9000001 -5.5 2.25
7.9000001 -5.5 2.3499999
7.9000001 -5.5 2.45
8.1000004 -5.4000001 -0.44999999
8.1000004 -5.4000001 -0.34999999
8.1000004 -5.4000001 -0.25
8.1000004 -5.4000001 -0.15000001
8.1000004 -5.4000001 -0.050000001
8.1000004 -5.4000001 0.050000001
8.1000004 -5.4000001 0.15000001
8.1000004 -5.4000001 0.25
8.1000004 -5.4000001 0.34999999
8.1000004 -5.4000001 0.44999999
8.1000004 -5.4000001 0.55000001
8.1000004 -5.4000001 0.64999998
8.1000004 -5.4000001 0.75
8.1000004 -5.4000001 0.85000002
8.1000004 -5.4000001 0.94999999
8.1000004 -5.4000001 1.05
8.1000004 -5.4000001 1.15
8.1000004 -5.4000001 1.25
8.1000004 -5.4000001 1.35
8.1000004 -5.4000001 1.45
8.1000004 -5.4000001 1.55
8.1000004 -5.4000001 1.65
8.1000004 -5.4000001 1.75
8.1000004 -5.4000001 1.85
8.1000004 -5.4000001 1.95
8.1000004 -5.4000001 2.05
8.1000004 -5.4000001 2.1500001
8.1000004 -5.4000001 2.25
8.1000004 -5.4000001 2.3499999
8.1000004 -5.4000001 2.45
8 -5.4000001 -0.44999999
8 -5.4000001 -0.34999999
8 -5.4000001 -0.25
8 -5.4000001 -0.15000001
8 -5.4000001 -0.050000001
8 -5.4000001 0.050000001
8 -5.4000001 0.15000001
8 -5.4000001 0.25
8 -5.4000001 0.34999999
8 -5.4000001 0.44999999
8 -5.4000001 0.55000001
8 -5.4000001 0.64999998
8 -5.4000001 0.75
8 -5.4000001 0.85000002
8 -5.4000001 0.94999999
8 -5.4000001 1.05
8 -5.4000001 1.15
8 -5.4000001 1.25
8 -5.4000001 1.35
8 -5.4000001 1.45
8 -5.4000001 1.55
8 -5.4000001 1.65
8 -5.4000001 1.75
8 -5.4000001 1.85
8 -5.4000001 1.95
8 -5.4000001 2.05
8 -5.4000001 2.1500001
8 -5.4000001 2.25
8 -5.4000001 2.3499999
8 -5.4000001 2.45
7.9000001 -5.4000001 -0.44999999
7.9000001 -5.4000001 -0.34999999
7.9000001 -5.4000001 -0.25
7.9000001 -5.4000001 -0.15000001
7.9000001 -5.4000001 -0.050000001
7.9000001 -5.4000001 0.050000001
7.9000001 -5.4000001 0.15000001
7.9000001 -5.4000001 0.25
7.9000001 -5.4000001 0.34999999
7.9000001 -5.4000001 0.44999999
7.9000001 -5.4000001 0.55000001
7.9000001 -5.4000001 0.64999998
7.9000001 -5.4000001 0.75
7.9000001 -5.4000001 0.85000002
7.9000001 -5.4000001 0.94999999
7.9000001 -5.4000001 1.05
7.9000001 -5.4000001 1.15
7.9000001 -5.4000001 1.25
7.9000001 -5.4000001 1.35
7.9000001 -5.4000001 1.45
7.9000001 -5.4000001 1.55
7.9000001 -5.4000001 1.65
7.9000001 -5.4000001 1.75
7.9000001 -5.4000001 1.85
7.9000001 -5.4000001 1.95
7.9000001 -5.4000001 2.05
7.9000001 -5.4000001 2.1500001
7.9000001 -5.4000001 2.25
7.9000001 -5.4000001 2.3499999
7.9000001 -5.4000001 2.45
8.1000004 -5.3000002 -0.44999999
8.1000004 -5.3000002 -0.34999999
8.1000004 -5.3000002 -0.25
8.1000004 -5.3000002 -0.15000001
8.1000004 -5.3000002 -0.050000001
8.1000004 -5.3000002 0.050000001
8.1000004 -5.3000002 0.15000001
8.1000004 -5.3000002 0.25
8.1000004 -5.3000002 0.34999999
8.1000004 -5.3000002 0.44999999
8.1000004 -5.3000002 0.55000001
8.1000004 -5.3000002 0.64999998
8.1000004 -5.3000002 0.75
8.1000004 -5.3000002 0.85000002
8.1000004 -5.3000002 0.94999999
8.1000004 -5.3000002 1.05
8.1000004 -5.3000002 1.15
8.1000004 -5.3000002 1.25
8.1000004 -5.3000002 1.35
8.1000004 -5.3000002 1.45
8.1000004 -5.3000002 1.55
8.1000004 -5.3000002 1.65
8.1000004 -5.3000002 1.75
8.1000004 -5.3000002 1.85
8.1000004 -5.3000002 1.95
8.1000004 -5.3000002 2.05
8.1000004 -5.3000002 2.1500001
8.1000004 -5.3000002 2.25
8.1000004 -5.3000002 2.3499999
8.1000004 -5.3000002 2.45
8 -5.3000002 -0.44999999
8 -5.3000002 -0.34999999
8 -5.3000002 -0.25
8 -5.3000002 -0.15000001
8 -5.3000002 -0.050000001
8 -5.3000002 0.050000001
8 -5.3000002 0.15000001
8 -5.3000002 0.25
8 -5.3000002 0.34999999
8 -5.3000002 0.44999999
8 -5.3000002 0.55000001
8 -5.3000002 0.64999998
8 -5.3000002 0.75
8 -5.3000002 0.85000002
8 -5.3000002 0.94999999
8 -5.3000002 1.05
8 -5.3000002 1.15
8 -5.3000002 1.25
8 -5.3000002 1.35
8 -5.3000002 1.45
8 -5.3000002 1.55
8 -5.3000002 1.65
8 -5.3000002 1.75
8 -5.3000002 1.85
8 -5.3000002 1.95
8 -5.3000002 2.05
8 -5.3000002 2.1500001
8 -5.3000002 2.25
8 -5.3000002 2.3499999
8 -5.3000002 2.45
7.9000001 -5.3000002 -0.44999999
7.9000001 -5.3000002 -0.34999999
7.9000001 -5.3000002 -0.25
7.9000001 -5.3000002 -0.15000001
7.9000001 -5.3000002 -0.050000001
7.9000001 -5.3000002 0.050000001
7.9000001 -5.3000002 0.15000001
7.9000001 -5.3000002 0.25
7.9000001 -5.3000002 0.34999999
7.9000001 -5.3000002 0.44999999
7.9000001 -5.3000002 0.55000001
7.9000001 -5.3000002 0.64999998
7.9000001 -5.3000002 0.75
7.9000001 -5.3000002 0.85000002
7.9000001 -5.3000002 0.94999999
7.9000001 -5.3000002 1.05
7.9000001 -5.3000002 1.15
7.9000001 -5.3000002 1.25
7.9000001 -5.3000002 1.35
7.9000001 -5.3000002 1.45
7.9000001 -5.3000002 1.55
7.9000001 -5.3000002 1.65
7.9000001 -5.3000002 1.75
7.9000001 -5.3000002 1.85
7.9000001 -5.3000002 1.95
7.9000001 -5.3000002 2.05
7.9000001 -5.3000002 2.1500001
7.9000001 -5.3000002 2.25
7.9000001 -5.3000002 2.3499999
7.9000001 -5.3000002 2.45
8.1000004 -5.1999998 -0.44999999
8.1000004 -5.1999998 -0.34999999
8.1000004 -5.1999998 -0.25
8.1000004 -5.1999998 -0.15000001
8.1000004 -5.1999998 -0.050000001
8.1000004 -5.1999998 0.050000001
8.1000004 -5.1999998 0.15000001
8.1000004 -5.1999998 0.25
8.1000004 -5.1999998 0.34999999
8.1000004 -5.1999998 0.44999999
8.1000004 -5.1999998 0.55000001
8.1000004 -5.1999998 0.64999998
8.1000004 -5.1999998 0.75
8.1000004 -5.1999998 0.85000002
8.1000004 -5.1999998 0.94999999
8.1000004 -5.1999998 1.05
8.1000004 -5.1999998 1.15
8.1000004 -5.1999998 1.25
8.1000004 -5.1999998 1.35
8.1000004 -5.1999998 1.45
8.1000004 -5.1999998 1.55
8.1000004 -5.1999998 1.65
8.1000004 -5.1999998 1.75
8.1000004 -5.1999998 1.85
8.1000004 -5.1999998 1.95
8.1000004 -5.1999998 2.05
8.1000004 -5.1999998 2.1500001
8.1000004 -5.1999998 2.25
8.1000004 -5.1999998 2.3499999
8.1000004 -5.1999998 2.45
8 -5.1999998 -0.44999999
8 -5.1999998 -0.34999999
8 -5.1999998 -0.25
8 -5.1999998 -0.15000001
8 -5.1999998 -0.050000001
8 -5.1999998 0.050000001
8 -5.1999998 0.15000001
8 -5.1999998 0.25
8 -5.1999998 0.34999999
8 -5.1999998 0.44999999
8 -5.1999998 0.55000001
8 -5.1999998 0.64999998
8 -5.1999998 0.75
8 -5.1999998 0.85000002
8 -5.1999998 0.94999999
8 -5.1999998 1.05
8 -5.1999998 1.15
8 -5.1999998 1.25
8 -5.1999998 1.35
8 -5.1999998 1.45
8 -5.1999998 1.55
8 -5.1999998 1.65
8 -5.1999998 1.75
8 -5.1999998 1.85
8 -5.1999998 1.95
8 -5.1999998 2.05
8 -5.1999998 2.1500001
8 -5.1999998 2.25
8 -5.1999998 2.3499999
8 -5.1999998 2.45
7.9000001 -5.1999998 -0.44999999
7.9000001 -5.1999998 -0.34999999
7.9000001 -5.1999998 -0.25
7.9000001 -5.1999998 -0.15000001
7.9000001 -5.1999998 -0.050000001
7.9000001 -5.1999998 0.050000001
7.9000001 -5.1999998 0.15000001
7.9000001 -5.1999998 0.25
7.9000001 -5.1999998 0.34999999
7.9000001 -5.1999998 0.44999999
7.9000001 -5.1999998 0.55000001
7.9000001 -5.1999998 0.64999998
7.9000001 -5.1999998 0.75
7.9000001 -5.1999998 0.85000002
7.9000001 -5.1999998 0.94999999
7.9000001 -5.1999998 1.05
7.9000001 -5.1999998 1.15
7.9000001 -5.1999998 1.25
7.9000001 -5.1999998 1.35
7.9000001 -5.1999998 1.45
7.9000001 -5.1999998 1.55
7.9000001 -5.1999998 1.65
7.9000001 -5.1999998 1.75
7.9000001 -5.1999998 1.85
7.9000001 -5.1999998 1.95
7.9000001 -5.1999998 2.05
7.9000001 -5.1999998 2.1500001
7.9000001 -5.1999998 2.25
7.9000001 -5.1999998 2.3499999
7.9000001 -5.1999998 2.45
8.1000004 -5.0999999 -0.44999999
8.1000004 -5.0999999 -0.34999999
8.1000004 -5.0999999 -0.25
8.1000004 -5.0999999 -0.15000001
8.1000004 -5.0999999 -0.050000001
8.1000004 -5.0999999 0.050000001
8.1000004 -5.0999999 0.15000001
8.1000004 -5.0999999 0.25
8.1000004 -5.0999999 0.34999999
8.1000004 -5.0999999 0.44999999
8.1000004 -5.0999999 0.55000001
8.1000004 -5.0999999 0.64999998
8.1000004 -5.0999999 0.75
8.1000004 -5.0999999 0.85000002
8.1000004 -5.0999999 0.94999999
8.1000004 -5.0999999 1.05
8.1000004 -5.0999999 1.15
8.1000004 -5.0999999 1.25
8.1000004 -5.0999999 1.35
8.1000004 -5.0999999 1.45
8.1000004 -5.0999999 1.55
8.1000004 -5.0999999 1.65
8.1000004 -5.0999999 1.75
8.1000004 -5.0999999 1.85
8.1000004 -5.0999999 1.95
8.1000004 -5.0999999 2.05
8.1000004 -5.0999999 2.1500001
8.1000004 -5.0999999 2.25
8.1000004 -5.0999999 2.3499999
8.1000004 -5.0999999 2.45
8 -5.0999999 -0.44999999
8 -5.0999999 -0.34999999
8 -5.0999999 -0.25
8 -5.0999999 -0.15000001
8 -5.0999999 -0.050000001
8 -5.0999999 0.050000001
8 -5.0999999 0.15000001
8 -5.0999999 0.25
8 -5.0999999 0.34999999
8 -5.0999999 0.44999999
8 -5.0999999 0.55000001
8 -5.0999999 0.64999998
8 -5.0999999 0.75
8 -5.0999999 0.85000002
8 -5.0999999 0.94999999
8 -5.0999999 1.05
8 -5.0999999 1.15
8 -5.0999999 1.25
8 -5.0999999 1.35
8 -5.0999999 1.45
8 -5.0999999 1.55
8 -5.0999999 1.65
8 -5.0999999 1.75
8 -5.0999999 1.85
8 -5.0999999 1.95
8 -5.0999999 2.05
8 -5.0999999 2.1500001
8 -5.0999999 2.25
8 -5.0999999 2.3499999
8 -5.0999999 2.45
7.9000001 -5.0999999 -0.44999999
7.9000001 -5.0999999 -0.34999999
7.9000001 -5.0999999 -0.25
7.9000001 -5.0999999 -0.15000001
7.9000001 -5.0999999 -0.050000001
7.9000001 -5.0999999 0.050000001
7.9000001 -5.0999999 0.15000001
7.9000001 -5.0999999 0.25
7.9000001 -5.0999999 0.34999999
7.9000001 -5.0999999 0.44999999
7.9000001 -5.0999999 0.55000001
7.9000001 -5.0999999 0.64999998
7.9000001 -5.0999999 0.75
7.9000001 -5.0999999 0.85000002
7.9000001 -5.0999999 0.94999999
7.9000001 -5.0999999 1.05
7.9000001 -5.0999999 1.15
7.9000001 -5.0999999 1.25
7.9000001 -5.0999999 1.35
7.9000001 -5.0999999 1.45
7.9000001 -5.0999999 1.55
7.9000001 -5.0999999 1.65
7.9000001 -5.0999999 1.75
7.9000001 -5.0999999 1.85
7.9000001 -5.0999999 1.95
7.9000001 -5.0999999 2.05
7.9000001 -5.0999999 2.1500001
7.9000001 -5.0999999 2.25
7.9000001 -5.0999999 2.3499999
7.9000001 -5.0999999 2.45
8.1000004 -5 -0.44999999
8.1000004 -5 -0.34999999
8.1000004 -5 -0.25
8.1000004 -5 -0.15000001
8.1000004 -5 -0.050000001
8.1000004 -5 0.050000001
8.1000004 -5 0.15000001
8.1000004 -5 0.25
8.1000004 -5 0.34999999
8.1000004 -5 0.44999999
8.1000004 -5 0.55000001
8.1000004 -5 0.64999998
8.1000004 -5 0.75
8.1000004 -5 0.85000002
8.1000004 -5 0.94999999
8.1000004 -5 1.05
8.1000004 -5 1.15
8.1000004 -5 1.25
8.1000004 -5 1.35
8.1000004 -5 1.45
8.1000004 -5 1.55
8.1000004 -5 1.65
8.1000004 -5 1.75
8.1000004 -5 1.85
8.1000004 -5 1.95
8.1000004 -5 2.05
8.1000004 -5 2.1500001
8.1000004 -5 2.25
8.1000004 -5 2.3499999
8.1000004 -5 2.45
8 -5 -0.44999999
8 -5 -0.34999999
8 -5 -0.25
8 -5 -0.15000001
8 -5 -0.050000001
8 -5 0.050000001
8 -5 0.15000001
8 -5 0.25
8 -5 0.34999999
8 -5 0.44999999
8 -5 0.55000001
8 -5 0.64999998
8 -5 0.75
8 -5 0.85000002
8 -5 0.94999999
8 -5 1.05
8 -5 1.15
8 -5 1.25
8 -5 1.35
8 -5 1.45
8 -5 1.55
8 -5 1.65
8 -5 1.75
8 -5 1.85
8 -5 1.95
8 -5 2.05
8 -5 2.1500001
8 -5 2.25
8 -5 2.3499999
8 -5 2.45
7.9000001 -5 -0.44999999
7.9000001 -5 -0.34999999
7.9000001 -5 -0.25
7.9000001 -5 -0.15000001
7.9000001 -5 -0.050000001
7.9000001 -5 0.050000001
7.9000001 -5 0.15000001
7.9000001 -5 0.25
7.9000001 -5 0.34999999
7.9000001 -5 0.44999999
7.9000001 -5 0.55000001
7.9000001 -5 0.64999998
7.9000001 -5 0.75
7.9000001 -5 0.85000002
7.9000001 -5 0.94999999
7.9000001 -5 1.05
7.9000001 -5 1.15
7.9000001 -5 1.25
7.9000001 -5 1.35
7.9000001 -5 1.45
7.9000001 -5 1.55
7.9000001 -5 1.65
7.9000001 -5 1.75
7.9000001 -5 1.85
7.9000001 -5 1.95
7.9000001 -5 2.05
7.9000001 -5 2.1500001
7.9000001 -5 2.25
7.9000001 -5 2.3499999
7.9000001 -5 2.45
8.1000004 -4.9000001 -0.44999999
8.1000004 -4.9000001 -0.34999999
8.1000004 -4.9000001 -0.25
8.1000004 -4.9000001 -0.15000001
8.1000004 -4.9000001 -0.050000001
8.1000004 -4.9000001 0.050000001
8.1000004 -4.9000001 0.15000001
8.1000004 -4.9000001 0.25
8.1000004 -4.9000001 0.34999999
8.1000004 -4.9000001 0.44999999
8.1000004 -4.9000001 0.55000001
8.1000004 -4.9000001 0.64999998
8.1000004 -4.9000001 0.75
8.1000004 -4.9000001 0.85000002
8.1000004 -4.9000001 0.94999999
8.1000004 -4.9000001 1.05
8.1000004 -4.9000001 1.15
8.1000004 -4.9000001 1.25
8.1000004 -4.9000001 1.35
8.1000004 -4.9000001 1.45
8.1000004 -4.9000001 1.55
8.1000004 -4.9000001 1.65
8.1000004 -4.9000001 1.75
8.1000004 -4.9000001 1.85
8.1000004 -4.9000001 1.95
8.1000004 -4.9000001 2.05
8.1000004 -4.9000001 2.1500001
8.1000004 -4.9000001 2.25
8.1000004 -4.9000001 2.3499999
8.1000004 -4.9000001 2.45
8 -4.9000001 -0.44999999
8 -4.9000001 -0.34999999
8 -4.9000001 -0.25
8 -4.9000001 -0.15000001
8 -4.9000001 -0.050000001
8 -4.9000001 0.050000001
8 -4.9000001 0.15000001
8 -4.9000001 0.25
8 -4.9000001 0.34999999
8 -4.9000001 0.44999999
8 -4.9000001 0.55000001
8 -4.9000001 0.64999998
8 -4.9000001 0.75
8 -4.9000001 0.85000002
8 -4.9000001 0.94999999
8 -4.9000001 1.05
8 -4.9000001 1.15
8 -4.9000001 1.25
8 -4.9000001 1.35
8 -4.9000001 1.45
8 -4.9000001 1.55
8 -4.9000001 1.65
8 -4.9000001 1.75
8 -4.9000001 1.85
8 -4.9000001 1.95
8 -4.9000001 2.05
8 -4.9000001 2.1500001
8 -4.9000001 2.25
8 -4.9000001 2.3499999
8 -4.9000001 2.45
7.9000001 -4.9000001 -0.44999999
7.9000001 -4.9000001 -0.34999999
7.9000001 -4.9000001 -0.25
7.9000001 -4.9000001 -0.15000001
7.9000001 -4.9000001 -0.050000001
7.9000001 -4.9000001 0.050000001
7.9000001 -4.9000001 0.15000001
7.9000001 -4.9000001 0.25
7.9000001 -4.9000001 0.34999999
7.9000001 -4.9000001 0.44999999
7.9000001 -4.9000001 0.55000001
7.9000001 -4.9000001 0.64999998
7.9000001 -4.9000001 0.75
7.9000001 -4.9000001 0.85000002
7.9000001 -4.9000001 0.94999999
7.9000001 -4.9000001 1.05
7.9000001 -4.9000001 1.15
7.9000001 -4.9000001 1.25
7.9000001 -4.9000001 1.35
7.9000001 -4.9000001 1.45
7.9000001 -4.9000001 1.55
7.9000001 -4.9000001 1.65
7.9000001 -4.9000001 1.75
7.9000001 -4.9000001 1.85
7.9000001 -4.9000001 1.95
7.9000001 -4.9000001 2.05
7.9000001 -4.9000001 2.1500001
7.9000001 -4.9000001 2.25
7.9000001 -4.9000001 2.3499999
7.9000001 -4.9000001 2.45
8.1000004 -4.8000002 -0.44999999
8.1000004 -4.8000002 -0.34999999
8.1000004 -4.8000002 -0.25
8.1000004 -4.8000002 -0.15000001
8.1000004 -4.8000002 -0.050000001
8.1000004 -4.8000002 0.050000001
8.1000004 -4.8000002 0.15000001
8.1000004 -4.8000002 0.25
8.1000004 -4.8000002 0.34999999
8.1000004 -4.8000002 0.44999999
8.1000004 -4.8000002 0.55000001
8.1000004 -4.8000002 0.64999998
8.1000004 -4.8000002 0.75
8.1000004 -4.8000002 0.85000002
8.1000004 -4.8000002 0.94999999
8.1000004 -4.8000002 1.05
8.1000004 -4.8000002 1.15
8.1000004 -4.8000002 1.25
8.1000004 -4.8000002 1.35
8.1000004 -4.8000002 1.45
8.1000004 -4.8000002 1.55
8.1000004 -4.8000002 1.65
8.1000004 -4.8000002 1.75
8.1000004 -4.8000002 1.85
8.1000004 -4.8000002 1.95
8.1000004 -4.8000002 2.05
8.1000004 -4.8000002 2.1500001
8.1000004 -4.8000002 2.25
8.1000004 -4.8000002 2.3499999
8.1000004 -4.8000002 2.45
8 -4.8000002 -0.44999999
8 -4.8000002 -0.34999999
8 -4.8000002 -0.25
8 -4.8000002 -0.15000001
8 -4.8000002 -0.050000001
8 -4.8000002 0.050000001
8 -4.8000002 0.15000001
8 -4.8000002 0.25
8 -4.8000002 0.34999999
8 -4.8000002 0.44999999
8 -4.8000002 0.55000001
8 -4.8000002 0.64999998
8 -4.8000002 0.75
8 -4.8000002 0.85000002
8 -4.8000002 0.94999999
8 -4.8000002 1.05
8 -4.8000002 1.15
8 -4.8000002 1.25
8 -4.8000002 1.35
8 -4.8000002 1.45
8 -4.8000002 1.55
8 -4.8000002 1.65
8 -4.8000002 1.75
8 -4.8000002 1.85
8 -4.8000002 1.95
8 -4.8000002 2.05
8 -4.8000002 2.1500001
8 -4.8000002 2.25
8 -4.8000002 2.3499999
8 -4.8000002 2.45
7.9000001 -4.8000002 -0.44999999
7.9000001 -4.8000002 -0.34999999
7.9000001 -4.8000002 -0.25
7.9000001 -4.8000002 -0.15000001
7.9000001 -4.8000002 -0.050000001
7.9000001 -4.8000002 0.050000001
7.9000001 -4.8000002 0.15000001
7.9000001 -4.8000002 0.25
7.9000001 -4.8000002 0.34999999
7.9000001 -4.8000002 0.44999999
7.9000001 -4.8000002 0.55000001
7.9000001 -4.8000002 0.64999998
7.9000001 -4.8000002 0.75
7.9000001 -4.8000002 0.85000002
7.9000001 -4.8000002 0.94999999
7.9000001 -4.8000002 1.05
7.9000001 -4.8000002 1.15
7.9000001 -4.8000002 1.25
7.9000001 -4.8000002 1.35
7.9000001 -4.8000002 1.45
7.9000001 -4.8000002 1.55
7.9000001 -4.8000002 1.65
7.9000001 -4.8000002 1.75
7.9000001 -4.8000002 1.85
7.9000001 -4.8000002 1.95
7.9000001 -4.8000002 2.05
7.9000001 -4.8000002 2.1500001
7.9000001 -4.8000002 2.25
7.9000001 -4.8000002 2.3499999
7.9000001 -4.8000002 2.45
8.1000004 -4.6999998 -0.44999999
8.1000004 -4.6999998 -0.34999999
8.1000004 -4.6999998 -0.25
8.1000004 -4.6999998 -0.15000001
8.1000004 -4.6999998 -0.050000001
8.1000004 -4.6999998 0.050000001
8.1000004 -4.6999998 0.15000001
8.1000004 -4.6999998 0.25
8.1000004 -4.6999998 0.34999999
8.1000004 -4.6999998 0.44999999
8.1000004 -4.6999998 0.55000001
8.1000004 -4.6999998 0.64999998
8.1000004 -4.6999998 0.75
8.1000004 -4.6999998 0.85000002
8.1000004 -4.6999998 0.94999999
8.1000004 -4.6999998 1.05
8.1000004 -4.6999998 1.15
8.1000004 -4.6999998 1.25
8.1000004 -4.6999998 1.35
8.1000004 -4.6999998 1.45
8.1000004 -4.6999998 1.55
8.1000004 -4.6999998 1.65
8.1000004 -4.6999998 1.75
8.1000004 -4.6999998 1.85
8.1000004 -4.6999998 1.95
8.1000004 -4.6999998 2.05
8.1000004 -4.6999998 2.1500001
8.1000004 -4.6999998 2.25
8.1000004 -4.6999998 2.3499999
8.1000004 -4.6999998 2.45
8 -4.6999998 -0.44999999
8 -4.6999998 -0.34999999
8 -4.6999998 -0.25
8 -4.6999998 -0.15000001
8 -4.6999998 -0.050000001
8 -4.6999998 0.050000001
8 -4.6999998 0.15000001
8 -4.6999998 0.25
8 -4.6999998 0.34999999
8 -4.6999998 0.44999999
8 -4.6999998 0.55000001
8 -4.6999998 0.64999998
8 -4.6999998 0.75
8 -4.6999998 0.85000002
8 -4.6999998 0.94999999
8 -4.6999998 1.05
8 -4.6999998 1.15
8 -4.6999998 1.25
8 -4.6999998 1.35
8 -4.6999998 1.45
8 -4.6999998 1.55
8 -4.6999998 1.65
8 -4.6999998 1.75
8 -4.6999998 1.85
8 -4.6999998 1.95
8 -4.6999998 2.05
8 -4.6999998 2.1500001
8 -4.6999998 2.25
8 -4.6999998 2.3499999
8 -4.6999998 2.45
7.9000001 -4.6999998 -0.44999999
7.9000001 -4.6999998 -0.34999999
7.9000001 -4.6999998 -0.25
7.9000001 -4.6999998 -0.15000001
7.9000001 -4.6999998 -0.050000001
7.9000001 -4.6999998 0.050000001
7.9000001 -4.6999998 0.15000001
7.9000001 -4.6999998 0.25
7.9000001 -4.6999998 0.34999999
7.9000001 -4.6999998 0.44999999
7.9000001 -4.6999998 0.55000001
7.9000001 -4.6999998 0.64999998
7.9000001 -4.6999998 0.75
7.9000001 -4.6999998 0.85000002
7.9000001 -4.6999998 0.94999999
7.9000001 -4.6999998 1.05
7.9000001 -4.6999998 1.15
7.9000001 -4.6999998 1.25
7.9000001 -4.6999998 1.35
7.9000001 -4.6999998 1.45
7.9000001 -4.6999998 1.55
7.9000001 -4.6999998 1.65
7.9000001 -4.6999998 1.75
7.9000001 -4.6999998 1.85
7.9000001 -4.6999998 1.95
7.9000001 -4.6999998 2.05
7.9000001 -4.6999998 2.1500001
7.9000001 -4.6999998 2.25
7.9000001 -4.6999998 2.3499999
7.9000001 -4.6999998 2.45
8.1000004 -4.5999999 -0.44999999
8.1000004 -4.5999999 -0.34999999
8.1000004 -4.5999999 -0.25
8.1000004 -4.5999999 -0.15000001
8.1000004 -4.5999999 -0.050000001
8.1000004 -4.5999999 0.050000001
8.1000004 -4.5999999 0.15000001
8.1000004 -4.5999999 0.25
8.1000004 -4.5999999 0.34999999
8.1000004 -4.5999999 0.44999999
8.1000004 -4.5999999 0.55000001
8.1000004 -4.5999999 0.64999998
8.1000004 -4.5999999 0.75
8.1000004 -4.5999999 0.85000002
8.1000004 -4.5999999 0.94999999
8.1000004 -4.5999999 1.05
8.1000004 -4.5999999 1.15
8.1000004 -4.5999999 1.25
8.1000004 -4.5999999 1.35
8.1000004 -4.5999999 1.45
8.1000004 -4.5999999 1.55
8.1000004 -4.5999999 1.65
8.1000004 -4.5999999 1.75
8.1000004 -4.5999999 1.85
8.1000004 -4.5999999 1.95
8.1000004 -4.5999999 2.05
8.1000004 -4.5999999 2.1500001
8.1000004 -4.5999999 2.25
8.1000004 -4.5999999 2.3499999
8.1000004 -4.5999999 2.45
8 -4.5999999 -0.44999999
8 -4.5999999 -0.34999999
8 -4.5999999 -0.25
8 -4.5999999 -0.15000001
8 -4.5999999 -0.050000001
8 -4.5999999 0.050000001
8 -4.5999999 0.15000001
8 -4.5999999 0.25
8 -4.5999999 0.34999999
8 -4.5999999 0.44999999
8 -4.5999999 0.55000001
8 -4.5999999 0.64999998
8 -4.5999999 0.75
8 -4.5999999 0.85000002
8 -4.5999999 0.94999999
8 -4.5999999 1.05
8 -4.5999999 1.15
8 -4.5999999 1.25
8 -4.5999999 1.35
8 -4.5999999 1.45
8 -4.5999999 1.55
8 -4.5999999 1.65
8 -4.5999999 1.75
8 -4.5999999 1.85
8 -4.5999999 1.95
8 -4.5999999 2.05
8 -4.5999999 2.1500001
8 -4.5999999 2.25
8 -4.5999999 2.3499999
8 -4.5999999 2.45
7.9000001 -4.5999999 -0.44999999
7.9000001 -4.5999999 -0.34999999
7.9000001 -4.5999999 -0.25
7.9000001 -4.5999999 -0.15000001
7.9000001 -4.5999999 -0.050000001
7.9000001 -4.5999999 0.050000001
7.9000001 -4.5999999 0.15000001
7.9000001 -4.5999999 0.25
7.9000001 -4.5999999 0.34999999
7.9000001 -4.5999999 0.44999999
7.9000001 -4.5999999 0.55000001
7.9000001 -4.5999999 0.64999998
7.9000001 -4.5999999 0.75
7.9000001 -4.5999999 0.85000002
7.9000001 -4.5999999 0.94999999
7.9000001 -4.5999999 1.05
7.9000001 -4.5999999 1.15
7.9000001 -4.5999999 1.25
7.9000001 -4.5999999 1.35
7.9000001 -4.5999999 1.45
7.9000001 -4.5999999 1.55
7.9000001 -4.5999999 1.65
7.9000001 -4.5999999 1.75
7.9000001 -4.5999999 1.85
7.9000001 -4.5999999 1.95
7.9000001 -4.5999999 2.05
7.9000001 -4.5999999 2.1500001
7.9000001 -4.5999999 2.25
7.9000001 -4.5999999 2.3499999
7.9000001 -4.5999999 2.45
8.1000004 -4.5 -0.44999999
8.1000004 -4.5 -0.34999999
8.1000004 -4.5 -0.25
8.1000004 -4.5 -0.15000001
8.1000004 -4.5 -0.050000001
8.1000004 -4.5 0.050000001
8.1000004 -4.5 0.15000001
8.1000004 -4.5 0.25
8.1000004 -4.5 0.34999999
8.1000004 -4.5 0.44999999
8.1000004 -4.5 0.55000001
8.1000004 -4.5 0.64999998
8.1000004 -4.5 0.75
8.1000004 -4.5 0.85000002
8.1000004 -4.5 0.94999999
8.1000004 -4.5 1.05
8.1000004 -4.5 1.15
8.1000004 -4.5 1.25
8.1000004 -4.5 1.35
8.1000004 -4.5 1.45
8.1000004 -4.5 1.55
8.1000004 -4.5 1.65
8.1000004 -4.5 1.75
8.1000004 -4.5 1.85
8.1000004 -4.5 1.95
8.1000004 -4.5 2.05
8.1000004 -4.5 2.1500001
8.1000004 -4.5 2.25
8.1000004 -4.5 2.3499999
8.1000004 -4.5 2.45
8 -4.5 -0.44999999
8 -4.5 -0.34999999
8 -4.5 -0.25
8 -4.5 -0.15000001
8 -4.5 -0.050000001
8 -4.5 0.050000001
8 -4.5 0.15000001
8 -4.5 0.25
8 -4.5 0.34999999
8 -4.5 0.44999999
8 -4.5 0.55000001
8 -4.5 0.64999998
8 -4.5 0.75
8 -4.5 0.85000002
8 -4.5 0.94999999
8 -4.5 1.05
8 -4.5 1.15
8 -4.5 1.25
8 -4.5 1.35
8 -4.5 1.45
8 -4.5 1.55
8 -4.5 1.65
8 -4.5 1.75
8 -4.5 1.85
8 -4.5 1.95
8 -4.5 2.05
8 -4.5 2.1500001
8 -4.5 2.25
8 -4.5 2.3499999
8 -4.5 2.45
7.9000001 -4.5 -0.44999999
7.9000001 -4.5 -0.34999999
7.9000001 -4.5 -0.25
7.9000001 -4.5 -0.15000001
7.9000001 -4.5 -0.050000001
7.9000001 -4.5 0.050000001
7.9000001 -4.5 0.15000001
7.9000001 -4.5 0.25
7.9000001 -4.5 0.34999999
7.9000001 -4.5 0.44999999
7.9000001 -4.5 0.55000001
7.9000001 -4.5 0.64999998
7.9000001 -4.5 0.75
7.9000001 -4.5 0.85000002
7.9000001 -4.5 0.94999999
7.9000001 -4.5 1.05
7.9000001 -4.5 1.15
7.9000001 -4.5 1.25
7.9000001 -4.5 1.35
7.9000001 -4.5 1.45
7.9000001 -4.5 1.55
7.9000001 -4.5 1.65
7.9000001 -4.5 1.75
7.9000001 -4.5 1.85
7.9000001 -4.5 1.95
7.9000001 -4.5 2.05
7.9000001 -4.5 2.1500001
7.9000001 -4.5 2.25
7.9000001 -4.5 2.3499999
7.9000001 -4.5 2.45
8.1000004 -4.4000001 -0.44999999
8.1000004 -4.4000001 -0.34999999
8.1000004 -4.4000001 -0.25
8.1000004 -4.4000001 -0.15000001
8.1000004 -4.4000001 -0.050000001
8.1000004 -4.4000001 0.050000001
8.1000004 -4.4000001 0.15000001
8.1000004 -4.4000001 0.25
8.1000004 -4.4000001 0.34999999
8.1000004 -4.4000001 0.44999999
8.1000004 -4.4000001 0.55000001
8.1000004 -4.4000001 0.64999998
8.1000004 -4.4000001 0.75
8.1000004 -4.4000001 0.85000002
8.1000004 -4.4000001 0.94999999
8.1000004 -4.4000001 1.05
8.1000004 -4.4000001 1.15
8.1000004 -4.4000001 1.25
8.1000004 -4.4000001 1.35
8.1000004 -4.4000001 1.45
8.1000004 -4.4000001 1.55
8.1000004 -4.4000001 1.65
8.1000004 -4.4000001 1.75
8.1000004 -4.4000001 1.85
8.1000004 -4.4000001 1.95
8.1000004 -4.4000001 2.05
8.1000004 -4.4000001 2.1500001
8.1000004 -4.4000001 2.25
8.1000004 -4.4000001 2.3499999
8.1000004 -4.4000001 2.45
8 -4.4000001 -0.44999999
8 -4.4000001 -0.34999999
8 -4.4000001 -0.25
8 -4.4000001 -0.15000001
8 -4.4000001 -0.050000001
8 -4.4000001 0.050000001
8 -4.4000001 0.15000001
8 -4.4000001 0.25
8 -4.4000001 0.34999999
8 -4.4000001 0.44999999
8 -4.4000001 0.55000001
8 -4.4000001 0.64999998
8 -4.4000001 0.75
8 -4.4000001 0.85000002
8 -4.4000001 0.94999999
8 -4.4000001 1.05
8 -4.4000001 1.15
8 -4.4000001 1.25
8 -4.4000001 1.35
8 -4.4000001 1.45
8 -4.4000001 1.55
8 -4.4000001 1.65
8 -4.4000001 1.75
8 -4.4000001 1.85
8 -4.4000001 1.95
8 -4.4000001 2.05
8 -4.4000001 2.1500001
8 -4.4000001 2.25
8 -4.4000001 2.3499999
8 -4.4000001 2.45
7.9000001 -4.4000001 -0.44999999
7.9000001 -4.4000001 -0.34999999
7.9000001 -4.4000001 -0.25
7.9000001 -4.4000001 -0.15000001
7.9000001 -4.4000001 -0.050000001
7.9000001 -4.4000001 0.050000001
7.9000001 -4.4000001 0.15000001
7.9000001 -4.4000001 0.25
7.9000001 -4.4000001 0.34999999
7.9000001 -4.4000001 0.44999999
7.9000001 -4.4000001 0.55000001
7.9000001 -4.4000001 0.64999998
7.9000001 -4.4000001 0.75
7.9000001 -4.4000001 0.85000002
7.9000001 -4.4000001 0.94999999
7.9000001 -4.4000001 1.05
7.9000001 -4.4000001 1.15
7.9000001 -4.4000001 1.25
7.9000001 -4.4000001 1.35
7.9000001 -4.4000001 1.45
7.9000001 -4.4000001 1.55
7.9000001 -4.4000001 1.65
7.9000001 -4.4000001 1.75
7.9000001 -4.4000001 1.85
7.9000001 -4.4000001 1.95
7.9000001 -4.4000001 2.05
7.9000001 -4.4000001 2.1500001
7.9000001 -4.4000001 2.25
7.9000001 -4.4000001 2.3499999
7.9000001 -4.4000001 2.45
8.1000004 -4.3000002 -0.44999999
8.1000004 -4.3000002 -0.34999999
8.1000004 -4.3000002 -0.25
8.1000004 -4.3000002 -0.15000001
8.1000004 -4.3000002 -0.050000001
8.1000004 -4.3000002 0.050000001
8.1000004 -4.3000002 0.15000001
8.1000004 -4.3000002 0.25
8.1000004 -4.3000002 0.34999999
8.1000004 -4.3000002 0.44999999
8.1000004 -4.3000002 0.55000001
8.1000004 -4.3000002 0.64999998
8.1000004 -4.3000002 0.75
8.1000004 -4.3000002 0.85000002
8.1000004 -4.3000002 0.94999999
8.1000004 -4.3000002 1.05
8.1000004 -4.3000002 1.15
8.1000004 -4.3000002 1.25
8.1000004 -4.3000002 1.35
8.1000004 -4.3000002 1.45
8.1000004 -4.3000002 1.55
8.1000004 -4.3000002 1.65
8.1000004 -4.3000002 1.75
8.1000004 -4.3000002 1.85
8.1000004 -4.3000002 1.95
8.1000004 -4.3000002 2.05
8.1000004 -4.3000002 2.1500001
8.1000004 -4.3000002 2.25
8.1000004 -4.3000002 2.3499999
8.1000004 -4.3000002 2.45
8 -4.3000002 -0.44999999
8 -4.3000002 -0.34999999
8 -4.3000002 -0.25
8 -4.3000002 -0.15000001
8 -4.3000002 -0.050000001
8 -4.3000002 0.050000001
8 -4.3000002 0.15000001
8 -4.3000002 0.25
8 -4.3000002 0.34999999
8 -4.3000002 0.44999999
8 -4.3000002 0.55000001
8 -4.3000002 0.64999998
8 -4.3000002 0.75
8 -4.3000002 0.85000002
8 -4.3000002 0.94999999
8 -4.3000002 1.05
8 -4.3000002 1.15
8 -4.3000002 1.25
8 -4.3000002 1.35
8 -4.3000002 1.45
8 -4.3000002 1.55
8 -4.3000002 1.65
8 -4.3000002 1.75
8 -4.3000002 1.85
8 -4.3000002 1.95
8 -4.3000002 2.05
8 -4.3000002 2.1500001
8 -4.3000002 2.25
8 -4.3000002 2.3499999
8 -4.3000002 2.45
7.9000001 -4.3000002 -0.44999999
7.9000001 -4.3000002 -0.34999999
7.9000001 -4.3000002 -0.25
7.9000001 -4.3000002 -0.15000001
7.9000001 -4.3000002 -0.050000001
7.9000001 -4.3000002 0.050000001
7.9000001 -4.3000002 0.15000001
7.9000001 -4.3000002 0.25
7.9000001 -4.3000002 0.34999999
7.9000001 -4.3000002 0.44999999
7.9000001 -4.3000002 0.55000001
7.9000001 -4.3000002 0.64999998
7.9000001 -4.3000002 0.75
7.9000001 -4.3000002 0.85000002
7.9000001 -4.3000002 0.94999999
7.9000001 -4.3000002 1.05
7.9000001 -4.3000002 1.15
7.9000001 -4.3000002 1.25
7.9000001 -4.3000002 1.35
7.9000001 -4.3000002 1.45
7.9000001 -4.3000002 1.55
7.9000001 -4.3000002 1.65
7.9000001 -4.3000002 1.75
7.9000001 -4.3000002 1.85
7.9000001 -4.3000002 1.95
7.9000001 -4.3000002 2.05
7.9000001 -4.3000002 2.1500001
7.9000001 -4.3000002 2.25
7.9000001 -4.3000002 2.3499999
7.9000001 -4.3000002 2.45
8.1000004 -4.1999998 -0.44999999
8.1000004 -4.1999998 -0.34999999
8.1000004 -4.1999998 -0.25
8.1000004 -4.1999998 -0.15000001
8.1000004 -4.1999998 -0.050000001
8.1000004 -4.1999998 0.050000001
8.1000004 -4.1999998 0.15000001
8.1000004 -4.1999998 0.25
8.1000004 -4.1999998 0.34999999
8.1000004 -4.1999998 0.44999999
8.1000004 -4.1999998 0.55000001
8.1000004 -4.1999998 0.64999998
8.1000004 -4.1999998 0.75
8.1000004 -4.1999998 0.85000002
8.1000004 -4.1999998 0.94999999
8.1000004 -4.1999998 1.05
8.1000004 -4.1999998 1.15
8.1000004 -4.1999998 1.25
8.1000004 -4.1999998 1.35
8.1000004 -4.1999998 1.45
8.1000004 -4.1999998 1.55
8.1000004 -4.1999998 1.65
8.1000004 -4.1999998 1.75
8.1000004 -4.1999998 1.85
8.1000004 -4.1999998 1.95
8.1000004 -4.1999998 2.05
8.1000004 -4.1999998 2.1500001
8.1000004 -4.1999998 2.25
8.1000004 -4.1999998 2.3499999
8.1000004 -4.1999998 2.45
8 -4.1999998 -0.44999999
8 -4.1999998 -0.34999999
8 -4.1999998 -0.25
8 -4.1999998 -0.15000001
8 -4.1999998 -0.050000001
8 -4.1999998 0.050000001
8 -4.1999998 0.15000001
8 -4.1999998 0.25
8 -4.1999998 0.34999999
8 -4.1999998 0.44999999
8 -4.1999998 0.55000001
8 -4.1999998 0.64999998
8 -4.1999998 0.75
8 -4.1999998 0.85000002
8 -4.1999998 0.94999999
8 -4.1999998 1.05
8 -4.1999998 1.15
8 -4.1999998 1.25
8 -4.1999998 1.35
8 -4.1999998 1.45
8 -4.1999998 1.55
8 -4.1999998 1.65
8 -4.1999998 1.75
8 -4.1999998 1.85
8 -4.1999998 1.95
8 -4.1999998 2.05
8 -4.1999998 2.1500001
8 -4.1999998 2.25
8 -4.1999998 2.3499999
8 -4.1999998 2.45
7.9000001 -4.1999998 -0.44999999
7.9000001 -4.1999998 -0.34999999
7.9000001 -4.1999998 -0.25
7.9000001 -4.1999998 -0.15000001
7.9000001 -4.1999998 -0.050000001
7.9000001 -4.1999998 0.050000001
7.9000001 -4.1999998 0.15000001
7.9000001 -4.1999998 0.25
7.9000001 -4.1999998 0.34999999
7.9000001 -4.1999998 0.44999999
7.9000001 -4.1999998 0.55000001
7.9000001 -4.1999998 0.64999998
7.9000001 -4.1999998 0.75
7.9000001 -4.1999998 0.85000002
7.9000001 -4.1999998 0.94999999
7.9000001 -4.1999998 1.05
7.9000001 -4.1999998 1.15
7.9000001 -4.1999998 1.25
7.9000001 -4.1999998 1.35
7.9000001 -4.1999998 1.45
7.9000001 -4.1999998 1.55
7.9000001 -4.1999998 1.65
7.9000001 -4.1999998 1.75
7.9000001 -4.1999998 1.85
7.9000001 -4.1999998 1.95
7.9000001 -4.1999998 2.05
7.9000001 -4.1999998 2.1500001
7.9000001 -4.1999998 2.25
7.9000001 -4.1999998 2.3499999
7.9000001 -4.1999998 2.45
8.1000004 -4.0999999 -0.44999999
8.1000004 -4.0999999 -0.34999999
8.1000004 -4.0999999 -0.25
8.1000004 -4.0999999 -0.15000001
8.1000004 -4.0999999 -0.050000001
8.1000004 -4.0999999 0.050000001
8.1000004 -4.0999999 0.15000001
8.1000004 -4.0999999 0.25
8.1000004 -4.0999999 0.34999999
8.1000004 -4.0999999 0.44999999
8.1000004 -4.0999999 0.55000001
8.1000004 -4.0999999 0.64999998
8.1000004 -4.0999999 0.75
8.1000004 -4.0999999 0.85000002
8.1000004 -4.0999999 0.94999999
8.1000004 -4.0999999 1.05
8.1000004 -4.0999999 1.15
8.1000004 -4.0999999 1.25
8.1000004 -4.0999999 1.35
8.1000004 -4.0999999 1.45
8.1000004 -4.0999999 1.55
8.1000004 -4.0999999 1.65
8.1000004 -4.0999999 1.75
8.1000004 -4.0999999 1.85
8.1000004 -4.0999999 1.95
8.1000004 -4.0999999 2.05
8.1000004 -4.0999999 2.1500001
8.1000004 -4.0999999 2.25
8.1000004 -4.0999999 2.3499999
8.1000004 -4.0999999 2.45
8 -4.0999999 -0.44999999
8 -4.0999999 -0.34999999
8 -4.0999999 -0.25
8 -4.0999999 -0.15000001
8 -4.0999999 -0.050000001
8 -4.0999999 0.050000001
8 -4.0999999 0.15000001
8 -4.0999999 0.25
8 -4.0999999 0.34999999
8 -4.0999999 0.44999999
8 -4.0999999 0.55000001
8 -4.0999999 0.64999998
8 -4.0999999 0.75
8 -4.0999999 0.85000002
8 -4.0999999 0.94999999
8 -4.0999999 1.05
8 -4.0999999 1.15
8 -4.0999999 1.25
8 -4.0999999 1.35
8 -4.0999999 1.45
8 -4.0999999 1.55
8 -4.0999999 1.65
8 -4.0999999 1.75
8 -4.0999999 1.85
8 -4.0999999 1.95
8 -4.0999999 2.05
8 -4.0999999 2.1500001
8 -4.0999999 2.25
8 -4.0999999 2.3499999
8 -4.0999999 2.45
7.9000001 -4.0999999 -0.44999999
7.9000001 -4.0999999 -0.34999999
7.9000001 -4.0999999 -0.25
7.9000001 -4.0999999 -0.15000001
7.9000001 -4.0999999 -0.050000001
7.9000001 -4.0999999 0.050000001
7.9000001 -4.0999999 0.15000001
7.9000001 -4.0999999 0.25
7.9000001 -4.0999999 0.34999999
7.9000001 -4.0999999 0.44999999
7.9000001 -4.0999999 0.55000001
7.9000001 -4.0999999 0.64999998
7.9000001 -4.0999999 0.75
7.9000001 -4.0999999 0.85000002
7.9000001 -4.0999999 0.94999999
7.9000001 -4.0999999 1.05
7.9000001 -4.0999999 1.15
7.9000001 -4.0999999 1.25
7.9000001 -4.0999999 1.35
7.9000001 -4.0999999 1.45
7.9000001 -4.0999999 1.55
7.9000001 -4.0999999 1.65
7.9000001 -4.0999999 1.75
7.9000001 -4.0999999 1.85
7.9000001 -4.0999999 1.95
7.9000001 -4.0999999 2.05
7.9000001 -4.0999999 2.1500001
7.9000001 -4.0999999 2.25
7.9000001 -4.0999999 2.3499999
7.9000001 -4.0999999 2.45
8.1000004 -4 -0.44999999
8.1000004 -4 -0.34999999
8.1000004 -4 -0.25
8.1000004 -4 -0.15000001
8.1000004 -4 -0.050000001
8.1000004 -4 0.050000001
8.1000004 -4 0.15000001
8.1000004 -4 0.25
8.1000004 -4 0.34999999
8.1000004 -4 0.44999999
8.1000004 -4 0.55000001
8.1000004 -4 0.64999998
8.1000004 -4 0.75
8.1000004 -4 0.85000002
8.1000004 -4 0.94999999
8.1000004 -4 1.05
8.1000004 -4 1.15
8.1000004 -4 1.25
8.1000004 -4 1.35
8.1000004 -4 1.45
8.1000004 -4 1.55
8.1000004 -4 1.65
8.1000004 -4 1.75
8.1000004 -4 1.85
8.1000004 -4 1.95
8.1000004 -4 2.05
8.1000004 -4 2.1500001
8.1000004 -4 2.25
8.1000004 -4 2.3499999
8.1000004 -4 2.45
8 -4 -0.44999999
8 -4 -0.34999999
8 -4 -0.25
8 -4 -0.15000001
8 -4 -0.050000001
8 -4 0.050000001
8 -4 0.15000001
8 -4 0.25
8 -4 0.34999999
8 -4 0.44999999
8 -4 0.55000001
8 -4 0.64999998
8 -4 0.75
8 -4 0.85000002
8 -4 0.94999999
8 -4 1.05
8 -4 1.15
8 -4 1.25
8 -4 1.35
8 -4 1.45
8 -4 1.55
8 -4 1.65
8 -4 1.75
8 -4 1.85
8 -4 1.95
8 -4 2.05
8 -4 2.1500001
8 -4 2.25
8 -4 2.3499999
8 -4 2.45
7.9000001 -4 -0.44999999
7.9000001 -4 -0.34999999
7.9000001 -4 -0.25
7.9000001 -4 -0.15000001
7.9000001 -4 -0.050000001
7.9000001 -4 0.050000001
7.9000001 -4 0.15000001
7.9000001 -4 0.25
7.9000001 -4 0.34999999
7.9000001 -4 0.44999999
7.9000001 -4 0.55000001
7.9000001 -4 0.64999998
7.9000001 -4 0.75
7.9000001 -4 0.85000002
7.9000001 -4 0.94999999
7.9000001 -4 1.05
7.9000001 -4 1.15
7.9000001 -4 1.25
7.9000001 -4 1.35
7.9000001 -4 1.45
7.9000001 -4 1.55
7.9000001 -4 1.65
7.9000001 -4 1.75
7.9000001 -4 1.85
7.9000001 -4 1.95
7.9000001 -4 2.05
7.9000001 -4 2.1500001
7.9000001 -4 2.25
7.9000001 -4 2.3499999
7.9000001 -4 2.45
8.1000004 -3.9000001 -0.44999999
8.1000004 -3.9000001 -0.34999999
8.1000004 -3.9000001 -0.25
8.1000004 -3.9000001 -0.15000001
8.1000004 -3.9000001 -0.050000001
8.1000004 -3.9000001 0.050000001
8.1000004 -3.9000001 0.15000001
8.1000004 -3.9000001 0.25
8.1000004 -3.9000001 0.34999999
8.1000004 -3.9000001 0.44999999
8.1000004 -3.9000001 0.55000001
8.1000004 -3.9000001 0.64999998
8.1000004 -3.9000001 0.75
8.1000004 -3.9000001 0.85000002
8.1000004 -3.9000001 0.94999999
8.1000004 -3.9000001 1.05
8.1000004 -3.9000001 1.15
8.1000004 -3.9000001 1.25
8.1000004 -3.9000001 1.35
8.1000004 -3.9000001 1.45
8.1000004 -3.9000001 1.55
8.1000004 -3.9000001 1.65
8.1000004 -3.9000001 1.75
8.1000004 -3.9000001 1.85
8.1000004 -3.9000001 1.95
8.1000004 -3.9000001 2.05
8.1000004 -3.9000001 2.1500001
8.1000004 -3.9000001 2.25
8.1000004 -3.9000001 2.3499999
8.1000004 -3.9000001 2.45
8 -3.9000001 -0.44999999
8 -3.9000001 -0.34999999
8 -3.9000001 -0.25
8 -3.9000001 -0.15000001
8 -3.9000001 -0.050000001
8 -3.9000001 0.050000001
8 -3.9000001 0.15000001
8 -3.9000001 0.25
8 -3.9000001 0.34999999
8 -3.9000001 0.44999999
8 -3.9000001 0.55000001
8 -3.9000001 0.64999998
8 -3.9000001 0.75
8 -3.9000001 0.85000002
8 -3.9000001 0.94999999
8 -3.9000001 1.05
8 -3.9000001 1.15
8 -3.9000001 1.25
8 -3.9000001 1.35
8 -3.9000001 1.45
8 -3.9000001 1.55
8 -3.9000001 1.65
8 -3.9000001 1.75
8 -3.9000001 1.85
8 -3.9000001 1.95
8 -3.9000001 2.05
8 -3.9000001 2.1500001
8 -3.9000001 2.25
8 -3.9000001 2.3499999
8 -3.9000001 2.45
7.9000001 -3.9000001 -0.44999999
7.9000001 -3.9000001 -0.34999999
7.9000001 -3.9000001 -0.25
7.9000001 -3.9000001 -0.15000001
7.9000001 -3.9000001 -0.050000001
7.9000001 -3.9000001 0.050000001
7.9000001 -3.9000001 0.15000001
7.9000001 -3.9000001 0.25
7.9000001 -3.9000001 0.34999999
7.9000001 -3.9000001 0.44999999
7.9000001 -3.9000001 0.55000001
7.9000001 -3.9000001 0.64999998
7.9000001 -3.9000001 0.75
7.9000001 -3.9000001 0.85000002
7.9000001 -3.9000001 0.94999999
7.9000001 -3.9000001 1.05
7.9000001 -3.9000001 1.15
7.9000001 -3.9000001 1.25
7.9000001 -3.9000001 1.35
7.9000001 -3.9000001 1.45
7.9000001 -3.9000001 1.55
7.9000001 -3.9000001 1.65
7.9000001 -3.9000001 1.75
7.9000001 -3.9000001 1.85
7.9000001 -3.9000001 1.95
7.9000001 -3.9000001 2.05
7.9000001 -3.9000001 2.1500001
7.9000001 -3.9000001 2.25
7.9000001 -3.9000001 2.3499999
7.9000001 -3.9000001 2.45
8.1000004 -3.8 -0.44999999
8.1000004 -3.8 -0.34999999
8.1000004 -3.8 -0.25
8.1000004 -3.8 -0.15000001
8.1000004 -3.8 -0.050000001
8.1000004 -3.8 0.050000001
8.1000004 -3.8 0.15000001
8.1000004 -3.8 0.25
8.1000004 -3.8 0.34999999
8.1000004 -3.8 0.44999999
8.1000004 -3.8 0.55000001
8.1000004 -3.8 0.64999998
8.1000004 -3.8 0.75
8.1000004 -3.8 0.85000002
8.1000004 -3.8 0.94999999
8.1000004 -3.8 1.05
8.1000004 -3.8 1.15
8.1000004 -3.8 1.25
8.1000004 -3.8 1.35
8.1000004 -3.8 1.45
8.1000004 -3.8 1.55
8.1000004 -3.8 1.65
8.1000004 -3.8 1.75
8.1000004 -3.8 1.85
8.1000004 -3.8 1.95
8.1000004 -3.8 2.05
8.1000004 -3.8 2.1500001
8.1000004 -3.8 2.25
8.1000004 -3.8 2.3499999
8.1000004 -3.8 2.45
8 -3.8 -0.44999999
8 -3.8 -0.34999999
8 -3.8 -0.25
8 -3.8 -0.15000001
8 -3.8 -0.050000001
8 -3.8 0.050000001
8 -3.8 0.15000001
8 -3.8 0.25
8 -3.8 0.34999999
8 -3.8 0.44999999
8 -3.8 0.55000001
8 -3.8 0.64999998
8 -3.8 0.75
8 -3.8 0.85000002
8 -3.8 0.94999999
8 -3.8 1.05
8 -3.8 1.15
8 -3.8 1.25
8 -3.8 1.35
8 -3.8 1.45
8 -3.8 1.55
8 -3.8 1.65
8 -3.8 1.75
8 -3.8 1.85
8 -3.8 1.95
8 -3.8 2.05
8 -3.8 2.1500001
8 -3.8 2.25
8 -3.8 2.3499999
8 -3.8 2.45
7.9000001 -3.8 -0.44999999
7.9000001 -3.8 -0.34999999
7.9000001 -3.8 -0.25
7.9000001 -3.8 -0.15000001
7.9000001 -3.8 -0.050000001
7.9000001 -3.8 0.050000001
7.9000001 -3.8 0.15000001
7.9000001 -3.8 0.25
7.9000001 -3.8 0.34999999
7.9000001 -3.8 0.44999999
7.9000001 -3.8 0.55000001
7.9000001 -3.8 0.64999998
7.9000001 -3.8 0.75
7.9000001 -3.8 0.85000002
7.9000001 -3.8 0.94999999
7.9000001 -3.8 1.05
7.9000001 -3.8 1.15
7.9000001 -3.8 1.25
7.9000001 -3.8 1.35
7.9000001 -3.8 1.45
7.9000001 -3.8 1.55
7.9000001 -3.8 1.65
7.9000001 -3.8 1.75
7.9000001 -3.8 1.85
7.9000001 -3.8 1.95
7.9000001 -3.8 2.05
7.9000001 -3.8 2.1500001
7.9000001 -3.8 2.25
7.9000001 -3.8 2.3499999
7.9000001 -3.8 2.45
8.1000004 -3.7 -0.44999999
8.1000004 -3.7 -0.34999999
8.1000004 -3.7 -0.25
8.1000004 -3.7 -0.15000001
8.1000004 -3.7 -0.050000001
8.1000004 -3.7 0.050000001
8.1000004 -3.7 0.15000001
8.1000004 -3.7 0.25
8.1000004 -3.7 0.34999999
8.1000004 -3.7 0.44999999
8.1000004 -3.7 0.55000001
8.1000004 -3.7 0.64999998
8.1000004 -3.7 0.75
8.1000004 -3.7 0.85000002
8.1000004 -3.7 0.94999999
8.1000004 -3.7 1.05
8.1000004 -3.7 1.15
8.1000004 -3.7 1.25
8.1000004 -3.7 1.35
8.1000004 -3.7 1.45
8.1000004 -3.7 1.55
8.1000004 -3.7 1.65
8.1000004 -3.7 1.75
8.1000004 -3.7 1.85
8.1000004 -3.7 1.95
8.1000004 -3.7 2.05
8.1000004 -3.7 2.1500001
8.1000004 -3.7 2.25
8.1000004 -3.7 2.3499999
8.1000004 -3.7 2.45
8 -3.7 -0.44999999
8 -3.7 -0.34999999
8 -3.7 -0.25
8 -3.7 -0.15000001
8 -3.7 -0.050000001
8 -3.7 0.050000001
8 -3.7 0.15000001
8 -3.7 0.25
8 -3.7 0.34999999
8 -3.7 0.44999999
8 -3.7 0.55000001
8 -3.7 0.64999998
8 -3.7 0.75
8 -3.7 0.85000002
8 -3.7 0.94999999
8 -3.7 1.05
8 -3.7 1.15
8 -3.7 1.25
8 -3.7 1.35
8 -3.7 1.45
8 -3.7 1.55
8 -3.7 1.65
8 -3.7 1.75
8 -3.7 1.85
8 -3.7 1.95
8 -3.7 2.05
8 -3.7 2.1500001
8 -3.7 2.25
8 -3.7 2.3499999
8 -3.7 2.45
7.9000001 -3.7 -0.44999999
7.9000001 -3.7 -0.34999999
7.9000001 -3.7 -0.25
7.9000001 -3.7 -0.15000001
7.9000001 -3.7 -0.050000001
7.9000001 -3.7 0.050000001
7.9000001 -3.7 0.15000001
7.9000001 -3.7 0.25
7.9000001 -3.7 0.34999999
7.9000001 -3.7 0.44999999
7.9000001 -3.7 0.55000001
7.9000001 -3.7 0.64999998
7.9000001 -3.7 0.75
7.9000001 -3.7 0.85000002
7.9000001 -3.7 0.94999999
7.9000001 -3.7 1.05
7.9000001 -3.7 1.15
7.9000001 -3.7 1.25
7.9000001 -3.7 1.35
7.9000001 -3.7 1.45
7.9000001 -3.7 1.55
7.9000001 -3.7 1.65
7.9000001 -3.7 1.75
7.9000001 -3.7 1.85
7.9000001 -3.7 1.95
7.9000001 -3.7 2.05
7.9000001 -3.7 2.1500001
7.9000001 -3.7 2.25
7.9000001 -3.7 2.3499999
7.9000001 -3.7 2.45
8.1000004 -3.5999999 -0.44999999
8.1000004 -3.5999999 -0.34999999
8.1000004 -3.5999999 -0.25
8.1000004 -3.5999999 -0.15000001
8.1000004 -3.5999999 -0.050000001
8.1000004 -3.5999999 0.050000001
8.1000004 -3.5999999 0.15000001
8.1000004 -3.5999999 0.25
8.1000004 -3.5999999 0.34999999
8.1000004 -3.5999999 0.44999999
8.1000004 -3.5999999 0.55000001
8.1000004 -3.5999999 0.64999998
8.1000004 -3.5999999 0.75
8.1000004 -3.5999999 0.85000002
8.1000004 -3.5999999 0.94999999
8.1000004 -3.5999999 1.05
8.1000004 -3.5999999 1.15
8.1000004 -3.5999999 1.25
8.1000004 -3.5999999 1.35
8.1000004 -3.5999999 1.45
8.1000004 -3.5999999 1.55
8.1000004 -3.5999999 1.65
8.1000004 -3.5999999 1.75
8.1000004 -3.5999999 1.85
8.1000004 -3.5999999 1.95
8.1000004 -3.5999999 2.05
8.1000004 -3.5999999 2.1500001
8.1000004 -3.5999999 2.25
8.1000004 -3.5999999 2.3499999
8.1000004 -3.5999999 2.45
8 -3.5999999 -0.44999999
8 -3.5999999 -0.34999999
8 -3.5999999 -0.25
8 -3.5999999 -0.15000001
8 -3.5999999 -0.050000001
8 -3.5999999 0.050000001
8 -3.5999999 0.15000001
8 -3.5999999 0.25
8 -3.5999999 0.34999999
8 -3.5999999 0.44999999
8 -3.5999999 0.55000001
8 -3.5999999 0.64999998
8 -3.5999999 0.75
8 -3.5999999 0.85000002
8 -3.5999999 0.94999999
8 -3.5999999 1.05
8 -3.5999999 1.15
8 -3.5999999 1.25
8 -3.5999999 1.35
8 -3.5999999 1.45
8 -3.5999999 1.55
8 -3.5999999 1.65
8 -3.5999999 1.75
8 -3.5999999 1.85
8 -3.5999999 1.95
8 -3.5999999 2.05
8 -3.5999999 2.1500001
8 -3.5999999 2.25
8 -3.5999999 2.3499999
8 -3.5999999 2.45
7.9000001 -3.5999999 -0.44999999
7.9000001 -3.5999999 -0.34999999
7.9000001 -3.5999999 -0.25
7.9000001 -3.5999999 -0.15000001
7.9000001 -3.5999999 -0.050000001
7.9000001 -3.5999999 0.050000001
7.9000001 -3.5999999 0.15000001
7.9000001 -3.5999999 0.25
7.9000001 -3.5999999 0.34999999
7.9000001 -3.5999999 0.44999999
7.9000001 -3.5999999 0.55000001
7.9000001 -3.5999999 0.64999998
7.9000001 -3.5999999 0.75
7.9000001 -3.5999999 0.85000002
7.9000001 -3.5999999 0.94999999
7.9000001 -3.5999999 1.05
7.9000001 -3.5999999 1.15
7.9000001 -3.5999999 1.25
7.9000001 -3.5999999 1.35
7.9000001 -3.5999999 1.45
7.9000001 -3.5999999 1.55
7.9000001 -3.5999999 1.65
7.9000001 -3.5999999 1.75
7.9000001 -3.5999999 1.85
7.9000001 -3.5999999 1.95
7.9000001 -3.5999999 2.05
7.9000001 -3.5999999 2.1500001
7.9000001 -3.5999999 2.25
7.9000001 -3.5999999 2.3499999
7.9000001 -3.5999999 2.45
8.1000004 -3.5 -0.44999999
8.1000004 -3.5 -0.34999999
8.1000004 -3.5 -0.25
8.1000004 -3.5 -0.15000001
8.1000004 -3.5 -0.050000001
8.1000004 -3.5 0.050000001
8.1000004 -3.5 0.15000001
8.1000004 -3.5 0.25
8.1000004 -3.5 0.34999999
8.1000004 -3.5 0.44999999
8.1000004 -3.5 0.55000001
8.1000004 -3.5 0.64999998
8.1000004 -3.5 0.75
8.1000004 -3.5 0.85000002
8.1000004 -3.5 0.94999999
8.1000004 -3.5 1.05
8.1000004 -3.5 1.15
8.1000004 -3.5 1.25
8.1000004 -3.5 1.35
8.1000004 -3.5 1.45
8.1000004 -3.5 1.55
8.1000004 -3.5 1.65
8.1000004 -3.5 1.75
8.1000004 -3.5 1.85
8.1000004 -3.5 1.95
8.1000004 -3.5 2.05
8.1000004 -3.5 2.1500001
8.1000004 -3.5 2.25
8.1000004 -3.5 2.3499999
8.1000004 -3.5 2.45
8 -3.5 -0.44999999
8 -3.5 -0.34999999
8 -3.5 -0.25
8 -3.5 -0.15000001
8 -3.5 -0.050000001
8 -3.5 0.050000001
8 -3.5 0.15000001
8 -3.5 0.25
8 -3.5 0.34999999
8 -3.5 0.44999999
8 -3.5 0.55000001
8 -3.5 0.64999998
8 -3.5 0.75
8 -3.5 0.85000002
8 -3.5 0.94999999
8 -3.5 1.05
8 -3.5 1.15
8 -3.5 1.25
8 -3.5 1.35
8 -3.5 1.45
8 -3.5 1.55
8 -3.5 1.65
8 -3.5 1.75
8 -3.5 1.85
8 -3.5 1.95
8 -3.5 2.05
8 -3.5 2.1500001
8 -3.5 2.25
8 -3.5 2.3499999
8 -3.5 2.45
7.9000001 -3.5 -0.44999999
7.9000001 -3.5 -0.34999999
7.9000001 -3.5 -0.25
7.9000001 -3.5 -0.15000001
7.9000001 -3.5 -0.050000001
7.9000001 -3.5 0.050000001
7.9000001 -3.5 0.15000001
7.9000001 -3.5 0.25
7.9000001 -3.5 0.34999999
7.9000001 -3.5 0.44999999
7.9000001 -3.5 0.55000001
7.9000001 -3.5 0.64999998
7.9000001 -3.5 0.75
7.9000001 -3.5 0.85000002
7.9000001 -3.5 0.94999999
7.9000001 -3.5 1.05
7.9000001 -3.5 1.15
7.9000001 -3.5 1.25
7.9000001 -3.5 1.35
7.9000001 -3.5 1.45
7.9000001 -3.5 1.55
7.9000001 -3.5 1.65
7.9000001 -3.5 1.75
7.9000001 -3.5 1.85
7.9000001 -3.5 1.95
7.9000001 -3.5 2.05
7.9000001 -3.5 2.1500001
7.9000001 -3.5 2.25
7.9000001 -3.5 2.3499999
7.9000001 -3.5 2.45
8.1000004 -3.4000001 -0.44999999
8.1000004 -3.4000001 -0.34999999
8.1000004 -3.4000001 -0.25
8.1000004 -3.4000001 -0.15000001
8.1000004 -3.4000001 -0.050000001
8.1000004 -3.4000001 0.050000001
8.1000004 -3.4000001 0.15000001
8.1000004 -3.4000001 0.25
8.1000004 -3.4000001 0.34999999
8.1000004 -3.4000001 0.44999999
8.1000004 -3.4000001 0.55000001
8.1000004 -3.4000001 0.64999998
8.1000004 -3.4000001 0.75
8.1000004 -3.4000001 0.85000002
8.1000004 -3.4000001 0.94999999
8.1000004 -3.4000001 1.05
8.1000004 -3.4000001 1.15
8.1000004 -3.4000001 1.25
8.1000004 -3.4000001 1.35
8.1000004 -3.4000001 1.45
8.1000004 -3.4000001 1.55
8.1000004 -3.4000001 1.65
8.1000004 -3.4000001 1.75
8.1000004 -3.4000001 1.85
8.1000004 -3.4000001 1.95
8.1000004 -3.4000001 2.05
8.1000004 -3.4000001 2.1500001
8.1000004 -3.4000001 2.25
8.1000004 -3.4000001 2.3499999
8.1000004 -3.4000001 2.45
8 -3.4000001 -0.44999999
8 -3.4000001 -0.34999999
8 -3.4000001 -0.25
8 -3.4000001 -0.15000001
8 -3.4000001 -0.050000001
8 -3.4000001 0.050000001
8 -3.4000001 0.15000001
8 -3.4000001 0.25
8 -3.4000001 0.34999999
8 -3.4000001 0.44999999
8 -3.4000001 0.55000001
8 -3.4000001 0.64999998
8 -3.4000001 0.75
8 -3.4000001 0.85000002
8 -3.4000001 0.94999999
8 -3.4000001 1.05
8 -3.4000001 1.15
8 -3.4000001 1.25
8 -3.4000001 1.35
8 -3.4000001 1.45
8 -3.4000001 1.55
8 -3.4000001 1.65
8 -3.4000001 1.75
8 -3.4000001 1.85
8 -3.4000001 1.95
8 -3.4000001 2.05
8 -3.4000001 2.1500001
8 -3.4000001 2.25
8 -3.4000001 2.3499999
8 -3.4000001 2.45
7.9000001 -3.4000001 -0.44999999
7.9000001 -3.4000001 -0.34999999
7.9000001 -3.4000001 -0.25
7.9000001 -3.4000001 -0.15000001
7.9000001 -3.4000001 -0.050000001
7.9000001 -3.4000001 0.050000001
7.9000001 -3.4000001 0.15000001
7.9000001 -3.4000001 0.25
7.9000001 -3.4000001 0.34999999
7.9000001 -3.4000001 0.44999999
7.9000001 -3.4000001 0.55000001
7.9000001 -3.4000001 0.64999998
7.9000001 -3.4000001 0.75
7.9000001 -3.4000001 0.85000002
7.9000001 -3.4000001 0.94999999
7.9000001 -3.4000001 1.05
7.9000001 -3.4000001 1.15
7.9000001 -3.4000001 1.25
7.9000001 -3.4000001 1.35
7.9000001 -3.4000001 1.45
7.9000001 -3.4000001 1.55
7.9000001 -3.4000001 1.65
7.9000001 -3.4000001 1.75
7.9000001 -3.4000001 1.85
7.9000001 -3.4000001 1.95
7.9000001 -3.4000001 2.05
7.9000001 -3.4000001 2.1500001
7.9000001 -3.4000001 2.25
7.9000001 -3.4000001 2.3499999
7.9000001 -3.4000001 2.45
8.1000004 -3.3 -0.44999999
8.1000004 -3.3 -0.34999999
8.1000004 -3.3 -0.25
8.1000004 -3.3 -0.15000001
8.1000004 -3.3 -0.050000001
8.1000004 -3.3 0.050000001
8.1000004 -3.3 0.15000001
8.1000004 -3.3 0.25
8.1000004 -3.3 0.34999999
8.1000004 -3.3 0.44999999
8.1000004 -3.3 0.55000001
8.1000004 -3.3 0.64999998
8.1000004 -3.3 0.75
8.1000004 -3.3 0.85000002
8.1000004 -3.3 0.94999999
8.1000004 -3.3 1.05
8.1000004 -3.3 1.15
8.1000004 -3.3 1.25
8.1000004 -3.3 1.35
8.1000004 -3.3 1.45
8.1000004 -3.3 1.55
8.1000004 -3.3 1.65
8.1000004 -3.3 1.75
8.1000004 -3.3 1.85
8.1000004 -3.3 1.95
8.1000004 -3.3 2.05
8.1000004 -3.3 2.1500001
8.1000004 -3.3 2.25
8.1000004 -3.3 2.3499999
8.1000004 -3.3 2.45
8 -3.3 -0.44999999
8 -3.3 -0.34999999
8 -3.3 -0.25
8 -3.3 -0.15000001
8 -3.3 -0.050000001
8 -3.3 0.050000001
8 -3.3 0.15000001
8 -3.3 0.25
8 -3.3 0.34999999
8 -3.3 0.44999999
8 -3.3 0.55000001
8 -3.3 0.64999998
8 -3.3 0.75
8 -3.3 0.85000002
8 -3.3 0.94999999
8 -3.3 1.05
8 -3.3 1.15
8 -3.3 1.25
8 -3.3 1.35
8 -3.3 1.45
8 -3.3 1.55
8 -3.3 1.65
8 -3.3 1.75
8 -3.3 1.85
8 -3.3 1.95
8 -3.3 2.05
8 -3.3 2.1500001
8 -3.3 2.25
8 -3.3 2.3499999
8 -3.3 2.45
7.9000001 -3.3 -0.44999999
7.9000001 -3.3 -0.34999999
7.9000001 -3.3 -0.25
7.9000001 -3.3 -0.15000001
7.9000001 -3.3 -0.050000001
7.9000001 -3.3 0.050000001
7.9000001 -3.3 0.15000001
7.9000001 -3.3 0.25
7.9000001 -3.3 0.34999999
7.9000001 -3.3 0.44999999
7.9000001 -3.3 0.55000001
7.9000001 -3.3 0.64999998
7.9000001 -3.3 0.75
7.9000001 -3.3 0.85000002
7.9000001 -3.3 0.94999999
7.9000001 -3.3 1.05
7.9000001 -3.3 1.15
7.9000001 -3.3 1.25
7.9000001 -3.3 1.35
7.9000001 -3.3 1.45
7.9000001 -3.3 1.55
7.9000001 -3.3 1.65
7.9000001 -3.3 1.75
7.9000001 -3.3 1.85
7.9000001 -3.3 1.95
7.9000001 -3.3 2.05
7.9000001 -3.3 2.1500001
7.9000001 -3.3 2.25
7.9000001 -3.3 2.3499999
7.9000001 -3.3 2.45
8.1000004 -3.2 -0.44999999
8.1000004 -3.2 -0.34999999
8.1000004 -3.2 -0.25
8.1000004 -3.2 -0.15000001
8.1000004 -3.2 -0.050000001
8.1000004 -3.2 0.050000001
8.1000004 -3.2 0.15000001
8.1000004 -3.2 0.25
8.1000004 -3.2 0.34999999
8.1000004 -3.2 0.44999999
8.1000004 -3.2 0.55000001
8.1000004 -3.2 0.64999998
8.1000004 -3.2 0.75
8.1000004 -3.2 0.85000002
8.1000004 -3.2 0.94999999
8.1000004 -3.2 1.05
8.1000004 -3.2 1.15
8.1000004 -3.2 1.25
8.1000004 -3.2 1.35
8.1000004 -3.2 1.45
8.1000004 -3.2 1.55
8.1000004 -3.2 1.65
8.1000004 -3.2 1.75
8.1000004 -3.2 1.85
8.1000004 -3.2 1.95
8.1000004 -3.2 2.05
8.1000004 -3.2 2.1500001
8.1000004 -3.2 2.25
8.1000004 -3.2 2.3499999
8.1000004 -3.2 2.45
8 -3.2 -0.44999999
8 -3.2 -0.34999999
8 -3.2 -0.25
8 -3.2 -0.15000001
8 -3.2 -0.050000001
8 -3.2 0.050000001
8 -3.2 0.15000001
8 -3.2 0.25
8 -3.2 0.34999999
8 -3.2 0.44999999
8 -3.2 0.55000001
8 -3.2 0.64999998
8 -3.2 0.75
8 -3.2 0.85000002
8 -3.2 0.94999999
8 -3.2 1.05
8 -3.2 1.15
8 -3.2 1.25
8 -3.2 1.35
8 -3.2 1.45
8 -3.2 1.55
8 -3.2 1.65
8 -3.2 1.75
8 -3.2 1.85
8 -3.2 1.95
8 -3.2 2.05
8 -3.2 2.1500001
8 -3.2 2.25
8 -3.2 2.3499999
8 -3.2 2.45
7.9000001 -3.2 -0.44999999
7.9000001 -3.2 -0.34999999
7.9000001 -3.2 -0.25
7.9000001 -3.2 -0.15000001
7.9000001 -3.2 -0.050000001
7.9000001 -3.2 0.050000001
7.9000001 -3.2 0.15000001
7.9000001 -3.2 0.25
7.9000001 -3.2 0.34999999
7.9000001 -3.2 0.44999999
7.9000001 -3.2 0.55000001
7.9000001 -3.2 0.64999998
7.9000001 -3.2 0.75
7.9000001 -3.2 0.85000002
7.9000001 -3.2 0.94999999
7.9000001 -3.2 1.05
7.9000001 -3.2 1.15
7.9000001 -3.2 1.25
7.9000001 -3.2 1.35
7.9000001 -3.2 1.45
7.9000001 -3.2 1.55
7.9000001 -3.2 1.65
7.9000001 -3.2 1.75
7.9000001 -3.2 1.85
7.9000001 -3.2 1.95
7.9000001 -3.2 2.05
7.9000001 -3.2 2.1500001
7.9000001 -3.2 2.25
7.9000001 -3.2 2.3499999
7.9000001 -3.2 2.45
8.1000004 -3.0999999 -0.44999999
8.1000004 -3.0999999 -0.34999999
8.1000004 -3.0999999 -0.25
8.1000004 -3.0999999 -0.15000001
8.1000004 -3.0999999 -0.050000001
8.1000004 -3.0999999 0.050000001
8.1000004 -3.0999999 0.15000001
8.1000004 -3.0999999 0.25
8.1000004 -3.0999999 0.34999999
8.1000004 -3.0999999 0.44999999
8.1000004 -3.0999999 0.55000001
8.1000004 -3.0999999 0.64999998
8.1000004 -3.0999999 0.75
8.1000004 -3.0999999 0.85000002
8.1000004 -3.0999999 0.94999999
8.1000004 -3.0999999 1.05
8.1000004 -3.0999999 1.15
8.1000004 -3.0999999 1.25
8.1000004 -3.0999999 1.35
8.1000004 -3.0999999 1.45
8.1000004 -3.0999999 1.55
8.1000004 -3.0999999 1.65
8.1000004 -3.0999999 1.75
8.1000004 -3.0999999 1.85
8.1000004 -3.0999999 1.95
8.1000004 -3.0999999 2.05
8.1000004 -3.0999999 2.1500001
8.1000004 -3.0999999 2.25
8.1000004 -3.0999999 2.3499999
8.1000004 -3.0999999 2.45
8 -3.0999999 -0.44999999
8 -3.0999999 -0.34999999
8 -3.0999999 -0.25
8 -3.0999999 -0.15000001
8 -3.0999999 -0.050000001
8 -3.0999999 0.050000001
8 -3.0999999 0.15000001
8 -3.0999999 0.25
8 -3.0999999 0.34999999
8 -3.0999999 0.44999999
8 -3.0999999 0.55000001
8 -3.0999999 0.64999998
8 -3.0999999 0.75
8 -3.0999999 0.85000002
8 -3.0999999 0.94999999
8 -3.0999999 1.05
8 -3.0999999 1.15
8 -3.0999999 1.25
8 -3.0999999 1.35
8 -3.0999999 1.45
8 -3.0999999 1.55
8 -3.0999999 1.65
8 -3.0999999 1.75
8 -3.0999999 1.85
8 -3.0999999 1.95
8 -3.0999999 2.05
8 -3.0999999 2.1500001
8 -3.0999999 2.25
8 -3.0999999 2.3499999
8 -3.0999999 2.45
7.9000001 -3.0999999 -0.44999999
7.9000001 -3.0999999 -0.34999999
7.9000001 -3.0999999 -0.25
7.9000001 -3.0999999 -0.15000001
7.9000001 -3.0999999 -0.050000001
7.9000001 -3.0999999 0.050000001
7.9000001 -3.0999999 0.15000001
7.9000001 -3.0999999 0.25
7.9000001 -3.0999999 0.34999999
7.9000001 -3.0999999 0.44999999
7.9000001 -3.0999999 0.55000001
7.9000001 -3.0999999 0.64999998
7.9000001 -3.0999999 0.75
7.9000001 -3.0999999 0.85000002
7.9000001 -3.0999999 0.94999999
7.9000001 -3.0999999 1.05
7.9000001 -3.0999999 1.15
7.9000001 -3.0999999 1.25
7.9000001 -3.0999999 1.35
7.9000001 -3.0999999 1.45
7.9000001 -3.0999999 1.55
7.9000001 -3.0999999 1.65
7.9000001 -3.0999999 1.75
7.9000001 -3.0999999 1.85
7.9000001 -3.0999999 1.95
7.9000001 -3.0999999 2.05
7.9000001 -3.0999999 2.1500001
7.9000001 -3.0999999 2.25
7.9000001 -3.0999999 2.3499999
7.9000001 -3.0999999 2.45
8.1000004 -3 -0.44999999
8.1000004 -3 -0.34999999
8.1000004 -3 -0.25
8.1000004 -3 -0.15000001
8.1000004 -3 -0.050000001
8.1000004 -3 0.050000001
8.1000004 -3 0.15000001
8.1000004 -3 0.25
8.1000004 -3 0.34999999
8.1000004 -3 0.44999999
8.1000004 -3 0.55000001
8.1000004 -3 0.64999998
8.1000004 -3 0.75
8.1000004 -3 0.85000002
8.1000004 -3 0.94999999
8.1000004 -3 1.05
8.1000004 -3 1.15
8.1000004 -3 1.25
8.1000004 -3 1.35
8.1000004 -3 1.45
8.1000004 -3 1.55
8.1000004 -3 1.65
8.1000004 -3 1.75
8.1000004 -3 1.85
8.1000004 -3 1.95
8.1000004 -3 2.05
8.1000004 -3 2.1500001
8.1000004 -3 2.25
8.1000004 -3 2.3499999
8.1000004 -3 2.45
8 -3 -0.44999999
8 -3 -0.34999999
8 -3 -0.25
8 -3 -0.15000001
8 -3 -0.050000001
8 -3 0.050000001
8 -3 0.15000001
8 -3 0.25
8 -3 0.34999999
8 -3 0.44999999
8 -3 0.55000001
8 -3 0.64999998
8 -3 0.75
8 -3 0.85000002
8 -3 0.94999999
8 -3 1.05
8 -3 1.15
8 -3 1.25
8 -3 1.35
8 -3 1.45
8 -3 1.55
8 -3 1.65
8 -3 1.75
8 -3 1.85
8 -3 1.95
8 -3 2.05
8 -3 2.1500001
8 -3 2.25
8 -3 2.3499999
8 -3 2.45
7.9000001 -3 -0.44999999
7.9000001 -3 -0.34999999
7.9000001 -3 -0.25
7.9000001 -3 -0.15000001
7.9000001 -3 -0.050000001
7.9000001 -3 0.050000001
7.9000001 -3 0.15000001
7.9000001 -3 0.25
7.9000001 -3 0.34999999
7.9000001 -3 0.44999999
7.9000001 -3 0.55000001
7.9000001 -3 0.64999998
7.9000001 -3 0.75
7.9000001 -3 0.85000002
7.9000001 -3 0.94999999
7.9000001 -3 1.05
7.9000001 -3 1.15
7.9000001 -3 1.25
7.9000001 -3 1.35
7.9000001 -3 1.45
7.9000001 -3 1.55
7.9000001 -3 1.65
7.9000001 -3 1.75
7.9000001 -3 1.85
7.9000001 -3 1.95
7.9000001 -3 2.05
7.9000001 -3 2.1500001
7.9000001 -3 2.25
7.9000001 -3 2.3499999
7.9000001 -3 2.45
8.1000004 -2.9000001 -0.44999999
8.1000004 -2.9000001 -0.34999999
8.1000004 -2.9000001 -0.25
8.1000004 -2.9000001 -0.15000001
8.1000004 -2.9000001 -0.050000001
8.1000004 -2.9000001 0.050000001
8.1000004 -2.9000001 0.15000001
8.1000004 -2.9000001 0.25
8.1000004 -2.9000001 0.34999999
8.1000004 -2.9000001 0.44999999
8.1000004 -2.9000001 0.55000001
8.1000004 -2.9000001 0.64999998
8.1000004 -2.9000001 0.75
8.1000004 -2.9000001 0.85000002
8.1000004 -2.9000001 0.94999999
8.1000004 -2.9000001 1.05
8.1000004 -2.9000001 1.15
8.1000004 -2.9000001 1.25
8.1000004 -2.9000001 1.35
8.1000004 -2.9000001 1.45
8.1000004 -2.9000001 1.55
8.1000004 -2.9000001 1.65
8.1000004 -2.9000001 1.75
8.1000004 -2.9000001 1.85
8.1000004 -2.9000001 1.95
8.1000004 -2.9000001 2.05
8.1000004 -2.9000001 2.1500001
8.1000004 -2.9000001 2.25
8.1000004 -2.9000001 2.3499999
8.1000004 -2.9000001 2.45
8 -2.9000001 -0.44999999
8 -2.9000001 -0.34999999
8 -2.9000001 -0.25
8 -2.9000001 -0.15000001
8 -2.9000001 -0.050000001
8 -2.9000001 0.050000001
8 -2.9000001 0.15000001
8 -2.9000001 0.25
8 -2.9000001 0.34999999
8 -2.9000001 0.44999999
8 -2.9000001 0.55000001
8 -2.9000001 0.64999998
8 -2.9000001 0.75
8 -2.9000001 0.85000002
8 -2.9000001 0.94999999
8 -2.9000001 1.05
8 -2.9000001 1.15
8 -2.9000001 1.25
8 -2.9000001 1.35
8 -2.9000001 1.45
8 -2.9000001 1.55
8 -2.9000001 1.65
8 -2.9000001 1.75
8 -2.9000001 1.85
8 -2.9000001 1.95
8 -2.9000001 2.05
8 -2.9000001 2.1500001
8 -2.9000001 2.25
8 -2.9000001 2.3499999
8 -2.9000001 2.45
7.9000001 -2.9000001 -0.44999999
7.9000001 -2.9000001 -0.34999999
7.9000001 -2.9000001 -0.25
7.9000001 -2.9000001 -0.15000001
7.9000001 -2.9000001 -0.050000001
7.9000001 -2.9000001 0.050000001
7.9000001 -2.9000001 0.15000001
7.9000001 -2.9000001 0.25
7.9000001 -2.9000001 0.34999999
7.9000001 -2.9000001 0.44999999
7.9000001 -2.9000001 0.55000001
7.9000001 -2.9000001 0.64999998
7.9000001 -2.9000001 0.75
7.9000001 -2.9000001 0.85000002
7.9000001 -2.9000001 0.94999999
7.9000001 -2.9000001 1.05
7.9000001 -2.9000001 1.15
7.9000001 -2.9000001 1.25
7.9000001 -2.9000001 1.35
7.9000001 -2.9000001 1.45
7.9000001 -2.9000001 1.55
7.9000001 -2.9000001 1.65
7.9000001 -2.9000001 1.75
7.9000001 -2.9000001 1.85
7.9000001 -2.9000001 1.95
7.9000001 -2.9000001 2.05
7.9000001 -2.9000001 2.1500001
7.9000001 -2.9000001 2.25
7.9000001 -2.9000001 2.3499999
7.9000001 -2.9000001 2.45
8.1000004 -2.8 -0.44999999
8.1000004 -2.8 -0.34999999
8.1000004 -2.8 -0.25
8.1000004 -2.8 -0.15000001
8.1000004 -2.8 -0.050000001
8.1000004 -2.8 0.050000001
8.1000004 -2.8 0.15000001
8.1000004 -2.8 0.25
8.1000004 -2.8 0.34999999
8.1000004 -2.8 0.44999999
8.1000004 -2.8 0.55000001
8.1000004 -2.8 0.64999998
8.1000004 -2.8 0.75
8.1000004 -2.8 0.85000002
8.1000004 -2.8 0.94999999
8.1000004 -2.8 1.05
8.1000004 -2.8 1.15
8.1000004 -2.8 1.25
8.1000004 -2.8 1.35
8.1000004 -2.8 1.45
8.1000004 -2.8 1.55
8.1000004 -2.8 1.65
8.1000004 -2.8 1.75
8.1000004 -2.8 1.85
8.1000004 -2.8 1.95
8.1000004 -2.8 2.05
8.1000004 -2.8 2.1500001
8.1000004 -2.8 2.25
8.1000004 -2.8 2.3499999
8.1000004 -2.8 2.45
8 -2.8 -0.44999999
8 -2.8 -0.34999999
8 -2.8 -0.25
8 -2.8 -0.15000001
8 -2.8 -0.050000001
8 -2.8 0.050000001
8 -2.8 0.15000001
8 -2.8 0.25
8 -2.8 0.34999999
8 -2.8 0.44999999
8 -2.8 0.55000001
8 -2.8 0.64999998
8 -2.8 0.75
8 -2.8 0.85000002
8 -2.8 0.94999999
8 -2.8 1.05
8 -2.8 1.15
8 -2.8 1.25
8 -2.8 1.35
8 -2.8 1.45
8 -2.8 1.55
8 -2.8 1.65
8 -2.8 1.75
8 -2.8 1.85
8 -2.8 1.95
8 -2.8 2.05
8 -2.8 2.1500001
8 -2.8 2.25
8 -2.8 2.3499999
8 -2.8 2.45
7.9000001 -2.8 -0.44999999
7.9000001 -2.8 -0.34999999
7.9000001 -2.8 -0.25
7.9000001 -2.8 -0.15000001
7.9000001 -2.8 -0.050000001
7.9000001 -2.8 0.050000001
7.9000001 -2.8 0.15000001
7.9000001 -2.8 0.25
7.9000001 -2.8 0.34999999
7.9000001 -2.8 0.44999999
7.9000001 -2.8 0.55000001
7.9000001 -2.8 0.64999998
7.9000001 -2.8 0.75
7.9000001 -2.8 0.85000002
7.9000001 -2.8 0.94999999
7.9000001 -2.8 1.05
7.9000001 -2.8 1.15
7.9000001 -2.8 1.25
7.9000001 -2.8 1.35
7.9000001 -2.8 1.45
7.9000001 -2.8 1.55
7.9000001 -2.8 1.65
7.9000001 -2.8 1.75
7.9000001 -2.8 1.85
7.9000001 -2.8 1.95
7.9000001 -2.8 2.05
7.9000001 -2.8 2.1500001
7.9000001 -2.8 2.25
7.9000001 -2.8 2.3499999
7.9000001 -2.8 2.45
8.1000004 -2.7 -0.44999999
8.1000004 -2.7 -0.34999999
8.1000004 -2.7 -0.25
8.1000004 -2.7 -0.15000001
8.1000004 -2.7 -0.050000001
8.1000004 -2.7 0.050000001
8.1000004 -2.7 0.15000001
8.1000004 -2.7 0.25
8.1000004 -2.7 0.34999999
8.1000004 -2.7 0.44999999
8.1000004 -2.7 0.55000001
8.1000004 -2.7 0.64999998
8.1000004 -2.7 0.75
8.1000004 -2.7 0.85000002
8.1000004 -2.7 0.94999999
8.1000004 -2.7 1.05
8.1000004 -2.7 1.15
8.1000004 -2.7 1.25
8.1000004 -2.7 1.35
8.1000004 -2.7 1.45
8.1000004 -2.7 1.55
8.1000004 -2.7 1.65
8.1000004 -2.7 1.75
8.1000004 -2.7 1.85
8.1000004 -2.7 1.95
8.1000004 -2.7 2.05
8.1000004 -2.7 2.1500001
8.1000004 -2.7 2.25
8.1000004 -2.7 2.3499999
8.1000004 -2.7 2.45
8 -2.7 -0.44999999
8 -2.7 -0.34999999
8 -2.7 -0.25
8 -2.7 -0.15000001
8 -2.7 -0.050000001
8 -2.7 0.050000001
8 -2.7 0.15000001
8 -2.7 0.25
8 -2.7 0.34999999
8 -2.7 0.44999999
8 -2.7 0.55000001
8 -2.7 0.64999998
8 -2.7 0.75
8 -2.7 0.85000002
8 -2.7 0.94999999
8 -2.7 1.05
8 -2.7 1.15
8 -2.7 1.25
8 -2.7 1.35
8 -2.7 1.45
8 -2.7 1.55
8 -2.7 1.65
8 -2.7 1.75
8 -2.7 1.85
8 -2.7 1.95
8 -2.7 2.05
8 -2.7 2.1500001
8 -2.7 2.25
8 -2.7 2.3499999
8 -2.7 2.45
7.9000001 -2.7 -0.44999999
7.9000001 -2.7 -0.34999999
7.9000001 -2.7 -0.25
7.9000001 -2.7 -0.15000001
7.9000001 -2.7 -0.050000001
7.9000001 -2.7 0.050000001
7.9000001 -2.7 0.15000001
7.9000001 -2.7 0.25
7.9000001 -2.7 0.34999999
7.9000001 -2.7 0.44999999
7.9000001 -2.7 0.55000001
7.9000001 -2.7 0.64999998
7.9000001 -2.7 0.75
7.9000001 -2.7 0.85000002
7.9000001 -2.7 0.94999999
7.9000001 -2.7 1.05
7.9000001 -2.7 1.15
7.9000001 -2.7 1.25
7.9000001 -2.7 1.35
7.9000001 -2.7 1.45
7.9000001 -2.7 1.55
7.9000001 -2.7 1.65
7.9000001 -2.7 1.75
7.9000001 -2.7 1.85
7.9000001 -2.7 1.95
7.9000001 -2.7 2.05
7.9000001 -2.7 2.1500001
7.9000001 -2.7 2.25
7.9000001 -2.7 2.3499999
7.9000001 -2.7 2.45
8.1000004 -2.5999999 -0.44999999
8.1000004 -2.5999999 -0.34999999
8.1000004 -2.5999999 -0.25
8.1000004 -2.5999999 -0.15000001
8.1000004 -2.5999999 -0.050000001
8.1000004 -2.5999999 0.050000001
8.1000004 -2.5999999 0.15000001
8.1000004 -2.5999999 0.25
8.1000004 -2.5999999 0.34999999
8.1000004 -2.5999999 0.44999999
8.1000004 -2.5999999 0.55000001
8.1000004 -2.5999999 0.64999998
8.1000004 -2.5999999 0.75
8.1000004 -2.5999999 0.85000002
8.1000004 -2.5999999 0.94999999
8.1000004 -2.5999999 1.05
8.1000004 -2.5999999 1.15
8.1000004 -2.5999999 1.25
8.1000004 -2.5999999 1.35
8.1000004 -2.5999999 1.45
8.1000004 -2.5999999 1.55
8.1000004 -2.5999999 1.65
8.1000004 -2.5999999 1.75
8.1000004 -2.5999999 1.85
8.1000004 -2.5999999 1.95
8.1000004 -2.5999999 2.05
8.1000004 -2.5999999 2.1500001
8.1000004 -2.5999999 2.25
8.1000004 -2.5999999 2.3499999
8.1000004 -2.5999999 2.45
8 -2.5999999 -0.44999999
8 -2.5999999 -0.34999999
8 -2.5999999 -0.25
8 -2.5999999 -0.15000001
8 -2.5999999 -0.050000001
8 -2.5999999 0.050000001
8 -2.5999999 0.15000001
8 -2.5999999 0.25
8 -2.5999999 0.34999999
8 -2.5999999 0.44999999
8 -2.5999999 0.55000001
8 -2.5999999 0.64999998
8 -2.5999999 0.75
8 -2.5999999 0.85000002
8 -2.5999999 0.94999999
8 -2.5999999 1.05
8 -2.5999999 1.15
8 -2.5999999 1.25
8 -2.5999999 1.35
8 -2.5999999 1.45
8 -2.5999999 1.55
8 -2.5999999 1.65
8 -2.5999999 1.75
8 -2.5999999 1.85
8 -2.5999999 1.95
8 -2.5999999 2.05
8 -2.5999999 2.1500001
8 -2.5999999 2.25
8 -2.5999999 2.3499999
8 -2.5999999 2.45
7.9000001 -2.5999999 -0.44999999
7.9000001 -2.5999999 -0.34999999
7.9000001 -2.5999999 -0.25
7.9000001 -2.5999999 -0.15000001
7.9000001 -2.5999999 -0.050000001
7.9000001 -2.5999999 0.050000001
7.9000001 -2.5999999 0.15000001
7.9000001 -2.5999999 0.25
7.9000001 -2.5999999 0.34999999
7.9000001 -2.5999999 0.44999999
7.9000001 -2.5999999 0.55000001
7.9000001 -2.5999999 0.64999998
7.9000001 -2.5999999 0.75
7.9000001 -2.5999999 0.85000002
7.9000001 -2.5999999 0.94999999
7.9000001 -2.5999999 1.05
7.9000001 -2.5999999 1.15
7.9000001 -2.5999999 1.25
7.9000001 -2.5999999 1.35
7.9000001 -2.5999999 1.45
7.9000001 -2.5999999 1.55
7.9000001 -2.5999999 1.65
7.9000001 -2.5999999 1.75
7.9000001 -2.5999999 1.85
7.9000001 -2.5999999 1.95
7.9000001 -2.5999999 2.05
7.9000001 -2.5999999 2.1500001
7.9000001 -2.5999999 2.25
7.9000001 -2.5999999 2.3499999
7.9000001 -2.5999999 2.45
8.1000004 -2.5 -0.44999999
8.1000004 -2.5 -0.34999999
8.1000004 -2.5 -0.25
8.1000004 -2.5 -0.15000001
8.1000004 -2.5 -0.050000001
8.1000004 -2.5 0.050000001
8.1000004 -2.5 0.15000001
8.1000004 -2.5 0.25
8.1000004 -2.5 0.34999999
8.1000004 -2.5 0.44999999
8.1000004 -2.5 0.55000001
8.1000004 -2.5 0.64999998
8.1000004 -2.5 0.75
8.1000004 -2.5 0.85000002
8.1000004 -2.5 0.94999999
8.1000004 -2.5 1.05
8.1000004 -2.5 1.15
8.1000004 -2.5 1.25
8.1000004 -2.5 1.35
8.1000004 -2.5 1.45
8.1000004 -2.5 1.55
8.1000004 -2.5 1.65
8.1000004 -2.5 1.75
8.1000004 -2.5 1.85
8.1000004 -2.5 1.95
8.1000004 -2.5 2.05
8.1000004 -2.5 2.1500001
8.1000004 -2.5 2.25
8.1000004 -2.5 2.3499999
8.1000004 -2.5 2.45
8 -2.5 -0.44999999
8 -2.5 -0.34999999
8 -2.5 -0.25
8 -2.5 -0.15000001
8 -2.5 -0.050000001
8 -2.5 0.050000001
8 -2.5 0.15000001
8 -2.5 0.25
8 -2.5 0.34999999
8 -2.5 0.44999999
8 -2.5 0.55000001
8 -2.5 0.64999998
8 -2.5 0.75
8 -2.5 0.85000002
8 -2.5 0.94999999
8 -2.5 1.05
8 -2.5 1.15
8 -2.5 1.25
8 -2.5 1.35
8 -2.5 1.45
8 -2.5 1.55
8 -2.5 1.65
8 -2.5 1.75
8 -2.5 1.85
8 -2.5 1.95
8 -2.5 2.05
8 -2.5 2.1500001
8 -2.5 2.25
8 -2.5 2.3499999
8 -2.5 2.45
7.9000001 -2.5 -0.44999999
7.9000001 -2.5 -0.34999999
7.9000001 -2.5 -0.25
7.9000001 -2.5 -0.15000001
7.9000001 -2.5 -0.050000001
7.9000001 -2.5 0.050000001
7.9000001 -2.5 0.15000001
7.9000001 -2.5 0.25
7.9000001 -2.5 0.34999999
7.9000001 -2.5 0.44999999
7.9000001 -2.5 0.55000001
7.9000001 -2.5 0.64999998
7.9000001 -2.5 0.75
7.9000001 -2.5 0.85000002
7.9000001 -2.5 0.94999999
7.9000001 -2.5 1.05
7.9000001 -2.5 1.15
7.9000001 -2.5 1.25
7.9000001 -2.5 1.35
7.9000001 -2.5 1.45
7.9000001 -2.5 1.55
7.9000001 -2.5 1.65
7.9000001 -2.5 1.75
7.9000001 -2.5 1.85
7.9000001 -2.5 1.95
7.9000001 -2.5 2.05
7.9000001 -2.5 2.1500001
7.9000001 -2.5 2.25
7.9000001 -2.5 2.3499999
7.9000001 -2.5 2.45
8.1000004 -2.4000001 -0.44999999
8.1000004 -2.4000001 -0.34999999
8.1000004 -2.4000001 -0.25
8.1000004 -2.4000001 -0.15000001
8.1000004 -2.4000001 -0.050000001
8.1000004 -2.4000001 0.050000001
8.1000004 -2.4000001 0.15000001
8.1000004 -2.4000001 0.25
8.1000004 -2.4000001 0.34999999
8.1000004 -2.4000001 0.44999999
8.1000004 -2.4000001 0.55000001
8.1000004 -2.4000001 0.64999998
8.1000004 -2.4000001 0.75
8.1000004 -2.4000001 0.85000002
8.1000004 -2.4000001 0.94999999
8.1000004 -2.4000001 1.05
8.1000004 -2.4000001 1.15
8.1000004 -2.4000001 1.25
8.1000004 -2.4000001 1.35
8.1000004 -2.4000001 1.45
8.1000004 -2.4000001 1.55
8.1000004 -2.4000001 1.65
8.1000004 -2.4000001 1.75
8.1000004 -2.4000001 1.85
8.1000004 -2.4000001 1.95
8.1000004 -2.4000001 2.05
8.1000004 -2.4000001 2.1500001
8.1000004 -2.4000001 2.25
8.1000004 -2.4000001 2.3499999
8.1000004 -2.4000001 2.45
8 -2.4000001 -0.44999999
8 -2.4000001 -0.34999999
8 -2.4000001 -0.25
8 -2.4000001 -0.15000001
8 -2.4000001 -0.050000001
8 -2.4000001 0.050000001
8 -2.4000001 0.15000001
8 -2.4000001 0.25
8 -2.4000001 0.34999999
8 -2.4000001 0.44999999
8 -2.4000001 0.55000001
8 -2.4000001 0.64999998
8 -2.4000001 0.75
8 -2.4000001 0.85000002
8 -2.4000001 0.94999999
8 -2.4000001 1.05
8 -2.4000001 1.15
8 -2.4000001 1.25
8 -2.4000001 1.35
8 -2.4000001 1.45
8 -2.4000001 1.55
8 -2.4000001 1.65
8 -2.4000001 1.75
8 -2.4000001 1.85
8 -2.4000001 1.95
8 -2.4000001 2.05
8 -2.4000001 2.1500001
8 -2.4000001 2.25
8 -2.4000001 2.3499999
8 -2.4000001 2.45
7.9000001 -2.4000001 -0.44999999
7.9000001 -2.4000001 -0.34999999
7.9000001 -2.4000001 -0.25
7.9000001 -2.4000001 -0.15000001
7.9000001 -2.4000001 -0.050000001
7.9000001 -2.4000001 0.050000001
7.9000001 -2.4000001 0.15000001
7.9000001 -2.4000001 0.25
7.9000001 -2.4000001 0.34999999
7.9000001 -2.4000001 0.44999999
7.9000001 -2.4000001 0.55000001
7.9000001 -2.4000001 0.64999998
7.9000001 -2.4000001 0.75
7.9000001 -2.4000001 0.85000002
7.9000001 -2.4000001 0.94999999
7.9000001 -2.4000001 1.05
7.9000001 -2.4000001 1.15
7.9000001 -2.4000001 1.25
7.9000001 -2.4000001 1.35
7.9000001 -2.4000001 1.45
7.9000001 -2.4000001 1.55
7.9000001 -2.4000001 1.65
7.9000001 -2.4000001 1.75
7.9000001 -2.4000001 1.85
7.9000001 -2.4000001 1.95
7.9000001 -2.4000001 2.05
7.9000001 -2.4000001 2.1500001
7.9000001 -2.4000001 2.25
7.9000001 -2.4000001 2.3499999
7.9000001 -2.4000001 2.45
8.1000004 -2.3 -0.44999999
8.1000004 -2.3 -0.34999999
8.1000004 -2.3 -0.25
8.1000004 -2.3 -0.15000001
8.1000004 -2.3 -0.050000001
8.1000004 -2.3 0.050000001
8.1000004 -2.3 0.15000001
8.1000004 -2.3 0.25
8.1000004 -2.3 0.34999999
8.1000004 -2.3 0.44999999
8.1000004 -2.3 0.55000001
8.1000004 -2.3 0.64999998
8.1000004 -2.3 0.75
8.1000004 -2.3 0.85000002
8.1000004 -2.3 0.94999999
8.1000004 -2.3 1.05
8.1000004 -2.3 1.15
8.1000004 -2.3 1.25
8.1000004 -2.3 1.35
8.1000004 -2.3 1.45
8.1000004 -2.3 1.55
8.1000004 -2.3 1.65
8.1000004 -2.3 1.75
8.1000004 -2.3 1.85
8.1000004 -2.3 1.95
8.1000004 -2.3 2.05
8.1000004 -2.3 2.1500001
8.1000004 -2.3 2.25
8.1000004 -2.3 2.3499999
8.1000004 -2.3 2.45
8 -2.3 -0.44999999
8 -2.3 -0.34999999
8 -2.3 -0.25
8 -2.3 -0.15000001
8 -2.3 -0.050000001
8 -2.3 0.050000001
8 -2.3 0.15000001
8 -2.3 0.25
8 -2.3 0.34999999
8 -2.3 0.44999999
8 -2.3 0.55000001
8 -2.3 0.64999998
8 -2.3 0.75
8 -2.3 0.85000002
8 -2.3 0.94999999
8 -2.3 1.05
8 -2.3 1.15
8 -2.3 1.25
8 -2.3 1.35
8 -2.3 1.45
8 -2.3 1.55
8 -2.3 1.65
8 -2.3 1.75
8 -2.3 1.85
8 -2.3 1.95
8 -2.3 2.05
8 -2.3 2.1500001
8 -2.3 2.25
8 -2.3 2.3499999
8 -2.3 2.45
7.9000001 -2.3 -0.44999999
7.9000001 -2.3 -0.34999999
7.9000001 -2.3 -0.25
7.9000001 -2.3 -0.15000001
7.9000001 -2.3 -0.050000001
7.9000001 -2.3 0.050000001
7.9000001 -2.3 0.15000001
7.9000001 -2.3 0.25
7.9000001 -2.3 0.34999999
7.9000001 -2.3 0.44999999
7.9000001 -2.3 0.55000001
7.9000001 -2.3 0.64999998
7.9000001 -2.3 0.75
7.9000001 -2.3 0.85000002
7.9000001 -2.3 0.94999999
7.9000001 -2.3 1.05
7.9000001 -2.3 1.15
7.9000001 -2.3 1.25
7.9000001 -2.3 1.35
7.9000001 -2.3 1.45
7.9000001 -2.3 1.55
7.9000001 -2.3 1.65
7.9000001 -2.3 1.75
7.9000001 -2.3 1.85
7.9000001 -2.3 1.95
7.9000001 -2.3 2.05
7.9000001 -2.3 2.1500001
7.9000001 -2.3 2.25
7.9000001 -2.3 2.3499999
7.9000001 -2.3 2.45
8.1000004 -2.2 -0.44999999
8.1000004 -2.2 -0.34999999
8.1000004 -2.2 -0.25
8.1000004 -2.2 -0.15000001
8.1000004 -2.2 -0.050000001
8.1000004 -2.2 0.050000001
8.1000004 -2.2 0.15000001
8.1000004 -2.2 0.25
8.1000004 -2.2 0.34999999
8.1000004 -2.2 0.44999999
8.1000004 -2.2 0.55000001
8.1000004 -2.2 0.64999998
8.1000004 -2.2 0.75
8.1000004 -2.2 0.85000002
8.1000004 -2.2 0.94999999
8.1000004 -2.2 1.05
8.1000004 -2.2 1.15
8.1000004 -2.2 1.25
8.1000004 -2.2 1.35
8.1000004 -2.2 1.45
8.1000004 -2.2 1.55
8.1000004 -2.2 1.65
8.1000004 -2.2 1.75
8.1000004 -2.2 1.85
8.1000004 -2.2 1.95
8.1000004 -2.2 2.05
8.1000004 -2.2 2.1500001
8.1000004 -2.2 2.25
8.1000004 -2.2 2.3499999
8.1000004 -2.2 2.45
8 -2.2 -0.44999999
8 -2.2 -0.34999999
8 -2.2 -0.25
8 -2.2 -0.15000001
8 -2.2 -0.050000001
8 -2.2 0.050000001
8 -2.2 0.15000001
8 -2.2 0.25
8 -2.2 0.34999999
8 -2.2 0.44999999
8 -2.2 0.55000001
8 -2.2 0.64999998
8 -2.2 0.75
8 -2.2 0.85000002
8 -2.2 0.94999999
8 -2.2 1.05
8 -2.2 1.15
8 -2.2 1.25
8 -2.2 1.35
8 -2.2 1.45
8 -2.2 1.55
8 -2.2 1.65
8 -2.2 1.75
8 -2.2 1.85
8 -2.2 1.95
8 -2.2 2.05
8 -2.2 2.1500001
8 -2.2 2.25
8 -2.2 2.3499999
8 -2.2 2.45
7.9000001 -2.2 -0.44999999
7.9000001 -2.2 -0.34999999
7.9000001 -2.2 -0.25
7.9000001 -2.2 -0.15000001
7.9000001 -2.2 -0.050000001
7.9000001 -2.2 0.050000001
7.9000001 -2.2 0.15000001
7.9000001 -2.2 0.25
7.9000001 -2.2 0.34999999
7.9000001 -2.2 0.44999999
7.9000001 -2.2 0.55000001
7.9000001 -2.2 0.64999998
7.9000001 -2.2 0.75
7.9000001 -2.2 0.85000002
7.9000001 -2.2 0.94999999
7.9000001 -2.2 1.05
7.9000001 -2.2 1.15
7.9000001 -2.2 1.25
7.9000001 -2.2 1.35
7.9000001 -2.2 1.45
7.9000001 -2.2 1.55
7.9000001 -2.2 1.65
7.9000001 -2.2 1.75
7.9000001 -2.2 1.85
7.9000001 -2.2 1.95
7.9000001 -2.2 2.05
7.9000001 -2.2 2.1500001
7.9000001 -2.2 2.25
7.9000001 -2.2 2.3499999
7.9000001 -2.2 2.45
8.1000004 -2.0999999 -0.44999999
8.1000004 -2.0999999 -0.34999999
8.1000004 -2.0999999 -0.25
8.1000004 -2.0999999 -0.15000001
8.1000004 -2.0999999 -0.050000001
8.1000004 -2.0999999 0.050000001
8.1000004 -2.0999999 0.15000001
8.1000004 -2.0999999 0.25
8.1000004 -2.0999999 0.34999999
8.1000004 -2.0999999 0.44999999
8.1000004 -2.0999999 0.55000001
8.1000004 -2.0999999 0.64999998
8.1000004 -2.0999999 0.75
8.1000004 -2.0999999 0.85000002
8.1000004 -2.0999999 0.94999999
8.1000004 -2.0999999 1.05
8.1000004 -2.0999999 1.15
8.1000004 -2.0999999 1.25
8.1000004 -2.0999999 1.35
8.1000004 -2.0999999 1.45
8.1000004 -2.0999999 1.55
8.1000004 -2.0999999 1.65
8.1000004 -2.0999999 1.75
8.1000004 -2.0999999 1.85
8.1000004 -2.0999999 1.95
8.1000004 -2.0999999 2.05
8.1000004 -2.0999999 2.1500001
8.1000004 -2.0999999 2.25
8.1000004 -2.0999999 2.3499999
8.1000004 -2.0999999 2.45
8 -2.0999999 -0.44999999
8 -2.0999999 -0.34999999
8 -2.0999999 -0.25
8 -2.0999999 -0.15000001
8 -2.0999999 -0.050000001
8 -2.0999999 0.050000001
8 -2.0999999 0.15000001
8 -2.0999999 0.25
8 -2.0999999 0.34999999
8 -2.0999999 0.44999999
8 -2.0999999 0.55000001
8 -2.0999999 0.64999998
8 -2.0999999 0.75
8 -2.0999999 0.85000002
8 -2.0999999 0.94999999
8 -2.0999999 1.05
8 -2.0999999 1.15
8 -2.0999999 1.25
8 -2.0999999 1.35
8 -2.0999999 1.45
8 -2.0999999 1.55
8 -2.0999999 1.65
8 -2.0999999 1.75
8 -2.0999999 1.85
8 -2.0999999 1.95
8 -2.0999999 2.05
8 -2.0999999 2.1500001
8 -2.0999999 2.25
8 -2.0999999 2.3499999
8 -2.0999999 2.45
7.9000001 -2.0999999 -0.44999999
7.9000001 -2.0999999 -0.34999999
7.9000001 -2.0999999 -0.25
7.9000001 -2.0999999 -0.15000001
7.9000001 -2.0999999 -0.050000001
7.9000001 -2.0999999 0.050000001
7.9000001 -2.0999999 0.15000001
7.9000001 -2.0999999 0.25
7.9000001 -2.0999999 0.34999999
7.9000001 -2.0999999 0.44999999
7.9000001 -2.0999999 0.55000001
7.9000001 -2.0999999 0.64999998
7.9000001 -2.0999999 0.75
7.9000001 -2.0999999 0.85000002
7.9000001 -2.0999999 0.94999999
7.9000001 -2.0999999 1.05
7.9000001 -2.0999999 1.15
7.9000001 -2.0999999 1.25
7.9000001 -2.0999999 1.35
7.9000001 -2.0999999 1.45
7.9000001 -2.0999999 1.55
7.9000001 -2.0999999 1.65
7.9000001 -2.0999999 1.75
7.9000001 -2.0999999 1.85
7.9000001 -2.0999999 1.95
7.9000001 -2.0999999 2.05
7.9000001 -2.0999999 2.1500001
7.9000001 -2.0999999 2.25
7.9000001 -2.0999999 2.3499999
7.9000001 -2.0999999 2.45
8.1000004 -2 -0.44999999
8.1000004 -2 -0.34999999
8.1000004 -2 -0.25
8.1000004 -2 -0.15000001
8.1000004 -2 -0.050000001
8.1000004 -2 0.050000001
8.1000004 -2 0.15000001
8.1000004 -2 0.25
8.1000004 -2 0.34999999
8.1000004 -2 0.44999999
8.1000004 -2 0.55000001
8.1000004 -2 0.64999998
8.1000004 -2 0.75
8.1000004 -2 0.85000002
8.1000004 -2 0.94999999
8.1000004 -2 1.05
8.1000004 -2 1.15
8.1000004 -2 1.25
8.1000004 -2 1.35
8.1000004 -2 1.45
8.1000004 -2 1.55
8.1000004 -2 1.65
8.1000004 -2 1.75
8.1000004 -2 1.85
8.1000004 -2 1.95
8.1000004 -2 2.05
8.1000004 -2 2.1500001
8.1000004 -2 2.25
8.1000004 -2 2.3499999
8.1000004 -2 2.45
8 -2 -0.44999999
8 -2 -0.34999999
8 -2 -0.25
8 -2 -0.15000001
8 -2 -0.050000001
8 -2 0.050000001
8 -2 0.15000001
8 -2 0.25
8 -2 0.34999999
8 -2 0.44999999
8 -2 0.55000001
8 -2 0.64999998
8 -2 0.75
8 -2 0.85000002
8 -2 0.94999999
8 -2 1.05
8 -2 1.15
8 -2 1.25
8 -2 1.35
8 -2 1.45
8 -2 1.55
8 -2 1.65
8 -2 1.75
8 -2 1.85
8 -2 1.95
8 -2 2.05
8 -2 2.1500001
8 -2 2.25
8 -2 2.3499999
8 -2 2.45
7.9000001 -2 -0.44999999
7.9000001 -2 -0.34999999
7.9000001 -2 -0.25
7.9000001 -2 -0.15000001
7.9000001 -2 -0.050000001
7.9000001 -2 0.050000001
7.9000001 -2 0.15000001
7.9000001 -2 0.25
7.9000001 -2 0.34999999
7.9000001 -2 0.44999999
7.9000001 -2 0.55000001
7.9000001 -2 0.64999998
7.9000001 -2 0.75
7.9000001 -2 0.85000002
7.9000001 -2 0.94999999
7.9000001 -2 1.05
7.9000001 -2 1.15
7.9000001 -2 1.25
7.9000001 -2 1.35
7.9000001 -2 1.45
7.9000001 -2 1.55
7.9000001 -2 1.65
7.9000001 -2 1.75
7.9000001 -2 1.85
7.9000001 -2 1.95
7.9000001 -2 2.05
7.9000001 -2 2.1500001
7.9000001 -2 2.25
7.9000001 -2 2.3499999
7.9000001 -2 2.45
8.1000004 -1.9 -0.44999999
8.1000004 -1.9 -0.34999999
8.1000004 -1.9 -0.25
8.1000004 -1.9 -0.15000001
8.1000004 -1.9 -0.050000001
8.1000004 -1.9 0.050000001
8.1000004 -1.9 0.15000001
8.1000004 -1.9 0.25
8.1000004 -1.9 0.34999999
8.1000004 -1.9 0.44999999
8.1000004 -1.9 0.55000001
8.1000004 -1.9 0.64999998
8.1000004 -1.9 0.75
8.1000004 -1.9 0.85000002
8.1000004 -1.9 0.94999999
8.1000004 -1.9 1.05
8.1000004 -1.9 1.15
8.1000004 -1.9 1.25
8.1000004 -1.9 1.35
8.1000004 -1.9 1.45
8.1000004 -1.9 1.55
8.1000004 -1.9 1.65
8.1000004 -1.9 1.75
8.1000004 -1.9 1.85
8.1000004 -1.9 1.95
8.1000004 -1.9 2.05
8.1000004 -1.9 2.1500001
8.1000004 -1.9 2.25
8.1000004 -1.9 2.3499999
8.1000004 -1.9 2.45
8 -1.9 -0.44999999
8 -1.9 -0.34999999
8 -1.9 -0.25
8 -1.9 -0.15000001
8 -1.9 -0.050000001
8 -1.9 0.050000001
8 -1.9 0.15000001
8 -1.9 0.25
8 -1.9 0.34999999
8 -1.9 0.44999999
8 -1.9 0.55000001
8 -1.9 0.64999998
8 -1.9 0.75
8 -1.9 0.85000002
8 -1.9 0.94999999
8 -1.9 1.05
8 -1.9 1.15
8 -1.9 1.25
8 -1.9 1.35
8 -1.9 1.45
8 -1.9 1.55
8 -1.9 1.65
8 -1.9 1.75
8 -1.9 1.85
8 -1.9 1.95
8 -1.9 2.05
8 -1.9 2.1500001
8 -1.9 2.25
8 -1.9 2.3499999
8 -1.9 2.45
7.9000001 -1.9 -0.44999999
7.9000001 -1.9 -0.34999999
7.9000001 -1.9 -0.25
7.9000001 -1.9 -0.15000001
7.9000001 -1.9 -0.050000001
7.9000001 -1.9 0.050000001
7.9000001 -1.9 0.15000001
7.9000001 -1.9 0.25
7.9000001 -1.9 0.34999999
7.9000001 -1.9 0.44999999
7.9000001 -1.9 0.55000001
7.9000001 -1.9 0.64999998
7.9000001 -1.9 0.75
7.9000001 -1.9 0.85000002
7.9000001 -1.9 0.94999999
7.9000001 -1.9 1.05
7.9000001 -1.9 1.15
7.9000001 -1.9 1.25
7.9000001 -1.9 1.35
7.9000001 -1.9 1.45
7.9000001 -1.9 1.55
7.9000001 -1.9 1.65
7.9000001 -1.9 1.75
7.9000001 -1.9 1.85
7.9000001 -1.9 1.95
7.9000001 -1.9 2.05
7.9000001 -1.9 2.1500001
7.9000001 -1.9 2.25
7.9000001 -1.9 2.3499999
7.9000001 -1.9 2.45
8.1000004 -1.8 -0.44999999
8.1000004 -1.8 -0.34999999
8.1000004 -1.8 -0.25
8.1000004 -1.8 -0.15000001
8.1000004 -1.8 -0.050000001
8.1000004 -1.8 0.050000001
8.1000004 -1.8 0.15000001
8.1000004 -1.8 0.25
8.1000004 -1.8 0.34999999
8.1000004 -1.8 0.44999999
8.1000004 -1.8 0.55000001
8.1000004 -1.8 0.64999998
8.1000004 -1.8 0.75
8.1000004 -1.8 0.85000002
8.1000004 -1.8 0.94999999
8.1000004 -1.8 1.05
8.1000004 -1.8 1.15
8.1000004 -1.8 1.25
8.1000004 -1.8 1.35
8.1000004 -1.8 1.45
8.1000004 -1.8 1.55
8.1000004 -1.8 1.65
8.1000004 -1.8 1.75
8.1000004 -1.8 1.85
8.1000004 -1.8 1.95
8.1000004 -1.8 2.05
8.1000004 -1.8 2.1500001
8.1000004 -1.8 2.25
8.1000004 -1.8 2.3499999
8.1000004 -1.8 2.45
8 -1.8 -0.44999999
8 -1.8 -0.34999999
8 -1.8 -0.25
8 -1.8 -0.15000001
8 -1.8 -0.050000001
8 -1.8 0.050000001
8 -1.8 0.15000001
8 -1.8 0.25
8 -1.8 0.34999999
8 -1.8 0.44999999
8 -1.8 0.55000001
8 -1.8 0.64999998
8 -1.8 0.75
8 -1.8 0.85000002
8 -1.8 0.94999999
8 -1.8 1.05
8 -1.8 1.15
8 -1.8 1.25
8 -1.8 1.35
8 -1.8 1.45
8 -1.8 1.55
8 -1.8 1.65
8 -1.8 1.75
8 -1.8 1.85
8 -1.8 1.95
8 -1.8 2.05
8 -1.8 2.1500001
8 -1.8 2.25
8 -1.8 2.3499999
8 -1.8 2.45
7.9000001 -1.8 -0.44999999
7.9000001 -1.8 -0.34999999
7.9000001 -1.8 -0.25
7.9000001 -1.8 -0.15000001
7.9000001 -1.8 -0.050000001
7.9000001 -1.8 0.050000001
7.9000001 -1.8 0.15000001
7.9000001 -1.8 0.25
7.9000001 -1.8 0.34999999
7.9000001 -1.8 0.44999999
7.9000001 -1.8 0.55000001
7.9000001 -1.8 0.64999998
7.9000001 -1.8 0.75
7.9000001 -1.8 0.85000002
7.9000001 -1.8 0.94999999
7.9000001 -1.8 1.05
7.9000001 -1.8 1.15
7.9000001 -1.8 1.25
7.9000001 -1.8 1.35
7.9000001 -1.8 1.45
7.9000001 -1.8 1.55
7.9000001 -1.8 1.65
7.9000001 -1.8 1.75
7.9000001 -1.8 1.85
7.9000001 -1.8 1.95
7.9000001 -1.8 2.05
7.9000001 -1.8 2.1500001
7.9000001 -1.8 2.25
7.9000001 -1.8 2.3499999
7.9000001 -1.8 2.45
8.1000004 -1.7 -0.44999999
8.1000004 -1.7 -0.34999999
8.1000004 -1.7 -0.25
8.1000004 -1.7 -0.15000001
8.1000004 -1.7 -0.050000001
8.1000004 -1.7 0.050000001
8.1000004 -1.7 0.15000001
8.1000004 -1.7 0.25
8.1000004 -1.7 0.34999999
8.1000004 -1.7 0.44999999
8.1000004 -1.7 0.55000001
8.1000004 -1.7 0.64999998
8.1000004 -1.7 0.75
8.1000004 -1.7 0.85000002
8.1000004 -1.7 0.94999999
8.1000004 -1.7 1.05
8.1000004 -1.7 1.15
8.1000004 -1.7 1.25
8.1000004 -1.7 1.35
8.1000004 -1.7 1.45
8.1000004 -1.7 1.55
8.1000004 -1.7 1.65
8.1000004 -1.7 1.75
8.1000004 -1.7 1.85
8.1000004 -1.7 1.95
8.1000004 -1.7 2.05
8.1000004 -1.7 2.1500001
8.1000004 -1.7 2.25
8.1000004 -1.7 2.3499999
8.1000004 -1.7 2.45
8 -1.7 -0.44999999
8 -1.7 -0.34999999
8 -1.7 -0.25
8 -1.7 -0.15000001
8 -1.7 -0.050000001
8 -1.7 0.050000001
8 -1.7 0.15000001
8 -1.7 0.25
8 -1.7 0.34999999
8 -1.7 0.44999999
8 -1.7 0.55000001
8 -1.7 0.64999998
8 -1.7 0.75
8 -1.7 0.85000002
8 -1.7 0.94999999
8 -1.7 1.05
8 -1.7 1.15
8 -1.7 1.25
8 -1.7 1.35
8 -1.7 1.45
8 -1.7 1.55
8 -1.7 1.65
8 -1.7 1.75
8 -1.7 1.85
8 -1.7 1.95
8 -1.7 2.05
8 -1.7 2.1500001
8 -1.7 2.25
8 -1.7 2.3499999
8 -1.7 2.45
7.9000001 -1.7 -0.44999999
7.9000001 -1.7 -0.34999999
7.9000001 -1.7 -0.25
7.9000001 -1.7 -0.15000001
7.9000001 -1.7 -0.050000001
7.9000001 -1.7 0.050000001
7.9000001 -1.7 0.15000001
7.9000001 -1.7 0.25
7.9000001 -1.7 0.34999999
7.9000001 -1.7 0.44999999
7.9000001 -1.7 0.55000001
7.9000001 -1.7 0.64999998
7.9000001 -1.7 0.75
7.9000001 -1.7 0.85000002
7.9000001 -1.7 0.94999999
7.9000001 -1.7 1.05
7.9000001 -1.7 1.15
7.9000001 -1.7 1.25
7.9000001 -1.7 1.35
7.9000001 -1.7 1.45
7.9000001 -1.7 1.55
7.9000001 -1.7 1.65
7.9000001 -1.7 1.75
7.9000001 -1.7 1.85
7.9000001 -1.7 1.95
7.9000001 -1.7 2.05
7.9000001 -1.7 2.1500001
7.9000001 -1.7 2.25
7.9000001 -1.7 2.3499999
7.9000001 -1.7 2.45
8.1000004 -1.6 -0.44999999
8.1000004 -1.6 -0.34999999
8.1000004 -1.6 -0.25
8.1000004 -1.6 -0.15000001
8.1000004 -1.6 -0.050000001
8.1000004 -1.6 0.050000001
8.1000004 -1.6 0.15000001
8.1000004 -1.6 0.25
8.1000004 -1.6 0.34999999
8.1000004 -1.6 0.44999999
8.1000004 -1.6 0.55000001
8.1000004 -1.6 0.64999998
8.1000004 -1.6 0.75
8.1000004 -1.6 0.85000002
8.1000004 -1.6 0.94999999
8.1000004 -1.6 1.05
8.1000004 -1.6 1.15
8.1000004 -1.6 1.25
8.1000004 -1.6 1.35
8.1000004 -1.6 1.45
8.1000004 -1.6 1.55
8.1000004 -1.6 1.65
8.1000004 -1.6 1.75
8.1000004 -1.6 1.85
8.1000004 -1.6 1.95
8.1000004 -1.6 2.05
8.1000004 -1.6 2.1500001
8.1000004 -1.6 2.25
8.1000004 -1.6 2.3499999
8.1000004 -1.6 2.45
8 -1.6 -0.44999999
8 -1.6 -0.34999999
8 -1.6 -0.25
8 -1.6 -0.15000001
8 -1.6 -0.050000001
8 -1.6 0.050000001
8 -1.6 0.15000001
8 -1.6 0.25
8 -1.6 0.34999999
8 -1.6 0.44999999
8 -1.6 0.55000001
8 -1.6 0.64999998
8 -1.6 0.75
8 -1.6 0.85000002
8 -1.6 0.94999999
8 -1.6 1.05
8 -1.6 1.15
8 -1.6 1.25
8 -1.6 1.35
8 -1.6 1.45
8 -1.6 1.55
8 -1.6 1.65
8 -1.6 1.75
8 -1.6 1.85
8 -1.6 1.95
8 -1.6 2.05
8 -1.6 2.1500001
8 -1.6 2.25
8 -1.6 2.3499999
8 -1.6 2.45
7.9000001 -1.6 -0.44999999
7.9000001 -1.6 -0.34999999
7.9000001 -1.6 -0.25
7.9000001 -1.6 -0.15000001
7.9000001 -1.6 -0.050000001
7.9000001 -1.6 0.050000001
7.9000001 -1.6 0.15000001
7.9000001 -1.6 0.25
7.9000001 -1.6 0.34999999
7.9000001 -1.6 0.44999999
7.9000001 -1.6 0.55000001
7.9000001 -1.6 0.64999998
7.9000001 -1.6 0.75
7.9000001 -1.6 0.85000002
7.9000001 -1.6 0.94999999
7.9000001 -1.6 1.05
7.9000001 -1.6 1.15
7.9000001 -1.6 1.25
7.9000001 -1.6 1.35
7.9000001 -1.6 1.45
7.9000001 -1.6 1.55
7.9000001 -1.6 1.65
7.9000001 -1.6 1.75
7.9000001 -1.6 1.85
7.9000001 -1.6 1.95
7.9000001 -1.6 2.05
7.9000001 -1.6 2.1500001
7.9000001 -1.6 2.25
7.9000001 -1.6 2.3499999
7.9000001 -1.6 2.45
8.1000004 -1.5 -0.44999999
8.1000004 -1.5 -0.34999999
8.1000004 -1.5 -0.25
8.1000004 -1.5 -0.15000001
8.1000004 -1.5 -0.050000001
8.1000004 -1.5 0.050000001
8.1000004 -1.5 0.15000001
8.1000004 -1.5 0.25
8.1000004 -1.5 0.34999999
8.1000004 -1.5 0.44999999
8.1000004 -1.5 0.55000001
8.1000004 -1.5 0.64999998
8.1000004 -1.5 0.75
8.1000004 -1.5 0.85000002
8.1000004 -1.5 0.94999999
8.1000004 -1.5 1.05
8.1000004 -1.5 1.15
8.1000004 -1.5 1.25
8.1000004 -1.5 1.35
8.1000004 -1.5 1.45
8.1000004 -1.5 1.55
8.1000004 -1.5 1.65
8.1000004 -1.5 1.75
8.1000004 -1.5 1.85
8.1000004 -1.5 1.95
8.1000004 -1.5 2.05
8.1000004 -1.5 2.1500001
8.1000004 -1.5 2.25
8.1000004 -1.5 2.3499999
8.1000004 -1.5 2.45
8 -1.5 -0.44999999
8 -1.5 -0.34999999
8 -1.5 -0.25
8 -1.5 -0.15000001
8 -1.5 -0.050000001
8 -1.5 0.050000001
8 -1.5 0.15000001
8 -1.5 0.25
8 -1.5 0.34999999
8 -1.5 0.44999999
8 -1.5 0.55000001
8 -1.5 0.64999998
8 -1.5 0.75
8 -1.5 0.85000002
8 -1.5 0.94999999
8 -1.5 1.05
8 -1.5 1.15
8 -1.5 1.25
8 -1.5 1.35
8 -1.5 1.45
8 -1.5 1.55
8 -1.5 1.65
8 -1.5 1.75
8 -1.5 1.85
8 -1.5 1.95
8 -1.5 2.05
8 -1.5 2.1500001
8 -1.5 2.25
8 -1.5 2.3499999
8 -1.5 2.45
7.9000001 -1.5 -0.44999999
7.9000001 -1.5 -0.34999999
7.9000001 -1.5 -0.25
7.9000001 -1.5 -0.15000001
7.9000001 -1.5 -0.050000001
7.9000001 -1.5 0.050000001
7.9000001 -1.5 0.15000001
7.9000001 -1.5 0.25
7.9000001 -1.5 0.34999999
7.9000001 -1.5 0.44999999
7.9000001 -1.5 0.55000001
7.9000001 -1.5 0.64999998
7.9000001 -1.5 0.75
7.9000001 -1.5 0.85000002
7.9000001 -1.5 0.94999999
7.9000001 -1.5 1.05
7.9000001 -1.5 1.15
7.9000001 -1.5 1.25
7.9000001 -1.5 1.35
7.9000001 -1.5 1.45
7.9000001 -1.5 1.55
7.9000001 -1.5 1.65
7.9000001 -1.5 1.75
7.9000001 -1.5 1.85
7.9000001 -1.5 1.95
7.9000001 -1.5 2.05
7.9000001 -1.5 2.1500001
7.9000001 -1.5 2.25
7.9000001 -1.5 2.3499999
7.9000001 -1.5 2.45
8.1000004 -1.4 -0.44999999
8.1000004 -1.4 -0.34999999
8.1000004 -1.4 -0.25
8.1000004 -1.4 -0.15000001
8.1000004 -1.4 -0.050000001
8.1000004 -1.4 0.050000001
8.1000004 -1.4 0.15000001
8.1000004 -1.4 0.25
8.1000004 -1.4 0.34999999
8.1000004 -1.4 0.44999999
8.1000004 -1.4 0.55000001
8.1000004 -1.4 0.64999998
8.1000004 -1.4 0.75
8.1000004 -1.4 0.85000002
8.1000004 -1.4 0.94999999
8.1000004 -1.4 1.05
8.1000004 -1.4 1.15
8.1000004 -1.4 1.25
8.1000004 -1.4 1.35
8.1000004 -1.4 1.45
8.1000004 -1.4 1.55
8.1000004 -1.4 1.65
8.1000004 -1.4 1.75
8.1000004 -1.4 1.85
8.1000004 -1.4 1.95
8.1000004 -1.4 2.05
8.1000004 -1.4 2.1500001
8.1000004 -1.4 2.25
8.1000004 -1.4 2.3499999
8.1000004 -1.4 2.45
8 -1.4 -0.44999999
8 -1.4 -0.34999999
8 -1.4 -0.25
8 -1.4 -0.15000001
8 -1.4 -0.050000001
8 -1.4 0.050000001
8 -1.4 0.15000001
8 -1.4 0.25
8 -1.4 0.34999999
8 -1.4 0.44999999
8 -1.4 0.55000001
8 -1.4 0.64999998
8 -1.4 0.75
8 -1.4 0.85000002
8 -1.4 0.94999999
8 -1.4 1.05
8 -1.4 1.15
8 -1.4 1.25
8 -1.4 1.35
8 -1.4 1.45
8 -1.4 1.55
8 -1.4 1.65
8 -1.4 1.75
8 -1.4 1.85
8 -1.4 1.95
8 -1.4 2.05
8 -1.4 2.1500001
8 -1.4 2.25
8 -1.4 2.3499999
8 -1.4 2.45
7.9000001 -1.4 -0.44999999
7.9000001 -1.4 -0.34999999
7.9000001 -1.4 -0.25
7.9000001 -1.4 -0.15000001
7.9000001 -1.4 -0.050000001
7.9000001 -1.4 0.050000001
7.9000001 -1.4 0.15000001
7.9000001 -1.4 0.25
7.9000001 -1.4 0.34999999
7.9000001 -1.4 0.44999999
7.9000001 -1.4 0.55000001
7.9000001 -1.4 0.64999998
7.9000001 -1.4 0.75
7.9000001 -1.4 0.85000002
7.9000001 -1.4 0.94999999
7.9000001 -1.4 1.05
7.9000001 -1.4 1.15
7.9000001 -1.4 1.25
7.9000001 -1.4 1.35
7.9000001 -1.4 1.45
7.9000001 -1.4 1.55
7.9000001 -1.4 1.65
7.9000001 -1.4 1.75
7.9000001 -1.4 1.85
7.9000001 -1.4 1.95
7.9000001 -1.4 2.05
7.9000001 -1.4 2.1500001
7.9000001 -1.4 2.25
7.9000001 -1.4 2.3499999
7.9000001 -1.4 2.45
8.1000004 -1.3 -0.44999999
8.1000004 -1.3 -0.34999999
8.1000004 -1.3 -0.25
8.1000004 -1.3 -0.15000001
8.1000004 -1.3 -0.050000001
8.1000004 -1.3 0.050000001
8.1000004 -1.3 0.15000001
8.1000004 -1.3 0.25
8.1000004 -1.3 0.34999999
8.1000004 -1.3 0.44999999
8.1000004 -1.3 0.55000001
8.1000004 -1.3 0.64999998
8.1000004 -1.3 0.75
8.1000004 -1.3 0.85000002
8.1000004 -1.3 0.94999999
8.1000004 -1.3 1.05
8.1000004 -1.3 1.15
8.1000004 -1.3 1.25
8.1000004 -1.3 1.35
8.1000004 -1.3 1.45
8.1000004 -1.3 1.55
8.1000004 -1.3 1.65
8.1000004 -1.3 1.75
8.1000004 -1.3 1.85
8.1000004 -1.3 1.95
8.1000004 -1.3 2.05
8.1000004 -1.3 2.1500001
8.1000004 -1.3 2.25
8.1000004 -1.3 2.3499999
8.1000004 -1.3 2.45
8 -1.3 -0.44999999
8 -1.3 -0.34999999
8 -1.3 -0.25
8 -1.3 -0.15000001
8 -1.3 -0.050000001
8 -1.3 0.050000001
8 -1.3 0.15000001
8 -1.3 0.25
8 -1.3 0.34999999
8 -1.3 0.44999999
8 -1.3 0.55000001
8 -1.3 0.64999998
8 -1.3 0.75
8 -1.3 0.85000002
8 -1.3 0.94999999
8 -1.3 1.05
8 -1.3 1.15
8 -1.3 1.25
8 -1.3 1.35
8 -1.3 1.45
8 -1.3 1.55
8 -1.3 1.65
8 -1.3 1.75
8 -1.3 1.85
8 -1.3 1.95
8 -1.3 2.05
8 -1.3 2.1500001
8 -1.3 2.25
8 -1.3 2.3499999
8 -1.3 2.45
7.9000001 -1.3 -0.44999999
7.9000001 -1.3 -0.34999999
7.9000001 -1.3 -0.25
7.9000001 -1.3 -0.15000001
7.9000001 -1.3 -0.050000001
7.9000001 -1.3 0.050000001
7.9000001 -1.3 0.15000001
7.9000001 -1.3 0.25
7.9000001 -1.3 0.34999999
7.9000001 -1.3 0.44999999
7.9000001 -1.3 0.55000001
7.9000001 -1.3 0.64999998
7.9000001 -1.3 0.75
7.9000001 -1.3 0.85000002
7.9000001 -1.3 0.94999999
7.9000001 -1.3 1.05
7.9000001 -1.3 1.15
7.9000001 -1.3 1.25
7.9000001 -1.3 1.35
7.9000001 -1.3 1.45
7.9000001 -1.3 1.55
7.9000001 -1.3 1.65
7.9000001 -1.3 1.75
7.9000001 -1.3 1.85
7.9000001 -1.3 1.95
7.9000001 -1.3 2.05
7.9000001 -1.3 2.1500001
7.9000001 -1.3 2.25
7.9000001 -1.3 2.3499999
7.9000001 -1.3 2.45
8.1000004 -1.2 -0.44999999
8.1000004 -1.2 -0.34999999
8.1000004 -1.2 -0.25
8.1000004 -1.2 -0.15000001
8.1000004 -1.2 -0.050000001
8.1000004 -1.2 0.050000001
8.1000004 -1.2 0.15000001
8.1000004 -1.2 0.25
8.1000004 -1.2 0.34999999
8.1000004 -1.2 0.44999999
8.1000004 -1.2 0.55000001
8.1000004 -1.2 0.64999998
8.1000004 -1.2 0.75
8.1000004 -1.2 0.85000002
8.1000004 -1.2 0.94999999
8.1000004 -1.2 1.05
8.1000004 -1.2 1.15
8.1000004 -1.2 1.25
8.1000004 -1.2 1.35
8.1000004 -1.2 1.45
8.1000004 -1.2 1.55
8.1000004 -1.2 1.65
8.1000004 -1.2 1.75
8.1000004 -1.2 1.85
8.1000004 -1.2 1.95
8.1000004 -1.2 2.05
8.1000004 -1.2 2.1500001
8.1000004 -1.2 2.25
8.1000004 -1.2 2.3499999
8.1000004 -1.2 2.45
8 -1.2 -0.44999999
8 -1.2 -0.34999999
8 -1.2 -0.25
8 -1.2 -0.15000001
8 -1.2 -0.050000001
8 -1.2 0.050000001
8 -1.2 0.15000001
8 -1.2 0.25
8 -1.2 0.34999999
8 -1.2 0.44999999
8 -1.2 0.55000001
8 -1.2 0.64999998
8 -1.2 0.75
8 -1.2 0.85000002
8 -1.2 0.94999999
8 -1.2 1.05
8 -1.2 1.15
8 -1.2 1.25
8 -1.2 1.35
8 -1.2 1.45
8 -1.2 1.55
8 -1.2 1.65
8 -1.2 1.75
8 -1.2 1.85
8 -1.2 1.95
8 -1.2 2.05
8 -1.2 2.1500001
8 -1.2 2.25
8 -1.2 2.3499999
8 -1.2 2.45
7.9000001 -1.2 -0.44999999
7.9000001 -1.2 -0.34999999
7.9000001 -1.2 -0.25
7.9000001 -1.2 -0.15000001
7.9000001 -1.2 -0.050000001
7.9000001 -1.2 0.050000001
7.9000001 -1.2 0.15000001
7.9000001 -1.2 0.25
7.9000001 -1.2 0.34999999
7.9000001 -1.2 0.44999999
7.9000001 -1.2 0.55000001
7.9000001 -1.2 0.64999998
7.9000001 -1.2 0.75
7.9000001 -1.2 0.85000002
7.9000001 -1.2 0.94999999
7.9000001 -1.2 1.05
7.9000001 -1.2 1.15
7.9000001 -1.2 1.25
7.9000001 -1.2 1.35
7.9000001 -1.2 1.45
7.9000001 -1.2 1.55
7.9000001 -1.2 1.65
7.9000001 -1.2 1.75
7.9000001 -1.2 1.85
7.9000001 -1.2 1.95
7.9000001 -1.2 2.05
7.9000001 -1.2 2.1500001
7.9000001 -1.2 2.25
7.9000001 -1.2 2.3499999
7.9000001 -1.2 2.45
8.1000004 -1.1 -0.44999999
8.1000004 -1.1 -0.34999999
8.1000004 -1.1 -0.25
8.1000004 -1.1 -0.15000001
8.1000004 -1.1 -0.050000001
8.1000004 -1.1 0.050000001
8.1000004 -1.1 0.15000001
8.1000004 -1.1 0.25
8.1000004 -1.1 0.34999999
8.1000004 -1.1 0.44999999
8.1000004 -1.1 0.55000001
8.1000004 -1.1 0.64999998
8.1000004 -1.1 0.75
8.1000004 -1.1 0.85000002
8.1000004 -1.1 0.94999999
8.1000004 -1.1 1.05
8.1000004 -1.1 1.15
8.1000004 -1.1 1.25
8.1000004 -1.1 1.35
8.1000004 -1.1 1.45
8.1000004 -1.1 1.55
8.1000004 -1.1 1.65
8.1000004 -1.1 1.75
8.1000004 -1.1 1.85
8.1000004 -1.1 1.95
8.1000004 -1.1 2.05
8.1000004 -1.1 2.1500001
8.1000004 -1.1 2.25
8.1000004 -1.1 2.3499999
8.1000004 -1.1 2.45
8 -1.1 -0.44999999
8 -1.1 -0.34999999
8 -1.1 -0.25
8 -1.1 -0.15000001
8 -1.1 -0.050000001
8 -1.1 0.050000001
8 -1.1 0.15000001
8 -1.1 0.25
8 -1.1 0.34999999
8 -1.1 0.44999999
8 -1.1 0.55000001
8 -1.1 0.64999998
8 -1.1 0.75
8 -1.1 0.85000002
8 -1.1 0.94999999
8 -1.1 1.05
8 -1.1 1.15
8 -1.1 1.25
8 -1.1 1.35
8 -1.1 1.45
8 -1.1 1.55
8 -1.1 1.65
8 -1.1 1.75
8 -1.1 1.85
8 -1.1 1.95
8 -1.1 2.05
8 -1.1 2.1500001
8 -1.1 2.25
8 -1.1 2.3499999
8 -1.1 2.45
7.9000001 -1.1 -0.44999999
7.9000001 -1.1 -0.34999999
7.9000001 -1.1 -0.25
7.9000001 -1.1 -0.15000001
7.9000001 -1.1 -0.050000001
7.9000001 -1.1 0.050000001
7.9000001 -1.1 0.15000001
7.9000001 -1.1 0.25
7.9000001 -1.1 0.34999999
7.9000001 -1.1 0.44999999
7.9000001 -1.1 0.55000001
7.9000001 -1.1 0.64999998
7.9000001 -1.1 0.75
7.9000001 -1.1 0.85000002
7.9000001 -1.1 0.94999999
7.9000001 -1.1 1.05
7.9000001 -1.1 1.15
7.9000001 -1.1 1.25
7.9000001 -1.1 1.35
7.9000001 -1.1 1.45
7.9000001 -1.1 1.55
7.9000001 -1.1 1.65
7.9000001 -1.1 1.75
7.9000001 -1.1 1.85
7.9000001 -1.1 1.95
7.9000001 -1.1 2.05
7.9000001 -1.1 2.1500001
7.9000001 -1.1 2.25
7.9000001 -1.1 2.3499999
7.9000001 -1.1 2.45
8.1000004 -1 -0.44999999
8.1000004 -1 -0.34999999
8.1000004 -1 -0.25
8.1000004 -1 -0.15000001
8.1000004 -1 -0.050000001
8.1000004 -1 0.050000001
8.1000004 -1 0.15000001
8.1000004 -1 0.25
8.1000004 -1 0.34999999
8.1000004 -1 0.44999999
8.1000004 -1 0.55000001
8.1000004 -1 0.64999998
8.1000004 -1 0.75
8.1000004 -1 0.85000002
8.1000004 -1 0.94999999
8.1000004 -1 1.05
8.1000004 -1 1.15
8.1000004 -1 1.25
8.1000004 -1 1.35
8.1000004 -1 1.45
8.1000004 -1 1.55
8.1000004 -1 1.65
8.1000004 -1 1.75
8.1000004 -1 1.85
8.1000004 -1 1.95
8.1000004 -1 2.05
8.1000004 -1 2.1500001
8.1000004 -1 2.25
8.1000004 -1 2.3499999
8.1000004 -1 2.45
8 -1 -0.44999999
8 -1 -0.34999999
8 -1 -0.25
8 -1 -0.15000001
8 -1 -0.050000001
8 -1 0.050000001
8 -1 0.15000001
8 -1 0.25
8 -1 0.34999999
8 -1 0.44999999
8 -1 0.55000001
8 -1 0.64999998
8 -1 0.75
8 -1 0.85000002
8 -1 0.94999999
8 -1 1.05
8 -1 1.15
8 -1 1.25
8 -1 1.35
8 -1 1.45
8 -1 1.55
8 -1 1.65
8 -1 1.75
8 -1 1.85
8 -1 1.95
8 -1 2.05
8 -1 2.1500001
8 -1 2.25
8 -1 2.3499999
8 -1 2.45
7.9000001 -1 -0.44999999
7.9000001 -1 -0.34999999
7.9000001 -1 -0.25
7.9000001 -1 -0.15000001
7.9000001 -1 -0.050000001
7.9000001 -1 0.050000001
7.9000001 -1 0.15000001
7.9000001 -1 0.25
7.9000001 -1 0.34999999
7.9000001 -1 0.44999999
7.9000001 -1 0.55000001
7.9000001 -1 0.64999998
7.9000001 -1 0.75
7.9000001 -1 0.85000002
7.9000001 -1 0.94999999
7.9000001 -1 1.05
7.9000001 -1 1.15
7.9000001 -1 1.25
7.9000001 -1 1.35
7.9000001 -1 1.45
7.9000001 -1 1.55
7.9000001 -1 1.65
7.9000001 -1 1.75
7.9000001 -1 1.85
7.9000001 -1 1.95
7.9000001 -1 2.05
7.9000001 -1 2.1500001
7.9000001 -1 2.25
7.9000001 -1 2.3499999
7.9000001 -1 2.45
8.1000004 -0.89999998 -0.44999999
8.1000004 -0.89999998 -0.34999999
8.1000004 -0.89999998 -0.25
8.1000004 -0.89999998 -0.15000001
8.1000004 -0.89999998 -0.050000001
8.1000004 -0.89999998 0.050000001
8.1000004 -0.89999998 0.15000001
8.1000004 -0.89999998 0.25
8.1000004 -0.89999998 0.34999999
8.1000004 -0.89999998 0.44999999
8.1000004 -0.89999998 0.55000001
8.1000004 -0.89999998 0.64999998
8.1000004 -0.89999998 0.75
8.1000004 -0.89999998 0.85000002
8.1000004 -0.89999998 0.94999999
8.1000004 -0.89999998 1.05
8.1000004 -0.89999998 1.15
8.1000004 -0.89999998 1.25
8.1000004 -0.89999998 1.35
8.1000004 -0.89999998 1.45
8.1000004 -0.89999998 1.55
8.1000004 -0.89999998 1.65
8.1000004 -0.89999998 1.75
8.1000004 -0.89999998 1.85
8.1000004 -0.89999998 1.95
8.1000004 -0.89999998 2.05
8.1000004 -0.89999998 2.1500001
8.1000004 -0.89999998 2.25
8.1000004 -0.89999998 2.3499999
8.1000004 -0.89999998 2.45
8 -0.89999998 -0.44999999
8 -0.89999998 -0.34999999
8 -0.89999998 -0.25
8 -0.89999998 -0.15000001
8 -0.89999998 -0.050000001
8 -0.89999998 0.050000001
8 -0.89999998 0.15000001
8 -0.89999998 0.25
8 -0.89999998 0.34999999
8 -0.89999998 0.44999999
8 -0.89999998 0.55000001
8 -0.89999998 0.64999998
8 -0.89999998 0.75
8 -0.89999998 0.85000002
8 -0.89999998 0.94999999
8 -0.89999998 1.05
8 -0.89999998 1.15
8 -0.89999998 1.25
8 -0.89999998 1.35
8 -0.89999998 1.45
8 -0.89999998 1.55
8 -0.89999998 1.65
8 -0.89999998 1.75
8 -0.89999998 1.85
8 -0.89999998 1.95
8 -0.89999998 2.05
8 -0.89999998 2.1500001
8 -0.89999998 2.25
8 -0.89999998 2.3499999
8 -0.89999998 2.45
7.9000001 -0.89999998 -0.44999999
7.9000001 -0.89999998 -0.34999999
7.9000001 -0.89999998 -0.25
7.9000001 -0.89999998 -0.15000001
7.9000001 -0.89999998 -0.050000001
7.9000001 -0.89999998 0.050000001
7.9000001 -0.89999998 0.15000001
7.9000001 -0.89999998 0.25
7.9000001 -0.89999998 0.34999999
7.9000001 -0.89999998 0.44999999
7.9000001 -0.89999998 0.55000001
7.9000001 -0.89999998 0.64999998
7.9000001 -0.89999998 0.75
7.9000001 -0.89999998 0.85000002
7.9000001 -0.89999998 0.94999999
7.9000001 -0.89999998 1.05
7.9000001 -0.89999998 1.15
7.9000001 -0.89999998 1.25
7.9000001 -0.89999998 1.35
7.9000001 -0.89999998 1.45
7.9000001 -0.89999998 1.55
7.9000001 -0.89999998 1.65
7.9000001 -0.89999998 1.75
7.9000001 -0.89999998 1.85
7.9000001 -0.89999998 1.95
7.9000001 -0.89999998 2.05
7.9000001 -0.89999998 2.1500001
7.9000001 -0.89999998 2.25
7.9000001 -0.89999998 2.3499999
7.9000001 -0.89999998 2.45
8.1000004 -0.80000001 -0.44999999
8.1000004 -0.80000001 -0.34999999
8.1000004 -0.80000001 -0.25
8.1000004 -0.80000001 -0.15000001
8.1000004 -0.80000001 -0.050000001
8.1000004 -0.80000001 0.050000001
8.1000004 -0.80000001 0.15000001
8.1000004 -0.80000001 0.25
8.1000004 -0.80000001 0.34999999
8.1000004 -0.80000001 0.44999999
8.1000004 -0.80000001 0.55000001
8.1000004 -0.80000001 0.64999998
8.1000004 -0.80000001 0.75
8.1000004 -0.80000001 0.85000002
8.1000004 -0.80000001 0.94999999
8.1000004 -0.80000001 1.05
8.1000004 -0.80000001 1.15
8.1000004 -0.80000001 1.25
8.1000004 -0.80000001 1.35
8.1000004 -0.80000001 1.45
8.1000004 -0.80000001 1.55
8.1000004 -0.80000001 1.65
8.1000004 -0.80000001 1.75
8.1000004 -0.80000001 1.85
8.1000004 -0.80000001 1.95
8.1000004 -0.80000001 2.05
8.1000004 -0.80000001 2.1500001
8.1000004 -0.80000001 2.25
8.1000004 -0.80000001 2.3499999
8.1000004 -0.80000001 2.45
8 -0.80000001 -0.44999999
8 -0.80000001 -0.34999999
8 -0.80000001 -0.25
8 -0.80000001 -0.15000001
8 -0.80000001 -0.050000001
8 -0.80000001 0.050000001
8 -0.80000001 0.15000001
8 -0.80000001 0.25
8 -0.80000001 0.34999999
8 -0.80000001 0.44999999
8 -0.80000001 0.55000001
8 -0.80000001 0.64999998
8 -0.80000001 0.75
8 -0.80000001 0.85000002
8 -0.80000001 0.94999999
8 -0.80000001 1.05
8 -0.80000001 1.15
8 -0.80000001 1.25
8 -0.80000001 1.35
8 -0.80000001 1.45
8 -0.80000001 1.55
8 -0.80000001 1.65
8 -0.80000001 1.75
8 -0.80000001 1.85
8 -0.80000001 1.95
8 -0.80000001 2.05
8 -0.80000001 2.1500001
8 -0.80000001 2.25
8 -0.80000001 2.3499999
8 -0.80000001 2.45
7.9000001 -0.80000001 -0.44999999
7.9000001 -0.80000001 -0.34999999
7.9000001 -0.80000001 -0.25
7.9000001 -0.80000001 -0.15000001
7.9000001 -0.80000001 -0.050000001
7.9000001 -0.80000001 0.050000001
7.9000001 -0.80000001 0.15000001
7.9000001 -0.80000001 0.25
7.9000001 -0.80000001 0.34999999
7.9000001 -0.80000001 0.44999999
7.9000001 -0.80000001 0.55000001
7.9000001 -0.80000001 0.64999998
7.9000001 -0.80000001 0.75
7.9000001 -0.80000001 0.85000002
7.9000001 -0.80000001 0.94999999
7.9000001 -0.80000001 1.05
7.9000001 -0.80000001 1.15
7.9000001 -0.80000001 1.25
7.9000001 -0.80000001 1.35
7.9000001 -0.80000001 1.45
7.9000001 -0.80000001 1.55
7.9000001 -0.80000001 1.65
7.9000001 -0.80000001 1.75
7.9000001 -0.80000001 1.85
7.9000001 -0.80000001 1.95
7.9000001 -0.80000001 2.05
7.9000001 -0.80000001 2.1500001
7.9000001 -0.80000001 2.25
7.9000001 -0.80000001 2.3499999
7.9000001 -0.80000001 2.45
8.1000004 -0.69999999 -0.44999999
8.1000004 -0.69999999 -0.34999999
8.1000004 -0.69999999 -0.25
8.1000004 -0.69999999 -0.15000001
8.1000004 -0.69999999 -0.050000001
8.1000004 -0.69999999 0.050000001
8.1000004 -0.69999999 0.15000001
8.1000004 -0.69999999 0.25
8.1000004 -0.69999999 0.34999999
8.1000004 -0.69999999 0.44999999
8.1000004 -0.69999999 0.55000001
8.1000004 -0.69999999 0.64999998
8.1000004 -0.69999999 0.75
8.1000004 -0.69999999 0.85000002
8.1000004 -0.69999999 0.94999999
8.1000004 -0.69999999 1.05
8.1000004 -0.69999999 1.15
8.1000004 -0.69999999 1.25
8.1000004 -0.69999999 1.35
8.1000004 -0.69999999 1.45
8.1000004 -0.69999999 1.55
8.1000004 -0.69999999 1.65
8.1000004 -0.69999999 1.75
8.1000004 -0.69999999 1.85
8.1000004 -0.69999999 1.95
8.1000004 -0.69999999 2.05
8.1000004 -0.69999999 2.1500001
8.1000004 -0.69999999 2.25
8.1000004 -0.69999999 2.3499999
8.1000004 -0.69999999 2.45
8 -0.69999999 -0.44999999
8 -0.69999999 -0.34999999
8 -0.69999999 -0.25
8 -0.69999999 -0.15000001
8 -0.69999999 -0.050000001
8 -0.69999999 0.050000001
8 -0.69999999 0.15000001
8 -0.69999999 0.25
8 -0.69999999 0.34999999
8 -0.69999999 0.44999999
8 -0.69999999 0.55000001
8 -0.69999999 0.64999998
8 -0.69999999 0.75
8 -0.69999999 0.85000002
8 -0.69999999 0.94999999
8 -0.69999999 1.05
8 -0.69999999 1.15
8 -0.69999999 1.25
8 -0.69999999 1.35
8 -0.69999999 1.45
8 -0.69999999 1.55
8 -0.69999999 1.65
8 -0.69999999 1.75
8 -0.69999999 1.85
8 -0.69999999 1.95
8 -0.69999999 2.05
8 -0.69999999 2.1500001
8 -0.69999999 2.25
8 -0.69999999 2.3499999
8 -0.69999999 2.45
7.9000001 -0.69999999 -0.44999999
7.9000001 -0.69999999 -0.34999999
7.9000001 -0.69999999 -0.25
7.9000001 -0.69999999 -0.15000001
7.9000001 -0.69999999 -0.050000001
7.9000001 -0.69999999 0.050000001
7.9000001 -0.69999999 0.15000001
7.9000001 -0.69999999 0.25
7.9000001 -0.69999999 0.34999999
7.9000001 -0.69999999 0.44999999
7.9000001 -0.69999999 0.55000001
7.9000001 -0.69999999 0.64999998
7.9000001 -0.69999999 0.75
7.9000001 -0.69999999 0.85000002
7.9000001 -0.69999999 0.94999999
7.9000001 -0.69999999 1.05
7.9000001 -0.69999999 1.15
7.9000001 -0.69999999 1.25
7.9000001 -0.69999999 1.35
7.9000001 -0.69999999 1.45
7.9000001 -0.69999999 1.55
7.9000001 -0.69999999 1.65
7.9000001 -0.69999999 1.75
7.9000001 -0.69999999 1.85
7.9000001 -0.69999999 1.95
7.9000001 -0.69999999 2.05
7.9000001 -0.69999999 2.1500001
7.9000001 -0.69999999 2.25
7.9000001 -0.69999999 2.3499999
7.9000001 -0.69999999 2.45
8.1000004 -0.60000002 -0.44999999
8.1000004 -0.60000002 -0.34999999
8.1000004 -0.60000002 -0.25
8.1000004 -0.60000002 -0.15000001
8.1000004 -0.60000002 -0.050000001
8.1000004 -0.60000002 0.050000001
8.1000004 -0.60000002 0.15000001
8.1000004 -0.60000002 0.25
8.1000004 -0.60000002 0.34999999
8.1000004 -0.60000002 0.44999999
8.1000004 -0.60000002 0.55000001
8.1000004 -0.60000002 0.64999998
8.1000004 -0.60000002 0.75
8.1000004 -0.60000002 0.85000002
8.1000004 -0.60000002 0.94999999
8.1000004 -0.60000002 1.05
8.1000004 -0.60000002 1.15
8.1000004 -0.60000002 1.25
8.1000004 -0.60000002 1.35
8.1000004 -0.60000002 1.45
8.1000004 -0.60000002 1.55
8.1000004 -0.60000002 1.65
8.1000004 -0.60000002 1.75
8.1000004 -0.60000002 1.85
8.1000004 -0.60000002 1.95
8.1000004 -0.60000002 2.05
8.1000004 -0.60000002 2.1500001
8.1000004 -0.60000002 2.25
8.1000004 -0.60000002 2.3499999
8.1000004 -0.60000002 2.45
8 -0.60000002 -0.44999999
8 -0.60000002 -0.34999999
8 -0.60000002 -0.25
8 -0.60000002 -0.15000001
8 -0.60000002 -0.050000001
8 -0.60000002 0.050000001
8 -0.60000002 0.15000001
8 -0.60000002 0.25
8 -0.60000002 0.34999999
8 -0.60000002 0.44999999
8 -0.60000002 0.55000001
8 -0.60000002 0.64999998
8 -0.60000002 0.75
8 -0.60000002 0.85000002
8 -0.60000002 0.94999999
8 -0.60000002 1.05
8 -0.60000002 1.15
8 -0.60000002 1.25
8 -0.60000002 1.35
8 -0.60000002 1.45
8 -0.60000002 1.55
8 -0.60000002 1.65
8 -0.60000002 1.75
8 -0.60000002 1.85
8 -0.60000002 1.95
8 -0.60000002 2.05
8 -0.60000002 2.1500001
8 -0.60000002 2.25
8 -0.60000002 2.3499999
8 -0.60000002 2.45
7.9000001 -0.60000002 -0.44999999
7.9000001 -0.60000002 -0.34999999
7.9000001 -0.60000002 -0.25
7.9000001 -0.60000002 -0.15000001
7.9000001 -0.60000002 -0.050000001
7.9000001 -0.60000002 0.050000001
7.9000001 -0.60000002 0.15000001
7.9000001 -0.60000002 0.25
7.9000001 -0.60000002 0.34999999
7.9000001 -0.60000002 0.44999999
7.9000001 -0.60000002 0.55000001
7.9000001 -0.60000002 0.64999998
7.9000001 -0.60000002 0.75
7.9000001 -0.60000002 0.85000002
7.9000001 -0.60000002 0.94999999
7.9000001 -0.60000002 1.05
7.9000001 -0.60000002 1.15
7.9000001 -0.60000002 1.25
7.9000001 -0.60000002 1.35
7.9000001 -0.60000002 1.45
7.9000001 -0.60000002 1.55
7.9000001 -0.60000002 1.65
7.9000001 -0.60000002 1.75
7.9000001 -0.60000002 1.85
7.9000001 -0.60000002 1.95
7.9000001 -0.60000002 2.05
7.9000001 -0.60000002 2.1500001
7.9000001 -0.60000002 2.25
7.9000001 -0.60000002 2.3499999
7.9000001 -0.60000002 2.45
8.1000004 -0.5 -0.44999999
8.1000004 -0.5 -0.34999999
8.1000004 -0.5 -0.25
8.1000004 -0.5 -0.15000001
8.1000004 -0.5 -0.050000001
8.1000004 -0.5 0.050000001
8.1000004 -0.5 0.15000001
8.1000004 -0.5 0.25
8.1000004 -0.5 0.34999999
8.1000004 -0.5 0.44999999
8.1000004 -0.5 0.55000001
8.1000004 -0.5 0.64999998
8.1000004 -0.5 0.75
8.1000004 -0.5 0.85000002
8.1000004 -0.5 0.94999999
8.1000004 -0.5 1.05
8.1000004 -0.5 1.15
8.1000004 -0.5 1.25
8.1000004 -0.5 1.35
8.1000004 -0.5 1.45
8.1000004 -0.5 1.55
8.1000004 -0.5 1.65
8.1000004 -0.5 1.75
8.1000004 -0.5 1.85
8.1000004 -0.5 1.95
8.1000004 -0.5 2.05
8.1000004 -0.5 2.1500001
8.1000004 -0.5 2.25
8.1000004 -0.5 2.3499999
8.1000004 -0.5 2.45
8 -0.5 -0.44999999
8 -0.5 -0.34999999
8 -0.5 -0.25
8 -0.5 -0.15000001
8 -0.5 -0.050000001
8 -0.5 0.050000001
8 -0.5 0.15000001
8 -0.5 0.25
8 -0.5 0.34999999
8 -0.5 0.44999999
8 -0.5 0.55000001
8 -0.5 0.64999998
8 -0.5 0.75
8 -0.5 0.85000002
8 -0.5 0.94999999
8 -0.5 1.05
8 -0.5 1.15
8 -0.5 1.25
8 -0.5 1.35
8 -0.5 1.45
8 -0.5 1.55
8 -0.5 1.65
8 -0.5 1.75
8 -0.5 1.85
8 -0.5 1.95
8 -0.5 2.05
8 -0.5 2.1500001
8 -0.5 2.25
8 -0.5 2.3499999
8 -0.5 2.45
7.9000001 -0.5 -0.44999999
7.9000001 -0.5 -0.34999999
7.9000001 -0.5 -0.25
7.9000001 -0.5 -0.15000001
7.9000001 -0.5 -0.050000001
7.9000001 -0.5 0.050000001
7.9000001 -0.5 0.15000001
7.9000001 -0.5 0.25
7.9000001 -0.5 0.34999999
7.9000001 -0.5 0.44999999
7.9000001 -0.5 0.55000001
7.9000001 -0.5 0.64999998
7.9000001 -0.5 0.75
7.9000001 -0.5 0.85000002
7.9000001 -0.5 0.94999999
7.9000001 -0.5 1.05
7.9000001 -0.5 1.15
7.9000001 -0.5 1.25
7.9000001 -0.5 1.35
7.9000001 -0.5 1.45
7.9000001 -0.5 1.55
7.9000001 -0.5 1.65
7.9000001 -0.5 1.75
7.9000001 -0.5 1.85
7.9000001 -0.5 1.95
7.9000001 -0.5 2.05
7.9000001 -0.5 2.1500001
7.9000001 -0.5 2.25
7.9000001 -0.5 2.3499999
7.9000001 -0.5 2.45
8.1000004 -0.40000001 -0.44999999
8.1000004 -0.40000001 -0.34999999
8.1000004 -0.40000001 -0.25
8.1000004 -0.40000001 -0.15000001
8.1000004 -0.40000001 -0.050000001
8.1000004 -0.40000001 0.050000001
8.1000004 -0.40000001 0.15000001
8.1000004 -0.40000001 0.25
8.1000004 -0.40000001 0.34999999
8.1000004 -0.40000001 0.44999999
8.1000004 -0.40000001 0.55000001
8.1000004 -0.40000001 0.64999998
8.1000004 -0.40000001 0.75
8.1000004 -0.40000001 0.85000002
8.1000004 -0.40000001 0.94999999
8.1000004 -0.40000001 1.05
8.1000004 -0.40000001 1.15
8.1000004 -0.40000001 1.25
8.1000004 -0.40000001 1.35
8.1000004 -0.40000001 1.45
8.1000004 -0.40000001 1.55
8.1000004 -0.40000001 1.65
8.1000004 -0.40000001 1.75
8.1000004 -0.40000001 1.85
8.1000004 -0.40000001 1.95
8.1000004 -0.40000001 2.05
8.1000004 -0.40000001 2.1500001
8.1000004 -0.40000001 2.25
8.1000004 -0.40000001 2.3499999
8.1000004 -0.40000001 2.45
8 -0.40000001 -0.44999999
8 -0.40000001 -0.34999999
8 -0.40000001 -0.25
8 -0.40000001 -0.15000001
8 -0.40000001 -0.050000001
8 -0.40000001 0.050000001
8 -0.40000001 0.15000001
8 -0.40000001 0.25
8 -0.40000001 0.34999999
8 -0.40000001 0.44999999
8 -0.40000001 0.55000001
8 -0.40000001 0.64999998
8 -0.40000001 0.75
8 -0.40000001 0.85000002
8 -0.40000001 0.94999999
8 -0.40000001 1.05
8 -0.40000001 1.15
8 -0.40000001 1.25
8 -0.40000001 1.35
8 -0.40000001 1.45
8 -0.40000001 1.55
8 -0.40000001 1.65
8 -0.40000001 1.75
8 -0.40000001 1.85
8 -0.40000001 1.95
8 -0.40000001 2.05
8 -0.40000001 2.1500001
8 -0.40000001 2.25
8 -0.40000001 2.3499999
8 -0.40000001 2.45
7.9000001 -0.40000001 -0.44999999
7.9000001 -0.40000001 -0.34999999
7.9000001 -0.40000001 -0.25
7.9000001 -0.40000001 -0.15000001
7.9000001 -0.40000001 -0.050000001
7.9000001 -0.40000001 0.050000001
7.9000001 -0.40000001 0.15000001
7.9000001 -0.40000001 0.25
7.9000001 -0.40000001 0.34999999
7.9000001 -0.40000001 0.44999999
7.9000001 -0.40000001 0.55000001
7.9000001 -0.40000001 0.64999998
7.9000001 -0.40000001 0.75
7.9000001 -0.40000001 0.85000002
7.9000001 -0.40000001 0.94999999
7.9000001 -0.40000001 1.05
7.9000001 -0.40000001 1.15
7.9000001 -0.40000001 1.25
7.9000001 -0.40000001 1.35
7.9000001 -0.40000001 1.45
7.9000001 -0.40000001 1.55
7.9000001 -0.40000001 1.65
7.9000001 -0.40000001 1.75
7.9000001 -0.40000001 1.85
7.9000001 -0.40000001 1.95
7.9000001 -0.40000001 2.05
7.9000001 -0.40000001 2.1500001
7.9000001 -0.40000001 2.25
7.9000001 -0.40000001 2.3499999
7.9000001 -0.40000001 2.45
8.1000004 -0.30000001 -0.44999999
8.1000004 -0.30000001 -0.34999999
8.1000004 -0.30000001 -0.25
8.1000004 -0.30000001 -0.15000001
8.1000004 -0.30000001 -0.050000001
8.1000004 -0.30000001 0.050000001
8.1000004 -0.30000001 0.15000001
8.1000004 -0.30000001 0.25
8.1000004 -0.30000001 0.34999999
8.1000004 -0.30000001 0.44999999
8.1000004 -0.30000001 0.55000001
8.1000004 -0.30000001 0.64999998
8.1000004 -0.30000001 0.75
8.1000004 -0.30000001 0.85000002
8.1000004 -0.30000001 0.94999999
8.1000004 -0.30000001 1.05
8.1000004 -0.30000001 1.15
8.1000004 -0.30000001 1.25
8.1000004 -0.30000001 1.35
8.1000004 -0.30000001 1.45
8.1000004 -0.30000001 1.55
8.1000004 -0.30000001 1.65
8.1000004 -0.30000001 1.75
8.1000004 -0.30000001 1.85
8.1000004 -0.30000001 1.95
8.1000004 -0.30000001 2.05
8.1000004 -0.30000001 2.1500001
8.1000004 -0.30000001 2.25
8.1000004 -0.30000001 2.3499999
8.1000004 -0.30000001 2.45
8 -0.30000001 -0.44999999
8 -0.30000001 -0.34999999
8 -0.30000001 -0.25
8 -0.30000001 -0.15000001
8 -0.30000001 -0.050000001
8 -0.30000001 0.050000001
8 -0.30000001 0.15000001
8 -0.30000001 0.25
8 -0.30000001 0.34999999
8 -0.30000001 0.44999999
8 -0.30000001 0.55000001
8 -0.30000001 0.64999998
8 -0.30000001 0.75
8 -0.30000001 0.85000002
8 -0.30000001 0.94999999
8 -0.30000001 1.05
8 -0.30000001 1.15
8 -0.30000001 1.25
8 -0.30000001 1.35
8 -0.30000001 1.45
8 -0.30000001 1.55
8 -0.30000001 1.65
8 -0.30000001 1.75
8 -0.30000001 1.85
8 -0.30000001 1.95
8 -0.30000001 2.05
8 -0.30000001 2.1500001
8 -0.30000001 2.25
8 -0.30000001 2.3499999
8 -0.30000001 2.45
7.9000001 -0.30000001 -0.44999999
7.9000001 -0.30000001 -0.34999999
7.9000001 -0.30000001 -0.25
7.9000001 -0.30000001 -0.15000001
7.9000001 -0.30000001 -0.050000001
7.9000001 -0.30000001 0.050000001
7.9000001 -0.30000001 0.15000001
7.9000001 -0.30000001 0.25
7.9000001 -0.30000001 0.34999999
7.9000001 -0.30000001 0.44999999
7.9000001 -0.30000001 0.55000001
7.9000001 -0.30000001 0.64999998
7.9000001 -0.30000001 0.75
7.9000001 -0.30000001 0.85000002
7.9000001 -0.30000001 0.94999999
7.9000001 -0.30000001 1.05
7.9000001 -0.30000001 1.15
7.9000001 -0.30000001 1.25
7.9000001 -0.30000001 1.35
7.9000001 -0.30000001 1.45
7.9000001 -0.30000001 1.55
7.9000001 -0.30000001 1.65
7.9000001 -0.30000001 1.75
7.9000001 -0.30000001 1.85
7.9000001 -0.30000001 1.95
7.9000001 -0.30000001 2.05
7.9000001 -0.30000001 2.1500001
7.9000001 -0.30000001 2.25
7.9000001 -0.30000001 2.3499999
7.9000001 -0.30000001 2.45
8.1000004 -0.2 -0.44999999
8.1000004 -0.2 -0.34999999
8.1000004 -0.2 -0.25
8.1000004 -0.2 -0.15000001
8.1000004 -0.2 -0.050000001
8.1000004 -0.2 0.050000001
8.1000004 -0.2 0.15000001
8.1000004 -0.2 0.25
8.1000004 -0.2 0.34999999
8.1000004 -0.2 0.44999999
8.1000004 -0.2 0.55000001
8.1000004 -0.2 0.64999998
8.1000004 -0.2 0.75
8.1000004 -0.2 0.85000002
8.1000004 -0.2 0.94999999
8.1000004 -0.2 1.05
8.1000004 -0.2 1.15
8.1000004 -0.2 1.25
8.1000004 -0.2 1.35
8.1000004 -0.2 1.45
8.1000004 -0.2 1.55
8.1000004 -0.2 1.65
8.1000004 -0.2 1.75
8.1000004 -0.2 1.85
8.1000004 -0.2 1.95
8.1000004 -0.2 2.05
8.1000004 -0.2 2.1500001
8.1000004 -0.2 2.25
8.1000004 -0.2 2.3499999
8.1000004 -0.2 2.45
8 -0.2 -0.44999999
8 -0.2 -0.34999999
8 -0.2 -0.25
8 -0.2 -0.15000001
8 -0.2 -0.050000001
8 -0.2 0.050000001
8 -0.2 0.15000001
8 -0.2 0.25
8 -0.2 0.34999999
8 -0.2 0.44999999
8 -0.2 0.55000001
8 -0.2 0.64999998
8 -0.2 0.75
8 -0.2 0.85000002
8 -0.2 0.94999999
8 -0.2 1.05
8 -0.2 1.15
8 -0.2 1.25
8 -0.2 1.35
8 -0.2 1.45
8 -0.2 1.55
8 -0.2 1.65
8 -0.2 1.75
8 -0.2 1.85
8 -0.2 1.95
8 -0.2 2.05
8 -0.2 2.1500001
8 -0.2 2.25
8 -0.2 2.3499999
8 -0.2 2.45
7.9000001 -0.2 -0.44999999
7.9000001 -0.2 -0.34999999
7.9000001 -0.2 -0.25
7.9000001 -0.2 -0.15000001
7.9000001 -0.2 -0.050000001
7.9000001 -0.2 0.050000001
7.9000001 -0.2 0.15000001
7.9000001 -0.2 0.25
7.9000001 -0.2 0.34999999
7.9000001 -0.2 0.44999999
7.9000001 -0.2 0.55000001
7.9000001 -0.2 0.64999998
7.9000001 -0.2 0.75
7.9000001 -0.2 0.85000002
7.9000001 -0.2 0.94999999
7.9000001 -0.2 1.05
7.9000001 -0.2 1.15
7.9000001 -0.2 1.25
7.9000001 -0.2 1.35
7.9000001 -0.2 1.45
7.9000001 -0.2 1.55
7.9000001 -0.2 1.65
7.9000001 -0.2 1.75
7.9000001 -0.2 1.85
7.9000001 -0.2 1.95
7.9000001 -0.2 2.05
7.9000001 -0.2 2.1500001
7.9000001 -0.2 2.25
7.9000001 -0.2 2.3499999
7.9000001 -0.2 2.45
8.1000004 -0.1 -0.44999999
8.1000004 -0.1 -0.34999999
8.1000004 -0.1 -0.25
8.1000004 -0.1 -0.15000001
8.1000004 -0.1 -0.050000001
8.1000004 -0.1 0.050000001
8.1000004 -0.1 0.15000001
8.1000004 -0.1 0.25
8.1000004 -0.1 0.34999999
8.1000004 -0.1 0.44999999
8.1000004 -0.1 0.55000001
8.1000004 -0.1 0.64999998
8.1000004 -0.1 0.75
8.1000004 -0.1 0.85000002
8.1000004 -0.1 0.94999999
8.1000004 -0.1 1.05
8.1000004 -0.1 1.15
8.1000004 -0.1 1.25
8.1000004 -0.1 1.35
8.1000004 -0.1 1.45
8.1000004 -0.1 1.55
8.1000004 -0.1 1.65
8.1000004 -0.1 1.75
8.1000004 -0.1 1.85
8.1000004 -0.1 1.95
8.1000004 -0.1 2.05
8.1000004 -0.1 2.1500001
8.1000004 -0.1 2.25
8.1000004 -0.1 2.3499999
8.1000004 -0.1 2.45
8 -0.1 -0.44999999
8 -0.1 -0.34999999
8 -0.1 -0.25
8 -0.1 -0.15000001
8 -0.1 -0.050000001
8 -0.1 0.050000001
8 -0.1 0.15000001
8 -0.1 0.25
8 -0.1 0.34999999
8 -0.1 0.44999999
8 -0.1 0.55000001
8 -0.1 0.64999998
8 -0.1 0.75
8 -0.1 0.85000002
8 -0.1 0.94999999
8 -0.1 1.05
8 -0.1 1.15
8 -0.1 1.25
8 -0.1 1.35
8 -0.1 1.45
8 -0.1 1.55
8 -0.1 1.65
8 -0.1 1.75
8 -0.1 1.85
8 -0.1 1.95
8 -0.1 2.05
8 -0.1 2.1500001
8 -0.1 2.25
8 -0.1 2.3499999
8 -0.1 2.45
7.9000001 -0.1 -0.44999999
7.9000001 -0.1 -0.34999999
7.9000001 -0.1 -0.25
7.9000001 -0.1 -0.15000001
7.9000001 -0.1 -0.050000001
7.9000001 -0.1 0.050000001
7.9000001 -0.1 0.15000001
7.9000001 -0.1 0.25
7.9000001 -0.1 0.34999999
7.9000001 -0.1 0.44999999
7.9000001 -0.1 0.55000001
7.9000001 -0.1 0.64999998
7.9000001 -0.1 0.75
7.9000001 -0.1 0.85000002
7.9000001 -0.1 0.94999999
7.9000001 -0.1 1.05
7.9000001 -0.1 1.15
7.9000001 -0.1 1.25
7.9000001 -0.1 1.35
7.9000001 -0.1 1.45
7.9000001 -0.1 1.55
7.9000001 -0.1 1.65
7.9000001 -0.1 1.75
7.9000001 -0.1 1.85
7.9000001 -0.1 1.95
7.9000001 -0.1 2.05
7.9000001 -0.1 2.1500001
7.9000001 -0.1 2.25
7.9000001 -0.1 2.3499999
7.9000001 -0.1 2.45
8.1000004 0 -0.44999999
8.1000004 0 -0.34999999
8.1000004 0 -0.25
8.1000004 0 -0.15000001
8.1000004 0 -0.050000001
8.1000004 0 0.050000001
8.1000004 0 0.15000001
8.1000004 0 0.25
8.1000004 0 0.34999999
8.1000004 0 0.44999999
8.1000004 0 0.55000001
8.1000004 0 0.64999998
8.1000004 0 0.75
8.1000004 0 0.85000002
8.1000004 0 0.94999999
8.1000004 0 1.05
8.1000004 0 1.15
8.1000004 0 1.25
8.1000004 0 1.35
8.1000004 0 1.45
8.1000004 0 1.55
8.1000004 0 1.65
8.1000004 0 1.75
8.1000004 0 1.85
8.1000004 0 1.95
8.1000004 0 2.05
8.1000004 0 2.1500001
8.1000004 0 2.25
8.1000004 0 2.3499999
8.1000004 0 2.45
8 0 -0.44999999
8 0 -0.34999999
8 0 -0.25
8 0 -0.15000001
8 0 -0.050000001
8 0 0.050000001
8 0 0.15000001
8 0 0.25
8 0 0.34999999
8 0 0.44999999
8 0 0.55000001
8 0 0.64999998
8 0 0.75
8 0 0.85000002
8 0 0.94999999
8 0 1.05
8 0 1.15
8 0 1.25
8 0 1.35
8 0 1.45
8 0 1.55
8 0 1.65
8 0 1.75
8 0 1.85
8 0 1.95
8 0 2.05
8 0 2.1500001
8 0 2.25
8 0 2.3499999
8 0 2.45
7.9000001 0 -0.44999999
7.9000001 0 -0.34999999
7.9000001 0 -0.25
7.9000001 0 -0.15000001
7.9000001 0 -0.050000001
7.9000001 0 0.050000001
7.9000001 0 0.15000001
7.9000001 0 0.25
7.9000001 0 0.34999999
7.9000001 0 0.44999999
7.9000001 0 0.55000001
7.9000001 0 0.64999998
7.9000001 0 0.75
7.9000001 0 0.85000002
7.9000001 0 0.94999999
7.9000001 0 1.05
7.9000001 0 1.15
7.9000001 0 1.25
7.9000001 0 1.35
7.9000001 0 1.45
7.9000001 0 1.55
7.9000001 0 1.65
7.9000001 0 1.75
7.9000001 0 1.85
7.9000001 0 1.95
7.9000001 0 2.05
7.9000001 0 2.1500001
7.9000001 0 2.25
7.9000001 0 2.3499999
7.9000001 0 2.45
8.1000004 0.1 -0.44999999
8.1000004 0.1 -0.34999999
8.1000004 0.1 -0.25
8.1000004 0.1 -0.15000001
8.1000004 0.1 -0.050000001
8.1000004 0.1 0.050000001
8.1000004 0.1 0.15000001
8.1000004 0.1 0.25
8.1000004 0.1 0.34999999
8.1000004 0.1 0.44999999
8.1000004 0.1 0.55000001
8.1000004 0.1 0.64999998
8.1000004 0.1 0.75
8.1000004 0.1 0.85000002
8.1000004 0.1 0.94999999
8.1000004 0.1 1.05
8.1000004 0.1 1.15
8.1000004 0.1 1.25
8.1000004 0.1 1.35
8.1000004 0.1 1.45
8.1000004 0.1 1.55
8.1000004 0.1 1.65
8.1000004 0.1 1.75
8.1000004 0.1 1.85
8.1000004 0.1 1.95
8.1000004 0.1 2.05
8.1000004 0.1 2.1500001
8.1000004 0.1 2.25
8.1000004 0.1 2.3499999
8.1000004 0.1 2.45
8 0.1 -0.44999999
8 0.1 -0.34999999
8 0.1 -0.25
8 0.1 -0.15000001
8 0.1 -0.050000001
8 0.1 0.050000001
8 0.1 0.15000001
8 0.1 0.25
8 0.1 0.34999999
8 0.1 0.44999999
8 0.1 0.55000001
8 0.1 0.64999998
8 0.1 0.75
8 0.1 0.85000002
8 0.1 0.94999999
8 0.1 1.05
8 0.1 1.15
8 0.1 1.25
8 0.1 1.35
8 0.1 1.45
8 0.1 1.55
8 0.1 1.65
8 0.1 1.75
8 0.1 1.85
8 0.1 1.95
8 0.1 2.05
8 0.1 2.1500001
8 0.1 2.25
8 0.1 2.3499999
8 0.1 2.45
7.9000001 0.1 -0.44999999
7.9000001 0.1 -0.34999999
7.9000001 0.1 -0.25
7.9000001 0.1 -0.15000001
7.9000001 0.1 -0.050000001
7.9000001 0.1 0.050000001
7.9000001 0.1 0.15000001
7.9000001 0.1 0.25
7.9000001 0.1 0.34999999
7.9000001 0.1 0.44999999
7.9000001 0.1 0.55000001
7.9000001 0.1 0.64999998
7.9000001 0.1 0.75
7.9000001 0.1 0.85000002
7.9000001 0.1 0.94999999
7.9000001 0.1 1.05
7.9000001 0.1 1.15
7.9000001 0.1 1.25
7.9000001 0.1 1.35
7.9000001 0.1 1.45
7.9000001 0.1 1.55
7.9000001 0.1 1.65
7.9000001 0.1 1.75
7.9000001 0.1 1.85
7.9000001 0.1 1.95
7.9000001 0.1 2.05
7.9000001 0.1 2.1500001
7.9000001 0.1 2.25
7.9000001 0.1 2.3499999
7.9000001 0.1 2.45
8.1000004 0.2 -0.44999999
8.1000004 0.2 -0.34999999
8.1000004 0.2 -0.25
8.1000004 0.2 -0.15000001
8.1000004 0.2 -0.050000001
8.1000004 0.2 0.050000001
8.1000004 0.2 0.15000001
8.1000004 0.2 0.25
8.1000004 0.2 0.34999999
8.1000004 0.2 0.44999999
8.1000004 0.2 0.55000001
8.1000004 0.2 0.64999998
8.1000004 0.2 0.75
8.1000004 0.2 0.85000002
8.1000004 0.2 0.94999999
8.1000004 0.2 1.05
8.1000004 0.2 1.15
8.1000004 0.2 1.25
8.1000004 0.2 1.35
8.1000004 0.2 1.45
8.1000004 0.2 1.55
8.1000004 0.2 1.65
8.1000004 0.2 1.75
8.1000004 0.2 1.85
8.1000004 0.2 1.95
8.1000004 0.2 2.05
8.1000004 0.2 2.1500001
8.1000004 0.2 2.25
8.1000004 0.2 2.3499999
8.1000004 0.2 2.45
8 0.2 -0.44999999
8 0.2 -0.34999999
8 0.2 -0.25
8 0.2 -0.15000001
8 0.2 -0.050000001
8 0.2 0.050000001
8 0.2 0.15000001
8 0.2 0.25
8 0.2 0.34999999
8 0.2 0.44999999
8 0.2 0.55000001
8 0.2 0.64999998
8 0.2 0.75
8 0.2 0.85000002
8 0.2 0.94999999
8 0.2 1.05
8 0.2 1.15
8 0.2 1.25
8 0.2 1.35
8 0.2 1.45
8 0.2 1.55
8 0.2 1.65
8 0.2 1.75
8 0.2 1.85
8 0.2 1.95
8 0.2 2.05
8 0.2 2.1500001
8 0.2 2.25
8 0.2 2.3499999
8 0.2 2.45
7.9000001 0.2 -0.44999999
7.9000001 0.2 -0.34999999
7.9000001 0.2 -0.25
7.9000001 0.2 -0.15000001
7.9000001 0.2 -0.050000001
7.9000001 0.2 0.050000001
7.9000001 0.2 0.15000001
7.9000001 0.2 0.25
7.9000001 0.2 0.34999999
7.9000001 0.2 0.44999999
7.9000001 0.2 0.55000001
7.9000001 0.2 0.64999998
7.9000001 0.2 0.75
7.9000001 0.2 0.85000002
7.9000001 0.2 0.94999999
7.9000001 0.2 1.05
7.9000001 0.2 1.15
7.9000001 0.2 1.25
7.9000001 0.2 1.35
7.9000001 0.2 1.45
7.9000001 0.2 1.55
7.9000001 0.2 1.65
7.9000001 0.2 1.75
7.9000001 0.2 1.85
7.9000001 0.2 1.95
7.9000001 0.2 2.05
7.9000001 0.2 2.1500001
7.9000001 0.2 2.25
7.9000001 0.2 2.3499999
7.9000001 0.2 2.45
8.1000004 0.30000001 -0.44999999
8.1000004 0.30000001 -0.34999999
8.1000004 0.30000001 -0.25
8.1000004 0.30000001 -0.15000001
8.1000004 0.30000001 -0.050000001
8.1000004 0.30000001 0.050000001
8.1000004 0.30000001 0.15000001
8.1000004 0.30000001 0.25
8.1000004 0.30000001 0.34999999
8.1000004 0.30000001 0.44999999
8.1000004 0.30000001 0.55000001
8.1000004 0.30000001 0.64999998
8.1000004 0.30000001 0.75
8.1000004 0.30000001 0.85000002
8.1000004 0.30000001 0.94999999
8.1000004 0.30000001 1.05
8.1000004 0.30000001 1.15
8.1000004 0.30000001 1.25
8.1000004 0.30000001 1.35
8.1000004 0.30000001 1.45
8.1000004 0.30000001 1.55
8.1000004 0.30000001 1.65
8.1000004 0.30000001 1.75
8.1000004 0.30000001 1.85
8.1000004 0.30000001 1.95
8.1000004 0.30000001 2.05
8.1000004 0.30000001 2.1500001
8.1000004 0.30000001 2.25
8.1000004 0.30000001 2.3499999
8.1000004 0.30000001 2.45
8 0.30000001 -0.44999999
8 0.30000001 -0.34999999
8 0.30000001 -0.25
8 0.30000001 -0.15000001
8 0.30000001 -0.050000001
8 0.30000001 0.050000001
8 0.30000001 0.15000001
8 0.30000001 0.25
8 0.30000001 0.34999999
8 0.30000001 0.44999999
8 0.30000001 0.55000001
8 0.30000001 0.64999998
8 0.30000001 0.75
8 0.30000001 0.85000002
8 0.30000001 0.94999999
8 0.30000001 1.05
8 0.30000001 1.15
8 0.30000001 1.25
8 0.30000001 1.35
8 0.30000001 1.45
8 0.30000001 1.55
8 0.30000001 1.65
8 0.30000001 1.75
8 0.30000001 1.85
8 0.30000001 1.95
8 0.30000001 2.05
8 0.30000001 2.1500001
8 0.30000001 2.25
8 0.30000001 2.3499999
8 0.30000001 2.45
7.9000001 0.30000001 -0.44999999
7.9000001 0.30000001 -0.34999999
7.9000001 0.30000001 -0.25
7.9000001 0.30000001 -0.15000001
7.9000001 0.30000001 -0.050000001
7.9000001 0.30000001 0.050000001
7.9000001 0.30000001 0.15000001
7.9000001 0.30000001 0.25
7.9000001 0.30000001 0.34999999
7.9000001 0.30000001 0.44999999
7.9000001 0.30000001 0.55000001
7.9000001 0.30000001 0.64999998
7.9000001 0.30000001 0.75
7.9000001 0.30000001 0.85000002
7.9000001 0.30000001 0.94999999
7.9000001 0.30000001 1.05
7.9000001 0.30000001 1.15
7.9000001 0.30000001 1.25
7.9000001 0.30000001 1.35
7.9000001 0.30000001 1.45
7.9000001 0.30000001 1.55
7.9000001 0.30000001 1.65
7.9000001 0.30000001 1.75
7.9000001 0.30000001 1.85
7.9000001 0.30000001 1.95
7.9000001 0.30000001 2.05
7.9000001 0.30000001 2.1500001
7.9000001 0.30000001 2.25
7.9000001 0.30000001 2.3499999
7.9000001 0.30000001 2.45
8.1000004 0.40000001 -0.44999999
8.1000004 0.40000001 -0.34999999
8.1000004 0.40000001 -0.25
8.1000004 0.40000001 -0.15000001
8.1000004 0.40000001 -0.050000001
8.1000004 0.40000001 0.050000001
8.1000004 0.40000001 0.15000001
8.1000004 0.40000001 0.25
8.1000004 0.40000001 0.34999999
8.1000004 0.40000001 0.44999999
8.1000004 0.40000001 0.55000001
8.1000004 0.40000001 0.64999998
8.1000004 0.40000001 0.75
8.1000004 0.40000001 0.85000002
8.1000004 0.40000001 0.94999999
8.1000004 0.40000001 1.05
8.1000004 0.40000001 1.15
8.1000004 0.40000001 1.25
8.1000004 0.40000001 1.35
8.1000004 0.40000001 1.45
8.1000004 0.40000001 1.55
8.1000004 0.40000001 1.65
8.1000004 0.40000001 1.75
8.1000004 0.40000001 1.85
8.1000004 0.40000001 1.95
8.1000004 0.40000001 2.05
8.1000004 0.40000001 2.1500001
8.1000004 0.40000001 2.25
8.1000004 0.40000001 2.3499999
8.1000004 0.40000001 2.45
8 0.40000001 -0.44999999
8 0.40000001 -0.34999999
8 0.40000001 -0.25
8 0.40000001 -0.15000001
8 0.40000001 -0.050000001
8 0.40000001 0.050000001
8 0.40000001 0.15000001
8 0.40000001 0.25
8 0.40000001 0.34999999
8 0.40000001 0.44999999
8 0.40000001 0.55000001
8 0.40000001 0.64999998
8 0.40000001 0.75
8 0.40000001 0.85000002
8 0.40000001 0.94999999
8 0.40000001 1.05
8 0.40000001 1.15
8 0.40000001 1.25
8 0.40000001 1.35
8 0.40000001 1.45
8 0.40000001 1.55
8 0.40000001 1.65
8 0.40000001 1.75
8 0.40000001 1.85
8 0.40000001 1.95
8 0.40000001 2.05
8 0.40000001 2.1500001
8 0.40000001 2.25
8 0.40000001 2.3499999
8 0.40000001 2.45
7.9000001 0.40000001 -0.44999999
7.9000001 0.40000001 -0.34999999
7.9000001 0.40000001 -0.25
7.9000001 0.40000001 -0.15000001
7.9000001 0.40000001 -0.050000001
7.9000001 0.40000001 0.050000001
7.9000001 0.40000001 0.15000001
7.9000001 0.40000001 0.25
7.9000001 0.40000001 0.34999999
7.9000001 0.40000001 0.44999999
7.9000001 0.40000001 0.55000001
7.9000001 0.40000001 0.64999998
7.9000001 0.40000001 0.75
7.9000001 0.40000001 0.85000002
7.9000001 0.40000001 0.94999999
7.9000001 0.40000001 1.05
7.9000001 0.40000001 1.15
7.9000001 0.40000001 1.25
7.9000001 0.40000001 1.35
7.9000001 0.40000001 1.45
7.9000001 0.40000001 1.55
7.9000001 0.40000001 1.65
7.9000001 0.40000001 1.75
7.9000001 0.40000001 1.85
7.9000001 0.40000001 1.95
7.9000001 0.40000001 2.05
7.9000001 0.40000001 2.1500001
7.9000001 0.40000001 2.25
7.9000001 0.40000001 2.3499999
7.9000001 0.40000001 2.45
8.1000004 0.5 -0.44999999
8.1000004 0.5 -0.34999999
8.1000004 0.5 -0.25
8.1000004 0.5 -0.15000001
8.1000004 0.5 -0.050000001
8.1000004 0.5 0.050000001
8.1000004 0.5 0.15000001
8.1000004 0.5 0.25
8.1000004 0.5 0.34999999
8.1000004 0.5 0.44999999
8.1000004 0.5 0.55000001
8.1000004 0.5 0.64999998
8.1000004 0.5 0.75
8.1000004 0.5 0.85000002
8.1000004 0.5 0.94999999
8.1000004 0.5 1.05
8.1000004 0.5 1.15
8.1000004 0.5 1.25
8.1000004 0.5 1.35
8.1000004 0.5 1.45
8.1000004 0.5 1.55
8.1000004 0.5 1.65
8.1000004 0.5 1.75
8.1000004 0.5 1.85
8.1000004 0.5 1.95
8.1000004 0.5 2.05
8.1000004 0.5 2.1500001
8.1000004 0.5 2.25
8.1000004 0.5 2.3499999
8.1000004 0.5 2.45
8 0.5 -0.44999999
8 0.5 -0.34999999
8 0.5 -0.25
8 0.5 -0.15000001
8 0.5 -0.050000001
8 0.5 0.050000001
8 0.5 0.15000001
8 0.5 0.25
8 0.5 0.34999999
8 0.5 0.44999999
8 0.5 0.55000001
8 0.5 0.64999998
8 0.5 0.75
8 0.5 0.85000002
8 0.5 0.94999999
8 0.5 1.05
8 0.5 1.15
8 0.5 1.25
8 0.5 1.35
8 0.5 1.45
8 0.5 1.55
8 0.5 1.65
8 0.5 1.75
8 0.5 1.85
8 0.5 1.95
8 0.5 2.05
8 0.5 2.1500001
8 0.5 2.25
8 0.5 2.3499999
8 0.5 2.45
7.9000001 0.5 -0.44999999
7.9000001 0.5 -0.34999999
7.9000001 0.5 -0.25
7.9000001 0.5 -0.15000001
7.9000001 0.5 -0.050000001
7.9000001 0.5 0.050000001
7.9000001 0.5 0.15000001
7.9000001 0.5 0.25
7.9000001 0.5 0.34999999
7.9000001 0.5 0.44999999
7.9000001 0.5 0.55000001
7.9000001 0.5 0.64999998
7.9000001 0.5 0.75
7.9000001 0.5 0.85000002
7.9000001 0.5 0.94999999
7.9000001 0.5 1.05
7.9000001 0.5 1.15
7.9000001 0.5 1.25
7.9000001 0.5 1.35
7.9000001 0.5 1.45
7.9000001 0.5 1.55
7.9000001 0.5 1.65
7.9000001 0.5 1.75
7.9000001 0.5 1.85
7.9000001 0.5 1.95
7.9000001 0.5 2.05
7.9000001 0.5 2.1500001
7.9000001 0.5 2.25
7.9000001 0.5 2.3499999
7.9000001 0.5 2.45
8.1000004 0.60000002 -0.44999999
8.1000004 0.60000002 -0.34999999
8.1000004 0.60000002 -0.25
8.1000004 0.60000002 -0.15000001
8.1000004 0.60000002 -0.050000001
8.1000004 0.60000002 0.050000001
8.1000004 0.60000002 0.15000001
8.1000004 0.60000002 0.25
8.1000004 0.60000002 0.34999999
8.1000004 0.60000002 0.44999999
8.1000004 0.60000002 0.55000001
8.1000004 0.60000002 0.64999998
8.1000004 0.60000002 0.75
8.1000004 0.60000002 0.85000002
8.1000004 0.60000002 0.94999999
8.1000004 0.60000002 1.05
8.1000004 0.60000002 1.15
8.1000004 0.60000002 1.25
8.1000004 0.60000002 1.35
8.1000004 0.60000002 1.45
8.1000004 0.60000002 1.55
8.1000004 0.60000002 1.65
8.1000004 0.60000002 1.75
8.1000004 0.60000002 1.85
8.1000004 0.60000002 1.95
8.1000004 0.60000002 2.05
8.1000004 0.60000002 2.1500001
8.1000004 0.60000002 2.25
8.1000004 0.60000002 2.3499999
8.1000004 0.60000002 2.45
8 0.60000002 -0.44999999
8 0.60000002 -0.34999999
8 0.60000002 -0.25
8 0.60000002 -0.15000001
8 0.60000002 -0.050000001
8 0.60000002 0.050000001
8 0.60000002 0.15000001
8 0.60000002 0.25
8 0.60000002 0.34999999
8 0.60000002 0.44999999
8 0.60000002 0.55000001
8 0.60000002 0.64999998
8 0.60000002 0.75
8 0.60000002 0.85000002
8 0.60000002 0.94999999
8 0.60000002 1.05
8 0.60000002 1.15
8 0.60000002 1.25
8 0.60000002 1.35
8 0.60000002 1.45
8 0.60000002 1.55
8 0.60000002 1.65
8 0.60000002 1.75
8 0.60000002 1.85
8 0.60000002 1.95
8 0.60000002 2.05
8 0.60000002 2.1500001
8 0.60000002 2.25
8 0.60000002 2.3499999
8 0.60000002 2.45
7.9000001 0.60000002 -0.44999999
7.9000001 0.60000002 -0.34999999
7.9000001 0.60000002 -0.25
7.9000001 0.60000002 -0.15000001
7.9000001 0.60000002 -0.050000001
7.9000001 0.60000002 0.050000001
7.9000001 0.60000002 0.15000001
7.9000001 0.60000002 0.25
7.9000001 0.60000002 0.34999999
7.9000001 0.60000002 0.44999999
7.9000001 0.60000002 0.55000001
7.9000001 0.60000002 0.64999998
7.9000001 0.60000002 0.75
7.9000001 0.60000002 0.85000002
7.9000001 0.60000002 0.94999999
7.9000001 0.60000002 1.05
7.9000001 0.60000002 1.15
7.9000001 0.60000002 1.25
7.9000001 0.60000002 1.35
7.9000001 0.60000002 1.45
7.9000001 0.60000002 1.55
7.9000001 0.60000002 1.65
7.9000001 0.60000002 1.75
7.9000001 0.60000002 1.85
7.9000001 0.60000002 1.95
7.9000001 0.60000002 2.05
7.9000001 0.60000002 2.1500001
7.9000001 0.60000002 2.25
7.9000001 0.60000002 2.3499999
7.9000001 0.60000002 2.45
8.1000004 0.69999999 -0.44999999
8.1000004 0.69999999 -0.34999999
8.1000004 0.69999999 -0.25
8.1000004 0.69999999 -0.15000001
8.1000004 0.69999999 -0.050000001
8.1000004 0.69999999 0.050000001
8.1000004 0.69999999 0.15000001
8.1000004 0.69999999 0.25
8.1000004 0.69999999 0.34999999
8.1000004 0.69999999 0.44999999
8.1000004 0.69999999 0.55000001
8.1000004 0.69999999 0.64999998
8.1000004 0.69999999 0.75
8.1000004 0.69999999 0.85000002
8.1000004 0.69999999 0.94999999
8.1000004 0.69999999 1.05
8.1000004 0.69999999 1.15
8.1000004 0.69999999 1.25
8.1000004 0.69999999 1.35
8.1000004 0.69999999 1.45
8.1000004 0.69999999 1.55
8.1000004 0.69999999 1.65
8.1000004 0.69999999 1.75
8.1000004 0.69999999 1.85
8.1000004 0.69999999 1.95
8.1000004 0.69999999 2.05
8.1000004 0.69999999 2.1500001
8.1000004 0.69999999 2.25
8.1000004 0.69999999 2.3499999
8.1000004 0.69999999 2.45
8 0.69999999 -0.44999999
8 0.69999999 -0.34999999
8 0.69999999 -0.25
8 0.69999999 -0.15000001
8 0.69999999 -0.050000001
8 0.69999999 0.050000001
8 0.69999999 0.15000001
8 0.69999999 0.25
8 0.69999999 0.34999999
8 0.69999999 0.44999999
8 0.69999999 0.55000001
8 0.69999999 0.64999998
8 0.69999999 0.75
8 0.69999999 0.85000002
8 0.69999999 0.94999999
8 0.69999999 1.05
8 0.69999999 1.15
8 0.69999999 1.25
8 0.69999999 1.35
8 0.69999999 1.45
8 0.69999999 1.55
8 0.69999999 1.65
8 0.69999999 1.75
8 0.69999999 1.85
8 0.69999999 1.95
8 0.69999999 2.05
8 0.69999999 2.1500001
8 0.69999999 2.25
8 0.69999999 2.3499999
8 0.69999999 2.45
7.9000001 0.69999999 -0.44999999
7.9000001 0.69999999 -0.34999999
7.9000001 0.69999999 -0.25
7.9000001 0.69999999 -0.15000001
7.9000001 0.69999999 -0.050000001
7.9000001 0.69999999 0.050000001
7.9000001 0.69999999 0.15000001
7.9000001 0.69999999 0.25
7.9000001 0.69999999 0.34999999
7.9000001 0.69999999 0.44999999
7.9000001 0.69999999 0.55000001
7.9000001 0.69999999 0.64999998
7.9000001 0.69999999 0.75
7.9000001 0.69999999 0.85000002
7.9000001 0.69999999 0.94999999
7.9000001 0.69999999 1.05
7.9000001 0.69999999 1.15
7.9000001 0.69999999 1.25
7.9000001 0.69999999 1.35
7.9000001 0.69999999 1.45
7.9000001 0.69999999 1.55
7.9000001 0.69999999 1.65
7.9000001 0.69999999 1.75
7.9000001 0.69999999 1.85
7.9000001 0.69999999 1.95
7.9000001 0.69999999 2.05
7.9000001 0.69999999 2.1500001
7.9000001 0.69999999 2.25
7.9000001 0.69999999 2.3499999
7.9000001 0.69999999 2.45
8.1000004 0.80000001 -0.44999999
8.1000004 0.80000001 -0.34999999
8.1000004 0.80000001 -0.25
8.1000004 0.80000001 -0.15000001
8.1000004 0.80000001 -0.050000001
8.1000004 0.80000001 0.050000001
8.1000004 0.80000001 0.15000001
8.1000004 0.80000001 0.25
8.1000004 0.80000001 0.34999999
8.1000004 0.80000001 0.44999999
8.1000004 0.80000001 0.55000001
8.1000004 0.80000001 0.64999998
8.1000004 0.80000001 0.75
8.1000004 0.80000001 0.85000002
8.1000004 0.80000001 0.94999999
8.1000004 0.80000001 1.05
8.1000004 0.80000001 1.15
8.1000004 0.80000001 1.25
8.1000004 0.80000001 1.35
8.1000004 0.80000001 1.45
8.1000004 0.80000001 1.55
8.1000004 0.80000001 1.65
8.1000004 0.80000001 1.75
8.1000004 0.80000001 1.85
8.1000004 0.80000001 1.95
8.1000004 0.80000001 2.05
8.1000004 0.80000001 2.1500001
8.1000004 0.80000001 2.25
8.1000004 0.80000001 2.3499999
8.1000004 0.80000001 2.45
8 0.80000001 -0.44999999
8 0.80000001 -0.34999999
8 0.80000001 -0.25
8 0.80000001 -0.15000001
8 0.80000001 -0.050000001
8 0.80000001 0.050000001
8 0.80000001 0.15000001
8 0.80000001 0.25
8 0.80000001 0.34999999
8 0.80000001 0.44999999
8 0.80000001 0.55000001
8 0.80000001 0.64999998
8 0.80000001 0.75
8 0.80000001 0.85000002
8 0.80000001 0.94999999
8 0.80000001 1.05
8 0.80000001 1.15
8 0.80000001 1.25
8 0.80000001 1.35
8 0.80000001 1.45
8 0.80000001 1.55
8 0.80000001 1.65
8 0.80000001 1.75
8 0.80000001 1.85
8 0.80000001 1.95
8 0.80000001 2.05
8 0.80000001 2.1500001
8 0.80000001 2.25
8 0.80000001 2.3499999
8 0.80000001 2.45
7.9000001 0.80000001 -0.44999999
7.9000001 0.80000001 -0.34999999
7.9000001 0.80000001 -0.25
7.9000001 0.80000001 -0.15000001
7.9000001 0.80000001 -0.050000001
7.9000001 0.80000001 0.050000001
7.9000001 0.80000001 0.15000001
7.9000001 0.80000001 0.25
7.9000001 0.80000001 0.34999999
7.9000001 0.80000001 0.44999999
7.9000001 0.80000001 0.55000001
7.9000001 0.80000001 0.64999998
7.9000001 0.80000001 0.75
7.9000001 0.80000001 0.85000002
7.9000001 0.80000001 0.94999999
7.9000001 0.80000001 1.05
7.9000001 0.80000001 1.15
7.9000001 0.80000001 1.25
7.9000001 0.80000001 1.35
7.9000001 0.80000001 1.45
7.9000001 0.80000001 1.55
7.9000001 0.80000001 1.65
7.9000001 0.80000001 1.75
7.9000001 0.80000001 1.85
7.9000001 0.80000001 1.95
7.9000001 0.80000001 2.05
7.9000001 0.80000001 2.1500001
7.9000001 0.80000001 2.25
7.9000001 0.80000001 2.3499999
7.9000001 0.80000001 2.45
8.1000004 0.89999998 -0.44999999
8.1000004 0.89999998 -0.34999999
8.1000004 0.89999998 -0.25
8.1000004 0.89999998 -0.15000001
8.1000004 0.89999998 -0.050000001
8.1000004 0.89999998 0.050000001
8.1000004 0.89999998 0.15000001
8.1000004 0.89999998 0.25
8.1000004 0.89999998 0.34999999
8.1000004 0.89999998 0.44999999
8.1000004 0.89999998 0.55000001
8.1000004 0.89999998 0.64999998
8.1000004 0.89999998 0.75
8.1000004 0.89999998 0.85000002
8.1000004 0.89999998 0.94999999
8.1000004 0.89999998 1.05
8.1000004 0.89999998 1.15
8.1000004 0.89999998 1.25
8.1000004 0.89999998 1.35
8.1000004 0.89999998 1.45
8.1000004 0.89999998 1.55
8.1000004 0.89999998 1.65
8.1000004 0.89999998 1.75
8.1000004 0.89999998 1.85
8.1000004 0.89999998 1.95
8.1000004 0.89999998 2.05
8.1000004 0.89999998 2.1500001
8.1000004 0.89999998 2.25
8.1000004 0.89999998 2.3499999
8.1000004 0.89999998 2.45
8 0.89999998 -0.44999999
8 0.89999998 -0.34999999
8 0.89999998 -0.25
8 0.89999998 -0.15000001
8 0.89999998 -0.050000001
8 0.89999998 0.050000001
8 0.89999998 0.15000001
8 0.89999998 0.25
8 0.89999998 0.34999999
8 0.89999998 0.44999999
8 0.89999998 0.55000001
8 0.89999998 0.64999998
8 0.89999998 0.75
8 0.89999998 0.85000002
8 0.89999998 0.94999999
8 0.89999998 1.05
8 0.89999998 1.15
8 0.89999998 1.25
8 0.89999998 1.35
8 0.89999998 1.45
8 0.89999998 1.55
8 0.89999998 1.65
8 0.89999998 1.75
8 0.89999998 1.85
8 0.89999998 1.95
8 0.89999998 2.05
8 0.89999998 2.1500001
8 0.89999998 2.25
8 0.89999998 2.3499999
8 0.89999998 2.45
7.9000001 0.89999998 -0.44999999
7.9000001 0.89999998 -0.34999999
7.9000001 0.89999998 -0.25
7.9000001 0.89999998 -0.15000001
7.9000001 0.89999998 -0.050000001
7.9000001 0.89999998 0.050000001
7.9000001 0.89999998 0.15000001
7.9000001 0.89999998 0.25
7.9000001 0.89999998 0.34999999
7.9000001 0.89999998 0.44999999
7.9000001 0.89999998 0.55000001
7.9000001 0.89999998 0.64999998
7.9000001 0.89999998 0.75
7.9000001 0.89999998 0.85000002
7.9000001 0.89999998 0.94999999
7.9000001 0.89999998 1.05
7.9000001 0.89999998 1.15
7.9000001 0.89999998 1.25
7.9000001 0.89999998 1.35
7.9000001 0.89999998 1.45
7.9000001 0.89999998 1.55
7.9000001 0.89999998 1.65
7.9000001 0.89999998 1.75
7.9000001 0.89999998 1.85
7.9000001 0.89999998 1.95
7.9000001 0.89999998 2.05
7.9000001 0.89999998 2.1500001
7.9000001 0.89999998 2.25
7.9000001 0.89999998 2.3499999
7.9000001 0.89999998 2.45
8.1000004 1 -0.44999999
8.1000004 1 -0.34999999
8.1000004 1 -0.25
8.1000004 1 -0.15000001
8.1000004 1 -0.050000001
8.1000004 1 0.050000001
8.1000004 1 0.15000001
8.1000004 1 0.25
8.1000004 1 0.34999999
8.1000004 1 0.44999999
8.1000004 1 0.55000001
8.1000004 1 0.64999998
8.1000004 1 0.75
8.1000004 1 0.85000002
8.1000004 1 0.94999999
8.1000004 1 1.05
8.1000004 1 1.15
8.1000004 1 1.25
8.1000004 1 1.35
8.1000004 1 1.45
8.1000004 1 1.55
8.1000004 1 1.65
8.1000004 1 1.75
8.1000004 1 1.85
8.1000004 1 1.95
8.1000004 1 2.05
8.1000004 1 2.1500001
8.1000004 1 2.25
8.1000004 1 2.3499999
8.1000004 1 2.45
8 1 -0.44999999
8 1 -0.34999999
8 1 -0.25
8 1 -0.15000001
8 1 -0.050000001
8 1 0.050000001
8 1 0.15000001
8 1 0.25
8 1 0.34999999
8 1 0.44999999
8 1 0.55000001
8 1 0.64999998
8 1 0.75
8 1 0.85000002
8 1 0.94999999
8 1 1.05
8 1 1.15
8 1 1.25
8 1 1.35
8 1 1.45
8 1 1.55
8 1 1.65
8 1 1.75
8 1 1.85
8 1 1.95
8 1 2.05
8 1 2.1500001
8 1 2.25
8 1 2.3499999
8 1 2.45
7.9000001 1 -0.44999999
7.9000001 1 -0.34999999
7.9000001 1 -0.25
7.9000001 1 -0.15000001
7.9000001 1 -0.050000001
7.9000001 1 0.050000001
7.9000001 1 0.15000001
7.9000001 1 0.25
7.9000001 1 0.34999999
7.9000001 1 0.44999999
7.9000001 1 0.55000001
7.9000001 1 0.64999998
7.9000001 1 0.75
7.9000001 1 0.85000002
7.9000001 1 0.94999999
7.9000001 1 1.05
7.9000001 1 1.15
7.9000001 1 1.25
7.9000001 1 1.35
7.9000001 1 1.45
7.9000001 1 1.55
7.9000001 1 1.65
7.9000001 1 1.75
7.9000001 1 1.85
7.9000001 1 1.95
7.9000001 1 2.05
7.9000001 1 2.1500001
7.9000001 1 2.25
7.9000001 1 2.3499999
7.9000001 1 2.45
8.1000004 1.1 -0.44999999
8.1000004 1.1 -0.34999999
8.1000004 1.1 -0.25
8.1000004 1.1 -0.15000001
8.1000004 1.1 -0.050000001
8.1000004 1.1 0.050000001
8.1000004 1.1 0.15000001
8.1000004 1.1 0.25
8.1000004 1.1 0.34999999
8.1000004 1.1 0.44999999
8.1000004 1.1 0.55000001
8.1000004 1.1 0.64999998
8.1000004 1.1 0.75
8.1000004 1.1 0.85000002
8.1000004 1.1 0.94999999
8.1000004 1.1 1.05
8.1000004 1.1 1.15
8.1000004 1.1 1.25
8.1000004 1.1 1.35
8.1000004 1.1 1.45
8.1000004 1.1 1.55
8.1000004 1.1 1.65
8.1000004 1.1 1.75
8.1000004 1.1 1.85
8.1000004 1.1 1.95
8.1000004 1.1 2.05
8.1000004 1.1 2.1500001
8.1000004 1.1 2.25
8.1000004 1.1 2.3499999
8.1000004 1.1 2.45
8 1.1 -0.44999999
8 1.1 -0.34999999
8 1.1 -0.25
8 1.1 -0.15000001
8 1.1 -0.050000001
8 1.1 0.050000001
8 1.1 0.15000001
8 1.1 0.25
8 1.1 0.34999999
8 1.1 0.44999999
8 1.1 0.55000001
8 1.1 0.64999998
8 1.1 0.75
8 1.1 0.85000002
8 1.1 0.94999999
8 1.1 1.05
8 1.1 1.15
8 1.1 1.25
8 1.1 1.35
8 1.1 1.45
8 1.1 1.55
8 1.1 1.65
8 1.1 1.75
8 1.1 1.85
8 1.1 1.95
8 1.1 2.05
8 1.1 2.1500001
8 1.1 2.25
8 1.1 2.3499999
8 1.1 2.45
7.9000001 1.1 -0.44999999
7.9000001 1.1 -0.34999999
7.9000001 1.1 -0.25
7.9000001 1.1 -0.15000001
7.9000001 1.1 -0.050000001
7.9000001 1.1 0.050000001
7.9000001 1.1 0.15000001
7.9000001 1.1 0.25
7.9000001 1.1 0.34999999
7.9000001 1.1 0.44999999
7.9000001 1.1 0.55000001
7.9000001 1.1 0.64999998
7.9000001 1.1 0.75
7.9000001 1.1 0.85000002
7.9000001 1.1 0.94999999
7.9000001 1.1 1.05
7.9000001 1.1 1.15
7.9000001 1.1 1.25
7.9000001 1.1 1.35
7.9000001 1.1 1.45
7.9000001 1.1 1.55
7.9000001 1.1 1.65
7.9000001 1.1 1.75
7.9000001 1.1 1.85
7.9000001 1.1 1.95
7.9000001 1.1 2.05
7.9000001 1.1 2.1500001
7.9000001 1.1 2.25
7.9000001 1.1 2.3499999
7.9000001 1.1 2.45
8.1000004 1.2 -0.44999999
8.1000004 1.2 -0.34999999
8.1000004 1.2 -0.25
8.1000004 1.2 -0.15000001
8.1000004 1.2 -0.050000001
8.1000004 1.2 0.050000001
8.1000004 1.2 0.15000001
8.1000004 1.2 0.25
8.1000004 1.2 0.34999999
8.1000004 1.2 0.44999999
8.1000004 1.2 0.55000001
8.1000004 1.2 0.64999998
8.1000004 1.2 0.75
8.1000004 1.2 0.85000002
8.1000004 1.2 0.94999999
8.1000004 1.2 1.05
8.1000004 1.2 1.15
8.1000004 1.2 1.25
8.1000004 1.2 1.35
8.1000004 1.2 1.45
8.1000004 1.2 1.55
8.1000004 1.2 1.65
8.1000004 1.2 1.75
8.1000004 1.2 1.85
8.1000004 1.2 1.95
8.1000004 1.2 2.05
8.1000004 1.2 2.1500001
8.1000004 1.2 2.25
8.1000004 1.2 2.3499999
8.1000004 1.2 2.45
8 1.2 -0.44999999
8 1.2 -0.34999999
8 1.2 -0.25
8 1.2 -0.15000001
8 1.2 -0.050000001
8 1.2 0.050000001
8 1.2 0.15000001
8 1.2 0.25
8 1.2 0.34999999
8 1.2 0.44999999
8 1.2 0.55000001
8 1.2 0.64999998
8 1.2 0.75
8 1.2 0.85000002
8 1.2 0.94999999
8 1.2 1.05
8 1.2 1.15
8 1.2 1.25
8 1.2 1.35
8 1.2 1.45
8 1.2 1.55
8 1.2 1.65
8 1.2 1.75
8 1.2 1.85
8 1.2 1.95
8 1.2 2.05
8 1.2 2.1500001
8 1.2 2.25
8 1.2 2.3499999
8 1.2 2.45
7.9000001 1.2 -0.44999999
7.9000001 1.2 -0.34999999
7.9000001 1.2 -0.25
7.9000001 1.2 -0.15000001
7.9000001 1.2 -0.050000001
7.9000001 1.2 0.050000001
7.9000001 1.2 0.15000001
7.9000001 1.2 0.25
7.9000001 1.2 0.34999999
7.9000001 1.2 0.44999999
7.9000001 1.2 0.55000001
7.9000001 1.2 0.64999998
7.9000001 1.2 0.75
7.9000001 1.2 0.85000002
7.9000001 1.2 0.94999999
7.9000001 1.2 1.05
7.9000001 1.2 1.15
7.9000001 1.2 1.25
7.9000001 1.2 1.35
7.9000001 1.2 1.45
7.9000001 1.2 1.55
7.9000001 1.2 1.65
7.9000001 1.2 1.75
7.9000001 1.2 1.85
7.9000001 1.2 1.95
7.9000001 1.2 2.05
7.9000001 1.2 2.1500001
7.9000001 1.2 2.25
7.9000001 1.2 2.3499999
7.9000001 1.2 2.45
8.1000004 1.3 -0.44999999
8.1000004 1.3 -0.34999999
8.1000004 1.3 -0.25
8.1000004 1.3 -0.15000001
8.1000004 1.3 -0.050000001
8.1000004 1.3 0.050000001
8.1000004 1.3 0.15000001
8.1000004 1.3 0.25
8.1000004 1.3 0.34999999
8.1000004 1.3 0.44999999
8.1000004 1.3 0.55000001
8.1000004 1.3 0.64999998
8.1000004 1.3 0.75
8.1000004 1.3 0.85000002
8.1000004 1.3 0.94999999
8.1000004 1.3 1.05
8.1000004 1.3 1.15
8.1000004 1.3 1.25
8.1000004 1.3 1.35
8.1000004 1.3 1.45
8.1000004 1.3 1.55
8.1000004 1.3 1.65
8.1000004 1.3 1.75
8.1000004 1.3 1.85
8.1000004 1.3 1.95
8.1000004 1.3 2.05
8.1000004 1.3 2.1500001
8.1000004 1.3 2.25
8.1000004 1.3 2.3499999
8.1000004 1.3 2.45
8 1.3 -0.44999999
8 1.3 -0.34999999
8 1.3 -0.25
8 1.3 -0.15000001
8 1.3 -0.050000001
8 1.3 0.050000001
8 1.3 0.15000001
8 1.3 0.25
8 1.3 0.34999999
8 1.3 0.44999999
8 1.3 0.55000001
8 1.3 0.64999998
8 1.3 0.75
8 1.3 0.85000002
8 1.3 0.94999999
8 1.3 1.05
8 1.3 1.15
8 1.3 1.25
8 1.3 1.35
8 1.3 1.45
8 1.3 1.55
8 1.3 1.65
8 1.3 1.75
8 1.3 1.85
8 1.3 1.95
8 1.3 2.05
8 1.3 2.1500001
8 1.3 2.25
8 1.3 2.3499999
8 1.3 2.45
7.9000001 1.3 -0.44999999
7.9000001 1.3 -0.34999999
7.9000001 1.3 -0.25
7.9000001 1.3 -0.15000001
7.9000001 1.3 -0.050000001
7.9000001 1.3 0.050000001
7.9000001 1.3 0.15000001
7.9000001 1.3 0.25
7.9000001 1.3 0.34999999
7.9000001 1.3 0.44999999
7.9000001 1.3 0.55000001
7.9000001 1.3 0.64999998
7.9000001 1.3 0.75
7.9000001 1.3 0.85000002
7.9000001 1.3 0.94999999
7.9000001 1.3 1.05
7.9000001 1.3 1.15
7.9000001 1.3 1.25
7.9000001 1.3 1.35
7.9000001 1.3 1.45
7.9000001 1.3 1.55
7.9000001 1.3 1.65
7.9000001 1.3 1.75
7.9000001 1.3 1.85
7.9000001 1.3 1.95
7.9000001 1.3 2.05
7.9000001 1.3 2.1500001
7.9000001 1.3 2.25
7.9000001 1.3 2.3499999
7.9000001 1.3 2.45
8.1000004 1.4 -0.44999999
8.1000004 1.4 -0.34999999
8.1000004 1.4 -0.25
8.1000004 1.4 -0.15000001
8.1000004 1.4 -0.050000001
8.1000004 1.4 0.050000001
8.1000004 1.4 0.15000001
8.1000004 1.4 0.25
8.1000004 1.4 0.34999999
8.1000004 1.4 0.44999999
8.1000004 1.4 0.55000001
8.1000004 1.4 0.64999998
8.1000004 1.4 0.75
8.1000004 1.4 0.85000002
8.1000004 1.4 0.94999999
8.1000004 1.4 1.05
8.1000004 1.4 1.15
8.1000004 1.4 1.25
8.1000004 1.4 1.35
8.1000004 1.4 1.45
8.1000004 1.4 1.55
8.1000004 1.4 1.65
8.1000004 1.4 1.75
8.1000004 1.4 1.85
8.1000004 1.4 1.95
8.1000004 1.4 2.05
8.1000004 1.4 2.1500001
8.1000004 1.4 2.25
8.1000004 1.4 2.3499999
8.1000004 1.4 2.45
8 1.4 -0.44999999
8 1.4 -0.34999999
8 1.4 -0.25
8 1.4 -0.15000001
8 1.4 -0.050000001
8 1.4 0.050000001
8 1.4 0.15000001
8 1.4 0.25
8 1.4 0.34999999
8 1.4 0.44999999
8 1.4 0.55000001
8 1.4 0.64999998
8 1.4 0.75
8 1.4 0.85000002
8 1.4 0.94999999
8 1.4 1.05
8 1.4 1.15
8 1.4 1.25
8 1.4 1.35
8 1.4 1.45
8 1.4 1.55
8 1.4 1.65
8 1.4 1.75
8 1.4 1.85
8 1.4 1.95
8 1.4 2.05
8 1.4 2.1500001
8 1.4 2.25
8 1.4 2.3499999
8 1.4 2.45
7.9000001 1.4 -0.44999999
7.9000001 1.4 -0.34999999
7.9000001 1.4 -0.25
7.9000001 1.4 -0.15000001
7.9000001 1.4 -0.050000001
7.9000001 1.4 0.050000001
7.9000001 1.4 0.15000001
7.9000001 1.4 0.25
7.9000001 1.4 0.34999999
7.9000001 1.4 0.44999999
7.9000001 1.4 0.55000001
7.9000001 1.4 0.64999998
7.9000001 1.4 0.75
7.9000001 1.4 0.85000002
7.9000001 1.4 0.94999999
7.9000001 1.4 1.05
7.9000001 1.4 1.15
7.9000001 1.4 1.25
7.9000001 1.4 1.35
7.9000001 1.4 1.45
7.9000001 1.4 1.55
7.9000001 1.4 1.65
7.9000001 1.4 1.75
7.9000001 1.4 1.85
7.9000001 1.4 1.95
7.9000001 1.4 2.05
7.9000001 1.4 2.1500001
7.9000001 1.4 2.25
7.9000001 1.4 2.3499999
7.9000001 1.4 2.45
8.1000004 1.5 -0.44999999
8.1000004 1.5 -0.34999999
8.1000004 1.5 -0.25
8.1000004 1.5 -0.15000001
8.1000004 1.5 -0.050000001
8.1000004 1.5 0.050000001
8.1000004 1.5 0.15000001
8.1000004 1.5 0.25
8.1000004 1.5 0.34999999
8.1000004 1.5 0.44999999
8.1000004 1.5 0.55000001
8.1000004 1.5 0.64999998
8.1000004 1.5 0.75
8.1000004 1.5 0.85000002
8.1000004 1.5 0.94999999
8.1000004 1.5 1.05
8.1000004 1.5 1.15
8.1000004 1.5 1.25
8.1000004 1.5 1.35
8.1000004 1.5 1.45
8.1000004 1.5 1.55
8.1000004 1.5 1.65
8.1000004 1.5 1.75
8.1000004 1.5 1.85
8.1000004 1.5 1.95
8.1000004 1.5 2.05
8.1000004 1.5 2.1500001
8.1000004 1.5 2.25
8.1000004 1.5 2.3499999
8.1000004 1.5 2.45
8 1.5 -0.44999999
8 1.5 -0.34999999
8 1.5 -0.25
8 1.5 -0.15000001
8 1.5 -0.050000001
8 1.5 0.050000001
8 1.5 0.15000001
8 1.5 0.25
8 1.5 0.34999999
8 1.5 0.44999999
8 1.5 0.55000001
8 1.5 0.64999998
8 1.5 0.75
8 1.5 0.85000002
8 1.5 0.94999999
8 1.5 1.05
8 1.5 1.15
8 1.5 1.25
8 1.5 1.35
8 1.5 1.45
8 1.5 1.55
8 1.5 1.65
8 1.5 1.75
8 1.5 1.85
8 1.5 1.95
8 1.5 2.05
8 1.5 2.1500001
8 1.5 2.25
8 1.5 2.3499999
8 1.5 2.45
7.9000001 1.5 -0.44999999
7.9000001 1.5 -0.34999999
7.9000001 1.5 -0.25
7.9000001 1.5 -0.15000001
7.9000001 1.5 -0.050000001
7.9000001 1.5 0.050000001
7.9000001 1.5 0.15000001
7.9000001 1.5 0.25
7.9000001 1.5 0.34999999
7.9000001 1.5 0.44999999
7.9000001 1.5 0.55000001
7.9000001 1.5 0.64999998
7.9000001 1.5 0.75
7.9000001 1.5 0.85000002
7.9000001 1.5 0.94999999
7.9000001 1.5 1.05
7.9000001 1.5 1.15
7.9000001 1.5 1.25
7.9000001 1.5 1.35
7.9000001 1.5 1.45
7.9000001 1.5 1.55
7.9000001 1.5 1.65
7.9000001 1.5 1.75
7.9000001 1.5 1.85
7.9000001 1.5 1.95
7.9000001 1.5 2.05
7.9000001 1.5 2.1500001
7.9000001 1.5 2.25
7.9000001 1.5 2.3499999
7.9000001 1.5 2.45
8.1000004 1.6 -0.44999999
8.1000004 1.6 -0.34999999
8.1000004 1.6 -0.25
8.1000004 1.6 -0.15000001
8.1000004 1.6 -0.050000001
8.1000004 1.6 0.050000001
8.1000004 1.6 0.15000001
8.1000004 1.6 0.25
8.1000004 1.6 0.34999999
8.1000004 1.6 0.44999999
8.1000004 1.6 0.55000001
8.1000004 1.6 0.64999998
8.1000004 1.6 0.75
8.1000004 1.6 0.85000002
8.1000004 1.6 0.94999999
8.1000004 1.6 1.05
8.1000004 1.6 1.15
8.1000004 1.6 1.25
8.1000004 1.6 1.35
8.1000004 1.6 1.45
8.1000004 1.6 1.55
8.1000004 1.6 1.65
8.1000004 1.6 1.75
8.1000004 1.6 1.85
8.1000004 1.6 1.95
8.1000004 1.6 2.05
8.1000004 1.6 2.1500001
8.1000004 1.6 2.25
8.1000004 1.6 2.3499999
8.1000004 1.6 2.45
8 1.6 -0.44999999
8 1.6 -0.34999999
8 1.6 -0.25
8 1.6 -0.15000001
8 1.6 -0.050000001
8 1.6 0.050000001
8 1.6 0.15000001
8 1.6 0.25
8 1.6 0.34999999
8 1.6 0.44999999
8 1.6 0.55000001
8 1.6 0.64999998
8 1.6 0.75
8 1.6 0.85000002
8 1.6 0.94999999
8 1.6 1.05
8 1.6 1.15
8 1.6 1.25
8 1.6 1.35
8 1.6 1.45
8 1.6 1.55
8 1.6 1.65
8 1.6 1.75
8 1.6 1.85
8 1.6 1.95
8 1.6 2.05
8 1.6 2.1500001
8 1.6 2.25
8 1.6 2.3499999
8 1.6 2.45
7.9000001 1.6 -0.44999999
7.9000001 1.6 -0.34999999
7.9000001 1.6 -0.25
7.9000001 1.6 -0.15000001
7.9000001 1.6 -0.050000001
7.9000001 1.6 0.050000001
7.9000001 1.6 0.15000001
7.9000001 1.6 0.25
7.9000001 1.6 0.34999999
7.9000001 1.6 0.44999999
7.9000001 1.6 0.55000001
7.9000001 1.6 0.64999998
7.9000001 1.6 0.75
7.9000001 1.6 0.85000002
7.9000001 1.6 0.94999999
7.9000001 1.6 1.05
7.9000001 1.6 1.15
7.9000001 1.6 1.25
7.9000001 1.6 1.35
7.9000001 1.6 1.45
7.9000001 1.6 1.55
7.9000001 1.6 1.65
7.9000001 1.6 1.75
7.9000001 1.6 1.85
7.9000001 1.6 1.95
7.9000001 1.6 2.05
7.9000001 1.6 2.1500001
7.9000001 1.6 2.25
7.9000001 1.6 2.3499999
7.9000001 1.6 2.45
8.1000004 1.7 -0.44999999
8.1000004 1.7 -0.34999999
8.1000004 1.7 -0.25
8.1000004 1.7 -0.15000001
8.1000004 1.7 -0.050000001
8.1000004 1.7 0.050000001
8.1000004 1.7 0.15000001
8.1000004 1.7 0.25
8.1000004 1.7 0.34999999
8.1000004 1.7 0.44999999
8.1000004 1.7 0.55000001
8.1000004 1.7 0.64999998
8.1000004 1.7 0.75
8.1000004 1.7 0.85000002
8.1000004 1.7 0.94999999
8.1000004 1.7 1.05
8.1000004 1.7 1.15
8.1000004 1.7 1.25
8.1000004 1.7 1.35
8.1000004 1.7 1.45
8.1000004 1.7 1.55
8.1000004 1.7 1.65
8.1000004 1.7 1.75
8.1000004 1.7 1.85
8.1000004 1.7 1.95
8.1000004 1.7 2.05
8.1000004 1.7 2.1500001
8.1000004 1.7 2.25
8.1000004 1.7 2.3499999
8.1000004 1.7 2.45
8 1.7 -0.44999999
8 1.7 -0.34999999
8 1.7 -0.25
8 1.7 -0.15000001
8 1.7 -0.050000001
8 1.7 0.050000001
8 1.7 0.15000001
8 1.7 0.25
8 1.7 0.34999999
8 1.7 0.44999999
8 1.7 0.55000001
8 1.7 0.64999998
8 1.7 0.75
8 1.7 0.85000002
8 1.7 0.94999999
8 1.7 1.05
8 1.7 1.15
8 1.7 1.25
8 1.7 1.35
8 1.7 1.45
8 1.7 1.55
8 1.7 1.65
8 1.7 1.75
8 1.7 1.85
8 1.7 1.95
8 1.7 2.05
8 1.7 2.1500001
8 1.7 2.25
8 1.7 2.3499999
8 1.7 2.45
7.9000001 1.7 -0.44999999
7.9000001 1.7 -0.34999999
7.9000001 1.7 -0.25
7.9000001 1.7 -0.15000001
7.9000001 1.7 -0.050000001
7.9000001 1.7 0.050000001
7.9000001 1.7 0.15000001
7.9000001 1.7 0.25
7.9000001 1.7 0.34999999
7.9000001 1.7 0.44999999
7.9000001 1.7 0.55000001
7.9000001 1.7 0.64999998
7.9000001 1.7 0.75
7.9000001 1.7 0.85000002
7.9000001 1.7 0.94999999
7.9000001 1.7 1.05
7.9000001 1.7 1.15
7.9000001 1.7 1.25
7.9000001 1.7 1.35
7.9000001 1.7 1.45
7.9000001 1.7 1.55
7.9000001 1.7 1.65
7.9000001 1.7 1.75
7.9000001 1.7 1.85
7.9000001 1.7 1.95
7.9000001 1.7 2.05
7.9000001 1.7 2.1500001
7.9000001 1.7 2.25
7.9000001 1.7 2.3499999
7.9000001 1.7 2.45
8.1000004 1.8 -0.44999999
8.1000004 1.8 -0.34999999
8.1000004 1.8 -0.25
8.1000004 1.8 -0.15000001
8.1000004 1.8 -0.050000001
8.1000004 1.8 0.050000001
8.1000004 1.8 0.15000001
8.1000004 1.8 0.25
8.1000004 1.8 0.34999999
8.1000004 1.8 0.44999999
8.1000004 1.8 0.55000001
8.1000004 1.8 0.64999998
8.1000004 1.8 0.75
8.1000004 1.8 0.85000002
8.1000004 1.8 0.94999999
8.1000004 1.8 1.05
8.1000004 1.8 1.15
8.1000004 1.8 1.25
8.1000004 1.8 1.35
8.1000004 1.8 1.45
8.1000004 1.8 1.55
8.1000004 1.8 1.65
8.1000004 1.8 1.75
8.1000004 1.8 1.85
8.1000004 1.8 1.95
8.1000004 1.8 2.05
8.1000004 1.8 2.1500001
8.1000004 1.8 2.25
8.1000004 1.8 2.3499999
8.1000004 1.8 2.45
8 1.8 -0.44999999
8 1.8 -0.34999999
8 1.8 -0.25
8 1.8 -0.15000001
8 1.8 -0.050000001
8 1.8 0.050000001
8 1.8 0.15000001
8 1.8 0.25
8 1.8 0.34999999
8 1.8 0.44999999
8 1.8 0.55000001
8 1.8 0.64999998
8 1.8 0.75
8 1.8 0.85000002
8 1.8 0.94999999
8 1.8 1.05
8 1.8 1.15
8 1.8 1.25
8 1.8 1.35
8 1.8 1.45
8 1.8 1.55
8 1.8 1.65
8 1.8 1.75
8 1.8 1.85
8 1.8 1.95
8 1.8 2.05
8 1.8 2.1500001
8 1.8 2.25
8 1.8 2.3499999
8 1.8 2.45
7.9000001 1.8 -0.44999999
7.9000001 1.8 -0.34999999
7.9000001 1.8 -0.25
7.9000001 1.8 -0.15000001
7.9000001 1.8 -0.050000001
7.9000001 1.8 0.050000001
7.9000001 1.8 0.15000001
7.9000001 1.8 0.25
7.9000001 1.8 0.34999999
7.9000001 1.8 0.44999999
7.9000001 1.8 0.55000001
7.9000001 1.8 0.64999998
7.9000001 1.8 0.75
7.9000001 1.8 0.85000002
7.9000001 1.8 0.94999999
7.9000001 1.8 1.05
7.9000001 1.8 1.15
7.9000001 1.8 1.25
7.9000001 1.8 1.35
7.9000001 1.8 1.45
7.9000001 1.8 1.55
7.9000001 1.8 1.65
7.9000001 1.8 1.75
7.9000001 1.8 1.85
7.9000001 1.8 1.95
7.9000001 1.8 2.05
7.9000001 1.8 2.1500001
7.9000001 1.8 2.25
7.9000001 1.8 2.3499999
7.9000001 1.8 2.45
8.1000004 1.9 -0.44999999
8.1000004 1.9 -0.34999999
8.1000004 1.9 -0.25
8.1000004 1.9 -0.15000001
8.1000004 1.9 -0.050000001
8.1000004 1.9 0.050000001
8.1000004 1.9 0.15000001
8.1000004 1.9 0.25
8.1000004 1.9 0.34999999
8.1000004 1.9 0.44999999
8.1000004 1.9 0.55000001
8.1000004 1.9 0.64999998
8.1000004 1.9 0.75
8.1000004 1.9 0.85000002
8.1000004 1.9 0.94999999
8.1000004 1.9 1.05
8.1000004 1.9 1.15
8.1000004 1.9 1.25
8.1000004 1.9 1.35
8.1000004 1.9 1.45
8.1000004 1.9 1.55
8.1000004 1.9 1.65
8.1000004 1.9 1.75
8.1000004 1.9 1.85
8.1000004 1.9 1.95
8.1000004 1.9 2.05
8.1000004 1.9 2.1500001
8.1000004 1.9 2.25
8.1000004 1.9 2.3499999
8.1000004 1.9 2.45
8 1.9 -0.44999999
8 1.9 -0.34999999
8 1.9 -0.25
8 1.9 -0.15000001
8 1.9 -0.050000001
8 1.9 0.050000001
8 1.9 0.15000001
8 1.9 0.25
8 1.9 0.34999999
8 1.9 0.44999999
8 1.9 0.55000001
8 1.9 0.64999998
8 1.9 0.75
8 1.9 0.85000002
8 1.9 0.94999999
8 1.9 1.05
8 1.9 1.15
8 1.9 1.25
8 1.9 1.35
8 1.9 1.45
8 1.9 1.55
8 1.9 1.65
8 1.9 1.75
8 1.9 1.85
8 1.9 1.95
8 1.9 2.05
8 1.9 2.1500001
8 1.9 2.25
8 1.9 2.3499999
8 1.9 2.45
7.9000001 1.9 -0.44999999
7.9000001 1.9 -0.34999999
7.9000001 1.9 -0.25
7.9000001 1.9 -0.15000001
7.9000001 1.9 -0.050000001
7.9000001 1.9 0.050000001
7.9000001 1.9 0.15000001
7.9000001 1.9 0.25
7.9000001 1.9 0.34999999
7.9000001 1.9 0.44999999
7.9000001 1.9 0.55000001
7.9000001 1.9 0.64999998
7.9000001 1.9 0.75
7.9000001 1.9 0.85000002
7.9000001 1.9 0.94999999
7.9000001 1.9 1.05
7.9000001 1.9 1.15
7.9000001 1.9 1.25
7.9000001 1.9 1.35
7.9000001 1.9 1.45
7.9000001 1.9 1.55
7.9000001 1.9 1.65
7.9000001 1.9 1.75
7.9000001 1.9 1.85
7.9000001 1.9 1.95
7.9000001 1.9 2.05
7.9000001 1.9 2.1500001
7.9000001 1.9 2.25
7.9000001 1.9 2.3499999
7.9000001 1.9 2.45
8.1000004 2 -0.44999999
8.1000004 2 -0.34999999
8.1000004 2 -0.25
8.1000004 2 -0.15000001
8.1000004 2 -0.050000001
8.1000004 2 0.050000001
8.1000004 2 0.15000001
8.1000004 2 0.25
8.1000004 2 0.34999999
8.1000004 2 0.44999999
8.1000004 2 0.55000001
8.1000004 2 0.64999998
8.1000004 2 0.75
8.1000004 2 0.85000002
8.1000004 2 0.94999999
8.1000004 2 1.05
8.1000004 2 1.15
8.1000004 2 1.25
8.1000004 2 1.35
8.1000004 2 1.45
8.1000004 2 1.55
8.1000004 2 1.65
8.1000004 2 1.75
8.1000004 2 1.85
8.1000004 2 1.95
8.1000004 2 2.05
8.1000004 2 2.1500001
8.1000004 2 2.25
8.1000004 2 2.3499999
8.1000004 2 2.45
8 2 -0.44999999
8 2 -0.34999999
8 2 -0.25
8 2 -0.15000001
8 2 -0.050000001
8 2 0.050000001
8 2 0.15000001
8 2 0.25
8 2 0.34999999
8 2 0.44999999
8 2 0.55000001
8 2 0.64999998
8 2 0.75
8 2 0.85000002
8 2 0.94999999
8 2 1.05
8 2 1.15
8 2 1.25
8 2 1.35
8 2 1.45
8 2 1.55
8 2 1.65
8 2 1.75
8 2 1.85
8 2 1.95
8 2 2.05
8 2 2.1500001
8 2 2.25
8 2 2.3499999
8 2 2.45
7.9000001 2 -0.44999999
7.9000001 2 -0.34999999
7.9000001 2 -0.25
7.9000001 2 -0.15000001
7.9000001 2 -0.050000001
7.9000001 2 0.050000001
7.9000001 2 0.15000001
7.9000001 2 0.25
7.9000001 2 0.34999999
7.9000001 2 0.44999999
7.9000001 2 0.55000001
7.9000001 2 0.64999998
7.9000001 2 0.75
7.9000001 2 0.85000002
7.9000001 2 0.94999999
7.9000001 2 1.05
7.9000001 2 1.15
7.9000001 2 1.25
7.9000001 2 1.35
7.9000001 2 1.45
7.9000001 2 1.55
7.9000001 2 1.65
7.9000001 2 1.75
7.9000001 2 1.85
7.9000001 2 1.95
7.9000001 2 2.05
7.9000001 2 2.1500001
7.9000001 2 2.25
7.9000001 2 2.3499999
7.9000001 2 2.45
8.1000004 2.0999999 -0.44999999
8.1000004 2.0999999 -0.34999999
8.1000004 2.0999999 -0.25
8.1000004 2.0999999 -0.15000001
8.1000004 2.0999999 -0.050000001
8.1000004 2.0999999 0.050000001
8.1000004 2.0999999 0.15000001
8.1000004 2.0999999 0.25
8.1000004 2.0999999 0.34999999
8.1000004 2.0999999 0.44999999
8.1000004 2.0999999 0.55000001
8.1000004 2.0999999 0.64999998
8.1000004 2.0999999 0.75
8.1000004 2.0999999 0.85000002
8.1000004 2.0999999 0.94999999
8.1000004 2.0999999 1.05
8.1000004 2.0999999 1.15
8.1000004 2.0999999 1.25
8.1000004 2.0999999 1.35
8.1000004 2.0999999 1.45
8.1000004 2.0999999 1.55
8.1000004 2.0999999 1.65
8.1000004 2.0999999 1.75
8.1000004 2.0999999 1.85
8.1000004 2.0999999 1.95
8.1000004 2.0999999 2.05
8.1000004 2.0999999 2.1500001
8.1000004 2.0999999 2.25
8.1000004 2.0999999 2.3499999
8.1000004 2.0999999 2.45
8 2.0999999 -0.44999999
8 2.0999999 -0.34999999
8 2.0999999 -0.25
8 2.0999999 -0.15000001
8 2.0999999 -0.050000001
8 2.0999999 0.050000001
8 2.0999999 0.15000001
8 2.0999999 0.25
8 2.0999999 0.34999999
8 2.0999999 0.44999999
8 2.0999999 0.55000001
8 2.0999999 0.64999998
8 2.0999999 0.75
8 2.0999999 0.85000002
8 2.0999999 0.94999999
8 2.0999999 1.05
8 2.0999999 1.15
8 2.0999999 1.25
8 2.0999999 1.35
8 2.0999999 1.45
8 2.0999999 1.55
8 2.0999999 1.65
8 2.0999999 1.75
8 2.0999999 1.85
8 2.0999999 1.95
8 2.0999999 2.05
8 2.0999999 2.1500001
8 2.0999999 2.25
8 2.0999999 2.3499999
8 2.0999999 2.45
7.9000001 2.0999999 -0.44999999
7.9000001 2.0999999 -0.34999999
7.9000001 2.0999999 -0.25
7.9000001 2.0999999 -0.15000001
7.9000001 2.0999999 -0.050000001
7.9000001 2.0999999 0.050000001
7.9000001 2.0999999 0.15000001
7.9000001 2.0999999 0.25
7.9000001 2.0999999 0.34999999
7.9000001 2.0999999 0.44999999
7.9000001 2.0999999 0.55000001
7.9000001 2.0999999 0.64999998
7.9000001 2.0999999 0.75
7.9000001 2.0999999 0.85000002
7.9000001 2.0999999 0.94999999
7.9000001 2.0999999 1.05
7.9000001 2.0999999 1.15
7.9000001 2.0999999 1.25
7.9000001 2.0999999 1.35
7.9000001 2.0999999 1.45
7.9000001 2.0999999 1.55
7.9000001 2.0999999 1.65
7.9000001 2.0999999 1.75
7.9000001 2.0999999 1.85
7.9000001 2.0999999 1.95
7.9000001 2.0999999 2.05
7.9000001 2.0999999 2.1500001
7.9000001 2.0999999 2.25
7.9000001 2.0999999 2.3499999
7.9000001 2.0999999 2.45
8.1000004 2.2 -0.44999999
8.1000004 2.2 -0.34999999
8.1000004 2.2 -0.25
8.1000004 2.2 -0.15000001
8.1000004 2.2 -0.050000001
8.1000004 2.2 0.050000001
8.1000004 2.2 0.15000001
8.1000004 2.2 0.25
8.1000004 2.2 0.34999999
8.1000004 2.2 0.44999999
8.1000004 2.2 0.55000001
8.1000004 2.2 0.64999998
8.1000004 2.2 0.75
8.1000004 2.2 0.85000002
8.1000004 2.2 0.94999999
8.1000004 2.2 1.05
8.1000004 2.2 1.15
8.1000004 2.2 1.25
8.1000004 2.2 1.35
8.1000004 2.2 1.45
8.1000004 2.2 1.55
8.1000004 2.2 1.65
8.1000004 2.2 1.75
8.1000004 2.2 1.85
8.1000004 2.2 1.95
8.1000004 2.2 2.05
8.1000004 2.2 2.1500001
8.1000004 2.2 2.25
8.1000004 2.2 2.3499999
8.1000004 2.2 2.45
8 2.2 -0.44999999
8 2.2 -0.34999999
8 2.2 -0.25
8 2.2 -0.15000001
8 2.2 -0.050000001
8 2.2 0.050000001
8 2.2 0.15000001
8 2.2 0.25
8 2.2 0.34999999
8 2.2 0.44999999
8 2.2 0.55000001
8 2.2 0.64999998
8 2.2 0.75
8 2.2 0.85000002
8 2.2 0.94999999
8 2.2 1.05
8 2.2 1.15
8 2.2 1.25
8 2.2 1.35
8 2.2 1.45
8 2.2 1.55
8 2.2 1.65
8 2.2 1.75
8 2.2 1.85
8 2.2 1.95
8 2.2 2.05
8 2.2 2.1500001
8 2.2 2.25
8 2.2 2.3499999
8 2.2 2.45
7.9000001 2.2 -0.44999999
7.9000001 2.2 -0.34999999
7.9000001 2.2 -0.25
7.9000001 2.2 -0.15000001
7.9000001 2.2 -0.050000001
7.9000001 2.2 0.050000001
7.9000001 2.2 0.15000001
7.9000001 2.2 0.25
7.9000001 2.2 0.34999999
7.9000001 2.2 0.44999999
7.9000001 2.2 0.55000001
7.9000001 2.2 0.64999998
7.9000001 2.2 0.75
7.9000001 2.2 0.85000002
7.9000001 2.2 0.94999999
7.9000001 2.2 1.05
7.9000001 2.2 1.15
7.9000001 2.2 1.25
7.9000001 2.2 1.35
7.9000001 2.2 1.45
7.9000001 2.2 1.55
7.9000001 2.2 1.65
7.9000001 2.2 1.75
7.9000001 2.2 1.85
7.9000001 2.2 1.95
7.9000001 2.2 2.05
7.9000001 2.2 2.1500001
7.9000001 2.2 2.25
7.9000001 2.2 2.3499999
7.9000001 2.2 2.45
8.1000004 2.3 -0.44999999
8.1000004 2.3 -0.34999999
8.1000004 2.3 -0.25
8.1000004 2.3 -0.15000001
8.1000004 2.3 -0.050000001
8.1000004 2.3 0.050000001
8.1000004 2.3 0.15000001
8.1000004 2.3 0.25
8.1000004 2.3 0.34999999
8.1000004 2.3 0.44999999
8.1000004 2.3 0.55000001
8.1000004 2.3 0.64999998
8.1000004 2.3 0.75
8.1000004 2.3 0.85000002
8.1000004 2.3 0.94999999
8.1000004 2.3 1.05
8.1000004 2.3 1.15
8.1000004 2.3 1.25
8.1000004 2.3 1.35
8.1000004 2.3 1.45
8.1000004 2.3 1.55
8.1000004 2.3 1.65
8.1000004 2.3 1.75
8.1000004 2.3 1.85
8.1000004 2.3 1.95
8.1000004 2.3 2.05
8.1000004 2.3 2.1500001
8.1000004 2.3 2.25
8.1000004 2.3 2.3499999
8.1000004 2.3 2.45
8 2.3 -0.44999999
8 2.3 -0.34999999
8 2.3 -0.25
8 2.3 -0.15000001
8 2.3 -0.050000001
8 2.3 0.050000001
8 2.3 0.15000001
8 2.3 0.25
8 2.3 0.34999999
8 2.3 0.44999999
8 2.3 0.55000001
8 2.3 0.64999998
8 2.3 0.75
8 2.3 0.85000002
8 2.3 0.94999999
8 2.3 1.05
8 2.3 1.15
8 2.3 1.25
8 2.3 1.35
8 2.3 1.45
8 2.3 1.55
8 2.3 1.65
8 2.3 1.75
8 2.3 1.85
8 2.3 1.95
8 2.3 2.05
8 2.3 2.1500001
8 2.3 2.25
8 2.3 2.3499999
8 2.3 2.45
7.9000001 2.3 -0.44999999
7.9000001 2.3 -0.34999999
7.9000001 2.3 -0.25
7.9000001 2.3 -0.15000001
7.9000001 2.3 -0.050000001
7.9000001 2.3 0.050000001
7.9000001 2.3 0.15000001
7.9000001 2.3 0.25
7.9000001 2.3 0.34999999
7.9000001 2.3 0.44999999
7.9000001 2.3 0.55000001
7.9000001 2.3 0.64999998
7.9000001 2.3 0.75
7.9000001 2.3 0.85000002
7.9000001 2.3 0.94999999
7.9000001 2.3 1.05
7.9000001 2.3 1.15
7.9000001 2.3 1.25
7.9000001 2.3 1.35
7.9000001 2.3 1.45
7.9000001 2.3 1.55
7.9000001 2.3 1.65
7.9000001 2.3 1.75
7.9000001 2.3 1.85
7.9000001 2.3 1.95
7.9000001 2.3 2.05
7.9000001 2.3 2.1500001
7.9000001 2.3 2.25
7.9000001 2.3 2.3499999
7.9000001 2.3 2.45
8.1000004 2.4000001 -0.44999999
8.1000004 2.4000001 -0.34999999
8.1000004 2.4000001 -0.25
8.1000004 2.4000001 -0.15000001
8.1000004 2.4000001 -0.050000001
8.1000004 2.4000001 0.050000001
8.1000004 2.4000001 0.15000001
8.1000004 2.4000001 0.25
8.1000004 2.4000001 0.34999999
8.1000004 2.4000001 0.44999999
8.1000004 2.4000001 0.55000001
8.1000004 2.4000001 0.64999998
8.1000004 2.4000001 0.75
8.1000004 2.4000001 0.85000002
8.1000004 2.4000001 0.94999999
8.1000004 2.4000001 1.05
8.1000004 2.4000001 1.15
8.1000004 2.4000001 1.25
8.1000004 2.4000001 1.35
8.1000004 2.4000001 1.45
8.1000004 2.4000001 1.55
8.1000004 2.4000001 1.65
8.1000004 2.4000001 1.75
8.1000004 2.4000001 1.85
8.1000004 2.4000001 1.95
8.1000004 2.4000001 2.05
8.1000004 2.4000001 2.1500001
8.1000004 2.4000001 2.25
8.1000004 2.4000001 2.3499999
8.1000004 2.4000001 2.45
8 2.4000001 -0.44999999
8 2.4000001 -0.34999999
8 2.4000001 -0.25
8 2.4000001 -0.15000001
8 2.4000001 -0.050000001
8 2.4000001 0.050000001
8 2.4000001 0.15000001
8 2.4000001 0.25
8 2.4000001 0.34999999
8 2.4000001 0.44999999
8 2.4000001 0.55000001
8 2.4000001 0.64999998
8 2.4000001 0.75
8 2.4000001 0.85000002
8 2.4000001 0.94999999
8 2.4000001 1.05
8 2.4000001 1.15
8 2.4000001 1.25
8 2.4000001 1.35
8 2.4000001 1.45
8 2.4000001 1.55
8 2.4000001 1.65
8 2.4000001 1.75
8 2.4000001 1.85
8 2.4000001 1.95
8 2.4000001 2.05
8 2.4000001 2.1500001
8 2.4000001 2.25
8 2.4000001 2.3499999
8 2.4000001 2.45
7.9000001 2.4000001 -0.44999999
7.9000001 2.4000001 -0.34999999
7.9000001 2.4000001 -0.25
7.9000001 2.4000001 -0.15000001
7.9000001 2.4000001 -0.050000001
7.9000001 2.4000001 0.050000001
7.9000001 2.4000001 0.15000001
7.9000001 2.4000001 0.25
7.9000001 2.4000001 0.34999999
7.9000001 2.4000001 0.44999999
7.9000001 2.4000001 0.55000001
7.9000001 2.4000001 0.64999998
7.9000001 2.4000001 0.75
7.9000001 2.4000001 0.85000002
7.9000001 2.4000001 0.94999999
7.9000001 2.4000001 1.05
7.9000001 2.4000001 1.15
7.9000001 2.4000001 1.25
7.9000001 2.4000001 1.35
7.9000001 2.4000001 1.45
7.9000001 2.4000001 1.55
7.9000001 2.4000001 1.65
7.9000001 2.4000001 1.75
7.9000001 2.4000001 1.85
7.9000001 2.4000001 1.95
7.9000001 2.4000001 2.05
7.9000001 2.4000001 2.1500001
7.9000001 2.4000001 2.25
7.9000001 2.4000001 2.3499999
7.9000001 2.4000001 2.45
8.1000004 2.5 -0.44999999
8.1000004 2.5 -0.34999999
8.1000004 2.5 -0.25
8.1000004 2.5 -0.15000001
8.1000004 2.5 -0.050000001
8.1000004 2.5 0.050000001
8.1000004 2.5 0.15000001
8.1000004 2.5 0.25
8.1000004 2.5 0.34999999
8.1000004 2.5 0.44999999
8.1000004 2.5 0.55000001
8.1000004 2.5 0.64999998
8.1000004 2.5 0.75
8.1000004 2.5 0.85000002
8.1000004 2.5 0.94999999
8.1000004 2.5 1.05
8.1000004 2.5 1.15
8.1000004 2.5 1.25
8.1000004 2.5 1.35
8.1000004 2.5 1.45
8.1000004 2.5 1.55
8.1000004 2.5 1.65
8.1000004 2.5 1.75
8.1000004 2.5 1.85
8.1000004 2.5 1.95
8.1000004 2.5 2.05
8.1000004 2.5 2.1500001
8.1000004 2.5 2.25
8.1000004 2.5 2.3499999
8.1000004 2.5 2.45
8 2.5 -0.44999999
8 2.5 -0.34999999
8 2.5 -0.25
8 2.5 -0.15000001
8 2.5 -0.050000001
8 2.5 0.050000001
8 2.5 0.15000001
8 2.5 0.25
8 2.5 0.34999999
8 2.5 0.44999999
8 2.5 0.55000001
8 2.5 0.64999998
8 2.5 0.75
8 2.5 0.85000002
8 2.5 0.94999999
8 2.5 1.05
8 2.5 1.15
8 2.5 1.25
8 2.5 1.35
8 2.5 1.45
8 2.5 1.55
8 2.5 1.65
8 2.5 1.75
8 2.5 1.85
8 2.5 1.95
8 2.5 2.05
8 2.5 2.1500001
8 2.5 2.25
8 2.5 2.3499999
8 2.5 2.45
7.9000001 2.5 -0.44999999
7.9000001 2.5 -0.34999999
7.9000001 2.5 -0.25
7.9000001 2.5 -0.15000001
7.9000001 2.5 -0.050000001
7.9000001 2.5 0.050000001
7.9000001 2.5 0.15000001
7.9000001 2.5 0.25
7.9000001 2.5 0.34999999
7.9000001 2.5 0.44999999
7.9000001 2.5 0.55000001
7.9000001 2.5 0.64999998
7.9000001 2.5 0.75
7.9000001 2.5 0.85000002
7.9000001 2.5 0.94999999
7.9000001 2.5 1.05
7.9000001 2.5 1.15
7.9000001 2.5 1.25
7.9000001 2.5 1.35
7.9000001 2.5 1.45
7.9000001 2.5 1.55
7.9000001 2.5 1.65
7.9000001 2.5 1.75
7.9000001 2.5 1.85
7.9000001 2.5 1.95
7.9000001 2.5 2.05
7.9000001 2.5 2.1500001
7.9000001 2.5 2.25
7.9000001 2.5 2.3499999
7.9000001 2.5 2.45
8.1000004 2.5999999 -0.44999999
8.1000004 2.5999999 -0.34999999
8.1000004 2.5999999 -0.25
8.1000004 2.5999999 -0.15000001
8.1000004 2.5999999 -0.050000001
8.1000004 2.5999999 0.050000001
8.1000004 2.5999999 0.15000001
8.1000004 2.5999999 0.25
8.1000004 2.5999999 0.34999999
8.1000004 2.5999999 0.44999999
8.1000004 2.5999999 0.55000001
8.1000004 2.5999999 0.64999998
8.1000004 2.5999999 0.75
8.1000004 2.5999999 0.85000002
8.1000004 2.5999999 0.94999999
8.1000004 2.5999999 1.05
8.1000004 2.5999999 1.15
8.1000004 2.5999999 1.25
8.1000004 2.5999999 1.35
8.1000004 2.5999999 1.45
8.1000004 2.5999999 1.55
8.1000004 2.5999999 1.65
8.1000004 2.5999999 1.75
8.1000004 2.5999999 1.85
8.1000004 2.5999999 1.95
8.1000004 2.5999999 2.05
8.1000004 2.5999999 2.1500001
8.1000004 2.5999999 2.25
8.1000004 2.5999999 2.3499999
8.1000004 2.5999999 2.45
8 2.5999999 -0.44999999
8 2.5999999 -0.34999999
8 2.5999999 -0.25
8 2.5999999 -0.15000001
8 2.5999999 -0.050000001
8 2.5999999 0.050000001
8 2.5999999 0.15000001
8 2.5999999 0.25
8 2.5999999 0.34999999
8 2.5999999 0.44999999
8 2.5999999 0.55000001
8 2.5999999 0.64999998
8 2.5999999 0.75
8 2.5999999 0.85000002
8 2.5999999 0.94999999
8 2.5999999 1.05
8 2.5999999 1.15
8 2.5999999 1.25
8 2.5999999 1.35
8 2.5999999 1.45
8 2.5999999 1.55
8 2.5999999 1.65
8 2.5999999 1.75
8 2.5999999 1.85
8 2.5999999 1.95
8 2.5999999 2.05
8 2.5999999 2.1500001
8 2.5999999 2.25
8 2.5999999 2.3499999
8 2.5999999 2.45
7.9000001 2.5999999 -0.44999999
7.9000001 2.5999999 -0.34999999
7.9000001 2.5999999 -0.25
7.9000001 2.5999999 -0.15000001
7.9000001 2.5999999 -0.050000001
7.9000001 2.5999999 0.050000001
7.9000001 2.5999999 0.15000001
7.9000001 2.5999999 0.25
7.9000001 2.5999999 0.34999999
7.9000001 2.5999999 0.44999999
7.9000001 2.5999999 0.55000001
7.9000001 2.5999999 0.64999998
7.9000001 2.5999999 0.75
7.9000001 2.5999999 0.85000002
7.9000001 2.5999999 0.94999999
7.9000001 2.5999999 1.05
7.9000001 2.5999999 1.15
7.9000001 2.5999999 1.25
7.9000001 2.5999999 1.35
7.9000001 2.5999999 1.45
7.9000001 2.5999999 1.55
7.9000001 2.5999999 1.65
7.9000001 2.5999999 1.75
7.9000001 2.5999999 1.85
7.9000001 2.5999999 1.95
7.9000001 2.5999999 2.05
7.9000001 2.5999999 2.1500001
7.9000001 2.5999999 2.25
7.9000001 2.5999999 2.3499999
7.9000001 2.5999999 2.45
8.1000004 2.7 -0.44999999
8.1000004 2.7 -0.34999999
8.1000004 2.7 -0.25
8.1000004 2.7 -0.15000001
8.1000004 2.7 -0.050000001
8.1000004 2.7 0.050000001
8.1000004 2.7 0.15000001
8.1000004 2.7 0.25
8.1000004 2.7 0.34999999
8.1000004 2.7 0.44999999
8.1000004 2.7 0.55000001
8.1000004 2.7 0.64999998
8.1000004 2.7 0.75
8.1000004 2.7 0.85000002
8.1000004 2.7 0.94999999
8.1000004 2.7 1.05
8.1000004 2.7 1.15
8.1000004 2.7 1.25
8.1000004 2.7 1.35
8.1000004 2.7 1.45
8.1000004 2.7 1.55
8.1000004 2.7 1.65
8.1000004 2.7 1.75
8.1000004 2.7 1.85
8.1000004 2.7 1.95
8.1000004 2.7 2.05
8.1000004 2.7 2.1500001
8.1000004 2.7 2.25
8.1000004 2.7 2.3499999
8.1000004 2.7 2.45
8 2.7 -0.44999999
8 2.7 -0.34999999
8 2.7 -0.25
8 2.7 -0.15000001
8 2.7 -0.050000001
8 2.7 0.050000001
8 2.7 0.15000001
8 2.7 0.25
8 2.7 0.34999999
8 2.7 0.44999999
8 2.7 0.55000001
8 2.7 0.64999998
8 2.7 0.75
8 2.7 0.85000002
8 2.7 0.94999999
8 2.7 1.05
8 2.7 1.15
8 2.7 1.25
8 2.7 1.35
8 2.7 1.45
8 2.7 1.55
8 2.7 1.65
8 2.7 1.75
8 2.7 1.85
8 2.7 1.95
8 2.7 2.05
8 2.7 2.1500001
8 2.7 2.25
8 2.7 2.3499999
8 2.7 2.45
7.9000001 2.7 -0.44999999
7.9000001 2.7 -0.34999999
7.9000001 2.7 -0.25
7.9000001 2.7 -0.15000001
7.9000001 2.7 -0.050000001
7.9000001 2.7 0.050000001
7.9000001 2.7 0.15000001
7.9000001 2.7 0.25
7.9000001 2.7 0.34999999
7.9000001 2.7 0.44999999
7.9000001 2.7 0.55000001
7.9000001 2.7 0.64999998
7.9000001 2.7 0.75
7.9000001 2.7 0.85000002
7.9000001 2.7 0.94999999
7.9000001 2.7 1.05
7.9000001 2.7 1.15
7.9000001 2.7 1.25
7.9000001 2.7 1.35
7.9000001 2.7 1.45
7.9000001 2.7 1.55
7.9000001 2.7 1.65
7.9000001 2.7 1.75
7.9000001 2.7 1.85
7.9000001 2.7 1.95
7.9000001 2.7 2.05
7.9000001 2.7 2.1500001
7.9000001 2.7 2.25
7.9000001 2.7 2.3499999
7.9000001 2.7 2.45
8.1000004 2.8 -0.44999999
8.1000004 2.8 -0.34999999
8.1000004 2.8 -0.25
8.1000004 2.8 -0.15000001
8.1000004 2.8 -0.050000001
8.1000004 2.8 0.050000001
8.1000004 2.8 0.15000001
8.1000004 2.8 0.25
8.1000004 2.8 0.34999999
8.1000004 2.8 0.44999999
8.1000004 2.8 0.55000001
8.1000004 2.8 0.64999998
8.1000004 2.8 0.75
8.1000004 2.8 0.85000002
8.1000004 2.8 0.94999999
8.1000004 2.8 1.05
8.1000004 2.8 1.15
8.1000004 2.8 1.25
8.1000004 2.8 1.35
8.1000004 2.8 1.45
8.1000004 2.8 1.55
8.1000004 2.8 1.65
8.1000004 2.8 1.75
8.1000004 2.8 1.85
8.1000004 2.8 1.95
8.1000004 2.8 2.05
8.1000004 2.8 2.1500001
8.1000004 2.8 2.25
8.1000004 2.8 2.3499999
8.1000004 2.8 2.45
8 2.8 -0.44999999
8 2.8 -0.34999999
8 2.8 -0.25
8 2.8 -0.15000001
8 2.8 -0.050000001
8 2.8 0.050000001
8 2.8 0.15000001
8 2.8 0.25
8 2.8 0.34999999
8 2.8 0.44999999
8 2.8 0.55000001
8 2.8 0.64999998
8 2.8 0.75
8 2.8 0.85000002
8 2.8 0.94999999
8 2.8 1.05
8 2.8 1.15
8 2.8 1.25
8 2.8 1.35
8 2.8 1.45
8 2.8 1.55
8 2.8 1.65
8 2.8 1.75
8 2.8 1.85
8 2.8 1.95
8 2.8 2.05
8 2.8 2.1500001
8 2.8 2.25
8 2.8 2.3499999
8 2.8 2.45
7.9000001 2.8 -0.44999999
7.9000001 2.8 -0.34999999
7.9000001 2.8 -0.25
7.9000001 2.8 -0.15000001
7.9000001 2.8 -0.050000001
7.9000001 2.8 0.050000001
7.9000001 2.8 0.15000001
7.9000001 2.8 0.25
7.9000001 2.8 0.34999999
7.9000001 2.8 0.44999999
7.9000001 2.8 0.55000001
7.9000001 2.8 0.64999998
7.9000001 2.8 0.75
7.9000001 2.8 0.85000002
7.9000001 2.8 0.94999999
7.9000001 2.8 1.05
7.9000001 2.8 1.15
7.9000001 2.8 1.25
7.9000001 2.8 1.35
7.9000001 2.8 1.45
7.9000001 2.8 1.55
7.9000001 2.8 1.65
7.9000001 2.8 1.75
7.9000001 2.8 1.85
7.9000001 2.8 1.95
7.9000001 2.8 2.05
7.9000001 2.8 2.1500001
7.9000001 2.8 2.25
7.9000001 2.8 2.3499999
7.9000001 2.8 2.45
8.1000004 2.9000001 -0.44999999
8.1000004 2.9000001 -0.34999999
8.1000004 2.9000001 -0.25
8.1000004 2.9000001 -0.15000001
8.1000004 2.9000001 -0.050000001
8.1000004 2.9000001 0.050000001
8.1000004 2.9000001 0.15000001
8.1000004 2.9000001 0.25
8.1000004 2.9000001 0.34999999
8.1000004 2.9000001 0.44999999
8.1000004 2.9000001 0.55000001
8.1000004 2.9000001 0.64999998
8.1000004 2.9000001 0.75
8.1000004 2.9000001 0.85000002
8.1000004 2.9000001 0.94999999
8.1000004 2.9000001 1.05
8.1000004 2.9000001 1.15
8.1000004 2.9000001 1.25
8.1000004 2.9000001 1.35
8.1000004 2.9000001 1.45
8.1000004 2.9000001 1.55
8.1000004 2.9000001 1.65
8.1000004 2.9000001 1.75
8.1000004 2.9000001 1.85
8.1000004 2.9000001 1.95
8.1000004 2.9000001 2.05
8.1000004 2.9000001 2.1500001
8.1000004 2.9000001 2.25
8.1000004 2.9000001 2.3499999
8.1000004 2.9000001 2.45
8 2.9000001 -0.44999999
8 2.9000001 -0.34999999
8 2.9000001 -0.25
8 2.9000001 -0.15000001
8 2.9000001 -0.050000001
8 2.9000001 0.050000001
8 2.9000001 0.15000001
8 2.9000001 0.25
8 2.9000001 0.34999999
8 2.9000001 0.44999999
8 2.9000001 0.55000001
8 2.9000001 0.64999998
8 2.9000001 0.75
8 2.9000001 0.85000002
8 2.9000001 0.94999999
8 2.9000001 1.05
8 2.9000001 1.15
8 2.9000001 1.25
8 2.9000001 1.35
8 2.9000001 1.45
8 2.9000001 1.55
8 2.9000001 1.65
8 2.9000001 1.75
8 2.9000001 1.85
8 2.9000001 1.95
8 2.9000001 2.05
8 2.9000001 2.1500001
8 2.9000001 2.25
8 2.9000001 2.3499999
8 2.9000001 2.45
7.9000001 2.9000001 -0.44999999
7.9000001 2.9000001 -0.34999999
7.9000001 2.9000001 -0.25
7.9000001 2.9000001 -0.15000001
7.9000001 2.9000001 -0.050000001
7.9000001 2.9000001 0.050000001
7.9000001 2.9000001 0.15000001
7.9000001 2.9000001 0.25
7.9000001 2.9000001 0.34999999
7.9000001 2.9000001 0.44999999
7.9000001 2.9000001 0.55000001
7.9000001 2.9000001 0.64999998
7.9000001 2.9000001 0.75
7.9000001 2.9000001 0.85000002
7.9000001 2.9000001 0.94999999
7.9000001 2.9000001 1.05
7.9000001 2.9000001 1.15
7.9000001 2.9000001 1.25
7.9000001 2.9000001 1.35
7.9000001 2.9000001 1.45
7.9000001 2.9000001 1.55
7.9000001 2.9000001 1.65
7.9000001 2.9000001 1.75
7.9000001 2.9000001 1.85
7.9000001 2.9000001 1.95
7.9000001 2.9000001 2.05
7.9000001 2.9000001 2.1500001
7.9000001 2.9000001 2.25
7.9000001 2.9000001 2.3499999
7.9000001 2.9000001 2.45
8.1000004 3 -0.44999999
8.1000004 3 -0.34999999
8.1000004 3 -0.25
8.1000004 3 -0.15000001
8.1000004 3 -0.050000001
8.1000004 3 0.050000001
8.1000004 3 0.15000001
8.1000004 3 0.25
8.1000004 3 0.34999999
8.1000004 3 0.44999999
8.1000004 3 0.55000001
8.1000004 3 0.64999998
8.1000004 3 0.75
8.1000004 3 0.85000002
8.1000004 3 0.94999999
8.1000004 3 1.05
8.1000004 3 1.15
8.1000004 3 1.25
8.1000004 3 1.35
8.1000004 3 1.45
8.1000004 3 1.55
8.1000004 3 1.65
8.1000004 3 1.75
8.1000004 3 1.85
8.1000004 3 1.95
8.1000004 3 2.05
8.1000004 3 2.1500001
8.1000004 3 2.25
8.1000004 3 2.3499999
8.1000004 3 2.45
8 3 -0.44999999
8 3 -0.34999999
8 3 -0.25
8 3 -0.15000001
8 3 -0.050000001
8 3 0.050000001
8 3 0.15000001
8 3 0.25
8 3 0.34999999
8 3 0.44999999
8 3 0.55000001
8 3 0.64999998
8 3 0.75
8 3 0.85000002
8 3 0.94999999
8 3 1.05
8 3 1.15
8 3 1.25
8 3 1.35
8 3 1.45
8 3 1.55
8 3 1.65
8 3 1.75
8 3 1.85
8 3 1.95
8 3 2.05
8 3 2.1500001
8 3 2.25
8 3 2.3499999
8 3 2.45
7.9000001 3 -0.44999999
7.9000001 3 -0.34999999
7.9000001 3 -0.25
7.9000001 3 -0.15000001
7.9000001 3 -0.050000001
7.9000001 3 0.050000001
7.9000001 3 0.15000001
7.9000001 3 0.25
7.9000001 3 0.34999999
7.9000001 3 0.44999999
7.9000001 3 0.55000001
7.9000001 3 0.64999998
7.9000001 3 0.75
7.9000001 3 0.85000002
7.9000001 3 0.94999999
7.9000001 3 1.05
7.9000001 3 1.15
7.9000001 3 1.25
7.9000001 3 1.35
7.9000001 3 1.45
7.9000001 3 1.55
7.9000001 3 1.65
7.9000001 3 1.75
7.9000001 3 1.85
7.9000001 3 1.95
7.9000001 3 2.05
7.9000001 3 2.1500001
7.9000001 3 2.25
7.9000001 3 2.3499999
7.9000001 3 2.45
8.1000004 3.0999999 -0.44999999
8.1000004 3.0999999 -0.34999999
8.1000004 3.0999999 -0.25
8.1000004 3.0999999 -0.15000001
8.1000004 3.0999999 -0.050000001
8.1000004 3.0999999 0.050000001
8.1000004 3.0999999 0.15000001
8.1000004 3.0999999 0.25
8.1000004 3.0999999 0.34999999
8.1000004 3.0999999 0.44999999
8.1000004 3.0999999 0.55000001
8.1000004 3.0999999 0.64999998
8.1000004 3.0999999 0.75
8.1000004 3.0999999 0.85000002
8.1000004 3.0999999 0.94999999
8.1000004 3.0999999 1.05
8.1000004 3.0999999 1.15
8.1000004 3.0999999 1.25
8.1000004 3.0999999 1.35
8.1000004 3.0999999 1.45
8.1000004 3.0999999 1.55
8.1000004 3.0999999 1.65
8.1000004 3.0999999 1.75
8.1000004 3.0999999 1.85
8.1000004 3.0999999 1.95
8.1000004 3.0999999 2.05
8.1000004 3.0999999 2.1500001
8.1000004 3.0999999 2.25
8.1000004 3.0999999 2.3499999
8.1000004 3.0999999 2.45
8 3.0999999 -0.44999999
8 3.0999999 -0.34999999
8 3.0999999 -0.25
8 3.0999999 -0.15000001
8 3.0999999 -0.050000001
8 3.0999999 0.050000001
8 3.0999999 0.15000001
8 3.0999999 0.25
8 3.0999999 0.34999999
8 3.0999999 0.44999999
8 3.0999999 0.55000001
8 3.0999999 0.64999998
8 3.0999999 0.75
8 3.0999999 0.85000002
8 3.0999999 0.94999999
8 3.0999999 1.05
8 3.0999999 1.15
8 3.0999999 1.25
8 3.0999999 1.35
8 3.0999999 1.45
8 3.0999999 1.55
8 3.0999999 1.65
8 3.0999999 1.75
8 3.0999999 1.85
8 3.0999999 1.95
8 3.0999999 2.05
8 3.0999999 2.1500001
8 3.0999999 2.25
8 3.0999999 2.3499999
8 3.0999999 2.45
7.9000001 3.0999999 -0.44999999
7.9000001 3.0999999 -0.34999999
7.9000001 3.0999999 -0.25
7.9000001 3.0999999 -0.15000001
7.9000001 3.0999999 -0.050000001
7.9000001 3.0999999 0.050000001
7.9000001 3.0999999 0.15000001
7.9000001 3.0999999 0.25
7.9000001 3.0999999 0.34999999
7.9000001 3.0999999 0.44999999
7.9000001 3.0999999 0.55000001
7.9000001 3.0999999 0.64999998
7.9000001 3.0999999 0.75
7.9000001 3.0999999 0.85000002
7.9000001 3.0999999 0.94999999
7.9000001 3.0999999 1.05
7.9000001 3.0999999 1.15
7.9000001 3.0999999 1.25
7.9000001 3.0999999 1.35
7.9000001 3.0999999 1.45
7.9000001 3.0999999 1.55
7.9000001 3.0999999 1.65
7.9000001 3.0999999 1.75
7.9000001 3.0999999 1.85
7.9000001 3.0999999 1.95
7.9000001 3.0999999 2.05
7.9000001 3.0999999 2.1500001
7.9000001 3.0999999 2.25
7.9000001 3.0999999 2.3499999
7.9000001 3.0999999 2.45
8.1000004 3.2 -0.44999999
8.1000004 3.2 -0.34999999
8.1000004 3.2 -0.25
8.1000004 3.2 -0.15000001
8.1000004 3.2 -0.050000001
8.1000004 3.2 0.050000001
8.1000004 3.2 0.15000001
8.1000004 3.2 0.25
8.1000004 3.2 0.34999999
8.1000004 3.2 0.44999999
8.1000004 3.2 0.55000001
8.1000004 3.2 0.64999998
8.1000004 3.2 0.75
8.1000004 3.2 0.85000002
8.1000004 3.2 0.94999999
8.1000004 3.2 1.05
8.1000004 3.2 1.15
8.1000004 3.2 1.25
8.1000004 3.2 1.35
8.1000004 3.2 1.45
8.1000004 3.2 1.55
8.1000004 3.2 1.65
8.1000004 3.2 1.75
8.1000004 3.2 1.85
8.1000004 3.2 1.95
8.1000004 3.2 2.05
8.1000004 3.2 2.1500001
8.1000004 3.2 2.25
8.1000004 3.2 2.3499999
8.1000004 3.2 2.45
8 3.2 -0.44999999
8 3.2 -0.34999999
8 3.2 -0.25
8 3.2 -0.15000001
8 3.2 -0.050000001
8 3.2 0.050000001
8 3.2 0.15000001
8 3.2 0.25
8 3.2 0.34999999
8 3.2 0.44999999
8 3.2 0.55000001
8 3.2 0.64999998
8 3.2 0.75
8 3.2 0.85000002
8 3.2 0.94999999
8 3.2 1.05
8 3.2 1.15
8 3.2 1.25
8 3.2 1.35
8 3.2 1.45
8 3.2 1.55
8 3.2 1.65
8 3.2 1.75
8 3.2 1.85
8 3.2 1.95
8 3.2 2.05
8 3.2 2.1500001
8 3.2 2.25
8 3.2 2.3499999
8 3.2 2.45
7.9000001 3.2 -0.44999999
7.9000001 3.2 -0.34999999
7.9000001 3.2 -0.25
7.9000001 3.2 -0.15000001
7.9000001 3.2 -0.050000001
7.9000001 3.2 0.050000001
7.9000001 3.2 0.15000001
7.9000001 3.2 0.25
7.9000001 3.2 0.34999999
7.9000001 3.2 0.44999999
7.9000001 3.2 0.55000001
7.9000001 3.2 0.64999998
7.9000001 3.2 0.75
7.9000001 3.2 0.85000002
7.9000001 3.2 0.94999999
7.9000001 3.2 1.05
7.9000001 3.2 1.15
7.9000001 3.2 1.25
7.9000001 3.2 1.35
7.9000001 3.2 1.45
7.9000001 3.2 1.55
7.9000001 3.2 1.65
7.9000001 3.2 1.75
7.9000001 3.2 1.85
7.9000001 3.2 1.95
7.9000001 3.2 2.05
7.9000001 3.2 2.1500001
7.9000001 3.2 2.25
7.9000001 3.2 2.3499999
7.9000001 3.2 2.45
8.1000004 3.3 -0.44999999
8.1000004 3.3 -0.34999999
8.1000004 3.3 -0.25
8.1000004 3.3 -0.15000001
8.1000004 3.3 -0.050000001
8.1000004 3.3 0.050000001
8.1000004 3.3 0.15000001
8.1000004 3.3 0.25
8.1000004 3.3 0.34999999
8.1000004 3.3 0.44999999
8.1000004 3.3 0.55000001
8.1000004 3.3 0.64999998
8.1000004 3.3 0.75
8.1000004 3.3 0.85000002
8.1000004 3.3 0.94999999
8.1000004 3.3 1.05
8.1000004 3.3 1.15
8.1000004 3.3 1.25
8.1000004 3.3 1.35
8.1000004 3.3 1.45
8.1000004 3.3 1.55
8.1000004 3.3 1.65
8.1000004 3.3 1.75
8.1000004 3.3 1.85
8.1000004 3.3 1.95
8.1000004 3.3 2.05
8.1000004 3.3 2.1500001
8.1000004 3.3 2.25
8.1000004 3.3 2.3499999
8.1000004 3.3 2.45
8 3.3 -0.44999999
8 3.3 -0.34999999
8 3.3 -0.25
8 3.3 -0.15000001
8 3.3 -0.050000001
8 3.3 0.050000001
8 3.3 0.15000001
8 3.3 0.25
8 3.3 0.34999999
8 3.3 0.44999999
8 3.3 0.55000001
8 3.3 0.64999998
8 3.3 0.75
8 3.3 0.85000002
8 3.3 0.94999999
8 3.3 1.05
8 3.3 1.15
8 3.3 1.25
8 3.3 1.35
8 3.3 1.45
8 3.3 1.55
8 3.3 1.65
8 3.3 1.75
8 3.3 1.85
8 3.3 1.95
8 3.3 2.05
8 3.3 2.1500001
8 3.3 2.25
8 3.3 2.3499999
8 3.3 2.45
7.9000001 3.3 -0.44999999
7.9000001 3.3 -0.34999999
7.9000001 3.3 -0.25
7.9000001 3.3 -0.15000001
7.9000001 3.3 -0.050000001
7.9000001 3.3 0.050000001
7.9000001 3.3 0.15000001
7.9000001 3.3 0.25
7.9000001 3.3 0.34999999
7.9000001 3.3 0.44999999
7.9000001 3.3 0.55000001
7.9000001 3.3 0.64999998
7.9000001 3.3 0.75
7.9000001 3.3 0.85000002
7.9000001 3.3 0.94999999
7.9000001 3.3 1.05
7.9000001 3.3 1.15
7.9000001 3.3 1.25
7.9000001 3.3 1.35
7.9000001 3.3 1.45
7.9000001 3.3 1.55
7.9000001 3.3 1.65
7.9000001 3.3 1.75
7.9000001 3.3 1.85
7.9000001 3.3 1.95
7.9000001 3.3 2.05
7.9000001 3.3 2.1500001
7.9000001 3.3 2.25
7.9000001 3.3 2.3499999
7.9000001 3.3 2.45
8.1000004 3.4000001 -0.44999999
8.1000004 3.4000001 -0.34999999
8.1000004 3.4000001 -0.25
8.1000004 3.4000001 -0.15000001
8.1000004 3.4000001 -0.050000001
8.1000004 3.4000001 0.050000001
8.1000004 3.4000001 0.15000001
8.1000004 3.4000001 0.25
8.1000004 3.4000001 0.34999999
8.1000004 3.4000001 0.44999999
8.1000004 3.4000001 0.55000001
8.1000004 3.4000001 0.64999998
8.1000004 3.4000001 0.75
8.1000004 3.4000001 0.85000002
8.1000004 3.4000001 0.94999999
8.1000004 3.4000001 1.05
8.1000004 3.4000001 1.15
8.1000004 3.4000001 1.25
8.1000004 3.4000001 1.35
8.1000004 3.4000001 1.45
8.1000004 3.4000001 1.55
8.1000004 3.4000001 1.65
8.1000004 3.4000001 1.75
8.1000004 3.4000001 1.85
8.1000004 3.4000001 1.95
8.1000004 3.4000001 2.05
8.1000004 3.4000001 2.1500001
8.1000004 3.4000001 2.25
8.1000004 3.4000001 2.3499999
8.1000004 3.4000001 2.45
8 3.4000001 -0.44999999
8 3.4000001 -0.34999999
8 3.4000001 -0.25
8 3.4000001 -0.15000001
8 3.4000001 -0.050000001
8 3.4000001 0.050000001
8 3.4000001 0.15000001
8 3.4000001 0.25
8 3.4000001 0.34999999
8 3.4000001 0.44999999
8 3.4000001 0.55000001
8 3.4000001 0.64999998
8 3.4000001 0.75
8 3.4000001 0.85000002
8 3.4000001 0.94999999
8 3.4000001 1.05
8 3.4000001 1.15
8 3.4000001 1.25
8 3.4000001 1.35
8 3.4000001 1.45
8 3.4000001 1.55
8 3.4000001 1.65
8 3.4000001 1.75
8 3.4000001 1.85
8 3.4000001 1.95
8 3.4000001 2.05
8 3.4000001 2.1500001
8 3.4000001 2.25
8 3.4000001 2.3499999
8 3.4000001 2.45
7.9000001 3.4000001 -0.44999999
7.9000001 3.4000001 -0.34999999
7.9000001 3.4000001 -0.25
7.9000001 3.4000001 -0.15000001
7.9000001 3.4000001 -0.050000001
7.9000001 3.4000001 0.050000001
7.9000001 3.4000001 0.15000001
7.9000001 3.4000001 0.25
7.9000001 3.4000001 0.34999999
7.9000001 3.4000001 0.44999999
7.9000001 3.4000001 0.55000001
7.9000001 3.4000001 0.64999998
7.9000001 3.4000001 0.75
7.9000001 3.4000001 0.85000002
7.9000001 3.4000001 0.94999999
7.9000001 3.4000001 1.05
7.9000001 3.4000001 1.15
7.9000001 3.4000001 1.25
7.9000001 3.4000001 1.35
7.9000001 3.4000001 1.45
7.9000001 3.4000001 1.55
7.9000001 3.4000001 1.65
7.9000001 3.4000001 1.75
7.9000001 3.4000001 1.85
7.9000001 3.4000001 1.95
7.9000001 3.4000001 2.05
7.9000001 3.4000001 2.1500001
7.9000001 3.4000001 2.25
7.9000001 3.4000001 2.3499999
7.9000001 3.4000001 2.45
8.1000004 3.5 -0.44999999
8.1000004 3.5 -0.34999999
8.1000004 3.5 -0.25
8.1000004 3.5 -0.15000001
8.1000004 3.5 -0.050000001
8.1000004 3.5 0.050000001
8.1000004 3.5 0.15000001
8.1000004 3.5 0.25
8.1000004 3.5 0.34999999
8.1000004 3.5 0.44999999
8.1000004 3.5 0.55000001
8.1000004 3.5 0.64999998
8.1000004 3.5 0.75
8.1000004 3.5 0.85000002
8.1000004 3.5 0.94999999
8.1000004 3.5 1.05
8.1000004 3.5 1.15
8.1000004 3.5 1.25
8.1000004 3.5 1.35
8.1000004 3.5 1.45
8.1000004 3.5 1.55
8.1000004 3.5 1.65
8.1000004 3.5 1.75
8.1000004 3.5 1.85
8.1000004 3.5 1.95
8.1000004 3.5 2.05
8.1000004 3.5 2.1500001
8.1000004 3.5 2.25
8.1000004 3.5 2.3499999
8.1000004 3.5 2.45
8 3.5 -0.44999999
8 3.5 -0.34999999
8 3.5 -0.25
8 3.5 -0.15000001
8 3.5 -0.050000001
8 3.5 0.050000001
8 3.5 0.15000001
8 3.5 0.25
8 3.5 0.34999999
8 3.5 0.44999999
8 3.5 0.55000001
8 3.5 0.64999998
8 3.5 0.75
8 3.5 0.85000002
8 3.5 0.94999999
8 3.5 1.05
8 3.5 1.15
8 3.5 1.25
8 3.5 1.35
8 3.5 1.45
8 3.5 1.55
8 3.5 1.65
8 3.5 1.75
8 3.5 1.85
8 3.5 1.95
8 3.5 2.05
8 3.5 2.1500001
8 3.5 2.25
8 3.5 2.3499999
8 3.5 2.45
7.9000001 3.5 -0.44999999
7.9000001 3.5 -0.34999999
7.9000001 3.5 -0.25
7.9000001 3.5 -0.15000001
7.9000001 3.5 -0.050000001
7.9000001 3.5 0.050000001
7.9000001 3.5 0.15000001
7.9000001 3.5 0.25
7.9000001 3.5 0.34999999
7.9000001 3.5 0.44999999
7.9000001 3.5 0.55000001
7.9000001 3.5 0.64999998
7.9000001 3.5 0.75
7.9000001 3.5 0.85000002
7.9000001 3.5 0.94999999
7.9000001 3.5 1.05
7.9000001 3.5 1.15
7.9000001 3.5 1.25
7.9000001 3.5 1.35
7.9000001 3.5 1.45
7.9000001 3.5 1.55
7.9000001 3.5 1.65
7.9000001 3.5 1.75
7.9000001 3.5 1.85
7.9000001 3.5 1.95
7.9000001 3.5 2.05
7.9000001 3.5 2.1500001
7.9000001 3.5 2.25
7.9000001 3.5 2.3499999
7.9000001 3.5 2.45
8.1000004 3.5999999 -0.44999999
8.1000004 3.5999999 -0.34999999
8.1000004 3.5999999 -0.25
8.1000004 3.5999999 -0.15000001
8.1000004 3.5999999 -0.050000001
8.1000004 3.5999999 0.050000001
8.1000004 3.5999999 0.15000001
8.1000004 3.5999999 0.25
8.1000004 3.5999999 0.34999999
8.1000004 3.5999999 0.44999999
8.1000004 3.5999999 0.55000001
8.1000004 3.5999999 0.64999998
8.1000004 3.5999999 0.75
8.1000004 3.5999999 0.85000002
8.1000004 3.5999999 0.94999999
8.1000004 3.5999999 1.05
8.1000004 3.5999999 1.15
8.1000004 3.5999999 1.25
8.1000004 3.5999999 1.35
8.1000004 3.5999999 1.45
8.1000004 3.5999999 1.55
8.1000004 3.5999999 1.65
8.1000004 3.5999999 1.75
8.1000004 3.5999999 1.85
8.1000004 3.5999999 1.95
8.1000004 3.5999999 2.05
8.1000004 3.5999999 2.1500001
8.1000004 3.5999999 2.25
8.1000004 3.5999999 2.3499999
8.1000004 3.5999999 2.45
8 3.5999999 -0.44999999
8 3.5999999 -0.34999999
8 3.5999999 -0.25
8 3.5999999 -0.15000001
8 3.5999999 -0.050000001
8 3.5999999 0.050000001
8 3.5999999 0.15000001
8 3.5999999 0.25
8 3.5999999 0.34999999
8 3.5999999 0.44999999
8 3.5999999 0.55000001
8 3.5999999 0.64999998
8 3.5999999 0.75
8 3.5999999 0.85000002
8 3.5999999 0.94999999
8 3.5999999 1.05
8 3.5999999 1.15
8 3.5999999 1.25
8 3.5999999 1.35
8 3.5999999 1.45
8 3.5999999 1.55
8 3.5999999 1.65
8 3.5999999 1.75
8 3.5999999 1.85
8 3.5999999 1.95
8 3.5999999 2.05
8 3.5999999 2.1500001
8 3.5999999 2.25
8 3.5999999 2.3499999
8 3.5999999 2.45
7.9000001 3.5999999 -0.44999999
7.9000001 3.5999999 -0.34999999
7.9000001 3.5999999 -0.25
7.9000001 3.5999999 -0.15000001
7.9000001 3.5999999 -0.050000001
7.9000001 3.5999999 0.050000001
7.9000001 3.5999999 0.15000001
7.9000001 3.5999999 0.25
7.9000001 3.5999999 0.34999999
7.9000001 3.5999999 0.44999999
7.9000001 3.5999999 0.55000001
7.9000001 3.5999999 0.64999998
7.9000001 3.5999999 0.75
7.9000001 3.5999999 0.85000002
7.9000001 3.5999999 0.94999999
7.9000001 3.5999999 1.05
7.9000001 3.5999999 1.15
7.9000001 3.5999999 1.25
7.9000001 3.5999999 1.35
7.9000001 3.5999999 1.45
7.9000001 3.5999999 1.55
7.9000001 3.5999999 1.65
7.9000001 3.5999999 1.75
7.9000001 3.5999999 1.85
7.9000001 3.5999999 1.95
7.9000001 3.5999999 2.05
7.9000001 3.5999999 2.1500001
7.9000001 3.5999999 2.25
7.9000001 3.5999999 2.3499999
7.9000001 3.5999999 2.45
8.1000004 3.7 -0.44999999
8.1000004 3.7 -0.34999999
8.1000004 3.7 -0.25
8.1000004 3.7 -0.15000001
8.1000004 3.7 -0.050000001
8.1000004 3.7 0.050000001
8.1000004 3.7 0.15000001
8.1000004 3.7 0.25
8.1000004 3.7 0.34999999
8.1000004 3.7 0.44999999
8.1000004 3.7 0.55000001
8.1000004 3.7 0.64999998
8.1000004 3.7 0.75
8.1000004 3.7 0.85000002
8.1000004 3.7 0.94999999
8.1000004 3.7 1.05
8.1000004 3.7 1.15
8.1000004 3.7 1.25
8.1000004 3.7 1.35
8.1000004 3.7 1.45
8.1000004 3.7 1.55
8.1000004 3.7 1.65
8.1000004 3.7 1.75
8.1000004 3.7 1.85
8.1000004 3.7 1.95
8.1000004 3.7 2.05
8.1000004 3.7 2.1500001
8.1000004 3.7 2.25
8.1000004 3.7 2.3499999
8.1000004 3.7 2.45
8 3.7 -0.44999999
8 3.7 -0.34999999
8 3.7 -0.25
8 3.7 -0.15000001
8 3.7 -0.050000001
8 3.7 0.050000001
8 3.7 0.15000001
8 3.7 0.25
8 3.7 0.34999999
8 3.7 0.44999999
8 3.7 0.55000001
8 3.7 0.64999998
8 3.7 0.75
8 3.7 0.85000002
8 3.7 0.94999999
8 3.7 1.05
8 3.7 1.15
8 3.7 1.25
8 3.7 1.35
8 3.7 1.45
8 3.7 1.55
8 3.7 1.65
8 3.7 1.75
8 3.7 1.85
8 3.7 1.95
8 3.7 2.05
8 3.7 2.1500001
8 3.7 2.25
8 3.7 2.3499999
8 3.7 2.45
7.9000001 3.7 -0.44999999
7.9000001 3.7 -0.34999999
7.9000001 3.7 -0.25
7.9000001 3.7 -0.15000001
7.9000001 3.7 -0.050000001
7.9000001 3.7 0.050000001
7.9000001 3.7 0.15000001
7.9000001 3.7 0.25
7.9000001 3.7 0.34999999
7.9000001 3.7 0.44999999
7.9000001 3.7 0.55000001
7.9000001 3.7 0.64999998
7.9000001 3.7 0.75
7.9000001 3.7 0.85000002
7.9000001 3.7 0.94999999
7.9000001 3.7 1.05
7.9000001 3.7 1.15
7.9000001 3.7 1.25
7.9000001 3.7 1.35
7.9000001 3.7 1.45
7.9000001 3.7 1.55
7.9000001 3.7 1.65
7.9000001 3.7 1.75
7.9000001 3.7 1.85
7.9000001 3.7 1.95
7.9000001 3.7 2.05
7.9000001 3.7 2.1500001
7.9000001 3.7 2.25
7.9000001 3.7 2.3499999
7.9000001 3.7 2.45
8.1000004 3.8 -0.44999999
8.1000004 3.8 -0.34999999
8.1000004 3.8 -0.25
8.1000004 3.8 -0.15000001
8.1000004 3.8 -0.050000001
8.1000004 3.8 0.050000001
8.1000004 3.8 0.15000001
8.1000004 3.8 0.25
8.1000004 3.8 0.34999999
8.1000004 3.8 0.44999999
8.1000004 3.8 0.55000001
8.1000004 3.8 0.64999998
8.1000004 3.8 0.75
8.1000004 3.8 0.85000002
8.1000004 3.8 0.94999999
8.1000004 3.8 1.05
8.1000004 3.8 1.15
8.1000004 3.8 1.25
8.1000004 3.8 1.35
8.1000004 3.8 1.45
8.1000004 3.8 1.55
8.1000004 3.8 1.65
8.1000004 3.8 1.75
8.1000004 3.8 1.85
8.1000004 3.8 1.95
8.1000004 3.8 2.05
8.1000004 3.8 2.1500001
8.1000004 3.8 2.25
8.1000004 3.8 2.3499999
8.1000004 3.8 2.45
8 3.8 -0.44999999
8 3.8 -0.34999999
8 3.8 -0.25
8 3.8 -0.15000001
8 3.8 -0.050000001
8 3.8 0.050000001
8 3.8 0.15000001
8 3.8 0.25
8 3.8 0.34999999
8 3.8 0.44999999
8 3.8 0.55000001
8 3.8 0.64999998
8 3.8 0.75
8 3.8 0.85000002
8 3.8 0.94999999
8 3.8 1.05
8 3.8 1.15
8 3.8 1.25
8 3.8 1.35
8 3.8 1.45
8 3.8 1.55
8 3.8 1.65
8 3.8 1.75
8 3.8 1.85
8 3.8 1.95
8 3.8 2.05
8 3.8 2.1500001
8 3.8 2.25
8 3.8 2.3499999
8 3.8 2.45
7.9000001 3.8 -0.44999999
7.9000001 3.8 -0.34999999
7.9000001 3.8 -0.25
7.9000001 3.8 -0.15000001
7.9000001 3.8 -0.050000001
7.9000001 3.8 0.050000001
7.9000001 3.8 0.15000001
7.9000001 3.8 0.25
7.9000001 3.8 0.34999999
7.9000001 3.8 0.44999999
7.9000001 3.8 0.55000001
7.9000001 3.8 0.64999998
7.9000001 3.8 0.75
7.9000001 3.8 0.85000002
7.9000001 3.8 0.94999999
7.9000001 3.8 1.05
7.9000001 3.8 1.15
7.9000001 3.8 1.25
7.9000001 3.8 1.35
7.9000001 3.8 1.45
7.9000001 3.8 1.55
7.9000001 3.8 1.65
7.9000001 3.8 1.75
7.9000001 3.8 1.85
7.9000001 3.8 1.95
7.9000001 3.8 2.05
7.9000001 3.8 2.1500001
7.9000001 3.8 2.25
7.9000001 3.8 2.3499999
7.9000001 3.8 2.45
8.1000004 3.9000001 -0.44999999
8.1000004 3.9000001 -0.34999999
8.1000004 3.9000001 -0.25
8.1000004 3.9000001 -0.15000001
8.1000004 3.9000001 -0.050000001
8.1000004 3.9000001 0.050000001
8.1000004 3.9000001 0.15000001
8.1000004 3.9000001 0.25
8.1000004 3.9000001 0.34999999
8.1000004 3.9000001 0.44999999
8.1000004 3.9000001 0.55000001
8.1000004 3.9000001 0.64999998
8.1000004 3.9000001 0.75
8.1000004 3.9000001 0.85000002
8.1000004 3.9000001 0.94999999
8.1000004 3.9000001 1.05
8.1000004 3.9000001 1.15
8.1000004 3.9000001 1.25
8.1000004 3.9000001 1.35
8.1000004 3.9000001 1.45
8.1000004 3.9000001 1.55
8.1000004 3.9000001 1.65
8.1000004 3.9000001 1.75
8.1000004 3.9000001 1.85
8.1000004 3.9000001 1.95
8.1000004 3.9000001 2.05
8.1000004 3.9000001 2.1500001
8.1000004 3.9000001 2.25
8.1000004 3.9000001 2.3499999
8.1000004 3.9000001 2.45
8 3.9000001 -0.44999999
8 3.9000001 -0.34999999
8 3.9000001 -0.25
8 3.9000001 -0.15000001
8 3.9000001 -0.050000001
8 3.9000001 0.050000001
8 3.9000001 0.15000001
8 3.9000001 0.25
8 3.9000001 0.34999999
8 3.9000001 0.44999999
8 3.9000001 0.55000001
8 3.9000001 0.64999998
8 3.9000001 0.75
8 3.9000001 0.85000002
8 3.9000001 0.94999999
8 3.9000001 1.05
8 3.9000001 1.15
8 3.9000001 1.25
8 3.9000001 1.35
8 3.9000001 1.45
8 3.9000001 1.55
8 3.9000001 1.65
8 3.9000001 1.75
8 3.9000001 1.85
8 3.9000001 1.95
8 3.9000001 2.05
8 3.9000001 2.1500001
8 3.9000001 2.25
8 3.9000001 2.3499999
8 3.9000001 2.45
7.9000001 3.9000001 -0.44999999
7.9000001 3.9000001 -0.34999999
7.9000001 3.9000001 -0.25
7.9000001 3.9000001 -0.15000001
7.9000001 3.9000001 -0.050000001
7.9000001 3.9000001 0.050000001
7.9000001 3.9000001 0.15000001
7.9000001 3.9000001 0.25
7.9000001 3.9000001 0.34999999
7.9000001 3.9000001 0.44999999
7.9000001 3.9000001 0.55000001
7.9000001 3.9000001 0.64999998
7.9000001 3.9000001 0.75
7.9000001 3.9000001 0.85000002
7.9000001 3.9000001 0.94999999
7.9000001 3.9000001 1.05
7.9000001 3.9000001 1.15
7.9000001 3.9000001 1.25
7.9000001 3.9000001 1.35
7.9000001 3.9000001 1.45
7.9000001 3.9000001 1.55
7.9000001 3.9000001 1.65
7.9000001 3.9000001 1.75
7.9000001 3.9000001 1.85
7.9000001 3.9000001 1.95
7.9000001 3.9000001 2.05
7.9000001 3.9000001 2.1500001
7.9000001 3.9000001 2.25
7.9000001 3.9000001 2.3499999
7.9000001 3.9000001 2.45
8.1000004 4 -0.44999999
8.1000004 4 -0.34999999
8.1000004 4 -0.25
8.1000004 4 -0.15000001
8.1000004 4 -0.050000001
8.1000004 4 0.050000001
8.1000004 4 0.15000001
8.1000004 4 0.25
8.1000004 4 0.34999999
8.1000004 4 0.44999999
8.1000004 4 0.55000001
8.1000004 4 0.64999998
8.1000004 4 0.75
8.1000004 4 0.85000002
8.1000004 4 0.94999999
8.1000004 4 1.05
8.1000004 4 1.15
8.1000004 4 1.25
8.1000004 4 1.35
8.1000004 4 1.45
8.1000004 4 1.55
8.1000004 4 1.65
8.1000004 4 1.75
8.1000004 4 1.85
8.1000004 4 1.95
8.1000004 4 2.05
8.1000004 4 2.1500001
8.1000004 4 2.25
8.1000004 4 2.3499999
8.1000004 4 2.45
8 4 -0.44999999
8 4 -0.34999999
8 4 -0.25
8 4 -0.15000001
8 4 -0.050000001
8 4 0.050000001
8 4 0.15000001
8 4 0.25
8 4 0.34999999
8 4 0.44999999
8 4 0.55000001
8 4 0.64999998
8 4 0.75
8 4 0.85000002
8 4 0.94999999
8 4 1.05
8 4 1.15
8 4 1.25
8 4 1.35
8 4 1.45
8 4 1.55
8 4 1.65
8 4 1.75
8 4 1.85
8 4 1.95
8 4 2.05
8 4 2.1500001
8 4 2.25
8 4 2.3499999
8 4 2.45
7.9000001 4 -0.44999999
7.9000001 4 -0.34999999
7.9000001 4 -0.25
7.9000001 4 -0.15000001
7.9000001 4 -0.050000001
7.9000001 4 0.050000001
7.9000001 4 0.15000001
7.9000001 4 0.25
7.9000001 4 0.34999999
7.9000001 4 0.44999999
7.9000001 4 0.55000001
7.9000001 4 0.64999998
7.9000001 4 0.75
7.9000001 4 0.85000002
7.9000001 4 0.94999999
7.9000001 4 1.05
7.9000001 4 1.15
7.9000001 4 1.25
7.9000001 4 1.35
7.9000001 4 1.45
7.9000001 4 1.55
7.9000001 4 1.65
7.9000001 4 1.75
7.9000001 4 1.85
7.9000001 4 1.95
7.9000001 4 2.05
7.9000001 4 2.1500001
7.9000001 4 2.25
7.9000001 4 2.3499999
7.9000001 4 2.45
8.1000004 4.0999999 -0.44999999
8.1000004 4.0999999 -0.34999999
8.1000004 4.0999999 -0.25
8.1000004 4.0999999 -0.15000001
8.1000004 4.0999999 -0.050000001
8.1000004 4.0999999 0.050000001
8.1000004 4.0999999 0.15000001
8.1000004 4.0999999 0.25
8.1000004 4.0999999 0.34999999
8.1000004 4.0999999 0.44999999
8.1000004 4.0999999 0.55000001
8.1000004 4.0999999 0.64999998
8.1000004 4.0999999 0.75
8.1000004 4.0999999 0.85000002
8.1000004 4.0999999 0.94999999
8.1000004 4.0999999 1.05
8.1000004 4.0999999 1.15
8.1000004 4.0999999 1.25
8.1000004 4.0999999 1.35
8.1000004 4.0999999 1.45
8.1000004 4.0999999 1.55
8.1000004 4.0999999 1.65
8.1000004 4.0999999 1.75
8.1000004 4.0999999 1.85
8.1000004 4.0999999 1.95
8.1000004 4.0999999 2.05
8.1000004 4.0999999 2.1500001
8.1000004 4.0999999 2.25
8.1000004 4.0999999 2.3499999
8.1000004 4.0999999 2.45
8 4.0999999 -0.44999999
8 4.0999999 -0.34999999
8 4.0999999 -0.25
8 4.0999999 -0.15000001
8 4.0999999 -0.050000001
8 4.0999999 0.050000001
8 4.0999999 0.15000001
8 4.0999999 0.25
8 4.0999999 0.34999999
8 4.0999999 0.44999999
8 4.0999999 0.55000001
8 4.0999999 0.64999998
8 4.0999999 0.75
8 4.0999999 0.85000002
8 4.0999999 0.94999999
8 4.0999999 1.05
8 4.0999999 1.15
8 4.0999999 1.25
8 4.0999999 1.35
8 4.0999999 1.45
8 4.0999999 1.55
8 4.0999999 1.65
8 4.0999999 1.75
8 4.0999999 1.85
8 4.0999999 1.95
8 4.0999999 2.05
8 4.0999999 2.1500001
8 4.0999999 2.25
8 4.0999999 2.3499999
8 4.0999999 2.45
7.9000001 4.0999999 -0.44999999
7.9000001 4.0999999 -0.34999999
7.9000001 4.0999999 -0.25
7.9000001 4.0999999 -0.15000001
7.9000001 4.0999999 -0.050000001
7.9000001 4.0999999 0.050000001
7.9000001 4.0999999 0.15000001
7.9000001 4.0999999 0.25
7.9000001 4.0999999 0.34999999
7.9000001 4.0999999 0.44999999
7.9000001 4.0999999 0.55000001
7.9000001 4.0999999 0.64999998
7.9000001 4.0999999 0.75
7.9000001 4.0999999 0.85000002
7.9000001 4.0999999 0.94999999
7.9000001 4.0999999 1.05
7.9000001 4.0999999 1.15
7.9000001 4.0999999 1.25
7.9000001 4.0999999 1.35
7.9000001 4.0999999 1.45
7.9000001 4.0999999 1.55
7.9000001 4.0999999 1.65
7.9000001 4.0999999 1.75
7.9000001 4.0999999 1.85
7.9000001 4.0999999 1.95
7.9000001 4.0999999 2.05
7.9000001 4.0999999 2.1500001
7.9000001 4.0999999 2.25
7.9000001 4.0999999 2.3499999
7.9000001 4.0999999 2.45
8.1000004 4.1999998 -0.44999999
8.1000004 4.1999998 -0.34999999
8.1000004 4.1999998 -0.25
8.1000004 4.1999998 -0.15000001
8.1000004 4.1999998 -0.050000001
8.1000004 4.1999998 0.050000001
8.1000004 4.1999998 0.15000001
8.1000004 4.1999998 0.25
8.1000004 4.1999998 0.34999999
8.1000004 4.1999998 0.44999999
8.1000004 4.1999998 0.55000001
8.1000004 4.1999998 0.64999998
8.1000004 4.1999998 0.75
8.1000004 4.1999998 0.85000002
8.1000004 4.1999998 0.94999999
8.1000004 4.1999998 1.05
8.1000004 4.1999998 1.15
8.1000004 4.1999998 1.25
8.1000004 4.1999998 1.35
8.1000004 4.1999998 1.45
8.1000004 4.1999998 1.55
8.1000004 4.1999998 1.65
8.1000004 4.1999998 1.75
8.1000004 4.1999998 1.85
8.1000004 4.1999998 1.95
8.1000004 4.1999998 2.05
8.1000004 4.1999998 2.1500001
8.1000004 4.1999998 2.25
8.1000004 4.1999998 2.3499999
8.1000004 4.1999998 2.45
8 4.1999998 -0.44999999
8 4.1999998 -0.34999999
8 4.1999998 -0.25
8 4.1999998 -0.15000001
8 4.1999998 -0.050000001
8 4.1999998 0.050000001
8 4.1999998 0.15000001
8 4.1999998 0.25
8 4.1999998 0.34999999
8 4.1999998 0.44999999
8 4.1999998 0.55000001
8 4.1999998 0.64999998
8 4.1999998 0.75
8 4.1999998 0.85000002
8 4.1999998 0.94999999
8 4.1999998 1.05
8 4.1999998 1.15
8 4.1999998 1.25
8 4.1999998 1.35
8 4.1999998 1.45
8 4.1999998 1.55
8 4.1999998 1.65
8 4.1999998 1.75
8 4.1999998 1.85
8 4.1999998 1.95
8 4.1999998 2.05
8 4.1999998 2.1500001
8 4.1999998 2.25
8 4.1999998 2.3499999
8 4.1999998 2.45
7.9000001 4.1999998 -0.44999999
7.9000001 4.1999998 -0.34999999
7.9000001 4.1999998 -0.25
7.9000001 4.1999998 -0.15000001
7.9000001 4.1999998 -0.050000001
7.9000001 4.1999998 0.050000001
7.9000001 4.1999998 0.15000001
7.9000001 4.1999998 0.25
7.9000001 4.1999998 0.34999999
7.9000001 4.1999998 0.44999999
7.9000001 4.1999998 0.55000001
7.9000001 4.1999998 0.64999998
7.9000001 4.1999998 0.75
7.9000001 4.1999998 0.85000002
7.9000001 4.1999998 0.94999999
7.9000001 4.1999998 1.05
7.9000001 4.1999998 1.15
7.9000001 4.1999998 1.25
7.9000001 4.1999998 1.35
7.9000001 4.1999998 1.45
7.9000001 4.1999998 1.55
7.9000001 4.1999998 1.65
7.9000001 4.1999998 1.75
7.9000001 4.1999998 1.85
7.9000001 4.1999998 1.95
7.9000001 4.1999998 2.05
7.9000001 4.1999998 2.1500001
7.9000001 4.1999998 2.25
7.9000001 4.1999998 2.3499999
7.9000001 4.1999998 2.45
8.1000004 4.3000002 -0.44999999
8.1000004 4.3000002 -0.34999999
8.1000004 4.3000002 -0.25
8.1000004 4.3000002 -0.15000001
8.1000004 4.3000002 -0.050000001
8.1000004 4.3000002 0.050000001
8.1000004 4.3000002 0.15000001
8.1000004 4.3000002 0.25
8.1000004 4.3000002 0.34999999
8.1000004 4.3000002 0.44999999
8.1000004 4.3000002 0.55000001
8.1000004 4.3000002 0.64999998
8.1000004 4.3000002 0.75
8.1000004 4.3000002 0.85000002
8.1000004 4.3000002 0.94999999
8.1000004 4.3000002 1.05
8.1000004 4.3000002 1.15
8.1000004 4.3000002 1.25
8.1000004 4.3000002 1.35
8.1000004 4.3000002 1.45
8.1000004 4.3000002 1.55
8.1000004 4.3000002 1.65
8.1000004 4.3000002 1.75
8.1000004 4.3000002 1.85
8.1000004 4.3000002 1.95
8.1000004 4.3000002 2.05
8.1000004 4.3000002 2.1500001
8.1000004 4.3000002 2.25
8.1000004 4.3000002 2.3499999
8.1000004 4.3000002 2.45
8 4.3000002 -0.44999999
8 4.3000002 -0.34999999
8 4.3000002 -0.25
8 4.3000002 -0.15000001
8 4.3000002 -0.050000001
8 4.3000002 0.050000001
8 4.3000002 0.15000001
8 4.3000002 0.25
8 4.3000002 0.34999999
8 4.3000002 0.44999999
8 4.3000002 0.55000001
8 4.3000002 0.64999998
8 4.3000002 0.75
8 4.3000002 0.85000002
8 4.3000002 0.94999999
8 4.3000002 1.05
8 4.3000002 1.15
8 4.3000002 1.25
8 4.3000002 1.35
8 4.3000002 1.45
8 4.3000002 1.55
8 4.3000002 1.65
8 4.3000002 1.75
8 4.3000002 1.85
8 4.3000002 1.95
8 4.3000002 2.05
8 4.3000002 2.1500001
8 4.3000002 2.25
8 4.3000002 2.3499999
8 4.3000002 2.45
7.9000001 4.3000002 -0.44999999
7.9000001 4.3000002 -0.34999999
7.9000001 4.3000002 -0.25
7.9000001 4.3000002 -0.15000001
7.9000001 4.3000002 -0.050000001
7.9000001 4.3000002 0.050000001
7.9000001 4.3000002 0.15000001
7.9000001 4.3000002 0.25
7.9000001 4.3000002 0.34999999
7.9000001 4.3000002 0.44999999
7.9000001 4.3000002 0.55000001
7.9000001 4.3000002 0.64999998
7.9000001 4.3000002 0.75
7.9000001 4.3000002 0.85000002
7.9000001 4.3000002 0.94999999
7.9000001 4.3000002 1.05
7.9000001 4.3000002 1.15
7.9000001 4.3000002 1.25
7.9000001 4.3000002 1.35
7.9000001 4.3000002 1.45
7.9000001 4.3000002 1.55
7.9000001 4.3000002 1.65
7.9000001 4.3000002 1.75
7.9000001 4.3000002 1.85
7.9000001 4.3000002 1.95
7.9000001 4.3000002 2.05
7.9000001 4.3000002 2.1500001
7.9000001 4.3000002 2.25
7.9000001 4.3000002 2.3499999
7.9000001 4.3000002 2.45
8.1000004 4.4000001 -0.44999999
8.1000004 4.4000001 -0.34999999
8.1000004 4.4000001 -0.25
8.1000004 4.4000001 -0.15000001
8.1000004 4.4000001 -0.050000001
8.1000004 4.4000001 0.050000001
8.1000004 4.4000001 0.15000001
8.1000004 4.4000001 0.25
8.1000004 4.4000001 0.34999999
8.1000004 4.4000001 0.44999999
8.1000004 4.4000001 0.55000001
8.1000004 4.4000001 0.64999998
8.1000004 4.4000001 0.75
8.1000004 4.4000001 0.85000002
8.1000004 4.4000001 0.94999999
8.1000004 4.4000001 1.05
8.1000004 4.4000001 1.15
8.1000004 4.4000001 1.25
8.1000004 4.4000001 1.35
8.1000004 4.4000001 1.45
8.1000004 4.4000001 1.55
8.1000004 4.4000001 1.65
8.1000004 4.4000001 1.75
8.1000004 4.4000001 1.85
8.1000004 4.4000001 1.95
8.1000004 4.4000001 2.05
8.1000004 4.4000001 2.1500001
8.1000004 4.4000001 2.25
8.1000004 4.4000001 2.3499999
8.1000004 4.4000001 2.45
8 4.4000001 -0.44999999
8 4.4000001 -0.34999999
8 4.4000001 -0.25
8 4.4000001 -0.15000001
8 4.4000001 -0.050000001
8 4.4000001 0.050000001
8 4.4000001 0.15000001
8 4.4000001 0.25
8 4.4000001 0.34999999
8 4.4000001 0.44999999
8 4.4000001 0.55000001
8 4.4000001 0.64999998
8 4.4000001 0.75
8 4.4000001 0.85000002
8 4.4000001 0.94999999
8 4.4000001 1.05
8 4.4000001 1.15
8 4.4000001 1.25
8 4.4000001 1.35
8 4.4000001 1.45
8 4.4000001 1.55
8 4.4000001 1.65
8 4.4000001 1.75
8 4.4000001 1.85
8 4.4000001 1.95
8 4.4000001 2.05
8 4.4000001 2.1500001
8 4.4000001 2.25
8 4.4000001 2.3499999
8 4.4000001 2.45
7.9000001 4.4000001 -0.44999999
7.9000001 4.4000001 -0.34999999
7.9000001 4.4000001 -0.25
7.9000001 4.4000001 -0.15000001
7.9000001 4.4000001 -0.050000001
7.9000001 4.4000001 0.050000001
7.9000001 4.4000001 0.15000001
7.9000001 4.4000001 0.25
7.9000001 4.4000001 0.34999999
7.9000001 4.4000001 0.44999999
7.9000001 4.4000001 0.55000001
7.9000001 4.4000001 0.64999998
7.9000001 4.4000001 0.75
7.9000001 4.4000001 0.85000002
7.9000001 4.4000001 0.94999999
7.9000001 4.4000001 1.05
7.9000001 4.4000001 1.15
7.9000001 4.4000001 1.25
7.9000001 4.4000001 1.35
7.9000001 4.4000001 1.45
7.9000001 4.4000001 1.55
7.9000001 4.4000001 1.65
7.9000001 4.4000001 1.75
7.9000001 4.4000001 1.85
7.9000001 4.4000001 1.95
7.9000001 4.4000001 2.05
7.9000001 4.4000001 2.1500001
7.9000001 4.4000001 2.25
7.9000001 4.4000001 2.3499999
7.9000001 4.4000001 2.45
8.1000004 4.5 -0.44999999
8.1000004 4.5 -0.34999999
8.1000004 4.5 -0.25
8.1000004 4.5 -0.15000001
8.1000004 4.5 -0.050000001
8.1000004 4.5 0.050000001
8.1000004 4.5 0.15000001
8.1000004 4.5 0.25
8.1000004 4.5 0.34999999
8.1000004 4.5 0.44999999
8.1000004 4.5 0.55000001
8.1000004 4.5 0.64999998
8.1000004 4.5 0.75
8.1000004 4.5 0.85000002
8.1000004 4.5 0.94999999
8.1000004 4.5 1.05
8.1000004 4.5 1.15
8.1000004 4.5 1.25
8.1000004 4.5 1.35
8.1000004 4.5 1.45
8.1000004 4.5 1.55
8.1000004 4.5 1.65
8.1000004 4.5 1.75
8.1000004 4.5 1.85
8.1000004 4.5 1.95
8.1000004 4.5 2.05
8.1000004 4.5 2.1500001
8.1000004 4.5 2.25
8.1000004 4.5 2.3499999
8.1000004 4.5 2.45
8 4.5 -0.44999999
8 4.5 -0.34999999
8 4.5 -0.25
8 4.5 -0.15000001
8 4.5 -0.050000001
8 4.5 0.050000001
8 4.5 0.15000001
8 4.5 0.25
8 4.5 0.34999999
8 4.5 0.44999999
8 4.5 0.55000001
8 4.5 0.64999998
8 4.5 0.75
8 4.5 0.85000002
8 4.5 0.94999999
8 4.5 1.05
8 4.5 1.15
8 4.5 1.25
8 4.5 1.35
8 4.5 1.45
8 4.5 1.55
8 4.5 1.65
8 4.5 1.75
8 4.5 1.85
8 4.5 1.95
8 4.5 2.05
8 4.5 2.1500001
8 4.5 2.25
8 4.5 2.3499999
8 4.5 2.45
7.9000001 4.5 -0.44999999
7.9000001 4.5 -0.34999999
7.9000001 4.5 -0.25
7.9000001 4.5 -0.15000001
7.9000001 4.5 -0.050000001
7.9000001 4.5 0.050000001
7.9000001 4.5 0.15000001
7.9000001 4.5 0.25
7.9000001 4.5 0.34999999
7.9000001 4.5 0.44999999
7.9000001 4.5 0.55000001
7.9000001 4.5 0.64999998
7.9000001 4.5 0.75
7.9000001 4.5 0.85000002
7.9000001 4.5 0.94999999
7.9000001 4.5 1.05
7.9000001 4.5 1.15
7.9000001 4.5 1.25
7.9000001 4.5 1.35
7.9000001 4.5 1.45
7.9000001 4.5 1.55
7.9000001 4.5 1.65
7.9000001 4.5 1.75
7.9000001 4.5 1.85
7.9000001 4.5 1.95
7.9000001 4.5 2.05
7.9000001 4.5 2.1500001
7.9000001 4.5 2.25
7.9000001 4.5 2.3499999
7.9000001 4.5 2.45
8.1000004 4.5999999 -0.44999999
8.1000004 4.5999999 -0.34999999
8.1000004 4.5999999 -0.25
8.1000004 4.5999999 -0.15000001
8.1000004 4.5999999 -0.050000001
8.1000004 4.5999999 0.050000001
8.1000004 4.5999999 0.15000001
8.1000004 4.5999999 0.25
8.1000004 4.5999999 0.34999999
8.1000004 4.5999999 0.44999999
8.1000004 4.5999999 0.55000001
8.1000004 4.5999999 0.64999998
8.1000004 4.5999999 0.75
8.1000004 4.5999999 0.85000002
8.1000004 4.5999999 0.94999999
8.1000004 4.5999999 1.05
8.1000004 4.5999999 1.15
8.1000004 4.5999999 1.25
8.1000004 4.5999999 1.35
8.1000004 4.5999999 1.45
8.1000004 4.5999999 1.55
8.1000004 4.5999999 1.65
8.1000004 4.5999999 1.75
8.1000004 4.5999999 1.85
8.1000004 4.5999999 1.95
8.1000004 4.5999999 2.05
8.1000004 4.5999999 2.1500001
8.1000004 4.5999999 2.25
8.1000004 4.5999999 2.3499999
8.1000004 4.5999999 2.45
8 4.5999999 -0.44999999
8 4.5999999 -0.34999999
8 4.5999999 -0.25
8 4.5999999 -0.15000001
8 4.5999999 -0.050000001
8 4.5999999 0.050000001
8 4.5999999 0.15000001
8 4.5999999 0.25
8 4.5999999 0.34999999
8 4.5999999 0.44999999
8 4.5999999 0.55000001
8 4.5999999 0.64999998
8 4.5999999 0.75
8 4.5999999 0.85000002
8 4.5999999 0.94999999
8 4.5999999 1.05
8 4.5999999 1.15
8 4.5999999 1.25
8 4.5999999 1.35
8 4.5999999 1.45
8 4.5999999 1.55
8 4.5999999 1.65
8 4.5999999 1.75
8 4.5999999 1.85
8 4.5999999 1.95
8 4.5999999 2.05
8 4.5999999 2.1500001
8 4.5999999 2.25
8 4.5999999 2.3499999
8 4.5999999 2.45
7.9000001 4.5999999 -0.44999999
7.9000001 4.5999999 -0.34999999
7.9000001 4.5999999 -0.25
7.9000001 4.5999999 -0.15000001
7.9000001 4.5999999 -0.050000001
7.9000001 4.5999999 0.050000001
7.9000001 4.5999999 0.15000001
7.9000001 4.5999999 0.25
7.9000001 4.5999999 0.34999999
7.9000001 4.5999999 0.44999999
7.9000001 4.5999999 0.55000001
7.9000001 4.5999999 0.64999998
7.9000001 4.5999999 0.75
7.9000001 4.5999999 0.85000002
7.9000001 4.5999999 0.94999999
7.9000001 4.5999999 1.05
7.9000001 4.5999999 1.15
7.9000001 4.5999999 1.25
7.9000001 4.5999999 1.35
7.9000001 4.5999999 1.45
7.9000001 4.5999999 1.55
7.9000001 4.5999999 1.65
7.9000001 4.5999999 1.75
7.9000001 4.5999999 1.85
7.9000001 4.5999999 1.95
7.9000001 4.5999999 2.05
7.9000001 4.5999999 2.1500001
7.9000001 4.5999999 2.25
7.9000001 4.5999999 2.3499999
7.9000001 4.5999999 2.45
8.1000004 4.6999998 -0.44999999
8.1000004 4.6999998 -0.34999999
8.1000004 4.6999998 -0.25
8.1000004 4.6999998 -0.15000001
8.1000004 4.6999998 -0.050000001
8.1000004 4.6999998 0.050000001
8.1000004 4.6999998 0.15000001
8.1000004 4.6999998 0.25
8.1000004 4.6999998 0.34999999
8.1000004 4.6999998 0.44999999
8.1000004 4.6999998 0.55000001
8.1000004 4.6999998 0.64999998
8.1000004 4.6999998 0.75
8.1000004 4.6999998 0.85000002
8.1000004 4.6999998 0.94999999
8.1000004 4.6999998 1.05
8.1000004 4.6999998 1.15
8.1000004 4.6999998 1.25
8.1000004 4.6999998 1.35
8.1000004 4.6999998 1.45
8.1000004 4.6999998 1.55
8.1000004 4.6999998 1.65
8.1000004 4.6999998 1.75
8.1000004 4.6999998 1.85
8.1000004 4.6999998 1.95
8.1000004 4.6999998 2.05
8.1000004 4.6999998 2.1500001
8.1000004 4.6999998 2.25
8.1000004 4.6999998 2.3499999
8.1000004 4.6999998 2.45
8 4.6999998 -0.44999999
8 4.6999998 -0.34999999
8 4.6999998 -0.25
8 4.6999998 -0.15000001
8 4.6999998 -0.050000001
8 4.6999998 0.050000001
8 4.6999998 0.15000001
8 4.6999998 0.25
8 4.6999998 0.34999999
8 4.6999998 0.44999999
8 4.6999998 0.55000001
8 4.6999998 0.64999998
8 4.6999998 0.75
8 4.6999998 0.85000002
8 4.6999998 0.94999999
8 4.6999998 1.05
8 4.6999998 1.15
8 4.6999998 1.25
8 4.6999998 1.35
8 4.6999998 1.45
8 4.6999998 1.55
8 4.6999998 1.65
8 4.6999998 1.75
8 4.6999998 1.85
8 4.6999998 1.95
8 4.6999998 2.05
8 4.6999998 2.1500001
8 4.6999998 2.25
8 4.6999998 2.3499999
8 4.6999998 2.45
7.9000001 4.6999998 -0.44999999
7.9000001 4.6999998 -0.34999999
7.9000001 4.6999998 -0.25
7.9000001 4.6999998 -0.15000001
7.9000001 4.6999998 -0.050000001
7.9000001 4.6999998 0.050000001
7.9000001 4.6999998 0.15000001
7.9000001 4.6999998 0.25
7.9000001 4.6999998 0.34999999
7.9000001 4.6999998 0.44999999
7.9000001 4.6999998 0.55000001
7.9000001 4.6999998 0.64999998
7.9000001 4.6999998 0.75
7.9000001 4.6999998 0.85000002
7.9000001 4.6999998 0.94999999
7.9000001 4.6999998 1.05
7.9000001 4.6999998 1.15
7.9000001 4.6999998 1.25
7.9000001 4.6999998 1.35
7.9000001 4.6999998 1.45
7.9000001 4.6999998 1.55
7.9000001 4.6999998 1.65
7.9000001 4.6999998 1.75
7.9000001 4.6999998 1.85
7.9000001 4.6999998 1.95
7.9000001 4.6999998 2.05
7.9000001 4.6999998 2.1500001
7.9000001 4.6999998 2.25
7.9000001 4.6999998 2.3499999
7.9000001 4.6999998 2.45
8.1000004 4.8000002 -0.44999999
8.1000004 4.8000002 -0.34999999
8.1000004 4.8000002 -0.25
8.1000004 4.8000002 -0.15000001
8.1000004 4.8000002 -0.050000001
8.1000004 4.8000002 0.050000001
8.1000004 4.8000002 0.15000001
8.1000004 4.8000002 0.25
8.1000004 4.8000002 0.34999999
8.1000004 4.8000002 0.44999999
8.1000004 4.8000002 0.55000001
8.1000004 4.8000002 0.64999998
8.1000004 4.8000002 0.75
8.1000004 4.8000002 0.85000002
8.1000004 4.8000002 0.94999999
8.1000004 4.8000002 1.05
8.1000004 4.8000002 1.15
8.1000004 4.8000002 1.25
8.1000004 4.8000002 1.35
8.1000004 4.8000002 1.45
8.1000004 4.8000002 1.55
8.1000004 4.8000002 1.65
8.1000004 4.8000002 1.75
8.1000004 4.8000002 1.85
8.1000004 4.8000002 1.95
8.1000004 4.8000002 2.05
8.1000004 4.8000002 2.1500001
8.1000004 4.8000002 2.25
8.1000004 4.8000002 2.3499999
8.1000004 4.8000002 2.45
8 4.8000002 -0.44999999
8 4.8000002 -0.34999999
8 4.8000002 -0.25
8 4.8000002 -0.15000001
8 4.8000002 -0.050000001
8 4.8000002 0.050000001
8 4.8000002 0.15000001
8 4.8000002 0.25
8 4.8000002 0.34999999
8 4.8000002 0.44999999
8 4.8000002 0.55000001
8 4.8000002 0.64999998
8 4.8000002 0.75
8 4.8000002 0.85000002
8 4.8000002 0.94999999
8 4.8000002 1.05
8 4.8000002 1.15
8 4.8000002 1.25
8 4.8000002 1.35
8 4.8000002 1.45
8 4.8000002 1.55
8 4.8000002 1.65
8 4.8000002 1.75
8 4.8000002 1.85
8 4.8000002 1.95
8 4.8000002 2.05
8 4.8000002 2.1500001
8 4.8000002 2.25
8 4.8000002 2.3499999
8 4.8000002 2.45
7.9000001 4.8000002 -0.44999999
7.9000001 4.8000002 -0.34999999
7.9000001 4.8000002 -0.25
7.9000001 4.8000002 -0.15000001
7.9000001 4.8000002 -0.050000001
7.9000001 4.8000002 0.050000001
7.9000001 4.8000002 0.15000001
7.9000001 4.8000002 0.25
7.9000001 4.8000002 0.34999999
7.9000001 4.8000002 0.44999999
7.9000001 4.8000002 0.55000001
7.9000001 4.8000002 0.64999998
7.9000001 4.8000002 0.75
7.9000001 4.8000002 0.85000002
7.9000001 4.8000002 0.94999999
7.9000001 4.8000002 1.05
7.9000001 4.8000002 1.15
7.9000001 4.8000002 1.25
7.9000001 4.8000002 1.35
7.9000001 4.8000002 1.45
7.9000001 4.8000002 1.55
7.9000001 4.8000002 1.65
7.9000001 4.8000002 1.75
7.9000001 4.8000002 1.85
7.9000001 4.8000002 1.95
7.9000001 4.8000002 2.05
7.9000001 4.8000002 2.1500001
7.9000001 4.8000002 2.25
7.9000001 4.8000002 2.3499999
7.9000001 4.8000002 2.45
8.1000004 4.9000001 -0.44999999
8.1000004 4.9000001 -0.34999999
8.1000004 4.9000001 -0.25
8.1000004 4.9000001 -0.15000001
8.1000004 4.9000001 -0.050000001
8.1000004 4.9000001 0.050000001
8.1000004 4.9000001 0.15000001
8.1000004 4.9000001 0.25
8.1000004 4.9000001 0.34999999
8.1000004 4.9000001 0.44999999
8.1000004 4.9000001 0.55000001
8.1000004 4.9000001 0.64999998
8.1000004 4.9000001 0.75
8.1000004 4.9000001 0.85000002
8.1000004 4.9000001 0.94999999
8.1000004 4.9000001 1.05
8.1000004 4.9000001 1.15
8.1000004 4.9000001 1.25
8.1000004 4.9000001 1.35
8.1000004 4.9000001 1.45
8.1000004 4.9000001 1.55
8.1000004 4.9000001 1.65
8.1000004 4.9000001 1.75
8.1000004 4.9000001 1.85
8.1000004 4.9000001 1.95
8.1000004 4.9000001 2.05
8.1000004 4.9000001 2.1500001
8.1000004 4.9000001 2.25
8.1000004 4.9000001 2.3499999
8.1000004 4.9000001 2.45
8 4.9000001 -0.44999999
8 4.9000001 -0.34999999
8 4.9000001 -0.25
8 4.9000001 -0.15000001
8 4.9000001 -0.050000001
8 4.9000001 0.050000001
8 4.9000001 0.15000001
8 4.9000001 0.25
8 4.9000001 0.34999999
8 4.9000001 0.44999999
8 4.9000001 0.55000001
8 4.9000001 0.64999998
8 4.9000001 0.75
8 4.9000001 0.85000002
8 4.9000001 0.94999999
8 4.9000001 1.05
8 4.9000001 1.15
8 4.9000001 1.25
8 4.9000001 1.35
8 4.9000001 1.45
8 4.9000001 1.55
8 4.9000001 1.65
8 4.9000001 1.75
8 4.9000001 1.85
8 4.9000001 1.95
8 4.9000001 2.05
8 4.9000001 2.1500001
8 4.9000001 2.25
8 4.9000001 2.3499999
8 4.9000001 2.45
7.9000001 4.9000001 -0.44999999
7.9000001 4.9000001 -0.34999999
7.9000001 4.9000001 -0.25
7.9000001 4.9000001 -0.15000001
7.9000001 4.9000001 -0.050000001
7.9000001 4.9000001 0.050000001
7.9000001 4.9000001 0.15000001
7.9000001 4.9000001 0.25
7.9000001 4.9000001 0.34999999
7.9000001 4.9000001 0.44999999
7.9000001 4.9000001 0.55000001
7.9000001 4.9000001 0.64999998
7.9000001 4.9000001 0.75
7.9000001 4.9000001 0.85000002
7.9000001 4.9000001 0.94999999
7.9000001 4.9000001 1.05
7.9000001 4.9000001 1.15
7.9000001 4.9000001 1.25
7.9000001 4.9000001 1.35
7.9000001 4.9000001 1.45
7.9000001 4.9000001 1.55
7.9000001 4.9000001 1.65
7.9000001 4.9000001 1.75
7.9000001 4.9000001 1.85
7.9000001 4.9000001 1.95
7.9000001 4.9000001 2.05
7.9000001 4.9000001 2.1500001
7.9000001 4.9000001 2.25
7.9000001 4.9000001 2.3499999
7.9000001 4.9000001 2.45
8.1000004 5 -0.44999999
8.1000004 5 -0.34999999
8.1000004 5 -0.25
8.1000004 5 -0.15000001
8.1000004 5 -0.050000001
8.1000004 5 0.050000001
8.1000004 5 0.15000001
8.1000004 5 0.25
8.1000004 5 0.34999999
8.1000004 5 0.44999999
8.1000004 5 0.55000001
8.1000004 5 0.64999998
8.1000004 5 0.75
8.1000004 5 0.85000002
8.1000004 5 0.94999999
8.1000004 5 1.05
8.1000004 5 1.15
8.1000004 5 1.25
8.1000004 5 1.35
8.1000004 5 1.45
8.1000004 5 1.55
8.1000004 5 1.65
8.1000004 5 1.75
8.1000004 5 1.85
8.1000004 5 1.95
8.1000004 5 2.05
8.1000004 5 2.1500001
8.1000004 5 2.25
8.1000004 5 2.3499999
8.1000004 5 2.45
8 5 -0.44999999
8 5 -0.34999999
8 5 -0.25
8 5 -0.15000001
8 5 -0.050000001
8 5 0.050000001
8 5 0.15000001
8 5 0.25
8 5 0.34999999
8 5 0.44999999
8 5 0.55000001
8 5 0.64999998
8 5 0.75
8 5 0.85000002
8 5 0.94999999
8 5 1.05
8 5 1.15
8 5 1.25
8 5 1.35
8 5 1.45
8 5 1.55
8 5 1.65
8 5 1.75
8 5 1.85
8 5 1.95
8 5 2.05
8 5 2.1500001
8 5 2.25
8 5 2.3499999
8 5 2.45
7.9000001 5 -0.44999999
7.9000001 5 -0.34999999
7.9000001 5 -0.25
7.9000001 5 -0.15000001
7.9000001 5 -0.050000001
7.9000001 5 0.050000001
7.9000001 5 0.15000001
7.9000001 5 0.25
7.9000001 5 0.34999999
7.9000001 5 0.44999999
7.9000001 5 0.55000001
7.9000001 5 0.64999998
7.9000001 5 0.75
7.9000001 5 0.85000002
7.9000001 5 0.94999999
7.9000001 5 1.05
7.9000001 5 1.15
7.9000001 5 1.25
7.9000001 5 1.35
7.9000001 5 1.45
7.9000001 5 1.55
7.9000001 5 1.65
7.9000001 5 1.75
7.9000001 5 1.85
7.9000001 5 1.95
7.9000001 5 2.05
7.9000001 5 2.1500001
7.9000001 5 2.25
7.9000001 5 2.3499999
7.9000001 5 2.45
8.1000004 5.0999999 -0.44999999
8.1000004 5.0999999 -0.34999999
8.1000004 5.0999999 -0.25
8.1000004 5.0999999 -0.15000001
8.1000004 5.0999999 -0.050000001
8.1000004 5.0999999 0.050000001
8.1000004 5.0999999 0.15000001
8.1000004 5.0999999 0.25
8.1000004 5.0999999 0.34999999
8.1000004 5.0999999 0.44999999
8.1000004 5.0999999 0.55000001
8.1000004 5.0999999 0.64999998
8.1000004 5.0999999 0.75
8.1000004 5.0999999 0.85000002
8.1000004 5.0999999 0.94999999
8.1000004 5.0999999 1.05
8.1000004 5.0999999 1.15
8.1000004 5.0999999 1.25
8.1000004 5.0999999 1.35
8.1000004 5.0999999 1.45
8.1000004 5.0999999 1.55
8.1000004 5.0999999 1.65
8.1000004 5.0999999 1.75
8.1000004 5.0999999 1.85
8.1000004 5.0999999 1.95
8.1000004 5.0999999 2.05
8.1000004 5.0999999 2.1500001
8.1000004 5.0999999 2.25
8.1000004 5.0999999 2.3499999
8.1000004 5.0999999 2.45
8 5.0999999 -0.44999999
8 5.0999999 -0.34999999
8 5.0999999 -0.25
8 5.0999999 -0.15000001
8 5.0999999 -0.050000001
8 5.0999999 0.050000001
8 5.0999999 0.15000001
8 5.0999999 0.25
8 5.0999999 0.34999999
8 5.0999999 0.44999999
8 5.0999999 0.55000001
8 5.0999999 0.64999998
8 5.0999999 0.75
8 5.0999999 0.85000002
8 5.0999999 0.94999999
8 5.0999999 1.05
8 5.0999999 1.15
8 5.0999999 1.25
8 5.0999999 1.35
8 5.0999999 1.45
8 5.0999999 1.55
8 5.0999999 1.65
8 5.0999999 1.75
8 5.0999999 1.85
8 5.0999999 1.95
8 5.0999999 2.05
8 5.0999999 2.1500001
8 5.0999999 2.25
8 5.0999999 2.3499999
8 5.0999999 2.45
7.9000001 5.0999999 -0.44999999
7.9000001 5.0999999 -0.34999999
7.9000001 5.0999999 -0.25
7.9000001 5.0999999 -0.15000001
7.9000001 5.0999999 -0.050000001
7.9000001 5.0999999 0.050000001
7.9000001 5.0999999 0.15000001
7.9000001 5.0999999 0.25
7.9000001 5.0999999 0.34999999
7.9000001 5.0999999 0.44999999
7.9000001 5.0999999 0.55000001
7.9000001 5.0999999 0.64999998
7.9000001 5.0999999 0.75
7.9000001 5.0999999 0.85000002
7.9000001 5.0999999 0.94999999
7.9000001 5.0999999 1.05
7.9000001 5.0999999 1.15
7.9000001 5.0999999 1.25
7.9000001 5.0999999 1.35
7.9000001 5.0999999 1.45
7.9000001 5.0999999 1.55
7.9000001 5.0999999 1.65
7.9000001 5.0999999 1.75
7.9000001 5.0999999 1.85
7.9000001 5.0999999 1.95
7.9000001 5.0999999 2.05
7.9000001 5.0999999 2.1500001
7.9000001 5.0999999 2.25
7.9000001 5.0999999 2.3499999
7.9000001 5.0999999 2.45
8.1000004 5.1999998 -0.44999999
8.1000004 5.1999998 -0.34999999
8.1000004 5.1999998 -0.25
8.1000004 5.1999998 -0.15000001
8.1000004 5.1999998 -0.050000001
8.1000004 5.1999998 0.050000001
8.1000004 5.1999998 0.15000001
8.1000004 5.1999998 0.25
8.1000004 5.1999998 0.34999999
8.1000004 5.1999998 0.44999999
8.1000004 5.1999998 0.55000001
8.1000004 5.1999998 0.64999998
8.1000004 5.1999998 0.75
8.1000004 5.1999998 0.85000002
8.1000004 5.1999998 0.94999999
8.1000004 5.1999998 1.05
8.1000004 5.1999998 1.15
8.1000004 5.1999998 1.25
8.1000004 5.1999998 1.35
8.1000004 5.1999998 1.45
8.1000004 5.1999998 1.55
8.1000004 5.1999998 1.65
8.1000004 5.1999998 1.75
8.1000004 5.1999998 1.85
8.1000004 5.1999998 1.95
8.1000004 5.1999998 2.05
8.1000004 5.1999998 2.1500001
8.1000004 5.1999998 2.25
8.1000004 5.1999998 2.3499999
8.1000004 5.1999998 2.45
8 5.1999998 -0.44999999
8 5.1999998 -0.34999999
8 5.1999998 -0.25
8 5.1999998 -0.15000001
8 5.1999998 -0.050000001
8 5.1999998 0.050000001
8 5.1999998 0.15000001
8 5.1999998 0.25
8 5.1999998 0.34999999
8 5.1999998 0.44999999
8 5.1999998 0.55000001
8 5.1999998 0.64999998
8 5.1999998 0.75
8 5.1999998 0.85000002
8 5.1999998 0.94999999
8 5.1999998 1.05
8 5.1999998 1.15
8 5.1999998 1.25
8 5.1999998 1.35
8 5.1999998 1.45
8 5.1999998 1.55
8 5.1999998 1.65
8 5.1999998 1.75
8 5.1999998 1.85
8 5.1999998 1.95
8 5.1999998 2.05
8 5.1999998 2.1500001
8 5.1999998 2.25
8 5.1999998 2.3499999
8 5.1999998 2.45
7.9000001 5.1999998 -0.44999999
7.9000001 5.1999998 -0.34999999
7.9000001 5.1999998 -0.25
7.9000001 5.1999998 -0.15000001
7.9000001 5.1999998 -0.050000001
7.9000001 5.1999998 0.050000001
7.9000001 5.1999998 0.15000001
7.9000001 5.1999998 0.25
7.9000001 5.1999998 0.34999999
7.9000001 5.1999998 0.44999999
7.9000001 5.1999998 0.55000001
7.9000001 5.1999998 0.64999998
7.9000001 5.1999998 0.75
7.9000001 5.1999998 0.85000002
7.9000001 5.1999998 0.94999999
7.9000001 5.1999998 1.05
7.9000001 5.1999998 1.15
7.9000001 5.1999998 1.25
7.9000001 5.1999998 1.35
7.9000001 5.1999998 1.45
7.9000001 5.1999998 1.55
7.9000001 5.1999998 1.65
7.9000001 5.1999998 1.75
7.9000001 5.1999998 1.85
7.9000001 5.1999998 1.95
7.9000001 5.1999998 2.05
7.9000001 5.1999998 2.1500001
7.9000001 5.1999998 2.25
7.9000001 5.1999998 2.3499999
7.9000001 5.1999998 2.45
8.1000004 5.3000002 -0.44999999
8.1000004 5.3000002 -0.34999999
8.1000004 5.3000002 -0.25
8.1000004 5.3000002 -0.15000001
8.1000004 5.3000002 -0.050000001
8.1000004 5.3000002 0.050000001
8.1000004 5.3000002 0.15000001
8.1000004 5.3000002 0.25
8.1000004 5.3000002 0.34999999
8.1000004 5.3000002 0.44999999
8.1000004 5.3000002 0.55000001
8.1000004 5.3000002 0.64999998
8.1000004 5.3000002 0.75
8.1000004 5.3000002 0.85000002
8.1000004 5.3000002 0.94999999
8.1000004 5.3000002 1.05
8.1000004 5.3000002 1.15
8.1000004 5.3000002 1.25
8.1000004 5.3000002 1.35
8.1000004 5.3000002 1.45
8.1000004 5.3000002 1.55
8.1000004 5.3000002 1.65
8.1000004 5.3000002 1.75
8.1000004 5.3000002 1.85
8.1000004 5.3000002 1.95
8.1000004 5.3000002 2.05
8.1000004 5.3000002 2.1500001
8.1000004 5.3000002 2.25
8.1000004 5.3000002 2.3499999
8.1000004 5.3000002 2.45
8 5.3000002 -0.44999999
8 5.3000002 -0.34999999
8 5.3000002 -0.25
8 5.3000002 -0.15000001
8 5.3000002 -0.050000001
8 5.3000002 0.050000001
8 5.3000002 0.15000001
8 5.3000002 0.25
8 5.3000002 0.34999999
8 5.3000002 0.44999999
8 5.3000002 0.55000001
8 5.3000002 0.64999998
8 5.3000002 0.75
8 5.3000002 0.85000002
8 5.3000002 0.94999999
8 5.3000002 1.05
8 5.3000002 1.15
8 5.3000002 1.25
8 5.3000002 1.35
8 5.3000002 1.45
8 5.3000002 1.55
8 5.3000002 1.65
8 5.3000002 1.75
8 5.3000002 1.85
8 5.3000002 1.95
8 5.3000002 2.05
8 5.3000002 2.1500001
8 5.3000002 2.25
8 5.3000002 2.3499999
8 5.3000002 2.45
7.9000001 5.3000002 -0.44999999
7.9000001 5.3000002 -0.34999999
7.9000001 5.3000002 -0.25
7.9000001 5.3000002 -0.15000001
7.9000001 5.3000002 -0.050000001
7.9000001 5.3000002 0.050000001
7.9000001 5.3000002 0.15000001
7.9000001 5.3000002 0.25
7.9000001 5.3000002 0.34999999
7.9000001 5.3000002 0.44999999
7.9000001 5.3000002 0.55000001
7.9000001 5.3000002 0.64999998
7.9000001 5.3000002 0.75
7.9000001 5.3000002 0.85000002
7.9000001 5.3000002 0.94999999
7.9000001 5.3000002 1.05
7.9000001 5.3000002 1.15
7.9000001 5.3000002 1.25
7.9000001 5.3000002 1.35
7.9000001 5.3000002 1.45
7.9000001 5.3000002 1.55
7.9000001 5.3000002 1.65
7.9000001 5.3000002 1.75
7.9000001 5.3000002 1.85
7.9000001 5.3000002 1.95
7.9000001 5.3000002 2.05
7.9000001 5.3000002 2.1500001
7.9000001 5.3000002 2.25
7.9000001 5.3000002 2.3499999
7.9000001 5.3000002 2.45
8.1000004 5.4000001 -0.44999999
8.1000004 5.4000001 -0.34999999
8.1000004 5.4000001 -0.25
8.1000004 5.4000001 -0.15000001
8.1000004 5.4000001 -0.050000001
8.1000004 5.4000001 0.050000001
8.1000004 5.4000001 0.15000001
8.1000004 5.4000001 0.25
8.1000004 5.4000001 0.34999999
8.1000004 5.4000001 0.44999999
8.1000004 5.4000001 0.55000001
8.1000004 5.4000001 0.64999998
8.1000004 5.4000001 0.75
8.1000004 5.4000001 0.85000002
8.1000004 5.4000001 0.94999999
8.1000004 5.4000001 1.05
8.1000004 5.4000001 1.15
8.1000004 5.4000001 1.25
8.1000004 5.4000001 1.35
8.1000004 5.4000001 1.45
8.1000004 5.4000001 1.55
8.1000004 5.4000001 1.65
8.1000004 5.4000001 1.75
8.1000004 5.4000001 1.85
8.1000004 5.4000001 1.95
8.1000004 5.4000001 2.05
8.1000004 5.4000001 2.1500001
8.1000004 5.4000001 2.25
8.1000004 5.4000001 2.3499999
8.1000004 5.4000001 2.45
8 5.4000001 -0.44999999
8 5.4000001 -0.34999999
8 5.4000001 -0.25
8 5.4000001 -0.15000001
8 5.4000001 -0.050000001
8 5.4000001 0.050000001
8 5.4000001 0.15000001
8 5.4000001 0.25
8 5.4000001 0.34999999
8 5.4000001 0.44999999
8 5.4000001 0.55000001
8 5.4000001 0.64999998
8 5.4000001 0.75
8 5.4000001 0.85000002
8 5.4000001 0.94999999
8 5.4000001 1.05
8 5.4000001 1.15
8 5.4000001 1.25
8 5.4000001 1.35
8 5.4000001 1.45
8 5.4000001 1.55
8 5.4000001 1.65
8 5.4000001 1.75
8 5.4000001 1.85
8 5.4000001 1.95
8 5.4000001 2.05
8 5.4000001 2.1500001
8 5.4000001 2.25
8 5.4000001 2.3499999
8 5.4000001 2.45
7.9000001 5.4000001 -0.44999999
7.9000001 5.4000001 -0.34999999
7.9000001 5.4000001 -0.25
7.9000001 5.4000001 -0.15000001
7.9000001 5.4000001 -0.050000001
7.9000001 5.4000001 0.050000001
7.9000001 5.4000001 0.15000001
7.9000001 5.4000001 0.25
7.9000001 5.4000001 0.34999999
7.9000001 5.4000001 0.44999999
7.9000001 5.4000001 0.55000001
7.9000001 5.4000001 0.64999998
7.9000001 5.4000001 0.75
7.9000001 5.4000001 0.85000002
7.9000001 5.4000001 0.94999999
7.9000001 5.4000001 1.05
7.9000001 5.4000001 1.15
7.9000001 5.4000001 1.25
7.9000001 5.4000001 1.35
7.9000001 5.4000001 1.45
7.9000001 5.4000001 1.55
7.9000001 5.4000001 1.65
7.9000001 5.4000001 1.75
7.9000001 5.4000001 1.85
7.9000001 5.4000001 1.95
7.9000001 5.4000001 2.05
7.9000001 5.4000001 2.1500001
7.9000001 5.4000001 2.25
7.9000001 5.4000001 2.3499999
7.9000001 5.4000001 2.45
8.1000004 5.5 -0.44999999
8.1000004 5.5 -0.34999999
8.1000004 5.5 -0.25
8.1000004 5.5 -0.15000001
8.1000004 5.5 -0.050000001
8.1000004 5.5 0.050000001
8.1000004 5.5 0.15000001
8.1000004 5.5 0.25
8.1000004 5.5 0.34999999
8.1000004 5.5 0.44999999
8.1000004 5.5 0.55000001
8.1000004 5.5 0.64999998
8.1000004 5.5 0.75
8.1000004 5.5 0.85000002
8.1000004 5.5 0.94999999
8.1000004 5.5 1.05
8.1000004 5.5 1.15
8.1000004 5.5 1.25
8.1000004 5.5 1.35
8.1000004 5.5 1.45
8.1000004 5.5 1.55
8.1000004 5.5 1.65
8.1000004 5.5 1.75
8.1000004 5.5 1.85
8.1000004 5.5 1.95
8.1000004 5.5 2.05
8.1000004 5.5 2.1500001
8.1000004 5.5 2.25
8.1000004 5.5 2.3499999
8.1000004 5.5 2.45
8 5.5 -0.44999999
8 5.5 -0.34999999
8 5.5 -0.25
8 5.5 -0.15000001
8 5.5 -0.050000001
8 5.5 0.050000001
8 5.5 0.15000001
8 5.5 0.25
8 5.5 0.34999999
8 5.5 0.44999999
8 5.5 0.55000001
8 5.5 0.64999998
8 5.5 0.75
8 5.5 0.85000002
8 5.5 0.94999999
8 5.5 1.05
8 5.5 1.15
8 5.5 1.25
8 5.5 1.35
8 5.5 1.45
8 5.5 1.55
8 5.5 1.65
8 5.5 1.75
8 5.5 1.85
8 5.5 1.95
8 5.5 2.05
8 5.5 2.1500001
8 5.5 2.25
8 5.5 2.3499999
8 5.5 2.45
7.9000001 5.5 -0.44999999
7.9000001 5.5 -0.34999999
7.9000001 5.5 -0.25
7.9000001 5.5 -0.15000001
7.9000001 5.5 -0.050000001
7.9000001 5.5 0.050000001
7.9000001 5.5 0.15000001
7.9000001 5.5 0.25
7.9000001 5.5 0.34999999
7.9000001 5.5 0.44999999
7.9000001 5.5 0.55000001
7.9000001 5.5 0.64999998
7.9000001 5.5 0.75
7.9000001 5.5 0.85000002
7.9000001 5.5 0.94999999
7.9000001 5.5 1.05
7.9000001 5.5 1.15
7.9000001 5.5 1.25
7.9000001 5.5 1.35
7.9000001 5.5 1.45
7.9000001 5.5 1.55
7.9000001 5.5 1.65
7.9000001 5.5 1.75
7.9000001 5.5 1.85
7.9000001 5.5 1.95
7.9000001 5.5 2.05
7.9000001 5.5 2.1500001
7.9000001 5.5 2.25
7.9000001 5.5 2.3499999
7.9000001 5.5 2.45
8.1000004 5.5999999 -0.44999999
8.1000004 5.5999999 -0.34999999
8.1000004 5.5999999 -0.25
8.1000004 5.5999999 -0.15000001
8.1000004 5.5999999 -0.050000001
8.1000004 5.5999999 0.050000001
8.1000004 5.5999999 0.15000001
8.1000004 5.5999999 0.25
8.1000004 5.5999999 0.34999999
8.1000004 5.5999999 0.44999999
8.1000004 5.5999999 0.55000001
8.1000004 5.5999999 0.64999998
8.1000004 5.5999999 0.75
8.1000004 5.5999999 0.85000002
8.1000004 5.5999999 0.94999999
8.1000004 5.5999999 1.05
8.1000004 5.5999999 1.15
8.1000004 5.5999999 1.25
8.1000004 5.5999999 1.35
8.1000004 5.5999999 1.45
8.1000004 5.5999999 1.55
8.1000004 5.5999999 1.65
8.1000004 5.5999999 1.75
8.1000004 5.5999999 1.85
8.1000004 5.5999999 1.95
8.1000004 5.5999999 2.05
8.1000004 5.5999999 2.1500001
8.1000004 5.5999999 2.25
8.1000004 5.5999999 2.3499999
8.1000004 5.5999999 2.45
8 5.5999999 -0.44999999
8 5.5999999 -0.34999999
8 5.5999999 -0.25
8 5.5999999 -0.15000001
8 5.5999999 -0.050000001
8 5.5999999 0.050000001
8 5.5999999 0.15000001
8 5.5999999 0.25
8 5.5999999 0.34999999
8 5.5999999 0.44999999
8 5.5999999 0.55000001
8 5.5999999 0.64999998
8 5.5999999 0.75
8 5.5999999 0.85000002
8 5.5999999 0.94999999
8 5.5999999 1.05
8 5.5999999 1.15
8 5.5999999 1.25
8 5.5999999 1.35
8 5.5999999 1.45
8 5.5999999 1.55
8 5.5999999 1.65
8 5.5999999 1.75
8 5.5999999 1.85
8 5.5999999 1.95
8 5.5999999 2.05
8 5.5999999 2.1500001
8 5.5999999 2.25
8 5.5999999 2.3499999
8 5.5999999 2.45
7.9000001 5.5999999 -0.44999999
7.9000001 5.5999999 -0.34999999
7.9000001 5.5999999 -0.25
7.9000001 5.5999999 -0.15000001
7.9000001 5.5999999 -0.050000001
7.9000001 5.5999999 0.050000001
7.9000001 5.5999999 0.15000001
7.9000001 5.5999999 0.25
7.9000001 5.5999999 0.34999999
7.9000001 5.5999999 0.44999999
7.9000001 5.5999999 0.55000001
7.9000001 5.5999999 0.64999998
7.9000001 5.5999999 0.75
7.9000001 5.5999999 0.85000002
7.9000001 5.5999999 0.94999999
7.9000001 5.5999999 1.05
7.9000001 5.5999999 1.15
7.9000001 5.5999999 1.25
7.9000001 5.5999999 1.35
7.9000001 5.5999999 1.45
7.9000001 5.5999999 1.55
7.9000001 5.5999999 1.65
7.9000001 5.5999999 1.75
7.9000001 5.5999999 1.85
7.9000001 5.5999999 1.95
7.9000001 5.5999999 2.05
7.9000001 5.5999999 2.1500001
7.9000001 5.5999999 2.25
7.9000001 5.5999999 2.3499999
7.9000001 5.5999999 2.45
8.1000004 5.6999998 -0.44999999
8.1000004 5.6999998 -0.34999999
8.1000004 5.6999998 -0.25
8.1000004 5.6999998 -0.15000001
8.1000004 5.6999998 -0.050000001
8.1000004 5.6999998 0.050000001
8.1000004 5.6999998 0.15000001
8.1000004 5.6999998 0.25
8.1000004 5.6999998 0.34999999
8.1000004 5.6999998 0.44999999
8.1000004 5.6999998 0.55000001
8.1000004 5.6999998 0.64999998
8.1000004 5.6999998 0.75
8.1000004 5.6999998 0.85000002
8.1000004 5.6999998 0.94999999
8.1000004 5.6999998 1.05
8.1000004 5.6999998 1.15
8.1000004 5.6999998 1.25
8.1000004 5.6999998 1.35
8.1000004 5.6999998 1.45
8.1000004 5.6999998 1.55
8.1000004 5.6999998 1.65
8.1000004 5.6999998 1.75
8.1000004 5.6999998 1.85
8.1000004 5.6999998 1.95
8.1000004 5.6999998 2.05
8.1000004 5.6999998 2.1500001
8.1000004 5.6999998 2.25
8.1000004 5.6999998 2.3499999
8.1000004 5.6999998 2.45
8 5.6999998 -0.44999999
8 5.6999998 -0.34999999
8 5.6999998 -0.25
8 5.6999998 -0.15000001
8 5.6999998 -0.050000001
8 5.6999998 0.050000001
8 5.6999998 0.15000001
8 5.6999998 0.25
8 5.6999998 0.34999999
8 5.6999998 0.44999999
8 5.6999998 0.55000001
8 5.6999998 0.64999998
8 5.6999998 0.75
8 5.6999998 0.85000002
8 5.6999998 0.94999999
8 5.6999998 1.05
8 5.6999998 1.15
8 5.6999998 1.25
8 5.6999998 1.35
8 5.6999998 1.45
8 5.6999998 1.55
8 5.6999998 1.65
8 5.6999998 1.75
8 5.6999998 1.85
8 5.6999998 1.95
8 5.6999998 2.05
8 5.6999998 2.1500001
8 5.6999998 2.25
8 5.6999998 2.3499999
8 5.6999998 2.45
7.9000001 5.6999998 -0.44999999
7.9000001 5.6999998 -0.34999999
7.9000001 5.6999998 -0.25
7.9000001 5.6999998 -0.15000001
7.9000001 5.6999998 -0.050000001
7.9000001 5.6999998 0.050000001
7.9000001 5.6999998 0.15000001
7.9000001 5.6999998 0.25
7.9000001 5.6999998 0.34999999
7.9000001 5.6999998 0.44999999
7.9000001 5.6999998 0.55000001
7.9000001 5.6999998 0.64999998
7.9000001 5.6999998 0.75
7.9000001 5.6999998 0.85000002
7.9000001 5.6999998 0.94999999
7.9000001 5.6999998 1.05
7.9000001 5.6999998 1.15
7.9000001 5.6999998 1.25
7.9000001 5.6999998 1.35
7.9000001 5.6999998 1.45
7.9000001 5.6999998 1.55
7.9000001 5.6999998 1.65
7.9000001 5.6999998 1.75
7.9000001 5.6999998 1.85
7.9000001 5.6999998 1.95
7.9000001 5.6999998 2.05
7.9000001 5.6999998 2.1500001
7.9000001 5.6999998 2.25
7.9000001 5.6999998 2.3499999
7.9000001 5.6999998 2.45
8.1000004 5.8000002 -0.44999999
8.1000004 5.8000002 -0.34999999
8.1000004 5.8000002 -0.25
8.1000004 5.8000002 -0.15000001
8.1000004 5.8000002 -0.050000001
8.1000004 5.8000002 0.050000001
8.1000004 5.8000002 0.15000001
8.1000004 5.8000002 0.25
8.1000004 5.8000002 0.34999999
8.1000004 5.8000002 0.44999999
8.1000004 5.8000002 0.55000001
8.1000004 5.8000002 0.64999998
8.1000004 5.8000002 0.75
8.1000004 5.8000002 0.85000002
8.1000004 5.8000002 0.94999999
8.1000004 5.8000002 1.05
8.1000004 5.8000002 1.15
8.1000004 5.8000002 1.25
8.1000004 5.8000002 1.35
8.1000004 5.8000002 1.45
8.1000004 5.8000002 1.55
8.1000004 5.8000002 1.65
8.1000004 5.8000002 1.75
8.1000004 5.8000002 1.85
8.1000004 5.8000002 1.95
8.1000004 5.8000002 2.05
8.1000004 5.8000002 2.1500001
8.1000004 5.8000002 2.25
8.1000004 5.8000002 2.3499999
8.1000004 5.8000002 2.45
8 5.8000002 -0.44999999
8 5.8000002 -0.34999999
8 5.8000002 -0.25
8 5.8000002 -0.15000001
8 5.8000002 -0.050000001
8 5.8000002 0.050000001
8 5.8000002 0.15000001
8 5.8000002 0.25
8 5.8000002 0.34999999
8 5.8000002 0.44999999
8 5.8000002 0.55000001
8 5.8000002 0.64999998
8 5.8000002 0.75
8 5.8000002 0.85000002
8 5.8000002 0.94999999
8 5.8000002 1.05
8 5.8000002 1.15
8 5.8000002 1.25
8 5.8000002 1.35
8 5.8000002 1.45
8 5.8000002 1.55
8 5.8000002 1.65
8 5.8000002 1.75
8 5.8000002 1.85
8 5.8000002 1.95
8 5.8000002 2.05
8 5.8000002 2.1500001
8 5.8000002 2.25
8 5.8000002 2.3499999
8 5.8000002 2.45
7.9000001 5.8000002 -0.44999999
7.9000001 5.8000002 -0.34999999
7.9000001 5.8000002 -0.25
7.9000001 5.8000002 -0.15000001
7.9000001 5.8000002 -0.050000001
7.9000001 5.8000002 0.050000001
7.9000001 5.8000002 0.15000001
7.9000001 5.8000002 0.25
7.9000001 5.8000002 0.34999999
7.9000001 5.8000002 0.44999999
7.9000001 5.8000002 0.55000001
7.9000001 5.8000002 0.64999998
7.9000001 5.8000002 0.75
7.9000001 5.8000002 0.85000002
7.9000001 5.8000002 0.94999999
7.9000001 5.8000002 1.05
7.9000001 5.8000002 1.15
7.9000001 5.8000002 1.25
7.9000001 5.8000002 1.35
7.9000001 5.8000002 1.45
7.9000001 5.8000002 1.55
7.9000001 5.8000002 1.65
7.9000001 5.8000002 1.75
7.9000001 5.8000002 1.85
7.9000001 5.8000002 1.95
7.9000001 5.8000002 2.05
7.9000001 5.8000002 2.1500001
7.9000001 5.8000002 2.25
7.9000001 5.8000002 2.3499999
7.9000001 5.8000002 2.45
8.1000004 5.9000001 -0.44999999
8.1000004 5.9000001 -0.34999999
8.1000004 5.9000001 -0.25
8.1000004 5.9000001 -0.15000001
8.1000004 5.9000001 -0.050000001
8.1000004 5.9000001 0.050000001
8.1000004 5.9000001 0.15000001
8.1000004 5.9000001 0.25
8.1000004 5.9000001 0.34999999
8.1000004 5.9000001 0.44999999
8.1000004 5.9000001 0.55000001
8.1000004 5.9000001 0.64999998
8.1000004 5.9000001 0.75
8.1000004 5.9000001 0.85000002
8.1000004 5.9000001 0.94999999
8.1000004 5.9000001 1.05
8.1000004 5.9000001 1.15
8.1000004 5.9000001 1.25
8.1000004 5.9000001 1.35
8.1000004 5.9000001 1.45
8.1000004 5.9000001 1.55
8.1000004 5.9000001 1.65
8.1000004 5.9000001 1.75
8.1000004 5.9000001 1.85
8.1000004 5.9000001 1.95
8.1000004 5.9000001 2.05
8.1000004 5.9000001 2.1500001
8.1000004 5.9000001 2.25
8.1000004 5.9000001 2.3499999
8.1000004 5.9000001 2.45
8 5.9000001 -0.44999999
8 5.9000001 -0.34999999
8 5.9000001 -0.25
8 5.9000001 -0.15000001
8 5.9000001 -0.050000001
8 5.9000001 0.050000001
8 5.9000001 0.15000001
8 5.9000001 0.25
8 5.9000001 0.34999999
8 5.9000001 0.44999999
8 5.9000001 0.55000001
8 5.9000001 0.64999998
8 5.9000001 0.75
8 5.9000001 0.85000002
8 5.9000001 0.94999999
8 5.9000001 1.05
8 5.9000001 1.15
8 5.9000001 1.25
8 5.9000001 1.35
8 5.9000001 1.45
8 5.9000001 1.55
8 5.9000001 1.65
8 5.9000001 1.75
8 5.9000001 1.85
8 5.9000001 1.95
8 5.9000001 2.05
8 5.9000001 2.1500001
8 5.9000001 2.25
8 5.9000001 2.3499999
8 5.9000001 2.45
7.9000001 5.9000001 -0.44999999
7.9000001 5.9000001 -0.34999999
7.9000001 5.9000001 -0.25
7.9000001 5.9000001 -0.15000001
7.9000001 5.9000001 -0.050000001
7.9000001 5.9000001 0.050000001
7.9000001 5.9000001 0.15000001
7.9000001 5.9000001 0.25
7.9000001 5.9000001 0.34999999
7.9000001 5.9000001 0.44999999
7.9000001 5.9000001 0.55000001
7.9000001 5.9000001 0.64999998
7.9000001 5.9000001 0.75
7.9000001 5.9000001 0.85000002
7.9000001 5.9000001 0.94999999
7.9000001 5.9000001 1.05
7.9000001 5.9000001 1.15
7.9000001 5.9000001 1.25
7.9000001 5.9000001 1.35
7.9000001 5.9000001 1.45
7.9000001 5.9000001 1.55
7.9000001 5.9000001 1.65
7.9000001 5.9000001 1.75
7.9000001 5.9000001 1.85
7.9000001 5.9000001 1.95
7.9000001 5.9000001 2.05
7.9000001 5.9000001 2.1500001
7.9000001 5.9000001 2.25
7.9000001 5.9000001 2.3499999
7.9000001 5.9000001 2.45
8.1000004 6 -0.44999999
8.1000004 6 -0.34999999
8.1000004 6 -0.25
8.1000004 6 -0.15000001
8.1000004 6 -0.050000001
8.1000004 6 0.050000001
8.1000004 6 0.15000001
8.1000004 6 0.25
8.1000004 6 0.34999999
8.1000004 6 0.44999999
8.1000004 6 0.55000001
8.1000004 6 0.64999998
8.1000004 6 0.75
8.1000004 6 0.85000002
8.1000004 6 0.94999999
8.1000004 6 1.05
8.1000004 6 1.15
8.1000004 6 1.25
8.1000004 6 1.35
8.1000004 6 1.45
8.1000004 6 1.55
8.1000004 6 1.65
8.1000004 6 1.75
8.1000004 6 1.85
8.1000004 6 1.95
8.1000004 6 2.05
8.1000004 6 2.1500001
8.1000004 6 2.25
8.1000004 6 2.3499999
8.1000004 6 2.45
8 6 -0.44999999
8 6 -0.34999999
8 6 -0.25
8 6 -0.15000001
8 6 -0.050000001
8 6 0.050000001
8 6 0.15000001
8 6 0.25
8 6 0.34999999
8 6 0.44999999
8 6 0.55000001
8 6 0.64999998
8 6 0.75
8 6 0.85000002
8 6 0.94999999
8 6 1.05
8 6 1.15
8 6 1.25
8 6 1.35
8 6 1.45
8 6 1.55
8 6 1.65
8 6 1.75
8 6 1.85
8 6 1.95
8 6 2.05
8 6 2.1500001
8 6 2.25
8 6 2.3499999
8 6 2.45
7.9000001 6 -0.44999999
7.9000001 6 -0.34999999
7.9000001 6 -0.25
7.9000001 6 -0.15000001
7.9000001 6 -0.050000001
7.9000001 6 0.050000001
7.9000001 6 0.15000001
7.9000001 6 0.25
7.9000001 6 0.34999999
7.9000001 6 0.44999999
7.9000001 6 0.55000001
7.9000001 6 0.64999998
7.9000001 6 0.75
7.9000001 6 0.85000002
7.9000001 6 0.94999999
7.9000001 6 1.05
7.9000001 6 1.15
7.9000001 6 1.25
7.9000001 6 1.35
7.9000001 6 1.45
7.9000001 6 1.55
7.9000001 6 1.65
7.9000001 6 1.75
7.9000001 6 1.85
7.9000001 6 1.95
7.9000001 6 2.05
7.9000001 6 2.1500001
7.9000001 6 2.25
7.9000001 6 2.3499999
7.9000001 6 2.45
-3.0999999 -6 -0.44999999
-3.0999999 -6 -0.34999999
-3.0999999 -6 -0.25
-3.0999999 -6 -0.15000001
-3.0999999 -6 -0.050000001
-3.0999999 -6 0.050000001
-3.0999999 -6 0.15000001
-3.0999999 -6 0.25
-3.0999999 -6 0.34999999
-3.0999999 -6 0.44999999
-3.0999999 -6 0.55000001
-3.0999999 -6 0.64999998
-3.0999999 -6 0.75
-3.0999999 -6 0.85000002
-3.0999999 -6 0.94999999
-3.0999999 -6 1.05
-3.0999999 -6 1.15
-3.0999999 -6 1.25
-3.0999999 -6 1.35
-3.0999999 -6 1.45
-3.0999999 -6 1.55
-3.0999999 -6 1.65
-3.0999999 -6 1.75
-3.0999999 -6 1.85
-3.0999999 -6 1.95
-3.0999999 -6 2.05
-3.0999999 -6 2.1500001
-3.0999999 -6 2.25
-3.0999999 -6 2.3499999
-3.0999999 -6 2.45
-3.0999999 -5.9000001 -0.44999999
-3.0999999 -5.9000001 -0.34999999
-3.0999999 -5.9000001 -0.25
-3.0999999 -5.9000001 -0.15000001
-3.0999999 -5.9000001 -0.050000001
-3.0999999 -5.9000001 0.050000001
-3.0999999 -5.9000001 0.15000001
-3.0999999 -5.9000001 0.25
-3.0999999 -5.9000001 0.34999999
-3.0999999 -5.9000001 0.44999999
-3.0999999 -5.9000001 0.55000001
-3.0999999 -5.9000001 0.64999998
-3.0999999 -5.9000001 0.75
-3.0999999 -5.9000001 0.85000002
-3.0999999 -5.9000001 0.94999999
-3.0999999 -5.9000001 1.05
-3.0999999 -5.9000001 1.15
-3.0999999 -5.9000001 1.25
-3.0999999 -5.9000001 1.35
-3.0999999 -5.9000001 1.45
-3.0999999 -5.9000001 1.55
-3.0999999 -5.9000001 1.65
-3.0999999 -5.9000001 1.75
-3.0999999 -5.9000001 1.85
-3.0999999 -5.9000001 1.95
-3.0999999 -5.9000001 2.05
-3.0999999 -5.9000001 2.1500001
-3.0999999 -5.9000001 2.25
-3.0999999 -5.9000001 2.3499999
-3.0999999 -5.9000001 2.45
-2.9000001 -5.8000002 -0.44999999
-2.9000001 -5.8000002 -0.34999999
-2.9000001 -5.8000002 -0.25
-2.9000001 -5.8000002 -0.15000001
-2.9000001 -5.8000002 -0.050000001
-2.9000001 -5.8000002 0.050000001
-2.9000001 -5.8000002 0.15000001
-2.9000001 -5.8000002 0.25
-2.9000001 -5.8000002 0.34999999
-2.9000001 -5.8000002 0.44999999
-2.9000001 -5.8000002 0.55000001
-2.9000001 -5.8000002 0.64999998
-2.9000001 -5.8000002 0.75
-2.9000001 -5.8000002 0.85000002
-2.9000001 -5.8000002 0.94999999
-2.9000001 -5.8000002 1.05
-2.9000001 -5.8000002 1.15
-2.9000001 -5.8000002 1.25
-2.9000001 -5.8000002 1.35
-2.9000001 -5.8000002 1.45
-2.9000001 -5.8000002 1.55
-2.9000001 -5.8000002 1.65
-2.9000001 -5.8000002 1.75
-2.9000001 -5.8000002 1.85
-2.9000001 -5.8000002 1.95
-2.9000001 -5.8000002 2.05
-2.9000001 -5.8000002 2.1500001
-2.9000001 -5.8000002 2.25
-2.9000001 -5.8000002 2.3499999
-2.9000001 -5.8000002 2.45
-3 -5.8000002 -0.44999999
-3 -5.8000002 -0.34999999
-3 -5.8000002 -0.25
-3 -5.8000002 -0.15000001
-3 -5.8000002 -0.050000001
-3 -5.8000002 0.050000001
-3 -5.8000002 0.15000001
-3 -5.8000002 0.25
-3 -5.8000002 0.34999999
-3 -5.8000002 0.44999999
-3 -5.8000002 0.55000001
-3 -5.8000002 0.64999998
-3 -5.8000002 0.75
-3 -5.8000002 0.85000002
-3 -5.8000002 0.94999999
-3 -5.8000002 1.05
-3 -5.8000002 1.15
-3 -5.8000002 1.25
-3 -5.8000002 1.35
-3 -5.8000002 1.45
-3 -5.8000002 1.55
-3 -5.8000002 1.65
-3 -5.8000002 1.75
-3 -5.8000002 1.85
-3 -5.8000002 1.95
-3 -5.8000002 2.05
-3 -5.8000002 2.1500001
-3 -5.8000002 2.25
-3 -5.8000002 2.3499999
-3 -5.8000002 2.45
-3.0999999 -5.8000002 -0.44999999
-3.0999999 -5.8000002 -0.34999999
-3.0999999 -5.8000002 -0.25
-3.0999999 -5.8000002 -0.15000001
-3.0999999 -5.8000002 -0.050000001
-3.0999999 -5.8000002 0.050000001
-3.0999999 -5.8000002 0.15000001
-3.0999999 -5.8000002 0.25
-3.0999999 -5.8000002 0.34999999
-3.0999999 -5.8000002 0.44999999
-3.0999999 -5.8000002 0.55000001
-3.0999999 -5.8000002 0.64999998
-3.0999999 -5.8000002 0.75
-3.0999999 -5.8000002 0.85000002
-3.0999999 -5.8000002 0.94999999
-3.0999999 -5.8000002 1.05
-3.0999999 -5.8000002 1.15
-3.0999999 -5.8000002 1.25
-3.0999999 -5.8000002 1.35
-3.0999999 -5.8000002 1.45
-3.0999999 -5.8000002 1.55
-3.0999999 -5.8000002 1.65
-3.0999999 -5.8000002 1.75
-3.0999999 -5.8000002 1.85
-3.0999999 -5.8000002 1.95
-3.0999999 -5.8000002 2.05
-3.0999999 -5.8000002 2.1500001
-3.0999999 -5.8000002 2.25
-3.0999999 -5.8000002 2.3499999
-3.0999999 -5.8000002 2.45
-2.9000001 -5.6999998 -0.44999999
-2.9000001 -5.6999998 -0.34999999
-2.9000001 -5.6999998 -0.25
-2.9000001 -5.6999998 -0.15000001
-2.9000001 -5.6999998 -0.050000001
-2.9000001 -5.6999998 0.050000001
-2.9000001 -5.6999998 0.15000001
-2.9000001 -5.6999998 0.25
-2.9000001 -5.6999998 0.34999999
-2.9000001 -5.6999998 0.44999999
-2.9000001 -5.6999998 0.55000001
-2.9000001 -5.6999998 0.64999998
-2.9000001 -5.6999998 0.75
-2.9000001 -5.6999998 0.85000002
-2.9000001 -5.6999998 0.94999999
-2.9000001 -5.6999998 1.05
-2.9000001 -5.6999998 1.15
-2.9000001 -5.6999998 1.25
-2.9000001 -5.6999998 1.35
-2.9000001 -5.6999998 1.45
-2.9000001 -5.6999998 1.55
-2.9000001 -5.6999998 1.65
-2.9000001 -5.6999998 1.75
-2.9000001 -5.6999998 1.85
-2.9000001 -5.6999998 1.95
-2.9000001 -5.6999998 2.05
-2.9000001 -5.6999998 2.1500001
-2.9000001 -5.6999998 2.25
-2.9000001 -5.6999998 2.3499999
-2.9000001 -5.6999998 2.45
-3 -5.6999998 -0.44999999
-3 -5.6999998 -0.34999999
-3 -5.6999998 -0.25
-3 -5.6999998 -0.15000001
-3 -5.6999998 -0.050000001
-3 -5.6999998 0.050000001
-3 -5.6999998 0.15000001
-3 -5.6999998 0.25
-3 -5.6999998 0.34999999
-3 -5.6999998 0.44999999
-3 -5.6999998 0.55000001
-3 -5.6999998 0.64999998
-3 -5.6999998 0.75
-3 -5.6999998 0.85000002
-3 -5.6999998 0.94999999
-3 -5.6999998 1.05
-3 -5.6999998 1.15
-3 -5.6999998 1.25
-3 -5.6999998 1.35
-3 -5.6999998 1.45
-3 -5.6999998 1.55
-3 -5.6999998 1.65
-3 -5.6999998 1.75
-3 -5.6999998 1.85
-3 -5.6999998 1.95
-3 -5.6999998 2.05
-3 -5.6999998 2.1500001
-3 -5.6999998 2.25
-3 -5.6999998 2.3499999
-3 -5.6999998 2.45
-3.0999999 -5.6999998 -0.44999999
-3.0999999 -5.6999998 -0.34999999
-3.0999999 -5.6999998 -0.25
-3.0999999 -5.6999998 -0.15000001
-3.0999999 -5.6999998 -0.050000001
-3.0999999 -5.6999998 0.050000001
-3.0999999 -5.6999998 0.15000001
-3.0999999 -5.6999998 0.25
-3.0999999 -5.6999998 0.34999999
-3.0999999 -5.6999998 0.44999999
-3.0999999 -5.6999998 0.55000001
-3.0999999 -5.6999998 0.64999998
-3.0999999 -5.6999998 0.75
-3.0999999 -5.6999998 0.85000002
-3.0999999 -5.6999998 0.94999999
-3.0999999 -5.6999998 1.05
-3.0999999 -5.6999998 1.15
-3.0999999 -5.6999998 1.25
-3.0999999 -5.6999998 1.35
-3.0999999 -5.6999998 1.45
-3.0999999 -5.6999998 1.55
-3.0999999 -5.6999998 1.65
-3.0999999 -5.6999998 1.75
-3.0999999 -5.6999998 1.85
-3.0999999 -5.6999998 1.95
-3.0999999 -5.6999998 2.05
-3.0999999 -5.6999998 2.1500001
-3.0999999 -5.6999998 2.25
-3.0999999 -5.6999998 2.3499999
-3.0999999 -5.6999998 2.45
-2.9000001 -5.5999999 -0.44999999
-2.9000001 -5.5999999 -0.34999999
-2.9000001 -5.5999999 -0.25
-2.9000001 -5.5999999 -0.15000001
-2.9000001 -5.5999999 -0.050000001
-2.9000001 -5.5999999 0.050000001
-2.9000001 -5.5999999 0.15000001
-2.9000001 -5.5999999 0.25
-2.9000001 -5.5999999 0.34999999
-2.9000001 -5.5999999 0.44999999
-2.9000001 -5.5999999 0.55000001
-2.9000001 -5.5999999 0.64999998
-2.9000001 -5.5999999 0.75
-2.9000001 -5.5999999 0.85000002
-2.9000001 -5.5999999 0.94999999
-2.9000001 -5.5999999 1.05
-2.9000001 -5.5999999 1.15
-2.9000001 -5.5999999 1.25
-2.9000001 -5.5999999 1.35
-2.9000001 -5.5999999 1.45
-2.9000001 -5.5999999 1.55
-2.9000001 -5.5999999 1.65
-2.9000001 -5.5999999 1.75
-2.9000001 -5.5999999 1.85
-2.9000001 -5.5999999 1.95
-2.9000001 -5.5999999 2.05
-2.9000001 -5.5999999 2.1500001
-2.9000001 -5.5999999 2.25
-2.9000001 -5.5999999 2.3499999
-2.9000001 -5.5999999 2.45
-3 -5.5999999 -0.44999999
-3 -5.5999999 -0.34999999
-3 -5.5999999 -0.25
-3 -5.5999999 -0.15000001
-3 -5.5999999 -0.050000001
-3 -5.5999999 0.050000001
-3 -5.5999999 0.15000001
-3 -5.5999999 0.25
-3 -5.5999999 0.34999999
-3 -5.5999999 0.44999999
-3 -5.5999999 0.55000001
-3 -5.5999999 0.64999998
-3 -5.5999999 0.75
-3 -5.5999999 0.85000002
-3 -5.5999999 0.94999999
-3 -5.5999999 1.05
-3 -5.5999999 1.15
-3 -5.5999999 1.25
-3 -5.5999999 1.35
-3 -5.5999999 1.45
-3 -5.5999999 1.55
-3 -5.5999999 1.65
-3 -5.5999999 1.75
-3 -5.5999999 1.85
-3 -5.5999999 1.95
-3 -5.5999999 2.05
-3 -5.5999999 2.1500001
-3 -5.5999999 2.25
-3 -5.5999999 2.3499999
-3 -5.5999999 2.45
-3.0999999 -5.5999999 -0.44999999
-3.0999999 -5.5999999 -0.34999999
-3.0999999 -5.5999999 -0.25
-3.0999999 -5.5999999 -0.15000001
-3.0999999 -5.5999999 -0.050000001
-3.0999999 -5.5999999 0.050000001
-3.0999999 -5.5999999 0.15000001
-3.0999999 -5.5999999 0.25
-3.0999999 -5.5999999 0.34999999
-3.0999999 -5.5999999 0.44999999
-3.0999999 -5.5999999 0.55000001
-3.0999999 -5.5999999 0.64999998
-3.0999999 -5.5999999 0.75
-3.0999999 -5.5999999 0.85000002
-3.0999999 -5.5999999 0.94999999
-3.0999999 -5.5999999 1.05
-3.0999999 -5.5999999 1.15
-3.0999999 -5.5999999 1.25
-3.0999999 -5.5999999 1.35
-3.0999999 -5.5999999 1.45
-3.0999999 -5.5999999 1.55
-3.0999999 -5.5999999 1.65
-3.0999999 -5.5999999 1.75
-3.0999999 -5.5999999 1.85
-3.0999999 -5.5999999 1.95
-3.0999999 -5.5999999 2.05
-3.0999999 -5.5999999 2.1500001
-3.0999999 -5.5999999 2.25
-3.0999999 -5.5999999 2.3499999
-3.0999999 -5.5999999 2.45
-2.9000001 -5.5 -0.44999999
-2.9000001 -5.5 -0.34999999
-2.9000001 -5.5 -0.25
-2.9000001 -5.5 -0.15000001
-2.9000001 -5.5 -0.050000001
-2.9000001 -5.5 0.050000001
-2.9000001 -5.5 0.15000001
-2.9000001 -5.5 0.25
-2.9000001 -5.5 0.34999999
-2.9000001 -5.5 0.44999999
-2.9000001 -5.5 0.55000001
-2.9000001 -5.5 0.64999998
-2.9000001 -5.5 0.75
-2.9000001 -5.5 0.85000002
-2.9000001 -5.5 0.94999999
-2.9000001 -5.5 1.05
-2.9000001 -5.5 1.15
-2.9000001 -5.5 1.25
-2.9000001 -5.5 1.35
-2.9000001 -5.5 1.45
-2.9000001 -5.5 1.55
-2.9000001 -5.5 1.65
-2.9000001 -5.5 1.75
-2.9000001 -5.5 1.85
-2.9000001 -5.5 1.95
-2.9000001 -5.5 2.05
-2.9000001 -5.5 2.1500001
-2.9000001 -5.5 2.25
-2.9000001 -5.5 2.3499999
-2.9000001 -5.5 2.45
-3 -5.5 -0.44999999
-3 -5.5 -0.34999999
-3 -5.5 -0.25
-3 -5.5 -0.15000001
-3 -5.5 -0.050000001
-3 -5.5 0.050000001
-3 -5.5 0.15000001
-3 -5.5 0.25
-3 -5.5 0.34999999
-3 -5.5 0.44999999
-3 -5.5 0.55000001
-3 -5.5 0.64999998
-3 -5.5 0.75
-3 -5.5 0.85000002
-3 -5.5 0.94999999
-3 -5.5 1.05
-3 -5.5 1.15
-3 -5.5 1.25
-3 -5.5 1.35
-3 -5.5 1.45
-3 -5.5 1.55
-3 -5.5 1.65
-3 -5.5 1.75
-3 -5.5 1.85
-3 -5.5 1.95
-3 -5.5 2.05
-3 -5.5 2.1500001
-3 -5.5 2.25
-3 -5.5 2.3499999
-3 -5.5 2.45
-3.0999999 -5.5 -0.44999999
-3.0999999 -5.5 -0.34999999
-3.0999999 -5.5 -0.25
-3.0999999 -5.5 -0.15000001
-3.0999999 -5.5 -0.050000001
-3.0999999 -5.5 0.050000001
-3.0999999 -5.5 0.15000001
-3.0999999 -5.5 0.25
-3.0999999 -5.5 0.34999999
-3.0999999 -5.5 0.44999999
-3.0999999 -5.5 0.55000001
-3.0999999 -5.5 0.64999998
-3.0999999 -5.5 0.75
-3.0999999 -5.5 0.85000002
-3.0999999 -5.5 0.94999999
-3.0999999 -5.5 1.05
-3.0999999 -5.5 1.15
-3.0999999 -5.5 1.25
-3.0999999 -5.5 1.35
-3.0999999 -5.5 1.45
-3.0999999 -5.5 1.55
-3.0999999 -5.5 1.65
-3.0999999 -5.5 1.75
-3.0999999 -5.5 1.85
-3.0999999 -5.5 1.95
-3.0999999 -5.5 2.05
-3.0999999 -5.5 2.1500001
-3.0999999 -5.5 2.25
-3.0999999 -5.5 2.3499999
-3.0999999 -5.5 2.45
-2.9000001 -5.4000001 -0.44999999
-2.9000001 -5.4000001 -0.34999999
-2.9000001 -5.4000001 -0.25
-2.9000001 -5.4000001 -0.15000001
-2.9000001 -5.4000001 -0.050000001
-2.9000001 -5.4000001 0.050000001
-2.9000001 -5.4000001 0.15000001
-2.9000001 -5.4000001 0.25
-2.9000001 -5.4000001 0.34999999
-2.9000001 -5.4000001 0.44999999
-2.9000001 -5.4000001 0.55000001
-2.9000001 -5.4000001 0.64999998
-2.9000001 -5.4000001 0.75
-2.9000001 -5.4000001 0.85000002
-2.9000001 -5.4000001 0.94999999
-2.9000001 -5.4000001 1.05
-2.9000001 -5.4000001 1.15
-2.9000001 -5.4000001 1.25
-2.9000001 -5.4000001 1.35
-2.9000001 -5.4000001 1.45
-2.9000001 -5.4000001 1.55
-2.9000001 -5.4000001 1.65
-2.9000001 -5.4000001 1.75
-2.9000001 -5.4000001 1.85
-2.9000001 -5.4000001 1.95
-2.9000001 -5.4000001 2.05
-2.9000001 -5.4000001 2.1500001
-2.9000001 -5.4000001 2.25
-2.9000001 -5.4000001 2.3499999
-2.9000001 -5.4000001 2.45
-3 -5.4000001 -0.44999999
-3 -5.4000001 -0.34999999
-3 -5.4000001 -0.25
-3 -5.4000001 -0.15000001
-3 -5.4000001 -0.050000001
-3 -5.4000001 0.050000001
-3 -5.4000001 0.15000001
-3 -5.4000001 0.25
-3 -5.4000001 0.34999999
-3 -5.4000001 0.44999999
-3 -5.4000001 0.55000001
-3 -5.4000001 0.64999998
-3 -5.4000001 0.75
-3 -5.4000001 0.85000002
-3 -5.4000001 0.94999999
-3 -5.4000001 1.05
-3 -5.4000001 1.15
-3 -5.4000001 1.25
-3 -5.4000001 1.35
-3 -5.4000001 1.45
-3 -5.4000001 1.55
-3 -5.4000001 1.65
-3 -5.4000001 1.75
-3 -5.4000001 1.85
-3 -5.4000001 1.95
-3 -5.4000001 2.05
-3 -5.4000001 2.1500001
-3 -5.4000001 2.25
-3 -5.4000001 2.3499999
-3 -5.4000001 2.45
-3.0999999 -5.4000001 -0.44999999
-3.0999999 -5.4000001 -0.34999999
-3.0999999 -5.4000001 -0.25
-3.0999999 -5.4000001 -0.15000001
-3.0999999 -5.4000001 -0.050000001
-3.0999999 -5.4000001 0.050000001
-3.0999999 -5.4000001 0.15000001
-3.0999999 -5.4000001 0.25
-3.0999999 -5.4000001 0.34999999
-3.0999999 -5.4000001 0.44999999
-3.0999999 -5.4000001 0.55000001
-3.0999999 -5.4000001 0.64999998
-3.0999999 -5.4000001 0.75
-3.0999999 -5.4000001 0.85000002
-3.0999999 -5.4000001 0.94999999
-3.0999999 -5.4000001 1.05
-3.0999999 -5.4000001 1.15
-3.0999999 -5.4000001 1.25
-3.0999999 -5.4000001 1.35
-3.0999999 -5.4000001 1.45
-3.0999999 -5.4000001 1.55
-3.0999999 -5.4000001 1.65
-3.0999999 -5.4000001 1.75
-3.0999999 -5.4000001 1.85
-3.0999999 -5.4000001 1.95
-3.0999999 -5.4000001 2.05
-3.0999999 -5.4000001 2.1500001
-3.0999999 -5.4000001 2.25
-3.0999999 -5.4000001 2.3499999
-3.0999999 -5.4000001 2.45
-2.9000001 -5.3000002 -0.44999999
-2.9000001 -5.3000002 -0.34999999
-2.9000001 -5.3000002 -0.25
-2.9000001 -5.3000002 -0.15000001
-2.9000001 -5.3000002 -0.050000001
-2.9000001 -5.3000002 0.050000001
-2.9000001 -5.3000002 0.15000001
-2.9000001 -5.3000002 0.25
-2.9000001 -5.3000002 0.34999999
-2.9000001 -5.3000002 0.44999999
-2.9000001 -5.3000002 0.55000001
-2.9000001 -5.3000002 0.64999998
-2.9000001 -5.3000002 0.75
-2.9000001 -5.3000002 0.85000002
-2.9000001 -5.3000002 0.94999999
-2.9000001 -5.3000002 1.05
-2.9000001 -5.3000002 1.15
-2.9000001 -5.3000002 1.25
-2.9000001 -5.3000002 1.35
-2.9000001 -5.3000002 1.45
-2.9000001 -5.3000002 1.55
-2.9000001 -5.3000002 1.65
-2.9000001 -5.3000002 1.75
-2.9000001 -5.3000002 1.85
-2.9000001 -5.3000002 1.95
-2.9000001 -5.3000002 2.05
-2.9000001 -5.3000002 2.1500001
-2.9000001 -5.3000002 2.25
-2.9000001 -5.3000002 2.3499999
-2.9000001 -5.3000002 2.45
-3 -5.3000002 -0.44999999
-3 -5.3000002 -0.34999999
-3 -5.3000002 -0.25
-3 -5.3000002 -0.15000001
-3 -5.3000002 -0.050000001
-3 -5.3000002 0.050000001
-3 -5.3000002 0.15000001
-3 -5.3000002 0.25
-3 -5.3000002 0.34999999
-3 -5.3000002 0.44999999
-3 -5.3000002 0.55000001
-3 -5.3000002 0.64999998
-3 -5.3000002 0.75
-3 -5.3000002 0.85000002
-3 -5.3000002 0.94999999
-3 -5.3000002 1.05
-3 -5.3000002 1.15
-3 -5.3000002 1.25
-3 -5.3000002 1.35
-3 -5.3000002 1.45
-3 -5.3000002 1.55
-3 -5.3000002 1.65
-3 -5.3000002 1.75
-3 -5.3000002 1.85
-3 -5.3000002 1.95
-3 -5.3000002 2.05
-3 -5.3000002 2.1500001
-3 -5.3000002 2.25
-3 -5.3000002 2.3499999
-3 -5.3000002 2.45
-3.0999999 -5.3000002 -0.44999999
-3.0999999 -5.3000002 -0.34999999
-3.0999999 -5.3000002 -0.25
-3.0999999 -5.3000002 -0.15000001
-3.0999999 -5.3000002 -0.050000001
-3.0999999 -5.3000002 0.050000001
-3.0999999 -5.3000002 0.15000001
-3.0999999 -5.3000002 0.25
-3.0999999 -5.3000002 0.34999999
-3.0999999 -5.3000002 0.44999999
-3.0999999 -5.3000002 0.55000001
-3.0999999 -5.3000002 0.64999998
-3.0999999 -5.3000002 0.75
-3.0999999 -5.3000002 0.85000002
-3.0999999 -5.3000002 0.94999999
-3.0999999 -5.3000002 1.05
-3.0999999 -5.3000002 1.15
-3.0999999 -5.3000002 1.25
-3.0999999 -5.3000002 1.35
-3.0999999 -5.3000002 1.45
-3.0999999 -5.3000002 1.55
-3.0999999 -5.3000002 1.65
-3.0999999 -5.3000002 1.75
-3.0999999 -5.3000002 1.85
-3.0999999 -5.3000002 1.95
-3.0999999 -5.3000002 2.05
-3.0999999 -5.3000002 2.1500001
-3.0999999 -5.3000002 2.25
-3.0999999 -5.3000002 2.3499999
-3.0999999 -5.3000002 2.45
-2.9000001 -5.1999998 -0.44999999
-2.9000001 -5.1999998 -0.34999999
-2.9000001 -5.1999998 -0.25
-2.9000001 -5.1999998 -0.15000001
-2.9000001 -5.1999998 -0.050000001
-2.9000001 -5.1999998 0.050000001
-2.9000001 -5.1999998 0.15000001
-2.9000001 -5.1999998 0.25
-2.9000001 -5.1999998 0.34999999
-2.9000001 -5.1999998 0.44999999
-2.9000001 -5.1999998 0.55000001
-2.9000001 -5.1999998 0.64999998
-2.9000001 -5.1999998 0.75
-2.9000001 -5.1999998 0.85000002
-2.9000001 -5.1999998 0.94999999
-2.9000001 -5.1999998 1.05
-2.9000001 -5.1999998 1.15
-2.9000001 -5.1999998 1.25
-2.9000001 -5.1999998 1.35
-2.9000001 -5.1999998 1.45
-2.9000001 -5.1999998 1.55
-2.9000001 -5.1999998 1.65
-2.9000001 -5.1999998 1.75
-2.9000001 -5.1999998 1.85
-2.9000001 -5.1999998 1.95
-2.9000001 -5.1999998 2.05
-2.9000001 -5.1999998 2.1500001
-2.9000001 -5.1999998 2.25
-2.9000001 -5.1999998 2.3499999
-2.9000001 -5.1999998 2.45
-3 -5.1999998 -0.44999999
-3 -5.1999998 -0.34999999
-3 -5.1999998 -0.25
-3 -5.1999998 -0.15000001
-3 -5.1999998 -0.050000001
-3 -5.1999998 0.050000001
-3 -5.1999998 0.15000001
-3 -5.1999998 0.25
-3 -5.1999998 0.34999999
-3 -5.1999998 0.44999999
-3 -5.1999998 0.55000001
-3 -5.1999998 0.64999998
-3 -5.1999998 0.75
-3 -5.1999998 0.85000002
-3 -5.1999998 0.94999999
-3 -5.1999998 1.05
-3 -5.1999998 1.15
-3 -5.1999998 1.25
-3 -5.1999998 1.35
-3 -5.1999998 1.45
-3 -5.1999998 1.55
-3 -5.1999998 1.65
-3 -5.1999998 1.75
-3 -5.1999998 1.85
-3 -5.1999998 1.95
-3 -5.1999998 2.05
-3 -5.1999998 2.1500001
-3 -5.1999998 2.25
-3 -5.1999998 2.3499999
-3 -5.1999998 2.45
-3.0999999 -5.1999998 -0.44999999
-3.0999999 -5.1999998 -0.34999999
-3.0999999 -5.1999998 -0.25
-3.0999999 -5.1999998 -0.15000001
-3.0999999 -5.1999998 -0.050000001
-3.0999999 -5.1999998 0.050000001
-3.0999999 -5.1999998 0.15000001
-3.0999999 -5.1999998 0.25
-3.0999999 -5.1999998 0.34999999
-3.0999999 -5.1999998 0.44999999
-3.0999999 -5.1999998 0.55000001
-3.0999999 -5.1999998 0.64999998
-3.0999999 -5.1999998 0.75
-3.0999999 -5.1999998 0.85000002
-3.0999999 -5.1999998 0.94999999
-3.0999999 -5.1999998 1.05
-3.0999999 -5.1999998 1.15
-3.0999999 -5.1999998 1.25
-3.0999999 -5.1999998 1.35
-3.0999999 -5.1999998 1.45
-3.0999999 -5.1999998 1.55
-3.0999999 -5.1999998 1.65
-3.0999999 -5.1999998 1.75
-3.0999999 -5.1999998 1.85
-3.0999999 -5.1999998 1.95
-3.0999999 -5.1999998 2.05
-3.0999999 -5.1999998 2.1500001
-3.0999999 -5.1999998 2.25
-3.0999999 -5.1999998 2.3499999
-3.0999999 -5.1999998 2.45
-2.9000001 -5.0999999 -0.44999999
-2.9000001 -5.0999999 -0.34999999
-2.9000001 -5.0999999 -0.25
-2.9000001 -5.0999999 -0.15000001
-2.9000001 -5.0999999 -0.050000001
-2.9000001 -5.0999999 0.050000001
-2.9000001 -5.0999999 0.15000001
-2.9000001 -5.0999999 0.25
-2.9000001 -5.0999999 0.34999999
-2.9000001 -5.0999999 0.44999999
-2.9000001 -5.0999999 0.55000001
-2.9000001 -5.0999999 0.64999998
-2.9000001 -5.0999999 0.75
-2.9000001 -5.0999999 0.85000002
-2.9000001 -5.0999999 0.94999999
-2.9000001 -5.0999999 1.05
-2.9000001 -5.0999999 1.15
-2.9000001 -5.0999999 1.25
-2.9000001 -5.0999999 1.35
-2.9000001 -5.0999999 1.45
-2.9000001 -5.0999999 1.55
-2.9000001 -5.0999999 1.65
-2.9000001 -5.0999999 1.75
-2.9000001 -5.0999999 1.85
-2.9000001 -5.0999999 1.95
-2.9000001 -5.0999999 2.05
-2.9000001 -5.0999999 2.1500001
-2.9000001 -5.0999999 2.25
-2.9000001 -5.0999999 2.3499999
-2.9000001 -5.0999999 2.45
-3 -5.0999999 -0.44999999
-3 -5.0999999 -0.34999999
-3 -5.0999999 -0.25
-3 -5.0999999 -0.15000001
-3 -5.0999999 -0.050000001
-3 -5.0999999 0.050000001
-3 -5.0999999 0.15000001
-3 -5.0999999 0.25
-3 -5.0999999 0.34999999
-3 -5.0999999 0.44999999
-3 -5.0999999 0.55000001
-3 -5.0999999 0.64999998
-3 -5.0999999 0.75
-3 -5.0999999 0.85000002
-3 -5.0999999 0.94999999
-3 -5.0999999 1.05
-3 -5.0999999 1.15
-3 -5.0999999 1.25
-3 -5.0999999 1.35
-3 -5.0999999 1.45
-3 -5.0999999 1.55
-3 -5.0999999 1.65
-3 -5.0999999 1.75
-3 -5.0999999 1.85
-3 -5.0999999 1.95
-3 -5.0999999 2.05
-3 -5.0999999 2.1500001
-3 -5.0999999 2.25
-3 -5.0999999 2.3499999
-3 -5.0999999 2.45
-3.0999999 -5.0999999 -0.44999999
-3.0999999 -5.0999999 -0.34999999
-3.0999999 -5.0999999 -0.25
-3.0999999 -5.0999999 -0.15000001
-3.0999999 -5.0999999 -0.050000001
-3.0999999 -5.0999999 0.050000001
-3.0999999 -5.0999999 0.15000001
-3.0999999 -5.0999999 0.25
-3.0999999 -5.0999999 0.34999999
-3.0999999 -5.0999999 0.44999999
-3.0999999 -5.0999999 0.55000001
-3.0999999 -5.0999999 0.64999998
-3.0999999 -5.0999999 0.75
-3.0999999 -5.0999999 0.85000002
-3.0999999 -5.0999999 0.94999999
-3.0999999 -5.0999999 1.05
-3.0999999 -5.0999999 1.15
-3.0999999 -5.0999999 1.25
-3.0999999 -5.0999999 1.35
-3.0999999 -5.0999999 1.45
-3.0999999 -5.0999999 1.55
-3.0999999 -5.0999999 1.65
-3.0999999 -5.0999999 1.75
-3.0999999 -5.0999999 1.85
-3.0999999 -5.0999999 1.95
-3.0999999 -5.0999999 2.05
-3.0999999 -5.0999999 2.1500001
-3.0999999 -5.0999999 2.25
-3.0999999 -5.0999999 2.3499999
-3.0999999 -5.0999999 2.45
-2.9000001 -5 -0.44999999
-2.9000001 -5 -0.34999999
-2.9000001 -5 -0.25
-2.9000001 -5 -0.15000001
-2.9000001 -5 -0.050000001
-2.9000001 -5 0.050000001
-2.9000001 -5 0.15000001
-2.9000001 -5 0.25
-2.9000001 -5 0.34999999
-2.9000001 -5 0.44999999
-2.9000001 -5 0.55000001
-2.9000001 -5 0.64999998
-2.9000001 -5 0.75
-2.9000001 -5 0.85000002
-2.9000001 -5 0.94999999
-2.9000001 -5 1.05
-2.9000001 -5 1.15
-2.9000001 -5 1.25
-2.9000001 -5 1.35
-2.9000001 -5 1.45
-2.9000001 -5 1.55
-2.9000001 -5 1.65
-2.9000001 -5 1.75
-2.9000001 -5 1.85
-2.9000001 -5 1.95
-2.9000001 -5 2.05
-2.9000001 -5 2.1500001
-2.9000001 -5 2.25
-2.9000001 -5 2.3499999
-2.9000001 -5 2.45
-3 -5 -0.44999999
-3 -5 -0.34999999
-3 -5 -0.25
-3 -5 -0.15000001
-3 -5 -0.050000001
-3 -5 0.050000001
-3 -5 0.15000001
-3 -5 0.25
-3 -5 0.34999999
-3 -5 0.44999999
-3 -5 0.55000001
-3 -5 0.64999998
-3 -5 0.75
-3 -5 0.85000002
-3 -5 0.94999999
-3 -5 1.05
-3 -5 1.15
-3 -5 1.25
-3 -5 1.35
-3 -5 1.45
-3 -5 1.55
-3 -5 1.65
-3 -5 1.75
-3 -5 1.85
-3 -5 1.95
-3 -5 2.05
-3 -5 2.1500001
-3 -5 2.25
-3 -5 2.3499999
-3 -5 2.45
-3.0999999 -5 -0.44999999
-3.0999999 -5 -0.34999999
-3.0999999 -5 -0.25
-3.0999999 -5 -0.15000001
-3.0999999 -5 -0.050000001
-3.0999999 -5 0.050000001
-3.0999999 -5 0.15000001
-3.0999999 -5 0.25
-3.0999999 -5 0.34999999
-3.0999999 -5 0.44999999
-3.0999999 -5 0.55000001
-3.0999999 -5 0.64999998
-3.0999999 -5 0.75
-3.0999999 -5 0.85000002
-3.0999999 -5 0.94999999
-3.0999999 -5 1.05
-3.0999999 -5 1.15
-3.0999999 -5 1.25
-3.0999999 -5 1.35
-3.0999999 -5 1.45
-3.0999999 -5 1.55
-3.0999999 -5 1.65
-3.0999999 -5 1.75
-3.0999999 -5 1.85
-3.0999999 -5 1.95
-3.0999999 -5 2.05
-3.0999999 -5 2.1500001
-3.0999999 -5 2.25
-3.0999999 -5 2.3499999
-3.0999999 -5 2.45
-2.9000001 -4.9000001 -0.44999999
-2.9000001 -4.9000001 -0.34999999
-2.9000001 -4.9000001 -0.25
-2.9000001 -4.9000001 -0.15000001
-2.9000001 -4.9000001 -0.050000001
-2.9000001 -4.9000001 0.050000001
-2.9000001 -4.9000001 0.15000001
-2.9000001 -4.9000001 0.25
-2.9000001 -4.9000001 0.34999999
-2.9000001 -4.9000001 0.44999999
-2.9000001 -4.9000001 0.55000001
-2.9000001 -4.9000001 0.64999998
-2.9000001 -4.9000001 0.75
-2.9000001 -4.9000001 0.85000002
-2.9000001 -4.9000001 0.94999999
-2.9000001 -4.9000001 1.05
-2.9000001 -4.9000001 1.15
-2.9000001 -4.9000001 1.25
-2.9000001 -4.9000001 1.35
-2.9000001 -4.9000001 1.45
-2.9000001 -4.9000001 1.55
-2.9000001 -4.9000001 1.65
-2.9000001 -4.9000001 1.75
-2.9000001 -4.9000001 1.85
-2.9000001 -4.9000001 1.95
-2.9000001 -4.9000001 2.05
-2.9000001 -4.9000001 2.1500001
-2.9000001 -4.9000001 2.25
-2.9000001 -4.9000001 2.3499999
-2.9000001 -4.9000001 2.45
-3 -4.9000001 -0.44999999
-3 -4.9000001 -0.34999999
-3 -4.9000001 -0.25
-3 -4.9000001 -0.15000001
-3 -4.9000001 -0.050000001
-3 -4.9000001 0.050000001
-3 -4.9000001 0.15000001
-3 -4.9000001 0.25
-3 -4.9000001 0.34999999
-3 -4.9000001 0.44999999
-3 -4.9000001 0.55000001
-3 -4.9000001 0.64999998
-3 -4.9000001 0.75
-3 -4.9000001 0.85000002
-3 -4.9000001 0.94999999
-3 -4.9000001 1.05
-3 -4.9000001 1.15
-3 -4.9000001 1.25
-3 -4.9000001 1.35
-3 -4.9000001 1.45
-3 -4.9000001 1.55
-3 -4.9000001 1.65
-3 -4.9000001 1.75
-3 -4.9000001 1.85
-3 -4.9000001 1.95
-3 -4.9000001 2.05
-3 -4.9000001 2.1500001
-3 -4.9000001 2.25
-3 -4.9000001 2.3499999
-3 -4.9000001 2.45
-3.0999999 -4.9000001 -0.44999999
-3.0999999 -4.9000001 -0.34999999
-3.0999999 -4.9000001 -0.25
-3.0999999 -4.9000001 -0.15000001
-3.0999999 -4.9000001 -0.050000001
-3.0999999 -4.9000001 0.050000001
-3.0999999 -4.9000001 0.15000001
-3.0999999 -4.9000001 0.25
-3.0999999 -4.9000001 0.34999999
-3.0999999 -4.9000001 0.44999999
-3.0999999 -4.9000001 0.55000001
-3.0999999 -4.9000001 0.64999998
-3.0999999 -4.9000001 0.75
-3.0999999 -4.9000001 0.85000002
-3.0999999 -4.9000001 0.94999999
-3.0999999 -4.9000001 1.05
-3.0999999 -4.9000001 1.15
-3.0999999 -4.9000001 1.25
-3.0999999 -4.9000001 1.35
-3.0999999 -4.9000001 1.45
-3.0999999 -4.9000001 1.55
-3.0999999 -4.9000001 1.65
-3.0999999 -4.9000001 1.75
-3.0999999 -4.9000001 1.85
-3.0999999 -4.9000001 1.95
-3.0999999 -4.9000001 2.05
-3.0999999 -4.9000001 2.1500001
-3.0999999 -4.9000001 2.25
-3.0999999 -4.9000001 2.3499999
-3.0999999 -4.9000001 2.45
-2.9000001 -4.8000002 -0.44999999
-2.9000001 -4.8000002 -0.34999999
-2.9000001 -4.8000002 -0.25
-2.9000001 -4.8000002 -0.15000001
-2.9000001 -4.8000002 -0.050000001
-2.9000001 -4.8000002 0.050000001
-2.9000001 -4.8000002 0.15000001
-2.9000001 -4.8000002 0.25
-2.9000001 -4.8000002 0.34999999
-2.9000001 -4.8000002 0.44999999
-2.9000001 -4.8000002 0.55000001
-2.9000001 -4.8000002 0.64999998
-2.9000001 -4.8000002 0.75
-2.9000001 -4.8000002 0.85000002
-2.9000001 -4.8000002 0.94999999
-2.9000001 -4.8000002 1.05
-2.9000001 -4.8000002 1.15
-2.9000001 -4.8000002 1.25
-2.9000001 -4.8000002 1.35
-2.9000001 -4.8000002 1.45
-2.9000001 -4.8000002 1.55
-2.9000001 -4.8000002 1.65
-2.9000001 -4.8000002 1.75
-2.9000001 -4.8000002 1.85
-2.9000001 -4.8000002 1.95
-2.9000001 -4.8000002 2.05
-2.9000001 -4.8000002 2.1500001
-2.9000001 -4.8000002 2.25
-2.9000001 -4.8000002 2.3499999
-2.9000001 -4.8000002 2.45
-3 -4.8000002 -0.44999999
-3 -4.8000002 -0.34999999
-3 -4.8000002 -0.25
-3 -4.8000002 -0.15000001
-3 -4.8000002 -0.050000001
-3 -4.8000002 0.050000001
-3 -4.8000002 0.15000001
-3 -4.8000002 0.25
-3 -4.8000002 0.34999999
-3 -4.8000002 0.44999999
-3 -4.8000002 0.55000001
-3 -4.8000002 0.64999998
-3 -4.8000002 0.75
-3 -4.8000002 0.85000002
-3 -4.8000002 0.94999999
-3 -4.8000002 1.05
-3 -4.8000002 1.15
-3 -4.8000002 1.25
-3 -4.8000002 1.35
-3 -4.8000002 1.45
-3 -4.8000002 1.55
-3 -4.8000002 1.65
-3 -4.8000002 1.75
-3 -4.8000002 1.85
-3 -4.8000002 1.95
-3 -4.8000002 2.05
-3 -4.8000002 2.1500001
-3 -4.8000002 2.25
-3 -4.8000002 2.3499999
-3 -4.8000002 2.45
-3.0999999 -4.8000002 -0.44999999
-3.0999999 -4.8000002 -0.34999999
-3.0999999 -4.8000002 -0.25
-3.0999999 -4.8000002 -0.15000001
-3.0999999 -4.8000002 -0.050000001
-3.0999999 -4.8000002 0.050000001
-3.0999999 -4.8000002 0.15000001
-3.0999999 -4.8000002 0.25
-3.0999999 -4.8000002 0.34999999
-3.0999999 -4.8000002 0.44999999
-3.0999999 -4.8000002 0.55000001
-3.0999999 -4.8000002 0.64999998
-3.0999999 -4.8000002 0.75
-3.0999999 -4.8000002 0.85000002
-3.0999999 -4.8000002 0.94999999
-3.0999999 -4.8000002 1.05
-3.0999999 -4.8000002 1.15
-3.0999999 -4.8000002 1.25
-3.0999999 -4.8000002 1.35
-3.0999999 -4.8000002 1.45
-3.0999999 -4.8000002 1.55
-3.0999999 -4.8000002 1.65
-3.0999999 -4.8000002 1.75
-3.0999999 -4.8000002 1.85
-3.0999999 -4.8000002 1.95
-3.0999999 -4.8000002 2.05
-3.0999999 -4.8000002 2.1500001
-3.0999999 -4.8000002 2.25
-3.0999999 -4.8000002 2.3499999
-3.0999999 -4.8000002 2.45
-2.9000001 -4.6999998 -0.44999999
-2.9000001 -4.6999998 -0.34999999
-2.9000001 -4.6999998 -0.25
-2.9000001 -4.6999998 -0.15000001
-2.9000001 -4.6999998 -0.050000001
-2.9000001 -4.6999998 0.050000001
-2.9000001 -4.6999998 0.15000001
-2.9000001 -4.6999998 0.25
-2.9000001 -4.6999998 0.34999999
-2.9000001 -4.6999998 0.44999999
-2.9000001 -4.6999998 0.55000001
-2.9000001 -4.6999998 0.64999998
-2.9000001 -4.6999998 0.75
-2.9000001 -4.6999998 0.85000002
-2.9000001 -4.6999998 0.94999999
-2.9000001 -4.6999998 1.05
-2.9000001 -4.6999998 1.15
-2.9000001 -4.6999998 1.25
-2.9000001 -4.6999998 1.35
-2.9000001 -4.6999998 1.45
-2.9000001 -4.6999998 1.55
-2.9000001 -4.6999998 1.65
-2.9000001 -4.6999998 1.75
-2.9000001 -4.6999998 1.85
-2.9000001 -4.6999998 1.95
-2.9000001 -4.6999998 2.05
-2.9000001 -4.6999998 2.1500001
-2.9000001 -4.6999998 2.25
-2.9000001 -4.6999998 2.3499999
-2.9000001 -4.6999998 2.45
-3 -4.6999998 -0.44999999
-3 -4.6999998 -0.34999999
-3 -4.6999998 -0.25
-3 -4.6999998 -0.15000001
-3 -4.6999998 -0.050000001
-3 -4.6999998 0.050000001
-3 -4.6999998 0.15000001
-3 -4.6999998 0.25
-3 -4.6999998 0.34999999
-3 -4.6999998 0.44999999
-3 -4.6999998 0.55000001
-3 -4.6999998 0.64999998
-3 -4.6999998 0.75
-3 -4.6999998 0.85000002
-3 -4.6999998 0.94999999
-3 -4.6999998 1.05
-3 -4.6999998 1.15
-3 -4.6999998 1.25
-3 -4.6999998 1.35
-3 -4.6999998 1.45
-3 -4.6999998 1.55
-3 -4.6999998 1.65
-3 -4.6999998 1.75
-3 -4.6999998 1.85
-3 -4.6999998 1.95
-3 -4.6999998 2.05
-3 -4.6999998 2.1500001
-3 -4.6999998 2.25
-3 -4.6999998 2.3499999
-3 -4.6999998 2.45
-3.0999999 -4.6999998 -0.44999999
-3.0999999 -4.6999998 -0.34999999
-3.0999999 -4.6999998 -0.25
-3.0999999 -4.6999998 -0.15000001
-3.0999999 -4.6999998 -0.050000001
-3.0999999 -4.6999998 0.050000001
-3.0999999 -4.6999998 0.15000001
-3.0999999 -4.6999998 0.25
-3.0999999 -4.6999998 0.34999999
-3.0999999 -4.6999998 0.44999999
-3.0999999 -4.6999998 0.55000001
-3.0999999 -4.6999998 0.64999998
-3.0999999 -4.6999998 0.75
-3.0999999 -4.6999998 0.85000002
-3.0999999 -4.6999998 0.94999999
-3.0999999 -4.6999998 1.05
-3.0999999 -4.6999998 1.15
-3.0999999 -4.6999998 1.25
-3.0999999 -4.6999998 1.35
-3.0999999 -4.6999998 1.45
-3.0999999 -4.6999998 1.55
-3.0999999 -4.6999998 1.65
-3.0999999 -4.6999998 1.75
-3.0999999 -4.6999998 1.85
-3.0999999 -4.6999998 1.95
-3.0999999 -4.6999998 2.05
-3.0999999 -4.6999998 2.1500001
-3.0999999 -4.6999998 2.25
-3.0999999 -4.6999998 2.3499999
-3.0999999 -4.6999998 2.45
-2.9000001 -4.5999999 -0.44999999
-2.9000001 -4.5999999 -0.34999999
-2.9000001 -4.5999999 -0.25
-2.9000001 -4.5999999 -0.15000001
-2.9000001 -4.5999999 -0.050000001
-2.9000001 -4.5999999 0.050000001
-2.9000001 -4.5999999 0.15000001
-2.9000001 -4.5999999 0.25
-2.9000001 -4.5999999 0.34999999
-2.9000001 -4.5999999 0.44999999
-2.9000001 -4.5999999 0.55000001
-2.9000001 -4.5999999 0.64999998
-2.9000001 -4.5999999 0.75
-2.9000001 -4.5999999 0.85000002
-2.9000001 -4.5999999 0.94999999
-2.9000001 -4.5999999 1.05
-2.9000001 -4.5999999 1.15
-2.9000001 -4.5999999 1.25
-2.9000001 -4.5999999 1.35
-2.9000001 -4.5999999 1.45
-2.9000001 -4.5999999 1.55
-2.9000001 -4.5999999 1.65
-2.9000001 -4.5999999 1.75
-2.9000001 -4.5999999 1.85
-2.9000001 -4.5999999 1.95
-2.9000001 -4.5999999 2.05
-2.9000001 -4.5999999 2.1500001
-2.9000001 -4.5999999 2.25
-2.9000001 -4.5999999 2.3499999
-2.9000001 -4.5999999 2.45
-3 -4.5999999 -0.44999999
-3 -4.5999999 -0.34999999
-3 -4.5999999 -0.25
-3 -4.5999999 -0.15000001
-3 -4.5999999 -0.050000001
-3 -4.5999999 0.050000001
-3 -4.5999999 0.15000001
-3 -4.5999999 0.25
-3 -4.5999999 0.34999999
-3 -4.5999999 0.44999999
-3 -4.5999999 0.55000001
-3 -4.5999999 0.64999998
-3 -4.5999999 0.75
-3 -4.5999999 0.85000002
-3 -4.5999999 0.94999999
-3 -4.5999999 1.05
-3 -4.5999999 1.15
-3 -4.5999999 1.25
-3 -4.5999999 1.35
-3 -4.5999999 1.45
-3 -4.5999999 1.55
-3 -4.5999999 1.65
-3 -4.5999999 1.75
-3 -4.5999999 1.85
-3 -4.5999999 1.95
-3 -4.5999999 2.05
-3 -4.5999999 2.1500001
-3 -4.5999999 2.25
-3 -4.5999999 2.3499999
-3 -4.5999999 2.45
-3.0999999 -4.5999999 -0.44999999
-3.0999999 -4.5999999 -0.34999999
-3.0999999 -4.5999999 -0.25
-3.0999999 -4.5999999 -0.15000001
-3.0999999 -4.5999999 -0.050000001
-3.0999999 -4.5999999 0.050000001
-3.0999999 -4.5999999 0.15000001
-3.0999999 -4.5999999 0.25
-3.0999999 -4.5999999 0.34999999
-3.0999999 -4.5999999 0.44999999
-3.0999999 -4.5999999 0.55000001
-3.0999999 -4.5999999 0.64999998
-3.0999999 -4.5999999 0.75
-3.0999999 -4.5999999 0.85000002
-3.0999999 -4.5999999 0.94999999
-3.0999999 -4.5999999 1.05
-3.0999999 -4.5999999 1.15
-3.0999999 -4.5999999 1.25
-3.0999999 -4.5999999 1.35
-3.0999999 -4.5999999 1.45
-3.0999999 -4.5999999 1.55
-3.0999999 -4.5999999 1.65
-3.0999999 -4.5999999 1.75
-3.0999999 -4.5999999 1.85
-3.0999999 -4.5999999 1.95
-3.0999999 -4.5999999 2.05
-3.0999999 -4.5999999 2.1500001
-3.0999999 -4.5999999 2.25
-3.0999999 -4.5999999 2.3499999
-3.0999999 -4.5999999 2.45
-2.9000001 -4.5 -0.44999999
-2.9000001 -4.5 -0.34999999
-2.9000001 -4.5 -0.25
-2.9000001 -4.5 -0.15000001
-2.9000001 -4.5 -0.050000001
-2.9000001 -4.5 0.050000001
-2.9000001 -4.5 0.15000001
-2.9000001 -4.5 0.25
-2.9000001 -4.5 0.34999999
-2.9000001 -4.5 0.44999999
-2.9000001 -4.5 0.55000001
-2.9000001 -4.5 0.64999998
-2.9000001 -4.5 0.75
-2.9000001 -4.5 0.85000002
-2.9000001 -4.5 0.94999999
-2.9000001 -4.5 1.05
-2.9000001 -4.5 1.15
-2.9000001 -4.5 1.25
-2.9000001 -4.5 1.35
-2.9000001 -4.5 1.45
-2.9000001 -4.5 1.55
-2.9000001 -4.5 1.65
-2.9000001 -4.5 1.75
-2.9000001 -4.5 1.85
-2.9000001 -4.5 1.95
-2.9000001 -4.5 2.05
-2.9000001 -4.5 2.1500001
-2.9000001 -4.5 2.25
-2.9000001 -4.5 2.3499999
-2.9000001 -4.5 2.45
-3 -4.5 -0.44999999
-3 -4.5 -0.34999999
-3 -4.5 -0.25
-3 -4.5 -0.15000001
-3 -4.5 -0.050000001
-3 -4.5 0.050000001
-3 -4.5 0.15000001
-3 -4.5 0.25
-3 -4.5 0.34999999
-3 -4.5 0.44999999
-3 -4.5 0.55000001
-3 -4.5 0.64999998
-3 -4.5 0.75
-3 -4.5 0.85000002
-3 -4.5 0.94999999
-3 -4.5 1.05
-3 -4.5 1.15
-3 -4.5 1.25
-3 -4.5 1.35
-3 -4.5 1.45
-3 -4.5 1.55
-3 -4.5 1.65
-3 -4.5 1.75
-3 -4.5 1.85
-3 -4.5 1.95
-3 -4.5 2.05
-3 -4.5 2.1500001
-3 -4.5 2.25
-3 -4.5 2.3499999
-3 -4.5 2.45
-3.0999999 -4.5 -0.44999999
-3.0999999 -4.5 -0.34999999
-3.0999999 -4.5 -0.25
-3.0999999 -4.5 -0.15000001
-3.0999999 -4.5 -0.050000001
-3.0999999 -4.5 0.050000001
-3.0999999 -4.5 0.15000001
-3.0999999 -4.5 0.25
-3.0999999 -4.5 0.34999999
-3.0999999 -4.5 0.44999999
-3.0999999 -4.5 0.55000001
-3.0999999 -4.5 0.64999998
-3.0999999 -4.5 0.75
-3.0999999 -4.5 0.85000002
-3.0999999 -4.5 0.94999999
-3.0999999 -4.5 1.05
-3.0999999 -4.5 1.15
-3.0999999 -4.5 1.25
-3.0999999 -4.5 1.35
-3.0999999 -4.5 1.45
-3.0999999 -4.5 1.55
-3.0999999 -4.5 1.65
-3.0999999 -4.5 1.75
-3.0999999 -4.5 1.85
-3.0999999 -4.5 1.95
-3.0999999 -4.5 2.05
-3.0999999 -4.5 2.1500001
-3.0999999 -4.5 2.25
-3.0999999 -4.5 2.3499999
-3.0999999 -4.5 2.45
-2.9000001 -4.4000001 -0.44999999
-2.9000001 -4.4000001 -0.34999999
-2.9000001 -4.4000001 -0.25
-2.9000001 -4.4000001 -0.15000001
-2.9000001 -4.4000001 -0.050000001
-2.9000001 -4.4000001 0.050000001
-2.9000001 -4.4000001 0.15000001
-2.9000001 -4.4000001 0.25
-2.9000001 -4.4000001 0.34999999
-2.9000001 -4.4000001 0.44999999
-2.9000001 -4.4000001 0.55000001
-2.9000001 -4.4000001 0.64999998
-2.9000001 -4.4000001 0.75
-2.9000001 -4.4000001 0.85000002
-2.9000001 -4.4000001 0.94999999
-2.9000001 -4.4000001 1.05
-2.9000001 -4.4000001 1.15
-2.9000001 -4.4000001 1.25
-2.9000001 -4.4000001 1.35
-2.9000001 -4.4000001 1.45
-2.9000001 -4.4000001 1.55
-2.9000001 -4.4000001 1.65
-2.9000001 -4.4000001 1.75
-2.9000001 -4.4000001 1.85
-2.9000001 -4.4000001 1.95
-2.9000001 -4.4000001 2.05
-2.9000001 -4.4000001 2.1500001
-2.9000001 -4.4000001 2.25
-2.9000001 -4.4000001 2.3499999
-2.9000001 -4.4000001 2.45
-3 -4.4000001 -0.44999999
-3 -4.4000001 -0.34999999
-3 -4.4000001 -0.25
-3 -4.4000001 -0.15000001
-3 -4.4000001 -0.050000001
-3 -4.4000001 0.050000001
-3 -4.4000001 0.15000001
-3 -4.4000001 0.25
-3 -4.4000001 0.34999999
-3 -4.4000001 0.44999999
-3 -4.4000001 0.55000001
-3 -4.4000001 0.64999998
-3 -4.4000001 0.75
-3 -4.4000001 0.85000002
-3 -4.4000001 0.94999999
-3 -4.4000001 1.05
-3 -4.4000001 1.15
-3 -4.4000001 1.25
-3 -4.4000001 1.35
-3 -4.4000001 1.45
-3 -4.4000001 1.55
-3 -4.4000001 1.65
-3 -4.4000001 1.75
-3 -4.4000001 1.85
-3 -4.4000001 1.95
-3 -4.4000001 2.05
-3 -4.4000001 2.1500001
-3 -4.4000001 2.25
-3 -4.4000001 2.3499999
-3 -4.4000001 2.45
-3.0999999 -4.4000001 -0.44999999
-3.0999999 -4.4000001 -0.34999999
-3.0999999 -4.4000001 -0.25
-3.0999999 -4.4000001 -0.15000001
-3.0999999 -4.4000001 -0.050000001
-3.0999999 -4.4000001 0.050000001
-3.0999999 -4.4000001 0.15000001
-3.0999999 -4.4000001 0.25
-3.0999999 -4.4000001 0.34999999
-3.0999999 -4.4000001 0.44999999
-3.0999999 -4.4000001 0.55000001
-3.0999999 -4.4000001 0.64999998
-3.0999999 -4.4000001 0.75
-3.0999999 -4.4000001 0.85000002
-3.0999999 -4.4000001 0.94999999
-3.0999999 -4.4000001 1.05
-3.0999999 -4.4000001 1.15
-3.0999999 -4.4000001 1.25
-3.0999999 -4.4000001 1.35
-3.0999999 -4.4000001 1.45
-3.0999999 -4.4000001 1.55
-3.0999999 -4.4000001 1.65
-3.0999999 -4.4000001 1.75
-3.0999999 -4.4000001 1.85
-3.0999999 -4.4000001 1.95
-3.0999999 -4.4000001 2.05
-3.0999999 -4.4000001 2.1500001
-3.0999999 -4.4000001 2.25
-3.0999999 -4.4000001 2.3499999
-3.0999999 -4.4000001 2.45
-2.9000001 -4.3000002 -0.44999999
-2.9000001 -4.3000002 -0.34999999
-2.9000001 -4.3000002 -0.25
-2.9000001 -4.3000002 -0.15000001
-2.9000001 -4.3000002 -0.050000001
-2.9000001 -4.3000002 0.050000001
-2.9000001 -4.3000002 0.15000001
-2.9000001 -4.3000002 0.25
-2.9000001 -4.3000002 0.34999999
-2.9000001 -4.3000002 0.44999999
-2.9000001 -4.3000002 0.55000001
-2.9000001 -4.3000002 0.64999998
-2.9000001 -4.3000002 0.75
-2.9000001 -4.3000002 0.85000002
-2.9000001 -4.3000002 0.94999999
-2.9000001 -4.3000002 1.05
-2.9000001 -4.3000002 1.15
-2.9000001 -4.3000002 1.25
-2.9000001 -4.3000002 1.35
-2.9000001 -4.3000002 1.45
-2.9000001 -4.3000002 1.55
-2.9000001 -4.3000002 1.65
-2.9000001 -4.3000002 1.75
-2.9000001 -4.3000002 1.85
-2.9000001 -4.3000002 1.95
-2.9000001 -4.3000002 2.05
-2.9000001 -4.3000002 2.1500001
-2.9000001 -4.3000002 2.25
-2.9000001 -4.3000002 2.3499999
-2.9000001 -4.3000002 2.45
-3 -4.3000002 -0.44999999
-3 -4.3000002 -0.34999999
-3 -4.3000002 -0.25
-3 -4.3000002 -0.15000001
-3 -4.3000002 -0.050000001
-3 -4.3000002 0.050000001
-3 -4.3000002 0.15000001
-3 -4.3000002 0.25
-3 -4.3000002 0.34999999
-3 -4.3000002 0.44999999
-3 -4.3000002 0.55000001
-3 -4.3000002 0.64999998
-3 -4.3000002 0.75
-3 -4.3000002 0.85000002
-3 -4.3000002 0.94999999
-3 -4.3000002 1.05
-3 -4.3000002 1.15
-3 -4.3000002 1.25
-3 -4.3000002 1.35
-3 -4.3000002 1.45
-3 -4.3000002 1.55
-3 -4.3000002 1.65
-3 -4.3000002 1.75
-3 -4.3000002 1.85
-3 -4.3000002 1.95
-3 -4.3000002 2.05
-3 -4.3000002 2.1500001
-3 -4.3000002 2.25
-3 -4.3000002 2.3499999
-3 -4.3000002 2.45
-3.0999999 -4.3000002 -0.44999999
-3.0999999 -4.3000002 -0.34999999
-3.0999999 -4.3000002 -0.25
-3.0999999 -4.3000002 -0.15000001
-3.0999999 -4.3000002 -0.050000001
-3.0999999 -4.3000002 0.050000001
-3.0999999 -4.3000002 0.15000001
-3.0999999 -4.3000002 0.25
-3.0999999 -4.3000002 0.34999999
-3.0999999 -4.3000002 0.44999999
-3.0999999 -4.3000002 0.55000001
-3.0999999 -4.3000002 0.64999998
-3.0999999 -4.3000002 0.75
-3.0999999 -4.3000002 0.85000002
-3.0999999 -4.3000002 0.94999999
-3.0999999 -4.3000002 1.05
-3.0999999 -4.3000002 1.15
-3.0999999 -4.3000002 1.25
-3.0999999 -4.3000002 1.35
-3.0999999 -4.3000002 1.45
-3.0999999 -4.3000002 1.55
-3.0999999 -4.3000002 1.65
-3.0999999 -4.3000002 1.75
-3.0999999 -4.3000002 1.85
-3.0999999 -4.3000002 1.95
-3.0999999 -4.3000002 2.05
-3.0999999 -4.3000002 2.1500001
-3.0999999 -4.3000002 2.25
-3.0999999 -4.3000002 2.3499999
-3.0999999 -4.3000002 2.45
-2.9000001 -4.1999998 -0.44999999
-2.9000001 -4.1999998 -0.34999999
-2.9000001 -4.1999998 -0.25
-2.9000001 -4.1999998 -0.15000001
-2.9000001 -4.1999998 -0.050000001
-2.9000001 -4.1999998 0.050000001
-2.9000001 -4.1999998 0.15000001
-2.9000001 -4.1999998 0.25
-2.9000001 -4.1999998 0.34999999
-2.9000001 -4.1999998 0.44999999
-2.9000001 -4.1999998 0.55000001
-2.9000001 -4.1999998 0.64999998
-2.9000001 -4.1999998 0.75
-2.9000001 -4.1999998 0.85000002
-2.9000001 -4.1999998 0.94999999
-2.9000001 -4.1999998 1.05
-2.9000001 -4.1999998 1.15
-2.9000001 -4.1999998 1.25
-2.9000001 -4.1999998 1.35
-2.9000001 -4.1999998 1.45
-2.9000001 -4.1999998 1.55
-2.9000001 -4.1999998 1.65
-2.9000001 -4.1999998 1.75
-2.9000001 -4.1999998 1.85
-2.9000001 -4.1999998 1.95
-2.9000001 -4.1999998 2.05
-2.9000001 -4.1999998 2.1500001
-2.9000001 -4.1999998 2.25
-2.9000001 -4.1999998 2.3499999
-2.9000001 -4.1999998 2.45
-3 -4.1999998 -0.44999999
-3 -4.1999998 -0.34999999
-3 -4.1999998 -0.25
-3 -4.1999998 -0.15000001
-3 -4.1999998 -0.050000001
-3 -4.1999998 0.050000001
-3 -4.1999998 0.15000001
-3 -4.1999998 0.25
-3 -4.1999998 0.34999999
-3 -4.1999998 0.44999999
-3 -4.1999998 0.55000001
-3 -4.1999998 0.64999998
-3 -4.1999998 0.75
-3 -4.1999998 0.85000002
-3 -4.1999998 0.94999999
-3 -4.1999998 1.05
-3 -4.1999998 1.15
-3 -4.1999998 1.25
-3 -4.1999998 1.35
-3 -4.1999998 1.45
-3 -4.1999998 1.55
-3 -4.1999998 1.65
-3 -4.1999998 1.75
-3 -4.1999998 1.85
-3 -4.1999998 1.95
-3 -4.1999998 2.05
-3 -4.1999998 2.1500001
-3 -4.1999998 2.25
-3 -4.1999998 2.3499999
-3 -4.1999998 2.45
-3.0999999 -4.1999998 -0.44999999
-3.0999999 -4.1999998 -0.34999999
-3.0999999 -4.1999998 -0.25
-3.0999999 -4.1999998 -0.15000001
-3.0999999 -4.1999998 -0.050000001
-3.0999999 -4.1999998 0.050000001
-3.0999999 -4.1999998 0.15000001
-3.0999999 -4.1999998 0.25
-3.0999999 -4.1999998 0.34999999
-3.0999999 -4.1999998 0.44999999
-3.0999999 -4.1999998 0.55000001
-3.0999999 -4.1999998 0.64999998
-3.0999999 -4.1999998 0.75
-3.0999999 -4.1999998 0.85000002
-3.0999999 -4.1999998 0.94999999
-3.0999999 -4.1999998 1.05
-3.0999999 -4.1999998 1.15
-3.0999999 -4.1999998 1.25
-3.0999999 -4.1999998 1.35
-3.0999999 -4.1999998 1.45
-3.0999999 -4.1999998 1.55
-3.0999999 -4.1999998 1.65
-3.0999999 -4.1999998 1.75
-3.0999999 -4.1999998 1.85
-3.0999999 -4.1999998 1.95
-3.0999999 -4.1999998 2.05
-3.0999999 -4.1999998 2.1500001
-3.0999999 -4.1999998 2.25
-3.0999999 -4.1999998 2.3499999
-3.0999999 -4.1999998 2.45
-2.9000001 -4.0999999 -0.44999999
-2.9000001 -4.0999999 -0.34999999
-2.9000001 -4.0999999 -0.25
-2.9000001 -4.0999999 -0.15000001
-2.9000001 -4.0999999 -0.050000001
-2.9000001 -4.0999999 0.050000001
-2.9000001 -4.0999999 0.15000001
-2.9000001 -4.0999999 0.25
-2.9000001 -4.0999999 0.34999999
-2.9000001 -4.0999999 0.44999999
-2.9000001 -4.0999999 0.55000001
-2.9000001 -4.0999999 0.64999998
-2.9000001 -4.0999999 0.75
-2.9000001 -4.0999999 0.85000002
-2.9000001 -4.0999999 0.94999999
-2.9000001 -4.0999999 1.05
-2.9000001 -4.0999999 1.15
-2.9000001 -4.0999999 1.25
-2.9000001 -4.0999999 1.35
-2.9000001 -4.0999999 1.45
-2.9000001 -4.0999999 1.55
-2.9000001 -4.0999999 1.65
-2.9000001 -4.0999999 1.75
-2.9000001 -4.0999999 1.85
-2.9000001 -4.0999999 1.95
-2.9000001 -4.0999999 2.05
-2.9000001 -4.0999999 2.1500001
-2.9000001 -4.0999999 2.25
-2.9000001 -4.0999999 2.3499999
-2.9000001 -4.0999999 2.45
-3 -4.0999999 -0.44999999
-3 -4.0999999 -0.34999999
-3 -4.0999999 -0.25
-3 -4.0999999 -0.15000001
-3 -4.0999999 -0.050000001
-3 -4.0999999 0.050000001
-3 -4.0999999 0.15000001
-3 -4.0999999 0.25
-3 -4.0999999 0.34999999
-3 -4.0999999 0.44999999
-3 -4.0999999 0.55000001
-3 -4.0999999 0.64999998
-3 -4.0999999 0.75
-3 -4.0999999 0.85000002
-3 -4.0999999 0.94999999
-3 -4.0999999 1.05
-3 -4.0999999 1.15
-3 -4.0999999 1.25
-3 -4.0999999 1.35
-3 -4.0999999 1.45
-3 -4.0999999 1.55
-3 -4.0999999 1.65
-3 -4.0999999 1.75
-3 -4.0999999 1.85
-3 -4.0999999 1.95
-3 -4.0999999 2.05
-3 -4.0999999 2.1500001
-3 -4.0999999 2.25
-3 -4.0999999 2.3499999
-3 -4.0999999 2.45
-3.0999999 -4.0999999 -0.44999999
-3.0999999 -4.0999999 -0.34999999
-3.0999999 -4.0999999 -0.25
-3.0999999 -4.0999999 -0.15000001
-3.0999999 -4.0999999 -0.050000001
-3.0999999 -4.0999999 0.050000001
-3.0999999 -4.0999999 0.15000001
-3.0999999 -4.0999999 0.25
-3.0999999 -4.0999999 0.34999999
-3.0999999 -4.0999999 0.44999999
-3.0999999 -4.0999999 0.55000001
-3.0999999 -4.0999999 0.64999998
-3.0999999 -4.0999999 0.75
-3.0999999 -4.0999999 0.85000002
-3.0999999 -4.0999999 0.94999999
-3.0999999 -4.0999999 1.05
-3.0999999 -4.0999999 1.15
-3.0999999 -4.0999999 1.25
-3.0999999 -4.0999999 1.35
-3.0999999 -4.0999999 1.45
-3.0999999 -4.0999999 1.55
-3.0999999 -4.0999999 1.65
-3.0999999 -4.0999999 1.75
-3.0999999 -4.0999999 1.85
-3.0999999 -4.0999999 1.95
-3.0999999 -4.0999999 2.05
-3.0999999 -4.0999999 2.1500001
-3.0999999 -4.0999999 2.25
-3.0999999 -4.0999999 2.3499999
-3.0999999 -4.0999999 2.45
-2.9000001 -4 -0.44999999
-2.9000001 -4 -0.34999999
-2.9000001 -4 -0.25
-2.9000001 -4 -0.15000001
-2.9000001 -4 -0.050000001
-2.9000001 -4 0.050000001
-2.9000001 -4 0.15000001
-2.9000001 -4 0.25
-2.9000001 -4 0.34999999
-2.9000001 -4 0.44999999
-2.9000001 -4 0.55000001
-2.9000001 -4 0.64999998
-2.9000001 -4 0.75
-2.9000001 -4 0.85000002
-2.9000001 -4 0.94999999
-2.9000001 -4 1.05
-2.9000001 -4 1.15
-2.9000001 -4 1.25
-2.9000001 -4 1.35
-2.9000001 -4 1.45
-2.9000001 -4 1.55
-2.9000001 -4 1.65
-2.9000001 -4 1.75
-2.9000001 -4 1.85
-2.9000001 -4 1.95
-2.9000001 -4 2.05
-2.9000001 -4 2.1500001
-2.9000001 -4 2.25
-2.9000001 -4 2.3499999
-2.9000001 -4 2.45
-3 -4 -0.44999999
-3 -4 -0.34999999
-3 -4 -0.25
-3 -4 -0.15000001
-3 -4 -0.050000001
-3 -4 0.050000001
-3 -4 0.15000001
-3 -4 0.25
-3 -4 0.34999999
-3 -4 0.44999999
-3 -4 0.55000001
-3 -4 0.64999998
-3 -4 0.75
-3 -4 0.85000002
-3 -4 0.94999999
-3 -4 1.05
-3 -4 1.15
-3 -4 1.25
-3 -4 1.35
-3 -4 1.45
-3 -4 1.55
-3 -4 1.65
-3 -4 1.75
-3 -4 1.85
-3 -4 1.95
-3 -4 2.05
-3 -4 2.1500001
-3 -4 2.25
-3 -4 2.3499999
-3 -4 2.45
-3.0999999 -4 -0.44999999
-3.0999999 -4 -0.34999999
-3.0999999 -4 -0.25
-3.0999999 -4 -0.15000001
-3.0999999 -4 -0.050000001
-3.0999999 -4 0.050000001
-3.0999999 -4 0.15000001
-3.0999999 -4 0.25
-3.0999999 -4 0.34999999
-3.0999999 -4 0.44999999
-3.0999999 -4 0.55000001
-3.0999999 -4 0.64999998
-3.0999999 -4 0.75
-3.0999999 -4 0.85000002
-3.0999999 -4 0.94999999
-3.0999999 -4 1.05
-3.0999999 -4 1.15
-3.0999999 -4 1.25
-3.0999999 -4 1.35
-3.0999999 -4 1.45
-3.0999999 -4 1.55
-3.0999999 -4 1.65
-3.0999999 -4 1.75
-3.0999999 -4 1.85
-3.0999999 -4 1.95
-3.0999999 -4 2.05
-3.0999999 -4 2.1500001
-3.0999999 -4 2.25
-3.0999999 -4 2.3499999
-3.0999999 -4 2.45
-2.9000001 -3.9000001 -0.44999999
-2.9000001 -3.9000001 -0.34999999
-2.9000001 -3.9000001 -0.25
-2.9000001 -3.9000001 -0.15000001
-2.9000001 -3.9000001 -0.050000001
-2.9000001 -3.9000001 0.050000001
-2.9000001 -3.9000001 0.15000001
-2.9000001 -3.9000001 0.25
-2.9000001 -3.9000001 0.34999999
-2.9000001 -3.9000001 0.44999999
-2.9000001 -3.9000001 0.55000001
-2.9000001 -3.9000001 0.64999998
-2.9000001 -3.9000001 0.75
-2.9000001 -3.9000001 0.85000002
-2.9000001 -3.9000001 0.94999999
-2.9000001 -3.9000001 1.05
-2.9000001 -3.9000001 1.15
-2.9000001 -3.9000001 1.25
-2.9000001 -3.9000001 1.35
-2.9000001 -3.9000001 1.45
-2.9000001 -3.9000001 1.55
-2.9000001 -3.9000001 1.65
-2.9000001 -3.9000001 1.75
-2.9000001 -3.9000001 1.85
-2.9000001 -3.9000001 1.95
-2.9000001 -3.9000001 2.05
-2.9000001 -3.9000001 2.1500001
-2.9000001 -3.9000001 2.25
-2.9000001 -3.9000001 2.3499999
-2.9000001 -3.9000001 2.45
-3 -3.9000001 -0.44999999
-3 -3.9000001 -0.34999999
-3 -3.9000001 -0.25
-3 -3.9000001 -0.15000001
-3 -3.9000001 -0.050000001
-3 -3.9000001 0.050000001
-3 -3.9000001 0.15000001
-3 -3.9000001 0.25
-3 -3.9000001 0.34999999
-3 -3.9000001 0.44999999
-3 -3.9000001 0.55000001
-3 -3.9000001 0.64999998
-3 -3.9000001 0.75
-3 -3.9000001 0.85000002
-3 -3.9000001 0.94999999
-3 -3.9000001 1.05
-3 -3.9000001 1.15
-3 -3.9000001 1.25
-3 -3.9000001 1.35
-3 -3.9000001 1.45
-3 -3.9000001 1.55
-3 -3.9000001 1.65
-3 -3.9000001 1.75
-3 -3.9000001 1.85
-3 -3.9000001 1.95
-3 -3.9000001 2.05
-3 -3.9000001 2.1500001
-3 -3.9000001 2.25
-3 -3.9000001 2.3499999
-3 -3.9000001 2.45
-3.0999999 -3.9000001 -0.44999999
-3.0999999 -3.9000001 -0.34999999
-3.0999999 -3.9000001 -0.25
-3.0999999 -3.9000001 -0.15000001
-3.0999999 -3.9000001 -0.050000001
-3.0999999 -3.9000001 0.050000001
-3.0999999 -3.9000001 0.15000001
-3.0999999 -3.9000001 0.25
-3.0999999 -3.9000001 0.34999999
-3.0999999 -3.9000001 0.44999999
-3.0999999 -3.9000001 0.55000001
-3.0999999 -3.9000001 0.64999998
-3.0999999 -3.9000001 0.75
-3.0999999 -3.9000001 0.85000002
-3.0999999 -3.9000001 0.94999999
-3.0999999 -3.9000001 1.05
-3.0999999 -3.9000001 1.15
-3.0999999 -3.9000001 1.25
-3.0999999 -3.9000001 1.35
-3.0999999 -3.9000001 1.45
-3.0999999 -3.9000001 1.55
-3.0999999 -3.9000001 1.65
-3.0999999 -3.9000001 1.75
-3.0999999 -3.9000001 1.85
-3.0999999 -3.9000001 1.95
-3.0999999 -3.9000001 2.05
-3.0999999 -3.9000001 2.1500001
-3.0999999 -3.9000001 2.25
-3.0999999 -3.9000001 2.3499999
-3.0999999 -3.9000001 2.45
-2.9000001 -3.8 -0.44999999
-2.9000001 -3.8 -0.34999999
-2.9000001 -3.8 -0.25
-2.9000001 -3.8 -0.15000001
-2.9000001 -3.8 -0.050000001
-2.9000001 -3.8 0.050000001
-2.9000001 -3.8 0.15000001
-2.9000001 -3.8 0.25
-2.9000001 -3.8 0.34999999
-2.9000001 -3.8 0.44999999
-2.9000001 -3.8 0.55000001
-2.9000001 -3.8 0.64999998
-2.9000001 -3.8 0.75
-2.9000001 -3.8 0.85000002
-2.9000001 -3.8 0.94999999
-2.9000001 -3.8 1.05
-2.9000001 -3.8 1.15
-2.9000001 -3.8 1.25
-2.9000001 -3.8 1.35
-2.9000001 -3.8 1.45
-2.9000001 -3.8 1.55
-2.9000001 -3.8 1.65
-2.9000001 -3.8 1.75
-2.9000001 -3.8 1.85
-2.9000001 -3.8 1.95
-2.9000001 -3.8 2.05
-2.9000001 -3.8 2.1500001
-2.9000001 -3.8 2.25
-2.9000001 -3.8 2.3499999
-2.9000001 -3.8 2.45
-3 -3.8 -0.44999999
-3 -3.8 -0.34999999
-3 -3.8 -0.25
-3 -3.8 -0.15000001
-3 -3.8 -0.050000001
-3 -3.8 0.050000001
-3 -3.8 0.15000001
-3 -3.8 0.25
-3 -3.8 0.34999999
-3 -3.8 0.44999999
-3 -3.8 0.55000001
-3 -3.8 0.64999998
-3 -3.8 0.75
-3 -3.8 0.85000002
-3 -3.8 0.94999999
-3 -3.8 1.05
-3 -3.8 1.15
-3 -3.8 1.25
-3 -3.8 1.35
-3 -3.8 1.45
-3 -3.8 1.55
-3 -3.8 1.65
-3 -3.8 1.75
-3 -3.8 1.85
-3 -3.8 1.95
-3 -3.8 2.05
-3 -3.8 2.1500001
-3 -3.8 2.25
-3 -3.8 2.3499999
-3 -3.8 2.45
-3.0999999 -3.8 -0.44999999
-3.0999999 -3.8 -0.34999999
-3.0999999 -3.8 -0.25
-3.0999999 -3.8 -0.15000001
-3.0999999 -3.8 -0.050000001
-3.0999999 -3.8 0.050000001
-3.0999999 -3.8 0.15000001
-3.0999999 -3.8 0.25
-3.0999999 -3.8 0.34999999
-3.0999999 -3.8 0.44999999
-3.0999999 -3.8 0.55000001
-3.0999999 -3.8 0.64999998
-3.0999999 -3.8 0.75
-3.0999999 -3.8 0.85000002
-3.0999999 -3.8 0.94999999
-3.0999999 -3.8 1.05
-3.0999999 -3.8 1.15
-3.0999999 -3.8 1.25
-3.0999999 -3.8 1.35
-3.0999999 -3.8 1.45
-3.0999999 -3.8 1.55
-3.0999999 -3.8 1.65
-3.0999999 -3.8 1.75
-3.0999999 -3.8 1.85
-3.0999999 -3.8 1.95
-3.0999999 -3.8 2.05
-3.0999999 -3.8 2.1500001
-3.0999999 -3.8 2.25
-3.0999999 -3.8 2.3499999
-3.0999999 -3.8 2.45
-2.9000001 -3.7 -0.44999999
-2.9000001 -3.7 -0.34999999
-2.9000001 -3.7 -0.25
-2.9000001 -3.7 -0.15000001
-2.9000001 -3.7 -0.050000001
-2.9000001 -3.7 0.050000001
-2.9000001 -3.7 0.15000001
-2.9000001 -3.7 0.25
-2.9000001 -3.7 0.34999999
-2.9000001 -3.7 0.44999999
-2.9000001 -3.7 0.55000001
-2.9000001 -3.7 0.64999998
-2.9000001 -3.7 0.75
-2.9000001 -3.7 0.85000002
-2.9000001 -3.7 0.94999999
-2.9000001 -3.7 1.05
-2.9000001 -3.7 1.15
-2.9000001 -3.7 1.25
-2.9000001 -3.7 1.35
-2.9000001 -3.7 1.45
-2.9000001 -3.7 1.55
-2.9000001 -3.7 1.65
-2.9000001 -3.7 1.75
-2.9000001 -3.7 1.85
-2.9000001 -3.7 1.95
-2.9000001 -3.7 2.05
-2.9000001 -3.7 2.1500001
-2.9000001 -3.7 2.25
-2.9000001 -3.7 2.3499999
-2.9000001 -3.7 2.45
-3 -3.7 -0.44999999
-3 -3.7 -0.34999999
-3 -3.7 -0.25
-3 -3.7 -0.15000001
-3 -3.7 -0.050000001
-3 -3.7 0.050000001
-3 -3.7 0.15000001
-3 -3.7 0.25
-3 -3.7 0.34999999
-3 -3.7 0.44999999
-3 -3.7 0.55000001
-3 -3.7 0.64999998
-3 -3.7 0.75
-3 -3.7 0.85000002
-3 -3.7 0.94999999
-3 -3.7 1.05
-3 -3.7 1.15
-3 -3.7 1.25
-3 -3.7 1.35
-3 -3.7 1.45
-3 -3.7 1.55
-3 -3.7 1.65
-3 -3.7 1.75
-3 -3.7 1.85
-3 -3.7 1.95
-3 -3.7 2.05
-3 -3.7 2.1500001
-3 -3.7 2.25
-3 -3.7 2.3499999
-3 -3.7 2.45
-3.0999999 -3.7 -0.44999999
-3.0999999 -3.7 -0.34999999
-3.0999999 -3.7 -0.25
-3.0999999 -3.7 -0.15000001
-3.0999999 -3.7 -0.050000001
-3.0999999 -3.7 0.050000001
-3.0999999 -3.7 0.15000001
-3.0999999 -3.7 0.25
-3.0999999 -3.7 0.34999999
-3.0999999 -3.7 0.44999999
-3.0999999 -3.7 0.55000001
-3.0999999 -3.7 0.64999998
-3.0999999 -3.7 0.75
-3.0999999 -3.7 0.85000002
-3.0999999 -3.7 0.94999999
-3.0999999 -3.7 1.05
-3.0999999 -3.7 1.15
-3.0999999 -3.7 1.25
-3.0999999 -3.7 1.35
-3.0999999 -3.7 1.45
-3.0999999 -3.7 1.55
-3.0999999 -3.7 1.65
-3.0999999 -3.7 1.75
-3.0999999 -3.7 1.85
-3.0999999 -3.7 1.95
-3.0999999 -3.7 2.05
-3.0999999 -3.7 2.1500001
-3.0999999 -3.7 2.25
-3.0999999 -3.7 2.3499999
-3.0999999 -3.7 2.45
-2.9000001 -3.5999999 -0.44999999
-2.9000001 -3.5999999 -0.34999999
-2.9000001 -3.5999999 -0.25
-2.9000001 -3.5999999 -0.15000001
-2.9000001 -3.5999999 -0.050000001
-2.9000001 -3.5999999 0.050000001
-2.9000001 -3.5999999 0.15000001
-2.9000001 -3.5999999 0.25
-2.9000001 -3.5999999 0.34999999
-2.9000001 -3.5999999 0.44999999
-2.9000001 -3.5999999 0.55000001
-2.9000001 -3.5999999 0.64999998
-2.9000001 -3.5999999 0.75
-2.9000001 -3.5999999 0.85000002
-2.9000001 -3.5999999 0.94999999
-2.9000001 -3.5999999 1.05
-2.9000001 -3.5999999 1.15
-2.9000001 -3.5999999 1.25
-2.9000001 -3.5999999 1.35
-2.9000001 -3.5999999 1.45
-2.9000001 -3.5999999 1.55
-2.9000001 -3.5999999 1.65
-2.9000001 -3.5999999 1.75
-2.9000001 -3.5999999 1.85
-2.9000001 -3.5999999 1.95
-2.9000001 -3.5999999 2.05
-2.9000001 -3.5999999 2.1500001
-2.9000001 -3.5999999 2.25
-2.9000001 -3.5999999 2.3499999
-2.9000001 -3.5999999 2.45
-3 -3.5999999 -0.44999999
-3 -3.5999999 -0.34999999
-3 -3.5999999 -0.25
-3 -3.5999999 -0.15000001
-3 -3.5999999 -0.050000001
-3 -3.5999999 0.050000001
-3 -3.5999999 0.15000001
-3 -3.5999999 0.25
-3 -3.5999999 0.34999999
-3 -3.5999999 0.44999999
-3 -3.5999999 0.55000001
-3 -3.5999999 0.64999998
-3 -3.5999999 0.75
-3 -3.5999999 0.85000002
-3 -3.5999999 0.94999999
-3 -3.5999999 1.05
-3 -3.5999999 1.15
-3 -3.5999999 1.25
-3 -3.5999999 1.35
-3 -3.5999999 1.45
-3 -3.5999999 1.55
-3 -3.5999999 1.65
-3 -3.5999999 1.75
-3 -3.5999999 1.85
-3 -3.5999999 1.95
-3 -3.5999999 2.05
-3 -3.5999999 2.1500001
-3 -3.5999999 2.25
-3 -3.5999999 2.3499999
-3 -3.5999999 2.45
-3.0999999 -3.5999999 -0.44999999
-3.0999999 -3.5999999 -0.34999999
-3.0999999 -3.5999999 -0.25
-3.0999999 -3.5999999 -0.15000001
-3.0999999 -3.5999999 -0.050000001
-3.0999999 -3.5999999 0.050000001
-3.0999999 -3.5999999 0.15000001
-3.0999999 -3.5999999 0.25
-3.0999999 -3.5999999 0.34999999
-3.0999999 -3.5999999 0.44999999
-3.0999999 -3.5999999 0.55000001
-3.0999999 -3.5999999 0.64999998
-3.0999999 -3.5999999 0.75
-3.0999999 -3.5999999 0.85000002
-3.0999999 -3.5999999 0.94999999
-3.0999999 -3.5999999 1.05
-3.0999999 -3.5999999 1.15
-3.0999999 -3.5999999 1.25
-3.0999999 -3.5999999 1.35
-3.0999999 -3.5999999 1.45
-3.0999999 -3.5999999 1.55
-3.0999999 -3.5999999 1.65
-3.0999999 -3.5999999 1.75
-3.0999999 -3.5999999 1.85
-3.0999999 -3.5999999 1.95
-3.0999999 -3.5999999 2.05
-3.0999999 -3.5999999 2.1500001
-3.0999999 -3.5999999 2.25
-3.0999999 -3.5999999 2.3499999
-3.0999999 -3.5999999 2.45
-2.9000001 -3.5 -0.44999999
-2.9000001 -3.5 -0.34999999
-2.9000001 -3.5 -0.25
-2.9000001 -3.5 -0.15000001
-2.9000001 -3.5 -0.050000001
-2.9000001 -3.5 0.050000001
-2.9000001 -3.5 0.15000001
-2.9000001 -3.5 0.25
-2.9000001 -3.5 0.34999999
-2.9000001 -3.5 0.44999999
-2.9000001 -3.5 0.55000001
-2.9000001 -3.5 0.64999998
-2.9000001 -3.5 0.75
-2.9000001 -3.5 0.85000002
-2.9000001 -3.5 0.94999999
-2.9000001 -3.5 1.05
-2.9000001 -3.5 1.15
-2.9000001 -3.5 1.25
-2.9000001 -3.5 1.35
-2.9000001 -3.5 1.45
-2.9000001 -3.5 1.55
-2.9000001 -3.5 1.65
-2.9000001 -3.5 1.75
-2.9000001 -3.5 1.85
-2.9000001 -3.5 1.95
-2.9000001 -3.5 2.05
-2.9000001 -3.5 2.1500001
-2.9000001 -3.5 2.25
-2.9000001 -3.5 2.3499999
-2.9000001 -3.5 2.45
-3 -3.5 -0.44999999
-3 -3.5 -0.34999999
-3 -3.5 -0.25
-3 -3.5 -0.15000001
-3 -3.5 -0.050000001
-3 -3.5 0.050000001
-3 -3.5 0.15000001
-3 -3.5 0.25
-3 -3.5 0.34999999
-3 -3.5 0.44999999
-3 -3.5 0.55000001
-3 -3.5 0.64999998
-3 -3.5 0.75
-3 -3.5 0.85000002
-3 -3.5 0.94999999
-3 -3.5 1.05
-3 -3.5 1.15
-3 -3.5 1.25
-3 -3.5 1.35
-3 -3.5 1.45
-3 -3.5 1.55
-3 -3.5 1.65
-3 -3.5 1.75
-3 -3.5 1.85
-3 -3.5 1.95
-3 -3.5 2.05
-3 -3.5 2.1500001
-3 -3.5 2.25
-3 -3.5 2.3499999
-3 -3.5 2.45
-3.0999999 -3.5 -0.44999999
-3.0999999 -3.5 -0.34999999
-3.0999999 -3.5 -0.25
-3.0999999 -3.5 -0.15000001
-3.0999999 -3.5 -0.050000001
-3.0999999 -3.5 0.050000001
-3.0999999 -3.5 0.15000001
-3.0999999 -3.5 0.25
-3.0999999 -3.5 0.34999999
-3.0999999 -3.5 0.44999999
-3.0999999 -3.5 0.55000001
-3.0999999 -3.5 0.64999998
-3.0999999 -3.5 0.75
-3.0999999 -3.5 0.85000002
-3.0999999 -3.5 0.94999999
-3.0999999 -3.5 1.05
-3.0999999 -3.5 1.15
-3.0999999 -3.5 1.25
-3.0999999 -3.5 1.35
-3.0999999 -3.5 1.45
-3.0999999 -3.5 1.55
-3.0999999 -3.5 1.65
-3.0999999 -3.5 1.75
-3.0999999 -3.5 1.85
-3.0999999 -3.5 1.95
-3.0999999 -3.5 2.05
-3.0999999 -3.5 2.1500001
-3.0999999 -3.5 2.25
-3.0999999 -3.5 2.3499999
-3.0999999 -3.5 2.45
-2.9000001 -3.4000001 -0.44999999
-2.9000001 -3.4000001 -0.34999999
-2.9000001 -3.4000001 -0.25
-2.9000001 -3.4000001 -0.15000001
-2.9000001 -3.4000001 -0.050000001
-2.9000001 -3.4000001 0.050000001
-2.9000001 -3.4000001 0.15000001
-2.9000001 -3.4000001 0.25
-2.9000001 -3.4000001 0.34999999
-2.9000001 -3.4000001 0.44999999
-2.9000001 -3.4000001 0.55000001
-2.9000001 -3.4000001 0.64999998
-2.9000001 -3.4000001 0.75
-2.9000001 -3.4000001 0.85000002
-2.9000001 -3.4000001 0.94999999
-2.9000001 -3.4000001 1.05
-2.9000001 -3.4000001 1.15
-2.9000001 -3.4000001 1.25
-2.9000001 -3.4000001 1.35
-2.9000001 -3.4000001 1.45
-2.9000001 -3.4000001 1.55
-2.9000001 -3.4000001 1.65
-2.9000001 -3.4000001 1.75
-2.9000001 -3.4000001 1.85
-2.9000001 -3.4000001 1.95
-2.9000001 -3.4000001 2.05
-2.9000001 -3.4000001 2.1500001
-2.9000001 -3.4000001 2.25
-2.9000001 -3.4000001 2.3499999
-2.9000001 -3.4000001 2.45
-3 -3.4000001 -0.44999999
-3 -3.4000001 -0.34999999
-3 -3.4000001 -0.25
-3 -3.4000001 -0.15000001
-3 -3.4000001 -0.050000001
-3 -3.4000001 0.050000001
-3 -3.4000001 0.15000001
-3 -3.4000001 0.25
-3 -3.4000001 0.34999999
-3 -3.4000001 0.44999999
-3 -3.4000001 0.55000001
-3 -3.4000001 0.64999998
-3 -3.4000001 0.75
-3 -3.4000001 0.85000002
-3 -3.4000001 0.94999999
-3 -3.4000001 1.05
-3 -3.4000001 1.15
-3 -3.4000001 1.25
-3 -3.4000001 1.35
-3 -3.4000001 1.45
-3 -3.4000001 1.55
-3 -3.4000001 1.65
-3 -3.4000001 1.75
-3 -3.4000001 1.85
-3 -3.4000001 1.95
-3 -3.4000001 2.05
-3 -3.4000001 2.1500001
-3 -3.4000001 2.25
-3 -3.4000001 2.3499999
-3 -3.4000001 2.45
-3.0999999 -3.4000001 -0.44999999
-3.0999999 -3.4000001 -0.34999999
-3.0999999 -3.4000001 -0.25
-3.0999999 -3.4000001 -0.15000001
-3.0999999 -3.4000001 -0.050000001
-3.0999999 -3.4000001 0.050000001
-3.0999999 -3.4000001 0.15000001
-3.0999999 -3.4000001 0.25
-3.0999999 -3.4000001 0.34999999
-3.0999999 -3.4000001 0.44999999
-3.0999999 -3.4000001 0.55000001
-3.0999999 -3.4000001 0.64999998
-3.0999999 -3.4000001 0.75
-3.0999999 -3.4000001 0.85000002
-3.0999999 -3.4000001 0.94999999
-3.0999999 -3.4000001 1.05
-3.0999999 -3.4000001 1.15
-3.0999999 -3.4000001 1.25
-3.0999999 -3.4000001 1.35
-3.0999999 -3.4000001 1.45
-3.0999999 -3.4000001 1.55
-3.0999999 -3.4000001 1.65
-3.0999999 -3.4000001 1.75
-3.0999999 -3.4000001 1.85
-3.0999999 -3.4000001 1.95
-3.0999999 -3.4000001 2.05
-3.0999999 -3.4000001 2.1500001
-3.0999999 -3.4000001 2.25
-3.0999999 -3.4000001 2.3499999
-3.0999999 -3.4000001 2.45
-2.9000001 -3.3 -0.44999999
-2.9000001 -3.3 -0.34999999
-2.9000001 -3.3 -0.25
-2.9000001 -3.3 -0.15000001
-2.9000001 -3.3 -0.050000001
-2.9000001 -3.3 0.050000001
-2.9000001 -3.3 0.15000001
-2.9000001 -3.3 0.25
-2.9000001 -3.3 0.34999999
-2.9000001 -3.3 0.44999999
-2.9000001 -3.3 0.55000001
-2.9000001 -3.3 0.64999998
-2.9000001 -3.3 0.75
-2.9000001 -3.3 0.85000002
-2.9000001 -3.3 0.94999999
-2.9000001 -3.3 1.05
-2.9000001 -3.3 1.15
-2.9000001 -3.3 1.25
-2.9000001 -3.3 1.35
-2.9000001 -3.3 1.45
-2.9000001 -3.3 1.55
-2.9000001 -3.3 1.65
-2.9000001 -3.3 1.75
-2.9000001 -3.3 1.85
-2.9000001 -3.3 1.95
-2.9000001 -3.3 2.05
-2.9000001 -3.3 2.1500001
-2.9000001 -3.3 2.25
-2.9000001 -3.3 2.3499999
-2.9000001 -3.3 2.45
-3 -3.3 -0.44999999
-3 -3.3 -0.34999999
-3 -3.3 -0.25
-3 -3.3 -0.15000001
-3 -3.3 -0.050000001
-3 -3.3 0.050000001
-3 -3.3 0.15000001
-3 -3.3 0.25
-3 -3.3 0.34999999
-3 -3.3 0.44999999
-3 -3.3 0.55000001
-3 -3.3 0.64999998
-3 -3.3 0.75
-3 -3.3 0.85000002
-3 -3.3 0.94999999
-3 -3.3 1.05
-3 -3.3 1.15
-3 -3.3 1.25
-3 -3.3 1.35
-3 -3.3 1.45
-3 -3.3 1.55
-3 -3.3 1.65
-3 -3.3 1.75
-3 -3.3 1.85
-3 -3.3 1.95
-3 -3.3 2.05
-3 -3.3 2.1500001
-3 -3.3 2.25
-3 -3.3 2.3499999
-3 -3.3 2.45
-3.0999999 -3.3 -0.44999999
-3.0999999 -3.3 -0.34999999
-3.0999999 -3.3 -0.25
-3.0999999 -3.3 -0.15000001
-3.0999999 -3.3 -0.050000001
-3.0999999 -3.3 0.050000001
-3.0999999 -3.3 0.15000001
-3.0999999 -3.3 0.25
-3.0999999 -3.3 0.34999999
-3.0999999 -3.3 0.44999999
-3.0999999 -3.3 0.55000001
-3.0999999 -3.3 0.64999998
-3.0999999 -3.3 0.75
-3.0999999 -3.3 0.85000002
-3.0999999 -3.3 0.94999999
-3.0999999 -3.3 1.05
-3.0999999 -3.3 1.15
-3.0999999 -3.3 1.25
-3.0999999 -3.3 1.35
-3.0999999 -3.3 1.45
-3.0999999 -3.3 1.55
-3.0999999 -3.3 1.65
-3.0999999 -3.3 1.75
-3.0999999 -3.3 1.85
-3.0999999 -3.3 1.95
-3.0999999 -3.3 2.05
-3.0999999 -3.3 2.1500001
-3.0999999 -3.3 2.25
-3.0999999 -3.3 2.3499999
-3.0999999 -3.3 2.45
-2.9000001 -3.2 -0.44999999
-2.9000001 -3.2 -0.34999999
-2.9000001 -3.2 -0.25
-2.9000001 -3.2 -0.15000001
-2.9000001 -3.2 -0.050000001
-2.9000001 -3.2 0.050000001
-2.9000001 -3.2 0.15000001
-2.9000001 -3.2 0.25
-2.9000001 -3.2 0.34999999
-2.9000001 -3.2 0.44999999
-2.9000001 -3.2 0.55000001
-2.9000001 -3.2 0.64999998
-2.9000001 -3.2 0.75
-2.9000001 -3.2 0.85000002
-2.9000001 -3.2 0.94999999
-2.9000001 -3.2 1.05
-2.9000001 -3.2 1.15
-2.9000001 -3.2 1.25
-2.9000001 -3.2 1.35
-2.9000001 -3.2 1.45
-2.9000001 -3.2 1.55
-2.9000001 -3.2 1.65
-2.9000001 -3.2 1.75
-2.9000001 -3.2 1.85
-2.9000001 -3.2 1.95
-2.9000001 -3.2 2.05
-2.9000001 -3.2 2.1500001
-2.9000001 -3.2 2.25
-2.9000001 -3.2 2.3499999
-2.9000001 -3.2 2.45
-3 -3.2 -0.44999999
-3 -3.2 -0.34999999
-3 -3.2 -0.25
-3 -3.2 -0.15000001
-3 -3.2 -0.050000001
-3 -3.2 0.050000001
-3 -3.2 0.15000001
-3 -3.2 0.25
-3 -3.2 0.34999999
-3 -3.2 0.44999999
-3 -3.2 0.55000001
-3 -3.2 0.64999998
-3 -3.2 0.75
-3 -3.2 0.85000002
-3 -3.2 0.94999999
-3 -3.2 1.05
-3 -3.2 1.15
-3 -3.2 1.25
-3 -3.2 1.35
-3 -3.2 1.45
-3 -3.2 1.55
-3 -3.2 1.65
-3 -3.2 1.75
-3 -3.2 1.85
-3 -3.2 1.95
-3 -3.2 2.05
-3 -3.2 2.1500001
-3 -3.2 2.25
-3 -3.2 2.3499999
-3 -3.2 2.45
-3.0999999 -3.2 -0.44999999
-3.0999999 -3.2 -0.34999999
-3.0999999 -3.2 -0.25
-3.0999999 -3.2 -0.15000001
-3.0999999 -3.2 -0.050000001
-3.0999999 -3.2 0.050000001
-3.0999999 -3.2 0.15000001
-3.0999999 -3.2 0.25
-3.0999999 -3.2 0.34999999
-3.0999999 -3.2 0.44999999
-3.0999999 -3.2 0.55000001
-3.0999999 -3.2 0.64999998
-3.0999999 -3.2 0.75
-3.0999999 -3.2 0.85000002
-3.0999999 -3.2 0.94999999
-3.0999999 -3.2 1.05
-3.0999999 -3.2 1.15
-3.0999999 -3.2 1.25
-3.0999999 -3.2 1.35
-3.0999999 -3.2 1.45
-3.0999999 -3.2 1.55
-3.0999999 -3.2 1.65
-3.0999999 -3.2 1.75
-3.0999999 -3.2 1.85
-3.0999999 -3.2 1.95
-3.0999999 -3.2 2.05
-3.0999999 -3.2 2.1500001
-3.0999999 -3.2 2.25
-3.0999999 -3.2 2.3499999
-3.0999999 -3.2 2.45
-2.9000001 -3.0999999 -0.44999999
-2.9000001 -3.0999999 -0.34999999
-2.9000001 -3.0999999 -0.25
-2.9000001 -3.0999999 -0.15000001
-2.9000001 -3.0999999 -0.050000001
-2.9000001 -3.0999999 0.050000001
-2.9000001 -3.0999999 0.15000001
-2.9000001 -3.0999999 0.25
-2.9000001 -3.0999999 0.34999999
-2.9000001 -3.0999999 0.44999999
-2.9000001 -3.0999999 0.55000001
-2.9000001 -3.0999999 0.64999998
-2.9000001 -3.0999999 0.75
-2.9000001 -3.0999999 0.85000002
-2.9000001 -3.0999999 0.94999999
-2.9000001 -3.0999999 1.05
-2.9000001 -3.0999999 1.15
-2.9000001 -3.0999999 1.25
-2.9000001 -3.0999999 1.35
-2.9000001 -3.0999999 1.45
-2.9000001 -3.0999999 1.55
-2.9000001 -3.0999999 1.65
-2.9000001 -3.0999999 1.75
-2.9000001 -3.0999999 1.85
-2.9000001 -3.0999999 1.95
-2.9000001 -3.0999999 2.05
-2.9000001 -3.0999999 2.1500001
-2.9000001 -3.0999999 2.25
-2.9000001 -3.0999999 2.3499999
-2.9000001 -3.0999999 2.45
-3 -3.0999999 -0.44999999
-3 -3.0999999 -0.34999999
-3 -3.0999999 -0.25
-3 -3.0999999 -0.15000001
-3 -3.0999999 -0.050000001
-3 -3.0999999 0.050000001
-3 -3.0999999 0.15000001
-3 -3.0999999 0.25
-3 -3.0999999 0.34999999
-3 -3.0999999 0.44999999
-3 -3.0999999 0.55000001
-3 -3.0999999 0.64999998
-3 -3.0999999 0.75
-3 -3.0999999 0.85000002
-3 -3.0999999 0.94999999
-3 -3.0999999 1.05
-3 -3.0999999 1.15
-3 -3.0999999 1.25
-3 -3.0999999 1.35
-3 -3.0999999 1.45
-3 -3.0999999 1.55
-3 -3.0999999 1.65
-3 -3.0999999 1.75
-3 -3.0999999 1.85
-3 -3.0999999 1.95
-3 -3.0999999 2.05
-3 -3.0999999 2.1500001
-3 -3.0999999 2.25
-3 -3.0999999 2.3499999
-3 -3.0999999 2.45
-3.0999999 -3.0999999 -0.44999999
-3.0999999 -3.0999999 -0.34999999
-3.0999999 -3.0999999 -0.25
-3.0999999 -3.0999999 -0.15000001
-3.0999999 -3.0999999 -0.050000001
-3.0999999 -3.0999999 0.050000001
-3.0999999 -3.0999999 0.15000001
-3.0999999 -3.0999999 0.25
-3.0999999 -3.0999999 0.34999999
-3.0999999 -3.0999999 0.44999999
-3.0999999 -3.0999999 0.55000001
-3.0999999 -3.0999999 0.64999998
-3.0999999 -3.0999999 0.75
-3.0999999 -3.0999999 0.85000002
-3.0999999 -3.0999999 0.94999999
-3.0999999 -3.0999999 1.05
-3.0999999 -3.0999999 1.15
-3.0999999 -3.0999999 1.25
-3.0999999 -3.0999999 1.35
-3.0999999 -3.0999999 1.45
-3.0999999 -3.0999999 1.55
-3.0999999 -3.0999999 1.65
-3.0999999 -3.0999999 1.75
-3.0999999 -3.0999999 1.85
-3.0999999 -3.0999999 1.95
-3.0999999 -3.0999999 2.05
-3.0999999 -3.0999999 2.1500001
-3.0999999 -3.0999999 2.25
-3.0999999 -3.0999999 2.3499999
-3.0999999 -3.0999999 2.45
-2.9000001 -3 -0.44999999
-2.9000001 -3 -0.34999999
-2.9000001 -3 -0.25
-2.9000001 -3 -0.15000001
-2.9000001 -3 -0.050000001
-2.9000001 -3 0.050000001
-2.9000001 -3 0.15000001
-2.9000001 -3 0.25
-2.9000001 -3 0.34999999
-2.9000001 -3 0.44999999
-2.9000001 -3 0.55000001
-2.9000001 -3 0.64999998
-2.9000001 -3 0.75
-2.9000001 -3 0.85000002
-2.9000001 -3 0.94999999
-2.9000001 -3 1.05
-2.9000001 -3 1.15
-2.9000001 -3 1.25
-2.9000001 -3 1.35
-2.9000001 -3 1.45
-2.9000001 -3 1.55
-2.9000001 -3 1.65
-2.9000001 -3 1.75
-2.9000001 -3 1.85
-2.9000001 -3 1.95
-2.9000001 -3 2.05
-2.9000001 -3 2.1500001
-2.9000001 -3 2.25
-2.9000001 -3 2.3499999
-2.9000001 -3 2.45
-3 -3 -0.44999999
-3 -3 -0.34999999
-3 -3 -0.25
-3 -3 -0.15000001
-3 -3 -0.050000001
-3 -3 0.050000001
-3 -3 0.15000001
-3 -3 0.25
-3 -3 0.34999999
-3 -3 0.44999999
-3 -3 0.55000001
-3 -3 0.64999998
-3 -3 0.75
-3 -3 0.85000002
-3 -3 0.94999999
-3 -3 1.05
-3 -3 1.15
-3 -3 1.25
-3 -3 1.35
-3 -3 1.45
-3 -3 1.55
-3 -3 1.65
-3 -3 1.75
-3 -3 1.85
-3 -3 1.95
-3 -3 2.05
-3 -3 2.1500001
-3 -3 2.25
-3 -3 2.3499999
-3 -3 2.45
-3.0999999 -3 -0.44999999
-3.0999999 -3 -0.34999999
-3.0999999 -3 -0.25
-3.0999999 -3 -0.15000001
-3.0999999 -3 -0.050000001
-3.0999999 -3 0.050000001
-3.0999999 -3 0.15000001
-3.0999999 -3 0.25
-3.0999999 -3 0.34999999
-3.0999999 -3 0.44999999
-3.0999999 -3 0.55000001
-3.0999999 -3 0.64999998
-3.0999999 -3 0.75
-3.0999999 -3 0.85000002
-3.0999999 -3 0.94999999
-3.0999999 -3 1.05
-3.0999999 -3 1.15
-3.0999999 -3 1.25
-3.0999999 -3 1.35
-3.0999999 -3 1.45
-3.0999999 -3 1.55
-3.0999999 -3 1.65
-3.0999999 -3 1.75
-3.0999999 -3 1.85
-3.0999999 -3 1.95
-3.0999999 -3 2.05
-3.0999999 -3 2.1500001
-3.0999999 -3 2.25
-3.0999999 -3 2.3499999
-3.0999999 -3 2.45
-2.9000001 -2.9000001 -0.44999999
-2.9000001 -2.9000001 -0.34999999
-2.9000001 -2.9000001 -0.25
-2.9000001 -2.9000001 -0.15000001
-2.9000001 -2.9000001 -0.050000001
-2.9000001 -2.9000001 0.050000001
-2.9000001 -2.9000001 0.15000001
-2.9000001 -2.9000001 0.25
-2.9000001 -2.9000001 0.34999999
-2.9000001 -2.9000001 0.44999999
-2.9000001 -2.9000001 0.55000001
-2.9000001 -2.9000001 0.64999998
-2.9000001 -2.9000001 0.75
-2.9000001 -2.9000001 0.85000002
-2.9000001 -2.9000001 0.94999999
-2.9000001 -2.9000001 1.05
-2.9000001 -2.9000001 1.15
-2.9000001 -2.9000001 1.25
-2.9000001 -2.9000001 1.35
-2.9000001 -2.9000001 1.45
-2.9000001 -2.9000001 1.55
-2.9000001 -2.9000001 1.65
-2.9000001 -2.9000001 1.75
-2.9000001 -2.9000001 1.85
-2.9000001 -2.9000001 1.95
-2.9000001 -2.9000001 2.05
-2.9000001 -2.9000001 2.1500001
-2.9000001 -2.9000001 2.25
-2.9000001 -2.9000001 2.3499999
-2.9000001 -2.9000001 2.45
-3 -2.9000001 -0.44999999
-3 -2.9000001 -0.34999999
-3 -2.9000001 -0.25
-3 -2.9000001 -0.15000001
-3 -2.9000001 -0.050000001
-3 -2.9000001 0.050000001
-3 -2.9000001 0.15000001
-3 -2.9000001 0.25
-3 -2.9000001 0.34999999
-3 -2.9000001 0.44999999
-3 -2.9000001 0.55000001
-3 -2.9000001 0.64999998
-3 -2.9000001 0.75
-3 -2.9000001 0.85000002
-3 -2.9000001 0.94999999
-3 -2.9000001 1.05
-3 -2.9000001 1.15
-3 -2.9000001 1.25
-3 -2.9000001 1.35
-3 -2.9000001 1.45
-3 -2.9000001 1.55
-3 -2.9000001 1.65
-3 -2.9000001 1.75
-3 -2.9000001 1.85
-3 -2.9000001 1.95
-3 -2.9000001 2.05
-3 -2.9000001 2.1500001
-3 -2.9000001 2.25
-3 -2.9000001 2.3499999
-3 -2.9000001 2.45
-3.0999999 -2.9000001 -0.44999999
-3.0999999 -2.9000001 -0.34999999
-3.0999999 -2.9000001 -0.25
-3.0999999 -2.9000001 -0.15000001
-3.0999999 -2.9000001 -0.050000001
-3.0999999 -2.9000001 0.050000001
-3.0999999 -2.9000001 0.15000001
-3.0999999 -2.9000001 0.25
-3.0999999 -2.9000001 0.34999999
-3.0999999 -2.9000001 0.44999999
-3.0999999 -2.9000001 0.55000001
-3.0999999 -2.9000001 0.64999998
-3.0999999 -2.9000001 0.75
-3.0999999 -2.9000001 0.85000002
-3.0999999 -2.9000001 0.94999999
-3.0999999 -2.9000001 1.05
-3.0999999 -2.9000001 1.15
-3.0999999 -2.9000001 1.25
-3.0999999 -2.9000001 1.35
-3.0999999 -2.9000001 1.45
-3.0999999 -2.9000001 1.55
-3.0999999 -2.9000001 1.65
-3.0999999 -2.9000001 1.75
-3.0999999 -2.9000001 1.85
-3.0999999 -2.9000001 1.95
-3.0999999 -2.9000001 2.05
-3.0999999 -2.9000001 2.1500001
-3.0999999 -2.9000001 2.25
-3.0999999 -2.9000001 2.3499999
-3.0999999 -2.9000001 2.45
-2.9000001 -2.8 -0.44999999
-2.9000001 -2.8 -0.34999999
-2.9000001 -2.8 -0.25
-2.9000001 -2.8 -0.15000001
-2.9000001 -2.8 -0.050000001
-2.9000001 -2.8 0.050000001
-2.9000001 -2.8 0.15000001
-2.9000001 -2.8 0.25
-2.9000001 -2.8 0.34999999
-2.9000001 -2.8 0.44999999
-2.9000001 -2.8 0.55000001
-2.9000001 -2.8 0.64999998
-2.9000001 -2.8 0.75
-2.9000001 -2.8 0.85000002
-2.9000001 -2.8 0.94999999
-2.9000001 -2.8 1.05
-2.9000001 -2.8 1.15
-2.9000001 -2.8 1.25
-2.9000001 -2.8 1.35
-2.9000001 -2.8 1.45
-2.9000001 -2.8 1.55
-2.9000001 -2.8 1.65
-2.9000001 -2.8 1.75
-2.9000001 -2.8 1.85
-2.9000001 -2.8 1.95
-2.9000001 -2.8 2.05
-2.9000001 -2.8 2.1500001
-2.9000001 -2.8 2.25
-2.9000001 -2.8 2.3499999
-2.9000001 -2.8 2.45
-3 -2.8 -0.44999999
-3 -2.8 -0.34999999
-3 -2.8 -0.25
-3 -2.8 -0.15000001
-3 -2.8 -0.050000001
-3 -2.8 0.050000001
-3 -2.8 0.15000001
-3 -2.8 0.25
-3 -2.8 0.34999999
-3 -2.8 0.44999999
-3 -2.8 0.55000001
-3 -2.8 0.64999998
-3 -2.8 0.75
-3 -2.8 0.85000002
-3 -2.8 0.94999999
-3 -2.8 1.05
-3 -2.8 1.15
-3 -2.8 1.25
-3 -2.8 1.35
-3 -2.8 1.45
-3 -2.8 1.55
-3 -2.8 1.65
-3 -2.8 1.75
-3 -2.8 1.85
-3 -2.8 1.95
-3 -2.8 2.05
-3 -2.8 2.1500001
-3 -2.8 2.25
-3 -2.8 2.3499999
-3 -2.8 2.45
-3.0999999 -2.8 -0.44999999
-3.0999999 -2.8 -0.34999999
-3.0999999 -2.8 -0.25
-3.0999999 -2.8 -0.15000001
-3.0999999 -2.8 -0.050000001
-3.0999999 -2.8 0.050000001
-3.0999999 -2.8 0.15000001
-3.0999999 -2.8 0.25
-3.0999999 -2.8 0.34999999
-3.0999999 -2.8 0.44999999
-3.0999999 -2.8 0.55000001
-3.0999999 -2.8 0.64999998
-3.0999999 -2.8 0.75
-3.0999999 -2.8 0.85000002
-3.0999999 -2.8 0.94999999
-3.0999999 -2.8 1.05
-3.0999999 -2.8 1.15
-3.0999999 -2.8 1.25
-3.0999999 -2.8 1.35
-3.0999999 -2.8 1.45
-3.0999999 -2.8 1.55
-3.0999999 -2.8 1.65
-3.0999999 -2.8 1.75
-3.0999999 -2.8 1.85
-3.0999999 -2.8 1.95
-3.0999999 -2.8 2.05
-3.0999999 -2.8 2.1500001
-3.0999999 -2.8 2.25
-3.0999999 -2.8 2.3499999
-3.0999999 -2.8 2.45
-2.9000001 -2.7 -0.44999999
-2.9000001 -2.7 -0.34999999
-2.9000001 -2.7 -0.25
-2.9000001 -2.7 -0.15000001
-2.9000001 -2.7 -0.050000001
-2.9000001 -2.7 0.050000001
-2.9000001 -2.7 0.15000001
-2.9000001 -2.7 0.25
-2.9000001 -2.7 0.34999999
-2.9000001 -2.7 0.44999999
-2.9000001 -2.7 0.55000001
-2.9000001 -2.7 0.64999998
-2.9000001 -2.7 0.75
-2.9000001 -2.7 0.85000002
-2.9000001 -2.7 0.94999999
-2.9000001 -2.7 1.05
-2.9000001 -2.7 1.15
-2.9000001 -2.7 1.25
-2.9000001 -2.7 1.35
-2.9000001 -2.7 1.45
-2.9000001 -2.7 1.55
-2.9000001 -2.7 1.65
-2.9000001 -2.7 1.75
-2.9000001 -2.7 1.85
-2.9000001 -2.7 1.95
-2.9000001 -2.7 2.05
-2.9000001 -2.7 2.1500001
-2.9000001 -2.7 2.25
-2.9000001 -2.7 2.3499999
-2.9000001 -2.7 2.45
-3 -2.7 -0.44999999
-3 -2.7 -0.34999999
-3 -2.7 -0.25
-3 -2.7 -0.15000001
-3 -2.7 -0.050000001
-3 -2.7 0.050000001
-3 -2.7 0.15000001
-3 -2.7 0.25
-3 -2.7 0.34999999
-3 -2.7 0.44999999
-3 -2.7 0.55000001
-3 -2.7 0.64999998
-3 -2.7 0.75
-3 -2.7 0.85000002
-3 -2.7 0.94999999
-3 -2.7 1.05
-3 -2.7 1.15
-3 -2.7 1.25
-3 -2.7 1.35
-3 -2.7 1.45
-3 -2.7 1.55
-3 -2.7 1.65
-3 -2.7 1.75
-3 -2.7 1.85
-3 -2.7 1.95
-3 -2.7 2.05
-3 -2.7 2.1500001
-3 -2.7 2.25
-3 -2.7 2.3499999
-3 -2.7 2.45
-3.0999999 -2.7 -0.44999999
-3.0999999 -2.7 -0.34999999
-3.0999999 -2.7 -0.25
-3.0999999 -2.7 -0.15000001
-3.0999999 -2.7 -0.050000001
-3.0999999 -2.7 0.050000001
-3.0999999 -2.7 0.15000001
-3.0999999 -2.7 0.25
-3.0999999 -2.7 0.34999999
-3.0999999 -2.7 0.44999999
-3.0999999 -2.7 0.55000001
-3.0999999 -2.7 0.64999998
-3.0999999 -2.7 0.75
-3.0999999 -2.7 0.85000002
-3.0999999 -2.7 0.94999999
-3.0999999 -2.7 1.05
-3.0999999 -2.7 1.15
-3.0999999 -2.7 1.25
-3.0999999 -2.7 1.35
-3.0999999 -2.7 1.45
-3.0999999 -2.7 1.55
-3.0999999 -2.7 1.65
-3.0999999 -2.7 1.75
-3.0999999 -2.7 1.85
-3.0999999 -2.7 1.95
-3.0999999 -2.7 2.05
-3.0999999 -2.7 2.1500001
-3.0999999 -2.7 2.25
-3.0999999 -2.7 2.3499999
-3.0999999 -2.7 2.45
-2.9000001 -2.5999999 -0.44999999
-2.9000001 -2.5999999 -0.34999999
-2.9000001 -2.5999999 -0.25
-2.9000001 -2.5999999 -0.15000001
-2.9000001 -2.5999999 -0.050000001
-2.9000001 -2.5999999 0.050000001
-2.9000001 -2.5999999 0.15000001
-2.9000001 -2.5999999 0.25
-2.9000001 -2.5999999 0.34999999
-2.9000001 -2.5999999 0.44999999
-2.9000001 -2.5999999 0.55000001
-2.9000001 -2.5999999 0.64999998
-2.9000001 -2.5999999 0.75
-2.9000001 -2.5999999 0.85000002
-2.9000001 -2.5999999 0.94999999
-2.9000001 -2.5999999 1.05
-2.9000001 -2.5999999 1.15
-2.9000001 -2.5999999 1.25
-2.9000001 -2.5999999 1.35
-2.9000001 -2.5999999 1.45
-2.9000001 -2.5999999 1.55
-2.9000001 -2.5999999 1.65
-2.9000001 -2.5999999 1.75
-2.9000001 -2.5999999 1.85
-2.9000001 -2.5999999 1.95
-2.9000001 -2.5999999 2.05
-2.9000001 -2.5999999 2.1500001
-2.9000001 -2.5999999 2.25
-2.9000001 -2.5999999 2.3499999
-2.9000001 -2.5999999 2.45
-3 -2.5999999 -0.44999999
-3 -2.5999999 -0.34999999
-3 -2.5999999 -0.25
-3 -2.5999999 -0.15000001
-3 -2.5999999 -0.050000001
-3 -2.5999999 0.050000001
-3 -2.5999999 0.15000001
-3 -2.5999999 0.25
-3 -2.5999999 0.34999999
-3 -2.5999999 0.44999999
-3 -2.5999999 0.55000001
-3 -2.5999999 0.64999998
-3 -2.5999999 0.75
-3 -2.5999999 0.85000002
-3 -2.5999999 0.94999999
-3 -2.5999999 1.05
-3 -2.5999999 1.15
-3 -2.5999999 1.25
-3 -2.5999999 1.35
-3 -2.5999999 1.45
-3 -2.5999999 1.55
-3 -2.5999999 1.65
-3 -2.5999999 1.75
-3 -2.5999999 1.85
-3 -2.5999999 1.95
-3 -2.5999999 2.05
-3 -2.5999999 2.1500001
-3 -2.5999999 2.25
-3 -2.5999999 2.3499999
-3 -2.5999999 2.45
-3.0999999 -2.5999999 -0.44999999
-3.0999999 -2.5999999 -0.34999999
-3.0999999 -2.5999999 -0.25
-3.0999999 -2.5999999 -0.15000001
-3.0999999 -2.5999999 -0.050000001
-3.0999999 -2.5999999 0.050000001
-3.0999999 -2.5999999 0.15000001
-3.0999999 -2.5999999 0.25
-3.0999999 -2.5999999 0.34999999
-3.0999999 -2.5999999 0.44999999
-3.0999999 -2.5999999 0.55000001
-3.0999999 -2.5999999 0.64999998
-3.0999999 -2.5999999 0.75
-3.0999999 -2.5999999 0.85000002
-3.0999999 -2.5999999 0.94999999
-3.0999999 -2.5999999 1.05
-3.0999999 -2.5999999 1.15
-3.0999999 -2.5999999 1.25
-3.0999999 -2.5999999 1.35
-3.0999999 -2.5999999 1.45
-3.0999999 -2.5999999 1.55
-3.0999999 -2.5999999 1.65
-3.0999999 -2.5999999 1.75
-3.0999999 -2.5999999 1.85
-3.0999999 -2.5999999 1.95
-3.0999999 -2.5999999 2.05
-3.0999999 -2.5999999 2.1500001
-3.0999999 -2.5999999 2.25
-3.0999999 -2.5999999 2.3499999
-3.0999999 -2.5999999 2.45
-2.9000001 -2.5 -0.44999999
-2.9000001 -2.5 -0.34999999
-2.9000001 -2.5 -0.25
-2.9000001 -2.5 -0.15000001
-2.9000001 -2.5 -0.050000001
-2.9000001 -2.5 0.050000001
-2.9000001 -2.5 0.15000001
-2.9000001 -2.5 0.25
-2.9000001 -2.5 0.34999999
-2.9000001 -2.5 0.44999999
-2.9000001 -2.5 0.55000001
-2.9000001 -2.5 0.64999998
-2.9000001 -2.5 0.75
-2.9000001 -2.5 0.85000002
-2.9000001 -2.5 0.94999999
-2.9000001 -2.5 1.05
-2.9000001 -2.5 1.15
-2.9000001 -2.5 1.25
-2.9000001 -2.5 1.35
-2.9000001 -2.5 1.45
-2.9000001 -2.5 1.55
-2.9000001 -2.5 1.65
-2.9000001 -2.5 1.75
-2.9000001 -2.5 1.85
-2.9000001 -2.5 1.95
-2.9000001 -2.5 2.05
-2.9000001 -2.5 2.1500001
-2.9000001 -2.5 2.25
-2.9000001 -2.5 2.3499999
-2.9000001 -2.5 2.45
-3 -2.5 -0.44999999
-3 -2.5 -0.34999999
-3 -2.5 -0.25
-3 -2.5 -0.15000001
-3 -2.5 -0.050000001
-3 -2.5 0.050000001
-3 -2.5 0.15000001
-3 -2.5 0.25
-3 -2.5 0.34999999
-3 -2.5 0.44999999
-3 -2.5 0.55000001
-3 -2.5 0.64999998
-3 -2.5 0.75
-3 -2.5 0.85000002
-3 -2.5 0.94999999
-3 -2.5 1.05
-3 -2.5 1.15
-3 -2.5 1.25
-3 -2.5 1.35
-3 -2.5 1.45
-3 -2.5 1.55
-3 -2.5 1.65
-3 -2.5 1.75
-3 -2.5 1.85
-3 -2.5 1.95
-3 -2.5 2.05
-3 -2.5 2.1500001
-3 -2.5 2.25
-3 -2.5 2.3499999
-3 -2.5 2.45
-3.0999999 -2.5 -0.44999999
-3.0999999 -2.5 -0.34999999
-3.0999999 -2.5 -0.25
-3.0999999 -2.5 -0.15000001
-3.0999999 -2.5 -0.050000001
-3.0999999 -2.5 0.050000001
-3.0999999 -2.5 0.15000001
-3.0999999 -2.5 0.25
-3.0999999 -2.5 0.34999999
-3.0999999 -2.5 0.44999999
-3.0999999 -2.5 0.55000001
-3.0999999 -2.5 0.64999998
-3.0999999 -2.5 0.75
-3.0999999 -2.5 0.85000002
-3.0999999 -2.5 0.94999999
-3.0999999 -2.5 1.05
-3.0999999 -2.5 1.15
-3.0999999 -2.5 1.25
-3.0999999 -2.5 1.35
-3.0999999 -2.5 1.45
-3.0999999 -2.5 1.55
-3.0999999 -2.5 1.65
-3.0999999 -2.5 1.75
-3.0999999 -2.5 1.85
-3.0999999 -2.5 1.95
-3.0999999 -2.5 2.05
-3.0999999 -2.5 2.1500001
-3.0999999 -2.5 2.25
-3.0999999 -2.5 2.3499999
-3.0999999 -2.5 2.45
-2.9000001 -2.4000001 -0.44999999
-2.9000001 -2.4000001 -0.34999999
-2.9000001 -2.4000001 -0.25
-2.9000001 -2.4000001 -0.15000001
-2.9000001 -2.4000001 -0.050000001
-2.9000001 -2.4000001 0.050000001
-2.9000001 -2.4000001 0.15000001
-2.9000001 -2.4000001 0.25
-2.9000001 -2.4000001 0.34999999
-2.9000001 -2.4000001 0.44999999
-2.9000001 -2.4000001 0.55000001
-2.9000001 -2.4000001 0.64999998
-2.9000001 -2.4000001 0.75
-2.9000001 -2.4000001 0.85000002
-2.9000001 -2.4000001 0.94999999
-2.9000001 -2.4000001 1.05
-2.9000001 -2.4000001 1.15
-2.9000001 -2.4000001 1.25
-2.9000001 -2.4000001 1.35
-2.9000001 -2.4000001 1.45
-2.9000001 -2.4000001 1.55
-2.9000001 -2.4000001 1.65
-2.9000001 -2.4000001 1.75
-2.9000001 -2.4000001 1.85
-2.9000001 -2.4000001 1.95
-2.9000001 -2.4000001 2.05
-2.9000001 -2.4000001 2.1500001
-2.9000001 -2.4000001 2.25
-2.9000001 -2.4000001 2.3499999
-2.9000001 -2.4000001 2.45
-3 -2.4000001 -0.44999999
-3 -2.4000001 -0.34999999
-3 -2.4000001 -0.25
-3 -2.4000001 -0.15000001
-3 -2.4000001 -0.050000001
-3 -2.4000001 0.050000001
-3 -2.4000001 0.15000001
-3 -2.4000001 0.25
-3 -2.4000001 0.34999999
-3 -2.4000001 0.44999999
-3 -2.4000001 0.55000001
-3 -2.4000001 0.64999998
-3 -2.4000001 0.75
-3 -2.4000001 0.85000002
-3 -2.4000001 0.94999999
-3 -2.4000001 1.05
-3 -2.4000001 1.15
-3 -2.4000001 1.25
-3 -2.4000001 1.35
-3 -2.4000001 1.45
-3 -2.4000001 1.55
-3 -2.4000001 1.65
-3 -2.4000001 1.75
-3 -2.4000001 1.85
-3 -2.4000001 1.95
-3 -2.4000001 2.05
-3 -2.4000001 2.1500001
-3 -2.4000001 2.25
-3 -2.4000001 2.3499999
-3 -2.4000001 2.45
-3.0999999 -2.4000001 -0.44999999
-3.0999999 -2.4000001 -0.34999999
-3.0999999 -2.4000001 -0.25
-3.0999999 -2.4000001 -0.15000001
-3.0999999 -2.4000001 -0.050000001
-3.0999999 -2.4000001 0.050000001
-3.0999999 -2.4000001 0.15000001
-3.0999999 -2.4000001 0.25
-3.0999999 -2.4000001 0.34999999
-3.0999999 -2.4000001 0.44999999
-3.0999999 -2.4000001 0.55000001
-3.0999999 -2.4000001 0.64999998
-3.0999999 -2.4000001 0.75
-3.0999999 -2.4000001 0.85000002
-3.0999999 -2.4000001 0.94999999
-3.0999999 -2.4000001 1.05
-3.0999999 -2.4000001 1.15
-3.0999999 -2.4000001 1.25
-3.0999999 -2.4000001 1.35
-3.0999999 -2.4000001 1.45
-3.0999999 -2.4000001 1.55
-3.0999999 -2.4000001 1.65
-3.0999999 -2.4000001 1.75
-3.0999999 -2.4000001 1.85
-3.0999999 -2.4000001 1.95
-3.0999999 -2.4000001 2.05
-3.0999999 -2.4000001 2.1500001
-3.0999999 -2.4000001 2.25
-3.0999999 -2.4000001 2.3499999
-3.0999999 -2.4000001 2.45
-2.9000001 -2.3 -0.44999999
-2.9000001 -2.3 -0.34999999
-2.9000001 -2.3 -0.25
-2.9000001 -2.3 -0.15000001
-2.9000001 -2.3 -0.050000001
-2.9000001 -2.3 0.050000001
-2.9000001 -2.3 0.15000001
-2.9000001 -2.3 0.25
-2.9000001 -2.3 0.34999999
-2.9000001 -2.3 0.44999999
-2.9000001 -2.3 0.55000001
-2.9000001 -2.3 0.64999998
-2.9000001 -2.3 0.75
-2.9000001 -2.3 0.85000002
-2.9000001 -2.3 0.94999999
-2.9000001 -2.3 1.05
-2.9000001 -2.3 1.15
-2.9000001 -2.3 1.25
-2.9000001 -2.3 1.35
-2.9000001 -2.3 1.45
-2.9000001 -2.3 1.55
-2.9000001 -2.3 1.65
-2.9000001 -2.3 1.75
-2.9000001 -2.3 1.85
-2.9000001 -2.3 1.95
-2.9000001 -2.3 2.05
-2.9000001 -2.3 2.1500001
-2.9000001 -2.3 2.25
-2.9000001 -2.3 2.3499999
-2.9000001 -2.3 2.45
-3 -2.3 -0.44999999
-3 -2.3 -0.34999999
-3 -2.3 -0.25
-3 -2.3 -0.15000001
-3 -2.3 -0.050000001
-3 -2.3 0.050000001
-3 -2.3 0.15000001
-3 -2.3 0.25
-3 -2.3 0.34999999
-3 -2.3 0.44999999
-3 -2.3 0.55000001
-3 -2.3 0.64999998
-3 -2.3 0.75
-3 -2.3 0.85000002
-3 -2.3 0.94999999
-3 -2.3 1.05
-3 -2.3 1.15
-3 -2.3 1.25
-3 -2.3 1.35
-3 -2.3 1.45
-3 -2.3 1.55
-3 -2.3 1.65
-3 -2.3 1.75
-3 -2.3 1.85
-3 -2.3 1.95
-3 -2.3 2.05
-3 -2.3 2.1500001
-3 -2.3 2.25
-3 -2.3 2.3499999
-3 -2.3 2.45
-3.0999999 -2.3 -0.44999999
-3.0999999 -2.3 -0.34999999
-3.0999999 -2.3 -0.25
-3.0999999 -2.3 -0.15000001
-3.0999999 -2.3 -0.050000001
-3.0999999 -2.3 0.050000001
-3.0999999 -2.3 0.15000001
-3.0999999 -2.3 0.25
-3.0999999 -2.3 0.34999999
-3.0999999 -2.3 0.44999999
-3.0999999 -2.3 0.55000001
-3.0999999 -2.3 0.64999998
-3.0999999 -2.3 0.75
-3.0999999 -2.3 0.85000002
-3.0999999 -2.3 0.94999999
-3.0999999 -2.3 1.05
-3.0999999 -2.3 1.15
-3.0999999 -2.3 1.25
-3.0999999 -2.3 1.35
-3.0999999 -2.3 1.45
-3.0999999 -2.3 1.55
-3.0999999 -2.3 1.65
-3.0999999 -2.3 1.75
-3.0999999 -2.3 1.85
-3.0999999 -2.3 1.95
-3.0999999 -2.3 2.05
-3.0999999 -2.3 2.1500001
-3.0999999 -2.3 2.25
-3.0999999 -2.3 2.3499999
-3.0999999 -2.3 2.45
-2.9000001 -2.2 -0.44999999
-2.9000001 -2.2 -0.34999999
-2.9000001 -2.2 -0.25
-2.9000001 -2.2 -0.15000001
-2.9000001 -2.2 -0.050000001
-2.9000001 -2.2 0.050000001
-2.9000001 -2.2 0.15000001
-2.9000001 -2.2 0.25
-2.9000001 -2.2 0.34999999
-2.9000001 -2.2 0.44999999
-2.9000001 -2.2 0.55000001
-2.9000001 -2.2 0.64999998
-2.9000001 -2.2 0.75
-2.9000001 -2.2 0.85000002
-2.9000001 -2.2 0.94999999
-2.9000001 -2.2 1.05
-2.9000001 -2.2 1.15
-2.9000001 -2.2 1.25
-2.9000001 -2.2 1.35
-2.9000001 -2.2 1.45
-2.9000001 -2.2 1.55
-2.9000001 -2.2 1.65
-2.9000001 -2.2 1.75
-2.9000001 -2.2 1.85
-2.9000001 -2.2 1.95
-2.9000001 -2.2 2.05
-2.9000001 -2.2 2.1500001
-2.9000001 -2.2 2.25
-2.9000001 -2.2 2.3499999
-2.9000001 -2.2 2.45
-3 -2.2 -0.44999999
-3 -2.2 -0.34999999
-3 -2.2 -0.25
-3 -2.2 -0.15000001
-3 -2.2 -0.050000001
-3 -2.2 0.050000001
-3 -2.2 0.15000001
-3 -2.2 0.25
-3 -2.2 0.34999999
-3 -2.2 0.44999999
-3 -2.2 0.55000001
-3 -2.2 0.64999998
-3 -2.2 0.75
-3 -2.2 0.85000002
-3 -2.2 0.94999999
-3 -2.2 1.05
-3 -2.2 1.15
-3 -2.2 1.25
-3 -2.2 1.35
-3 -2.2 1.45
-3 -2.2 1.55
-3 -2.2 1.65
-3 -2.2 1.75
-3 -2.2 1.85
-3 -2.2 1.95
-3 -2.2 2.05
-3 -2.2 2.1500001
-3 -2.2 2.25
-3 -2.2 2.3499999
-3 -2.2 2.45
-3.0999999 -2.2 -0.44999999
-3.0999999 -2.2 -0.34999999
-3.0999999 -2.2 -0.25
-3.0999999 -2.2 -0.15000001
-3.0999999 -2.2 -0.050000001
-3.0999999 -2.2 0.050000001
-3.0999999 -2.2 0.15000001
-3.0999999 -2.2 0.25
-3.0999999 -2.2 0.34999999
-3.0999999 -2.2 0.44999999
-3.0999999 -2.2 0.55000001
-3.0999999 -2.2 0.64999998
-3.0999999 -2.2 0.75
-3.0999999 -2.2 0.85000002
-3.0999999 -2.2 0.94999999
-3.0999999 -2.2 1.05
-3.0999999 -2.2 1.15
-3.0999999 -2.2 1.25
-3.0999999 -2.2 1.35
-3.0999999 -2.2 1.45
-3.0999999 -2.2 1.55
-3.0999999 -2.2 1.65
-3.0999999 -2.2 1.75
-3.0999999 -2.2 1.85
-3.0999999 -2.2 1.95
-3.0999999 -2.2 2.05
-3.0999999 -2.2 2.1500001
-3.0999999 -2.2 2.25
-3.0999999 -2.2 2.3499999
-3.0999999 -2.2 2.45
-2.9000001 -2.0999999 -0.44999999
-2.9000001 -2.0999999 -0.34999999
-2.9000001 -2.0999999 -0.25
-2.9000001 -2.0999999 -0.15000001
-2.9000001 -2.0999999 -0.050000001
-2.9000001 -2.0999999 0.050000001
-2.9000001 -2.0999999 0.15000001
-2.9000001 -2.0999999 0.25
-2.9000001 -2.0999999 0.34999999
-2.9000001 -2.0999999 0.44999999
-2.9000001 -2.0999999 0.55000001
-2.9000001 -2.0999999 0.64999998
-2.9000001 -2.0999999 0.75
-2.9000001 -2.0999999 0.85000002
-2.9000001 -2.0999999 0.94999999
-2.9000001 -2.0999999 1.05
-2.9000001 -2.0999999 1.15
-2.9000001 -2.0999999 1.25
-2.9000001 -2.0999999 1.35
-2.9000001 -2.0999999 1.45
-2.9000001 -2.0999999 1.55
-2.9000001 -2.0999999 1.65
-2.9000001 -2.0999999 1.75
-2.9000001 -2.0999999 1.85
-2.9000001 -2.0999999 1.95
-2.9000001 -2.0999999 2.05
-2.9000001 -2.0999999 2.1500001
-2.9000001 -2.0999999 2.25
-2.9000001 -2.0999999 2.3499999
-2.9000001 -2.0999999 2.45
-3 -2.0999999 -0.44999999
-3 -2.0999999 -0.34999999
-3 -2.0999999 -0.25
-3 -2.0999999 -0.15000001
-3 -2.0999999 -0.050000001
-3 -2.0999999 0.050000001
-3 -2.0999999 0.15000001
-3 -2.0999999 0.25
-3 -2.0999999 0.34999999
-3 -2.0999999 0.44999999
-3 -2.0999999 0.55000001
-3 -2.0999999 0.64999998
-3 -2.0999999 0.75
-3 -2.0999999 0.85000002
-3 -2.0999999 0.94999999
-3 -2.0999999 1.05
-3 -2.0999999 1.15
-3 -2.0999999 1.25
-3 -2.0999999 1.35
-3 -2.0999999 1.45
-3 -2.0999999 1.55
-3 -2.0999999 1.65
-3 -2.0999999 1.75
-3 -2.0999999 1.85
-3 -2.0999999 1.95
-3 -2.0999999 2.05
-3 -2.0999999 2.1500001
-3 -2.0999999 2.25
-3 -2.0999999 2.3499999
-3 -2.0999999 2.45
-3.0999999 -2.0999999 -0.44999999
-3.0999999 -2.0999999 -0.34999999
-3.0999999 -2.0999999 -0.25
-3.0999999 -2.0999999 -0.15000001
-3.0999999 -2.0999999 -0.050000001
-3.0999999 -2.0999999 0.050000001
-3.0999999 -2.0999999 0.15000001
-3.0999999 -2.0999999 0.25
-3.0999999 -2.0999999 0.34999999
-3.0999999 -2.0999999 0.44999999
-3.0999999 -2.0999999 0.55000001
-3.0999999 -2.0999999 0.64999998
-3.0999999 -2.0999999 0.75
-3.0999999 -2.0999999 0.85000002
-3.0999999 -2.0999999 0.94999999
-3.0999999 -2.0999999 1.05
-3.0999999 -2.0999999 1.15
-3.0999999 -2.0999999 1.25
-3.0999999 -2.0999999 1.35
-3.0999999 -2.0999999 1.45
-3.0999999 -2.0999999 1.55
-3.0999999 -2.0999999 1.65
-3.0999999 -2.0999999 1.75
-3.0999999 -2.0999999 1.85
-3.0999999 -2.0999999 1.95
-3.0999999 -2.0999999 2.05
-3.0999999 -2.0999999 2.1500001
-3.0999999 -2.0999999 2.25
-3.0999999 -2.0999999 2.3499999
-3.0999999 -2.0999999 2.45
-2.9000001 -2 -0.44999999
-2.9000001 -2 -0.34999999
-2.9000001 -2 -0.25
-2.9000001 -2 -0.15000001
-2.9000001 -2 -0.050000001
-2.9000001 -2 0.050000001
-2.9000001 -2 0.15000001
-2.9000001 -2 0.25
-2.9000001 -2 0.34999999
-2.9000001 -2 0.44999999
-2.9000001 -2 0.55000001
-2.9000001 -2 0.64999998
-2.9000001 -2 0.75
-2.9000001 -2 0.85000002
-2.9000001 -2 0.94999999
-2.9000001 -2 1.05
-2.9000001 -2 1.15
-2.9000001 -2 1.25
-2.9000001 -2 1.35
-2.9000001 -2 1.45
-2.9000001 -2 1.55
-2.9000001 -2 1.65
-2.9000001 -2 1.75
-2.9000001 -2 1.85
-2.9000001 -2 1.95
-2.9000001 -2 2.05
-2.9000001 -2 2.1500001
-2.9000001 -2 2.25
-2.9000001 -2 2.3499999
-2.9000001 -2 2.45
-3 -2 -0.44999999
-3 -2 -0.34999999
-3 -2 -0.25
-3 -2 -0.15000001
-3 -2 -0.050000001
-3 -2 0.050000001
-3 -2 0.15000001
-3 -2 0.25
-3 -2 0.34999999
-3 -2 0.44999999
-3 -2 0.55000001
-3 -2 0.64999998
-3 -2 0.75
-3 -2 0.85000002
-3 -2 0.94999999
-3 -2 1.05
-3 -2 1.15
-3 -2 1.25
-3 -2 1.35
-3 -2 1.45
-3 -2 1.55
-3 -2 1.65
-3 -2 1.75
-3 -2 1.85
-3 -2 1.95
-3 -2 2.05
-3 -2 2.1500001
-3 -2 2.25
-3 -2 2.3499999
-3 -2 2.45
-3.0999999 -2 -0.44999999
-3.0999999 -2 -0.34999999
-3.0999999 -2 -0.25
-3.0999999 -2 -0.15000001
-3.0999999 -2 -0.050000001
-3.0999999 -2 0.050000001
-3.0999999 -2 0.15000001
-3.0999999 -2 0.25
-3.0999999 -2 0.34999999
-3.0999999 -2 0.44999999
-3.0999999 -2 0.55000001
-3.0999999 -2 0.64999998
-3.0999999 -2 0.75
-3.0999999 -2 0.85000002
-3.0999999 -2 0.94999999
-3.0999999 -2 1.05
-3.0999999 -2 1.15
-3.0999999 -2 1.25
-3.0999999 -2 1.35
-3.0999999 -2 1.45
-3.0999999 -2 1.55
-3.0999999 -2 1.65
-3.0999999 -2 1.75
-3.0999999 -2 1.85
-3.0999999 -2 1.95
-3.0999999 -2 2.05
-3.0999999 -2 2.1500001
-3.0999999 -2 2.25
-3.0999999 -2 2.3499999
-3.0999999 -2 2.45
-2.9000001 -1.9 -0.44999999
-2.9000001 -1.9 -0.34999999
-2.9000001 -1.9 -0.25
-2.9000001 -1.9 -0.15000001
-2.9000001 -1.9 -0.050000001
-2.9000001 -1.9 0.050000001
-2.9000001 -1.9 0.15000001
-2.9000001 -1.9 0.25
-2.9000001 -1.9 0.34999999
-2.9000001 -1.9 0.44999999
-2.9000001 -1.9 0.55000001
-2.9000001 -1.9 0.64999998
-2.9000001 -1.9 0.75
-2.9000001 -1.9 0.85000002
-2.9000001 -1.9 0.94999999
-2.9000001 -1.9 1.05
-2.9000001 -1.9 1.15
-2.9000001 -1.9 1.25
-2.9000001 -1.9 1.35
-2.9000001 -1.9 1.45
-2.9000001 -1.9 1.55
-2.9000001 -1.9 1.65
-2.9000001 -1.9 1.75
-2.9000001 -1.9 1.85
-2.9000001 -1.9 1.95
-2.9000001 -1.9 2.05
-2.9000001 -1.9 2.1500001
-2.9000001 -1.9 2.25
-2.9000001 -1.9 2.3499999
-2.9000001 -1.9 2.45
-3 -1.9 -0.44999999
-3 -1.9 -0.34999999
-3 -1.9 -0.25
-3 -1.9 -0.15000001
-3 -1.9 -0.050000001
-3 -1.9 0.050000001
-3 -1.9 0.15000001
-3 -1.9 0.25
-3 -1.9 0.34999999
-3 -1.9 0.44999999
-3 -1.9 0.55000001
-3 -1.9 0.64999998
-3 -1.9 0.75
-3 -1.9 0.85000002
-3 -1.9 0.94999999
-3 -1.9 1.05
-3 -1.9 1.15
-3 -1.9 1.25
-3 -1.9 1.35
-3 -1.9 1.45
-3 -1.9 1.55
-3 -1.9 1.65
-3 -1.9 1.75
-3 -1.9 1.85
-3 -1.9 1.95
-3 -1.9 2.05
-3 -1.9 2.1500001
-3 -1.9 2.25
-3 -1.9 2.3499999
-3 -1.9 2.45
-3.0999999 -1.9 -0.44999999
-3.0999999 -1.9 -0.34999999
-3.0999999 -1.9 -0.25
-3.0999999 -1.9 -0.15000001
-3.0999999 -1.9 -0.050000001
-3.0999999 -1.9 0.050000001
-3.0999999 -1.9 0.15000001
-3.0999999 -1.9 0.25
-3.0999999 -1.9 0.34999999
-3.0999999 -1.9 0.44999999
-3.0999999 -1.9 0.55000001
-3.0999999 -1.9 0.64999998
-3.0999999 -1.9 0.75
-3.0999999 -1.9 0.85000002
-3.0999999 -1.9 0.94999999
-3.0999999 -1.9 1.05
-3.0999999 -1.9 1.15
-3.0999999 -1.9 1.25
-3.0999999 -1.9 1.35
-3.0999999 -1.9 1.45
-3.0999999 -1.9 1.55
-3.0999999 -1.9 1.65
-3.0999999 -1.9 1.75
-3.0999999 -1.9 1.85
-3.0999999 -1.9 1.95
-3.0999999 -1.9 2.05
-3.0999999 -1.9 2.1500001
-3.0999999 -1.9 2.25
-3.0999999 -1.9 2.3499999
-3.0999999 -1.9 2.45
-2.9000001 -1.8 -0.44999999
-2.9000001 -1.8 -0.34999999
-2.9000001 -1.8 -0.25
-2.9000001 -1.8 -0.15000001
-2.9000001 -1.8 -0.050000001
-2.9000001 -1.8 0.050000001
-2.9000001 -1.8 0.15000001
-2.9000001 -1.8 0.25
-2.9000001 -1.8 0.34999999
-2.9000001 -1.8 0.44999999
-2.9000001 -1.8 0.55000001
-2.9000001 -1.8 0.64999998
-2.9000001 -1.8 0.75
-2.9000001 -1.8 0.85000002
-2.9000001 -1.8 0.94999999
-2.9000001 -1.8 1.05
-2.9000001 -1.8 1.15
-2.9000001 -1.8 1.25
-2.9000001 -1.8 1.35
-2.9000001 -1.8 1.45
-2.9000001 -1.8 1.55
-2.9000001 -1.8 1.65
-2.9000001 -1.8 1.75
-2.9000001 -1.8 1.85
-2.9000001 -1.8 1.95
-2.9000001 -1.8 2.05
-2.9000001 -1.8 2.1500001
-2.9000001 -1.8 2.25
-2.9000001 -1.8 2.3499999
-2.9000001 -1.8 2.45
-3 -1.8 -0.44999999
-3 -1.8 -0.34999999
-3 -1.8 -0.25
-3 -1.8 -0.15000001
-3 -1.8 -0.050000001
-3 -1.8 0.050000001
-3 -1.8 0.15000001
-3 -1.8 0.25
-3 -1.8 0.34999999
-3 -1.8 0.44999999
-3 -1.8 0.55000001
-3 -1.8 0.64999998
-3 -1.8 0.75
-3 -1.8 0.85000002
-3 -1.8 0.94999999
-3 -1.8 1.05
-3 -1.8 1.15
-3 -1.8 1.25
-3 -1.8 1.35
-3 -1.8 1.45
-3 -1.8 1.55
-3 -1.8 1.65
-3 -1.8 1.75
-3 -1.8 1.85
-3 -1.8 1.95
-3 -1.8 2.05
-3 -1.8 2.1500001
-3 -1.8 2.25
-3 -1.8 2.3499999
-3 -1.8 2.45
-3.0999999 -1.8 -0.44999999
-3.0999999 -1.8 -0.34999999
-3.0999999 -1.8 -0.25
-3.0999999 -1.8 -0.15000001
-3.0999999 -1.8 -0.050000001
-3.0999999 -1.8 0.050000001
-3.0999999 -1.8 0.15000001
-3.0999999 -1.8 0.25
-3.0999999 -1.8 0.34999999
-3.0999999 -1.8 0.44999999
-3.0999999 -1.8 0.55000001
-3.0999999 -1.8 0.64999998
-3.0999999 -1.8 0.75
-3.0999999 -1.8 0.85000002
-3.0999999 -1.8 0.94999999
-3.0999999 -1.8 1.05
-3.0999999 -1.8 1.15
-3.0999999 -1.8 1.25
-3.0999999 -1.8 1.35
-3.0999999 -1.8 1.45
-3.0999999 -1.8 1.55
-3.0999999 -1.8 1.65
-3.0999999 -1.8 1.75
-3.0999999 -1.8 1.85
-3.0999999 -1.8 1.95
-3.0999999 -1.8 2.05
-3.0999999 -1.8 2.1500001
-3.0999999 -1.8 2.25
-3.0999999 -1.8 2.3499999
-3.0999999 -1.8 2.45
-2.9000001 -1.7 -0.44999999
-2.9000001 -1.7 -0.34999999
-2.9000001 -1.7 -0.25
-2.9000001 -1.7 -0.15000001
-2.9000001 -1.7 -0.050000001
-2.9000001 -1.7 0.050000001
-2.9000001 -1.7 0.15000001
-2.9000001 -1.7 0.25
-2.9000001 -1.7 0.34999999
-2.9000001 -1.7 0.44999999
-2.9000001 -1.7 0.55000001
-2.9000001 -1.7 0.64999998
-2.9000001 -1.7 0.75
-2.9000001 -1.7 0.85000002
-2.9000001 -1.7 0.94999999
-2.9000001 -1.7 1.05
-2.9000001 -1.7 1.15
-2.9000001 -1.7 1.25
-2.9000001 -1.7 1.35
-2.9000001 -1.7 1.45
-2.9000001 -1.7 1.55
-2.9000001 -1.7 1.65
-2.9000001 -1.7 1.75
-2.9000001 -1.7 1.85
-2.9000001 -1.7 1.95
-2.9000001 -1.7 2.05
-2.9000001 -1.7 2.1500001
-2.9000001 -1.7 2.25
-2.9000001 -1.7 2.3499999
-2.9000001 -1.7 2.45
-3 -1.7 -0.44999999
-3 -1.7 -0.34999999
-3 -1.7 -0.25
-3 -1.7 -0.15000001
-3 -1.7 -0.050000001
-3 -1.7 0.050000001
-3 -1.7 0.15000001
-3 -1.7 0.25
-3 -1.7 0.34999999
-3 -1.7 0.44999999
-3 -1.7 0.55000001
-3 -1.7 0.64999998
-3 -1.7 0.75
-3 -1.7 0.85000002
-3 -1.7 0.94999999
-3 -1.7 1.05
-3 -1.7 1.15
-3 -1.7 1.25
-3 -1.7 1.35
-3 -1.7 1.45
-3 -1.7 1.55
-3 -1.7 1.65
-3 -1.7 1.75
-3 -1.7 1.85
-3 -1.7 1.95
-3 -1.7 2.05
-3 -1.7 2.1500001
-3 -1.7 2.25
-3 -1.7 2.3499999
-3 -1.7 2.45
-3.0999999 -1.7 -0.44999999
-3.0999999 -1.7 -0.34999999
-3.0999999 -1.7 -0.25
-3.0999999 -1.7 -0.15000001
-3.0999999 -1.7 -0.050000001
-3.0999999 -1.7 0.050000001
-3.0999999 -1.7 0.15000001
-3.0999999 -1.7 0.25
-3.0999999 -1.7 0.34999999
-3.0999999 -1.7 0.44999999
-3.0999999 -1.7 0.55000001
-3.0999999 -1.7 0.64999998
-3.0999999 -1.7 0.75
-3.0999999 -1.7 0.85000002
-3.0999999 -1.7 0.94999999
-3.0999999 -1.7 1.05
-3.0999999 -1.7 1.15
-3.0999999 -1.7 1.25
-3.0999999 -1.7 1.35
-3.0999999 -1.7 1.45
-3.0999999 -1.7 1.55
-3.0999999 -1.7 1.65
-3.0999999 -1.7 1.75
-3.0999999 -1.7 1.85
-3.0999999 -1.7 1.95
-3.0999999 -1.7 2.05
-3.0999999 -1.7 2.1500001
-3.0999999 -1.7 2.25
-3.0999999 -1.7 2.3499999
-3.0999999 -1.7 2.45
-2.9000001 -1.6 -0.44999999
-2.9000001 -1.6 -0.34999999
-2.9000001 -1.6 -0.25
-2.9000001 -1.6 -0.15000001
-2.9000001 -1.6 -0.050000001
-2.9000001 -1.6 0.050000001
-2.9000001 -1.6 0.15000001
-2.9000001 -1.6 0.25
-2.9000001 -1.6 0.34999999
-2.9000001 -1.6 0.44999999
-2.9000001 -1.6 0.55000001
-2.9000001 -1.6 0.64999998
-2.9000001 -1.6 0.75
-2.9000001 -1.6 0.85000002
-2.9000001 -1.6 0.94999999
-2.9000001 -1.6 1.05
-2.9000001 -1.6 1.15
-2.9000001 -1.6 1.25
-2.9000001 -1.6 1.35
-2.9000001 -1.6 1.45
-2.9000001 -1.6 1.55
-2.9000001 -1.6 1.65
-2.9000001 -1.6 1.75
-2.9000001 -1.6 1.85
-2.9000001 -1.6 1.95
-2.9000001 -1.6 2.05
-2.9000001 -1.6 2.1500001
-2.9000001 -1.6 2.25
-2.9000001 -1.6 2.3499999
-2.9000001 -1.6 2.45
-3 -1.6 -0.44999999
-3 -1.6 -0.34999999
-3 -1.6 -0.25
-3 -1.6 -0.15000001
-3 -1.6 -0.050000001
-3 -1.6 0.050000001
-3 -1.6 0.15000001
-3 -1.6 0.25
-3 -1.6 0.34999999
-3 -1.6 0.44999999
-3 -1.6 0.55000001
-3 -1.6 0.64999998
-3 -1.6 0.75
-3 -1.6 0.85000002
-3 -1.6 0.94999999
-3 -1.6 1.05
-3 -1.6 1.15
-3 -1.6 1.25
-3 -1.6 1.35
-3 -1.6 1.45
-3 -1.6 1.55
-3 -1.6 1.65
-3 -1.6 1.75
-3 -1.6 1.85
-3 -1.6 1.95
-3 -1.6 2.05
-3 -1.6 2.1500001
-3 -1.6 2.25
-3 -1.6 2.3499999
-3 -1.6 2.45
-3.0999999 -1.6 -0.44999999
-3.0999999 -1.6 -0.34999999
-3.0999999 -1.6 -0.25
-3.0999999 -1.6 -0.15000001
-3.0999999 -1.6 -0.050000001
-3.0999999 -1.6 0.050000001
-3.0999999 -1.6 0.15000001
-3.0999999 -1.6 0.25
-3.0999999 -1.6 0.34999999
-3.0999999 -1.6 0.44999999
-3.0999999 -1.6 0.55000001
-3.0999999 -1.6 0.64999998
-3.0999999 -1.6 0.75
-3.0999999 -1.6 0.85000002
-3.0999999 -1.6 0.94999999
-3.0999999 -1.6 1.05
-3.0999999 -1.6 1.15
-3.0999999 -1.6 1.25
-3.0999999 -1.6 1.35
-3.0999999 -1.6 1.45
-3.0999999 -1.6 1.55
-3.0999999 -1.6 1.65
-3.0999999 -1.6 1.75
-3.0999999 -1.6 1.85
-3.0999999 -1.6 1.95
-3.0999999 -1.6 2.05
-3.0999999 -1.6 2.1500001
-3.0999999 -1.6 2.25
-3.0999999 -1.6 2.3499999
-3.0999999 -1.6 2.45
-2.9000001 -1.5 -0.44999999
-2.9000001 -1.5 -0.34999999
-2.9000001 -1.5 -0.25
-2.9000001 -1.5 -0.15000001
-2.9000001 -1.5 -0.050000001
-2.9000001 -1.5 0.050000001
-2.9000001 -1.5 0.15000001
-2.9000001 -1.5 0.25
-2.9000001 -1.5 0.34999999
-2.9000001 -1.5 0.44999999
-2.9000001 -1.5 0.55000001
-2.9000001 -1.5 0.64999998
-2.9000001 -1.5 0.75
-2.9000001 -1.5 0.85000002
-2.9000001 -1.5 0.94999999
-2.9000001 -1.5 1.05
-2.9000001 -1.5 1.15
-2.9000001 -1.5 1.25
-2.9000001 -1.5 1.35
-2.9000001 -1.5 1.45
-2.9000001 -1.5 1.55
-2.9000001 -1.5 1.65
-2.9000001 -1.5 1.75
-2.9000001 -1.5 1.85
-2.9000001 -1.5 1.95
-2.9000001 -1.5 2.05
-2.9000001 -1.5 2.1500001
-2.9000001 -1.5 2.25
-2.9000001 -1.5 2.3499999
-2.9000001 -1.5 2.45
-3 -1.5 -0.44999999
-3 -1.5 -0.34999999
-3 -1.5 -0.25
-3 -1.5 -0.15000001
-3 -1.5 -0.050000001
-3 -1.5 0.050000001
-3 -1.5 0.15000001
-3 -1.5 0.25
-3 -1.5 0.34999999
-3 -1.5 0.44999999
-3 -1.5 0.55000001
-3 -1.5 0.64999998
-3 -1.5 0.75
-3 -1.5 0.85000002
-3 -1.5 0.94999999
-3 -1.5 1.05
-3 -1.5 1.15
-3 -1.5 1.25
-3 -1.5 1.35
-3 -1.5 1.45
-3 -1.5 1.55
-3 -1.5 1.65
-3 -1.5 1.75
-3 -1.5 1.85
-3 -1.5 1.95
-3 -1.5 2.05
-3 -1.5 2.1500001
-3 -1.5 2.25
-3 -1.5 2.3499999
-3 -1.5 2.45
-3.0999999 -1.5 -0.44999999
-3.0999999 -1.5 -0.34999999
-3.0999999 -1.5 -0.25
-3.0999999 -1.5 -0.15000001
-3.0999999 -1.5 -0.050000001
-3.0999999 -1.5 0.050000001
-3.0999999 -1.5 0.15000001
-3.0999999 -1.5 0.25
-3.0999999 -1.5 0.34999999
-3.0999999 -1.5 0.44999999
-3.0999999 -1.5 0.55000001
-3.0999999 -1.5 0.64999998
-3.0999999 -1.5 0.75
-3.0999999 -1.5 0.85000002
-3.0999999 -1.5 0.94999999
-3.0999999 -1.5 1.05
-3.0999999 -1.5 1.15
-3.0999999 -1.5 1.25
-3.0999999 -1.5 1.35
-3.0999999 -1.5 1.45
-3.0999999 -1.5 1.55
-3.0999999 -1.5 1.65
-3.0999999 -1.5 1.75
-3.0999999 -1.5 1.85
-3.0999999 -1.5 1.95
-3.0999999 -1.5 2.05
-3.0999999 -1.5 2.1500001
-3.0999999 -1.5 2.25
-3.0999999 -1.5 2.3499999
-3.0999999 -1.5 2.45
-2.9000001 -1.4 -0.44999999
-2.9000001 -1.4 -0.34999999
-2.9000001 -1.4 -0.25
-2.9000001 -1.4 -0.15000001
-2.9000001 -1.4 -0.050000001
-2.9000001 -1.4 0.050000001
-2.9000001 -1.4 0.15000001
-2.9000001 -1.4 0.25
-2.9000001 -1.4 0.34999999
-2.9000001 -1.4 0.44999999
-2.9000001 -1.4 0.55000001
-2.9000001 -1.4 0.64999998
-2.9000001 -1.4 0.75
-2.9000001 -1.4 0.85000002
-2.9000001 -1.4 0.94999999
-2.9000001 -1.4 1.05
-2.9000001 -1.4 1.15
-2.9000001 -1.4 1.25
-2.9000001 -1.4 1.35
-2.9000001 -1.4 1.45
-2.9000001 -1.4 1.55
-2.9000001 -1.4 1.65
-2.9000001 -1.4 1.75
-2.9000001 -1.4 1.85
-2.9000001 -1.4 1.95
-2.9000001 -1.4 2.05
-2.9000001 -1.4 2.1500001
-2.9000001 -1.4 2.25
-2.9000001 -1.4 2.3499999
-2.9000001 -1.4 2.45
-3 -1.4 -0.44999999
-3 -1.4 -0.34999999
-3 -1.4 -0.25
-3 -1.4 -0.15000001
-3 -1.4 -0.050000001
-3 -1.4 0.050000001
-3 -1.4 0.15000001
-3 -1.4 0.25
-3 -1.4 0.34999999
-3 -1.4 0.44999999
-3 -1.4 0.55000001
-3 -1.4 0.64999998
-3 -1.4 0.75
-3 -1.4 0.85000002
-3 -1.4 0.94999999
-3 -1.4 1.05
-3 -1.4 1.15
-3 -1.4 1.25
-3 -1.4 1.35
-3 -1.4 1.45
-3 -1.4 1.55
-3 -1.4 1.65
-3 -1.4 1.75
-3 -1.4 1.85
-3 -1.4 1.95
-3 -1.4 2.05
-3 -1.4 2.1500001
-3 -1.4 2.25
-3 -1.4 2.3499999
-3 -1.4 2.45
-3.0999999 -1.4 -0.44999999
-3.0999999 -1.4 -0.34999999
-3.0999999 -1.4 -0.25
-3.0999999 -1.4 -0.15000001
-3.0999999 -1.4 -0.050000001
-3.0999999 -1.4 0.050000001
-3.0999999 -1.4 0.15000001
-3.0999999 -1.4 0.25
-3.0999999 -1.4 0.34999999
-3.0999999 -1.4 0.44999999
-3.0999999 -1.4 0.55000001
-3.0999999 -1.4 0.64999998
-3.0999999 -1.4 0.75
-3.0999999 -1.4 0.85000002
-3.0999999 -1.4 0.94999999
-3.0999999 -1.4 1.05
-3.0999999 -1.4 1.15
-3.0999999 -1.4 1.25
-3.0999999 -1.4 1.35
-3.0999999 -1.4 1.45
-3.0999999 -1.4 1.55
-3.0999999 -1.4 1.65
-3.0999999 -1.4 1.75
-3.0999999 -1.4 1.85
-3.0999999 -1.4 1.95
-3.0999999 -1.4 2.05
-3.0999999 -1.4 2.1500001
-3.0999999 -1.4 2.25
-3.0999999 -1.4 2.3499999
-3.0999999 -1.4 2.45
-2.9000001 -1.3 -0.44999999
-2.9000001 -1.3 -0.34999999
-2.9000001 -1.3 -0.25
-2.9000001 -1.3 -0.15000001
-2.9000001 -1.3 -0.050000001
-2.9000001 -1.3 0.050000001
-2.9000001 -1.3 0.15000001
-2.9000001 -1.3 0.25
-2.9000001 -1.3 0.34999999
-2.9000001 -1.3 0.44999999
-2.9000001 -1.3 0.55000001
-2.9000001 -1.3 0.64999998
-2.9000001 -1.3 0.75
-2.9000001 -1.3 0.85000002
-2.9000001 -1.3 0.94999999
-2.9000001 -1.3 1.05
-2.9000001 -1.3 1.15
-2.9000001 -1.3 1.25
-2.9000001 -1.3 1.35
-2.9000001 -1.3 1.45
-2.9000001 -1.3 1.55
-2.9000001 -1.3 1.65
-2.9000001 -1.3 1.75
-2.9000001 -1.3 1.85
-2.9000001 -1.3 1.95
-2.9000001 -1.3 2.05
-2.9000001 -1.3 2.1500001
-2.9000001 -1.3 2.25
-2.9000001 -1.3 2.3499999
-2.9000001 -1.3 2.45
-3 -1.3 -0.44999999
-3 -1.3 -0.34999999
-3 -1.3 -0.25
-3 -1.3 -0.15000001
-3 -1.3 -0.050000001
-3 -1.3 0.050000001
-3 -1.3 0.15000001
-3 -1.3 0.25
-3 -1.3 0.34999999
-3 -1.3 0.44999999
-3 -1.3 0.55000001
-3 -1.3 0.64999998
-3 -1.3 0.75
-3 -1.3 0.85000002
-3 -1.3 0.94999999
-3 -1.3 1.05
-3 -1.3 1.15
-3 -1.3 1.25
-3 -1.3 1.35
-3 -1.3 1.45
-3 -1.3 1.55
-3 -1.3 1.65
-3 -1.3 1.75
-3 -1.3 1.85
-3 -1.3 1.95
-3 -1.3 2.05
-3 -1.3 2.1500001
-3 -1.3 2.25
-3 -1.3 2.3499999
-3 -1.3 2.45
-3.0999999 -1.3 -0.44999999
-3.0999999 -1.3 -0.34999999
-3.0999999 -1.3 -0.25
-3.0999999 -1.3 -0.15000001
-3.0999999 -1.3 -0.050000001
-3.0999999 -1.3 0.050000001
-3.0999999 -1.3 0.15000001
-3.0999999 -1.3 0.25
-3.0999999 -1.3 0.34999999
-3.0999999 -1.3 0.44999999
-3.0999999 -1.3 0.55000001
-3.0999999 -1.3 0.64999998
-3.0999999 -1.3 0.75
-3.0999999 -1.3 0.85000002
-3.0999999 -1.3 0.94999999
-3.0999999 -1.3 1.05
-3.0999999 -1.3 1.15
-3.0999999 -1.3 1.25
-3.0999999 -1.3 1.35
-3.0999999 -1.3 1.45
-3.0999999 -1.3 1.55
-3.0999999 -1.3 1.65
-3.0999999 -1.3 1.75
-3.0999999 -1.3 1.85
-3.0999999 -1.3 1.95
-3.0999999 -1.3 2.05
-3.0999999 -1.3 2.1500001
-3.0999999 -1.3 2.25
-3.0999999 -1.3 2.3499999
-3.0999999 -1.3 2.45
-2.9000001 -1.2 -0.44999999
-2.9000001 -1.2 -0.34999999
-2.9000001 -1.2 -0.25
-2.9000001 -1.2 -0.15000001
-2.9000001 -1.2 -0.050000001
-2.9000001 -1.2 0.050000001
-2.9000001 -1.2 0.15000001
-2.9000001 -1.2 0.25
-2.9000001 -1.2 0.34999999
-2.9000001 -1.2 0.44999999
-2.9000001 -1.2 0.55000001
-2.9000001 -1.2 0.64999998
-2.9000001 -1.2 0.75
-2.9000001 -1.2 0.85000002
-2.9000001 -1.2 0.94999999
-2.9000001 -1.2 1.05
-2.9000001 -1.2 1.15
-2.9000001 -1.2 1.25
-2.9000001 -1.2 1.35
-2.9000001 -1.2 1.45
-2.9000001 -1.2 1.55
-2.9000001 -1.2 1.65
-2.9000001 -1.2 1.75
-2.9000001 -1.2 1.85
-2.9000001 -1.2 1.95
-2.9000001 -1.2 2.05
-2.9000001 -1.2 2.1500001
-2.9000001 -1.2 2.25
-2.9000001 -1.2 2.3499999
-2.9000001 -1.2 2.45
-3 -1.2 -0.44999999
-3 -1.2 -0.34999999
-3 -1.2 -0.25
-3 -1.2 -0.15000001
-3 -1.2 -0.050000001
-3 -1.2 0.050000001
-3 -1.2 0.15000001
-3 -1.2 0.25
-3 -1.2 0.34999999
-3 -1.2 0.44999999
-3 -1.2 0.55000001
-3 -1.2 0.64999998
-3 -1.2 0.75
-3 -1.2 0.85000002
-3 -1.2 0.94999999
-3 -1.2 1.05
-3 -1.2 1.15
-3 -1.2 1.25
-3 -1.2 1.35
-3 -1.2 1.45
-3 -1.2 1.55
-3 -1.2 1.65
-3 -1.2 1.75
-3 -1.2 1.85
-3 -1.2 1.95
-3 -1.2 2.05
-3 -1.2 2.1500001
-3 -1.2 2.25
-3 -1.2 2.3499999
-3 -1.2 2.45
-3.0999999 -1.2 -0.44999999
-3.0999999 -1.2 -0.34999999
-3.0999999 -1.2 -0.25
-3.0999999 -1.2 -0.15000001
-3.0999999 -1.2 -0.050000001
-3.0999999 -1.2 0.050000001
-3.0999999 -1.2 0.15000001
-3.0999999 -1.2 0.25
-3.0999999 -1.2 0.34999999
-3.0999999 -1.2 0.44999999
-3.0999999 -1.2 0.55000001
-3.0999999 -1.2 0.64999998
-3.0999999 -1.2 0.75
-3.0999999 -1.2 0.85000002
-3.0999999 -1.2 0.94999999
-3.0999999 -1.2 1.05
-3.0999999 -1.2 1.15
-3.0999999 -1.2 1.25
-3.0999999 -1.2 1.35
-3.0999999 -1.2 1.45
-3.0999999 -1.2 1.55
-3.0999999 -1.2 1.65
-3.0999999 -1.2 1.75
-3.0999999 -1.2 1.85
-3.0999999 -1.2 1.95
-3.0999999 -1.2 2.05
-3.0999999 -1.2 2.1500001
-3.0999999 -1.2 2.25
-3.0999999 -1.2 2.3499999
-3.0999999 -1.2 2.45
-2.9000001 -1.1 -0.44999999
-2.9000001 -1.1 -0.34999999
-2.9000001 -1.1 -0.25
-2.9000001 -1.1 -0.15000001
-2.9000001 -1.1 -0.050000001
-2.9000001 -1.1 0.050000001
-2.9000001 -1.1 0.15000001
-2.9000001 -1.1 0.25
-2.9000001 -1.1 0.34999999
-2.9000001 -1.1 0.44999999
-2.9000001 -1.1 0.55000001
-2.9000001 -1.1 0.64999998
-2.9000001 -1.1 0.75
-2.9000001 -1.1 0.85000002
-2.9000001 -1.1 0.94999999
-2.9000001 -1.1 1.05
-2.9000001 -1.1 1.15
-2.9000001 -1.1 1.25
-2.9000001 -1.1 1.35
-2.9000001 -1.1 1.45
-2.9000001 -1.1 1.55
-2.9000001 -1.1 1.65
-2.9000001 -1.1 1.75
-2.9000001 -1.1 1.85
-2.9000001 -1.1 1.95
-2.9000001 -1.1 2.05
-2.9000001 -1.1 2.1500001
-2.9000001 -1.1 2.25
-2.9000001 -1.1 2.3499999
-2.9000001 -1.1 2.45
-3 -1.1 -0.44999999
-3 -1.1 -0.34999999
-3 -1.1 -0.25
-3 -1.1 -0.15000001
-3 -1.1 -0.050000001
-3 -1.1 0.050000001
-3 -1.1 0.15000001
-3 -1.1 0.25
-3 -1.1 0.34999999
-3 -1.1 0.44999999
-3 -1.1 0.55000001
-3 -1.1 0.64999998
-3 -1.1 0.75
-3 -1.1 0.85000002
-3 -1.1 0.94999999
-3 -1.1 1.05
-3 -1.1 1.15
-3 -1.1 1.25
-3 -1.1 1.35
-3 -1.1 1.45
-3 -1.1 1.55
-3 -1.1 1.65
-3 -1.1 1.75
-3 -1.1 1.85
-3 -1.1 1.95
-3 -1.1 2.05
-3 -1.1 2.1500001
-3 -1.1 2.25
-3 -1.1 2.3499999
-3 -1.1 2.45
-3.0999999 -1.1 -0.44999999
-3.0999999 -1.1 -0.34999999
-3.0999999 -1.1 -0.25
-3.0999999 -1.1 -0.15000001
-3.0999999 -1.1 -0.050000001
-3.0999999 -1.1 0.050000001
-3.0999999 -1.1 0.15000001
-3.0999999 -1.1 0.25
-3.0999999 -1.1 0.34999999
-3.0999999 -1.1 0.44999999
-3.0999999 -1.1 0.55000001
-3.0999999 -1.1 0.64999998
-3.0999999 -1.1 0.75
-3.0999999 -1.1 0.85000002
-3.0999999 -1.1 0.94999999
-3.0999999 -1.1 1.05
-3.0999999 -1.1 1.15
-3.0999999 -1.1 1.25
-3.0999999 -1.1 1.35
-3.0999999 -1.1 1.45
-3.0999999 -1.1 1.55
-3.0999999 -1.1 1.65
-3.0999999 -1.1 1.75
-3.0999999 -1.1 1.85
-3.0999999 -1.1 1.95
-3.0999999 -1.1 2.05
-3.0999999 -1.1 2.1500001
-3.0999999 -1.1 2.25
-3.0999999 -1.1 2.3499999
-3.0999999 -1.1 2.45
-2.9000001 -1 -0.44999999
-2.9000001 -1 -0.34999999
-2.9000001 -1 -0.25
-2.9000001 -1 -0.15000001
-2.9000001 -1 -0.050000001
-2.9000001 -1 0.050000001
-2.9000001 -1 0.15000001
-2.9000001 -1 0.25
-2.9000001 -1 0.34999999
-2.9000001 -1 0.44999999
-2.9000001 -1 0.55000001
-2.9000001 -1 0.64999998
-2.9000001 -1 0.75
-2.9000001 -1 0.85000002
-2.9000001 -1 0.94999999
-2.9000001 -1 1.05
-2.9000001 -1 1.15
-2.9000001 -1 1.25
-2.9000001 -1 1.35
-2.9000001 -1 1.45
-2.9000001 -1 1.55
-2.9000001 -1 1.65
-2.9000001 -1 1.75
-2.9000001 -1 1.85
-2.9000001 -1 1.95
-2.9000001 -1 2.05
-2.9000001 -1 2.1500001
-2.9000001 -1 2.25
-2.9000001 -1 2.3499999
-2.9000001 -1 2.45
-3 -1 -0.44999999
-3 -1 -0.34999999
-3 -1 -0.25
-3 -1 -0.15000001
-3 -1 -0.050000001
-3 -1 0.050000001
-3 -1 0.15000001
-3 -1 0.25
-3 -1 0.34999999
-3 -1 0.44999999
-3 -1 0.55000001
-3 -1 0.64999998
-3 -1 0.75
-3 -1 0.85000002
-3 -1 0.94999999
-3 -1 1.05
-3 -1 1.15
-3 -1 1.25
-3 -1 1.35
-3 -1 1.45
-3 -1 1.55
-3 -1 1.65
-3 -1 1.75
-3 -1 1.85
-3 -1 1.95
-3 -1 2.05
-3 -1 2.1500001
-3 -1 2.25
-3 -1 2.3499999
-3 -1 2.45
-3.0999999 -1 -0.44999999
-3.0999999 -1 -0.34999999
-3.0999999 -1 -0.25
-3.0999999 -1 -0.15000001
-3.0999999 -1 -0.050000001
-3.0999999 -1 0.050000001
-3.0999999 -1 0.15000001
-3.0999999 -1 0.25
-3.0999999 -1 0.34999999
-3.0999999 -1 0.44999999
-3.0999999 -1 0.55000001
-3.0999999 -1 0.64999998
-3.0999999 -1 0.75
-3.0999999 -1 0.85000002
-3.0999999 -1 0.94999999
-3.0999999 -1 1.05
-3.0999999 -1 1.15
-3.0999999 -1 1.25
-3.0999999 -1 1.35
-3.0999999 -1 1.45
-3.0999999 -1 1.55
-3.0999999 -1 1.65
-3.0999999 -1 1.75
-3.0999999 -1 1.85
-3.0999999 -1 1.95
-3.0999999 -1 2.05
-3.0999999 -1 2.1500001
-3.0999999 -1 2.25
-3.0999999 -1 2.3499999
-3.0999999 -1 2.45
-2.9000001 -0.89999998 -0.44999999
-2.9000001 -0.89999998 -0.34999999
-2.9000001 -0.89999998 -0.25
-2.9000001 -0.89999998 -0.15000001
-2.9000001 -0.89999998 -0.050000001
-2.9000001 -0.89999998 0.050000001
-2.9000001 -0.89999998 0.15000001
-2.9000001 -0.89999998 0.25
-2.9000001 -0.89999998 0.34999999
-2.9000001 -0.89999998 0.44999999
-2.9000001 -0.89999998 0.55000001
-2.9000001 -0.89999998 0.64999998
-2.9000001 -0.89999998 0.75
-2.9000001 -0.89999998 0.85000002
-2.9000001 -0.89999998 0.94999999
-2.9000001 -0.89999998 1.05
-2.9000001 -0.89999998 1.15
-2.9000001 -0.89999998 1.25
-2.9000001 -0.89999998 1.35
-2.9000001 -0.89999998 1.45
-2.9000001 -0.89999998 1.55
-2.9000001 -0.89999998 1.65
-2.9000001 -0.89999998 1.75
-2.9000001 -0.89999998 1.85
-2.9000001 -0.89999998 1.95
-2.9000001 -0.89999998 2.05
-2.9000001 -0.89999998 2.1500001
-2.9000001 -0.89999998 2.25
-2.9000001 -0.89999998 2.3499999
-2.9000001 -0.89999998 2.45
-3 -0.89999998 -0.44999999
-3 -0.89999998 -0.34999999
-3 -0.89999998 -0.25
-3 -0.89999998 -0.15000001
-3 -0.89999998 -0.050000001
-3 -0.89999998 0.050000001
-3 -0.89999998 0.15000001
-3 -0.89999998 0.25
-3 -0.89999998 0.34999999
-3 -0.89999998 0.44999999
-3 -0.89999998 0.55000001
-3 -0.89999998 0.64999998
-3 -0.89999998 0.75
-3 -0.89999998 0.85000002
-3 -0.89999998 0.94999999
-3 -0.89999998 1.05
-3 -0.89999998 1.15
-3 -0.89999998 1.25
-3 -0.89999998 1.35
-3 -0.89999998 1.45
-3 -0.89999998 1.55
-3 -0.89999998 1.65
-3 -0.89999998 1.75
-3 -0.89999998 1.85
-3 -0.89999998 1.95
-3 -0.89999998 2.05
-3 -0.89999998 2.1500001
-3 -0.89999998 2.25
-3 -0.89999998 2.3499999
-3 -0.89999998 2.45
-3.0999999 -0.89999998 -0.44999999
-3.0999999 -0.89999998 -0.34999999
-3.0999999 -0.89999998 -0.25
-3.0999999 -0.89999998 -0.15000001
-3.0999999 -0.89999998 -0.050000001
-3.0999999 -0.89999998 0.050000001
-3.0999999 -0.89999998 0.15000001
-3.0999999 -0.89999998 0.25
-3.0999999 -0.89999998 0.34999999
-3.0999999 -0.89999998 0.44999999
-3.0999999 -0.89999998 0.55000001
-3.0999999 -0.89999998 0.64999998
-3.0999999 -0.89999998 0.75
-3.0999999 -0.89999998 0.85000002
-3.0999999 -0.89999998 0.94999999
-3.0999999 -0.89999998 1.05
-3.0999999 -0.89999998 1.15
-3.0999999 -0.89999998 1.25
-3.0999999 -0.89999998 1.35
-3.0999999 -0.89999998 1.45
-3.0999999 -0.89999998 1.55
-3.0999999 -0.89999998 1.65
-3.0999999 -0.89999998 1.75
-3.0999999 -0.89999998 1.85
-3.0999999 -0.89999998 1.95
-3.0999999 -0.89999998 2.05
-3.0999999 -0.89999998 2.1500001
-3.0999999 -0.89999998 2.25
-3.0999999 -0.89999998 2.3499999
-3.0999999 -0.89999998 2.45
-2.9000001 -0.80000001 -0.44999999
-2.9000001 -0.80000001 -0.34999999
-2.9000001 -0.80000001 -0.25
-2.9000001 -0.80000001 -0.15000001
-2.9000001 -0.80000001 -0.050000001
-2.9000001 -0.80000001 0.050000001
-2.9000001 -0.80000001 0.15000001
-2.9000001 -0.80000001 0.25
-2.9000001 -0.80000001 0.34999999
-2.9000001 -0.80000001 0.44999999
-2.9000001 -0.80000001 0.55000001
-2.9000001 -0.80000001 0.64999998
-2.9000001 -0.80000001 0.75
-2.9000001 -0.80000001 0.85000002
-2.9000001 -0.80000001 0.94999999
-2.9000001 -0.80000001 1.05
-2.9000001 -0.80000001 1.15
-2.9000001 -0.80000001 1.25
-2.9000001 -0.80000001 1.35
-2.9000001 -0.80000001 1.45
-2.9000001 -0.80000001 1.55
-2.9000001 -0.80000001 1.65
-2.9000001 -0.80000001 1.75
-2.9000001 -0.80000001 1.85
-2.9000001 -0.80000001 1.95
-2.9000001 -0.80000001 2.05
-2.9000001 -0.80000001 2.1500001
-2.9000001 -0.80000001 2.25
-2.9000001 -0.80000001 2.3499999
-2.9000001 -0.80000001 2.45
-3 -0.80000001 -0.44999999
-3 -0.80000001 -0.34999999
-3 -0.80000001 -0.25
-3 -0.80000001 -0.15000001
-3 -0.80000001 -0.050000001
-3 -0.80000001 0.050000001
-3 -0.80000001 0.15000001
-3 -0.80000001 0.25
-3 -0.80000001 0.34999999
-3 -0.80000001 0.44999999
-3 -0.80000001 0.55000001
-3 -0.80000001 0.64999998
-3 -0.80000001 0.75
-3 -0.80000001 0.85000002
-3 -0.80000001 0.94999999
-3 -0.80000001 1.05
-3 -0.80000001 1.15
-3 -0.80000001 1.25
-3 -0.80000001 1.35
-3 -0.80000001 1.45
-3 -0.80000001 1.55
-3 -0.80000001 1.65
-3 -0.80000001 1.75
-3 -0.80000001 1.85
-3 -0.80000001 1.95
-3 -0.80000001 2.05
-3 -0.80000001 2.1500001
-3 -0.80000001 2.25
-3 -0.80000001 2.3499999
-3 -0.80000001 2.45
-3.0999999 -0.80000001 -0.44999999
-3.0999999 -0.80000001 -0.34999999
-3.0999999 -0.80000001 -0.25
-3.0999999 -0.80000001 -0.15000001
-3.0999999 -0.80000001 -0.050000001
-3.0999999 -0.80000001 0.050000001
-3.0999999 -0.80000001 0.15000001
-3.0999999 -0.80000001 0.25
-3.0999999 -0.80000001 0.34999999
-3.0999999 -0.80000001 0.44999999
-3.0999999 -0.80000001 0.55000001
-3.0999999 -0.80000001 0.64999998
-3.0999999 -0.80000001 0.75
-3.0999999 -0.80000001 0.85000002
-3.0999999 -0.80000001 0.94999999
-3.0999999 -0.80000001 1.05
-3.0999999 -0.80000001 1.15
-3.0999999 -0.80000001 1.25
-3.0999999 -0.80000001 1.35
-3.0999999 -0.80000001 1.45
-3.0999999 -0.80000001 1.55
-3.0999999 -0.80000001 1.65
-3.0999999 -0.80000001 1.75
-3.0999999 -0.80000001 1.85
-3.0999999 -0.80000001 1.95
-3.0999999 -0.80000001 2.05
-3.0999999 -0.80000001 2.1500001
-3.0999999 -0.80000001 2.25
-3.0999999 -0.80000001 2.3499999
-3.0999999 -0.80000001 2.45
-2.9000001 -0.69999999 -0.44999999
-2.9000001 -0.69999999 -0.34999999
-2.9000001 -0.69999999 -0.25
-2.9000001 -0.69999999 -0.15000001
-2.9000001 -0.69999999 -0.050000001
-2.9000001 -0.69999999 0.050000001
-2.9000001 -0.69999999 0.15000001
-2.9000001 -0.69999999 0.25
-2.9000001 -0.69999999 0.34999999
-2.9000001 -0.69999999 0.44999999
-2.9000001 -0.69999999 0.55000001
-2.9000001 -0.69999999 0.64999998
-2.9000001 -0.69999999 0.75
-2.9000001 -0.69999999 0.85000002
-2.9000001 -0.69999999 0.94999999
-2.9000001 -0.69999999 1.05
-2.9000001 -0.69999999 1.15
-2.9000001 -0.69999999 1.25
-2.9000001 -0.69999999 1.35
-2.9000001 -0.69999999 1.45
-2.9000001 -0.69999999 1.55
-2.9000001 -0.69999999 1.65
-2.9000001 -0.69999999 1.75
-2.9000001 -0.69999999 1.85
-2.9000001 -0.69999999 1.95
-2.9000001 -0.69999999 2.05
-2.9000001 -0.69999999 2.1500001
-2.9000001 -0.69999999 2.25
-2.9000001 -0.69999999 2.3499999
-2.9000001 -0.69999999 2.45
-3 -0.69999999 -0.44999999
-3 -0.69999999 -0.34999999
-3 -0.69999999 -0.25
-3 -0.69999999 -0.15000001
-3 -0.69999999 -0.050000001
-3 -0.69999999 0.050000001
-3 -0.69999999 0.15000001
-3 -0.69999999 0.25
-3 -0.69999999 0.34999999
-3 -0.69999999 0.44999999
-3 -0.69999999 0.55000001
-3 -0.69999999 0.64999998
-3 -0.69999999 0.75
-3 -0.69999999 0.85000002
-3 -0.69999999 0.94999999
-3 -0.69999999 1.05
-3 -0.69999999 1.15
-3 -0.69999999 1.25
-3 -0.69999999 1.35
-3 -0.69999999 1.45
-3 -0.69999999 1.55
-3 -0.69999999 1.65
-3 -0.69999999 1.75
-3 -0.69999999 1.85
-3 -0.69999999 1.95
-3 -0.69999999 2.05
-3 -0.69999999 2.1500001
-3 -0.69999999 2.25
-3 -0.69999999 2.3499999
-3 -0.69999999 2.45
-3.0999999 -0.69999999 -0.44999999
-3.0999999 -0.69999999 -0.34999999
-3.0999999 -0.69999999 -0.25
-3.0999999 -0.69999999 -0.15000001
-3.0999999 -0.69999999 -0.050000001
-3.0999999 -0.69999999 0.050000001
-3.0999999 -0.69999999 0.15000001
-3.0999999 -0.69999999 0.25
-3.0999999 -0.69999999 0.34999999
-3.0999999 -0.69999999 0.44999999
-3.0999999 -0.69999999 0.55000001
-3.0999999 -0.69999999 0.64999998
-3.0999999 -0.69999999 0.75
-3.0999999 -0.69999999 0.85000002
-3.0999999 -0.69999999 0.94999999
-3.0999999 -0.69999999 1.05
-3.0999999 -0.69999999 1.15
-3.0999999 -0.69999999 1.25
-3.0999999 -0.69999999 1.35
-3.0999999 -0.69999999 1.45
-3.0999999 -0.69999999 1.55
-3.0999999 -0.69999999 1.65
-3.0999999 -0.69999999 1.75
-3.0999999 -0.69999999 1.85
-3.0999999 -0.69999999 1.95
-3.0999999 -0.69999999 2.05
-3.0999999 -0.69999999 2.1500001
-3.0999999 -0.69999999 2.25
-3.0999999 -0.69999999 2.3499999
-3.0999999 -0.69999999 2.45
-2.9000001 -0.60000002 -0.44999999
-2.9000001 -0.60000002 -0.34999999
-2.9000001 -0.60000002 -0.25
-2.9000001 -0.60000002 -0.15000001
-2.9000001 -0.60000002 -0.050000001
-2.9000001 -0.60000002 0.050000001
-2.9000001 -0.60000002 0.15000001
-2.9000001 -0.60000002 0.25
-2.9000001 -0.60000002 0.34999999
-2.9000001 -0.60000002 0.44999999
-2.9000001 -0.60000002 0.55000001
-2.9000001 -0.60000002 0.64999998
-2.9000001 -0.60000002 0.75
-2.9000001 -0.60000002 0.85000002
-2.9000001 -0.60000002 0.94999999
-2.9000001 -0.60000002 1.05
-2.9000001 -0.60000002 1.15
-2.9000001 -0.60000002 1.25
-2.9000001 -0.60000002 1.35
-2.9000001 -0.60000002 1.45
-2.9000001 -0.60000002 1.55
-2.9000001 -0.60000002 1.65
-2.9000001 -0.60000002 1.75
-2.9000001 -0.60000002 1.85
-2.9000001 -0.60000002 1.95
-2.9000001 -0.60000002 2.05
-2.9000001 -0.60000002 2.1500001
-2.9000001 -0.60000002 2.25
-2.9000001 -0.60000002 2.3499999
-2.9000001 -0.60000002 2.45
-3 -0.60000002 -0.44999999
-3 -0.60000002 -0.34999999
-3 -0.60000002 -0.25
-3 -0.60000002 -0.15000001
-3 -0.60000002 -0.050000001
-3 -0.60000002 0.050000001
-3 -0.60000002 0.15000001
-3 -0.60000002 0.25
-3 -0.60000002 0.34999999
-3 -0.60000002 0.44999999
-3 -0.60000002 0.55000001
-3 -0.60000002 0.64999998
-3 -0.60000002 0.75
-3 -0.60000002 0.85000002
-3 -0.60000002 0.94999999
-3 -0.60000002 1.05
-3 -0.60000002 1.15
-3 -0.60000002 1.25
-3 -0.60000002 1.35
-3 -0.60000002 1.45
-3 -0.60000002 1.55
-3 -0.60000002 1.65
-3 -0.60000002 1.75
-3 -0.60000002 1.85
-3 -0.60000002 1.95
-3 -0.60000002 2.05
-3 -0.60000002 2.1500001
-3 -0.60000002 2.25
-3 -0.60000002 2.3499999
-3 -0.60000002 2.45
-3.0999999 -0.60000002 -0.44999999
-3.0999999 -0.60000002 -0.34999999
-3.0999999 -0.60000002 -0.25
-3.0999999 -0.60000002 -0.15000001
-3.0999999 -0.60000002 -0.050000001
-3.0999999 -0.60000002 0.050000001
-3.0999999 -0.60000002 0.15000001
-3.0999999 -0.60000002 0.25
-3.0999999 -0.60000002 0.34999999
-3.0999999 -0.60000002 0.44999999
-3.0999999 -0.60000002 0.55000001
-3.0999999 -0.60000002 0.64999998
-3.0999999 -0.60000002 0.75
-3.0999999 -0.60000002 0.85000002
-3.0999999 -0.60000002 0.94999999
-3.0999999 -0.60000002 1.05
-3.0999999 -0.60000002 1.15
-3.0999999 -0.60000002 1.25
-3.0999999 -0.60000002 1.35
-3.0999999 -0.60000002 1.45
-3.0999999 -0.60000002 1.55
-3.0999999 -0.60000002 1.65
-3.0999999 -0.60000002 1.75
-3.0999999 -0.60000002 1.85
-3.0999999 -0.60000002 1.95
-3.0999999 -0.60000002 2.05
-3.0999999 -0.60000002 2.1500001
-3.0999999 -0.60000002 2.25
-3.0999999 -0.60000002 2.3499999
-3.0999999 -0.60000002 2.45
-2.9000001 -0.5 -0.44999999
-2.9000001 -0.5 -0.34999999
-2.9000001 -0.5 -0.25
-2.9000001 -0.5 -0.15000001
-2.9000001 -0.5 -0.050000001
-2.9000001 -0.5 0.050000001
-2.9000001 -0.5 0.15000001
-2.9000001 -0.5 0.25
-2.9000001 -0.5 0.34999999
-2.9000001 -0.5 0.44999999
-2.9000001 -0.5 0.55000001
-2.9000001 -0.5 0.64999998
-2.9000001 -0.5 0.75
-2.9000001 -0.5 0.85000002
-2.9000001 -0.5 0.94999999
-2.9000001 -0.5 1.05
-2.9000001 -0.5 1.15
-2.9000001 -0.5 1.25
-2.9000001 -0.5 1.35
-2.9000001 -0.5 1.45
-2.9000001 -0.5 1.55
-2.9000001 -0.5 1.65
-2.9000001 -0.5 1.75
-2.9000001 -0.5 1.85
-2.9000001 -0.5 1.95
-2.9000001 -0.5 2.05
-2.9000001 -0.5 2.1500001
-2.9000001 -0.5 2.25
-2.9000001 -0.5 2.3499999
-2.9000001 -0.5 2.45
-3 -0.5 -0.44999999
-3 -0.5 -0.34999999
-3 -0.5 -0.25
-3 -0.5 -0.15000001
-3 -0.5 -0.050000001
-3 -0.5 0.050000001
-3 -0.5 0.15000001
-3 -0.5 0.25
-3 -0.5 0.34999999
-3 -0.5 0.44999999
-3 -0.5 0.55000001
-3 -0.5 0.64999998
-3 -0.5 0.75
-3 -0.5 0.85000002
-3 -0.5 0.94999999
-3 -0.5 1.05
-3 -0.5 1.15
-3 -0.5 1.25
-3 -0.5 1.35
-3 -0.5 1.45
-3 -0.5 1.55
-3 -0.5 1.65
-3 -0.5 1.75
-3 -0.5 1.85
-3 -0.5 1.95
-3 -0.5 2.05
-3 -0.5 2.1500001
-3 -0.5 2.25
-3 -0.5 2.3499999
-3 -0.5 2.45
-3.0999999 -0.5 -0.44999999
-3.0999999 -0.5 -0.34999999
-3.0999999 -0.5 -0.25
-3.0999999 -0.5 -0.15000001
-3.0999999 -0.5 -0.050000001
-3.0999999 -0.5 0.050000001
-3.0999999 -0.5 0.15000001
-3.0999999 -0.5 0.25
-3.0999999 -0.5 0.34999999
-3.0999999 -0.5 0.44999999
-3.0999999 -0.5 0.55000001
-3.0999999 -0.5 0.64999998
-3.0999999 -0.5 0.75
-3.0999999 -0.5 0.85000002
-3.0999999 -0.5 0.94999999
-3.0999999 -0.5 1.05
-3.0999999 -0.5 1.15
-3.0999999 -0.5 1.25
-3.0999999 -0.5 1.35
-3.0999999 -0.5 1.45
-3.0999999 -0.5 1.55
-3.0999999 -0.5 1.65
-3.0999999 -0.5 1.75
-3.0999999 -0.5 1.85
-3.0999999 -0.5 1.95
-3.0999999 -0.5 2.05
-3.0999999 -0.5 2.1500001
-3.0999999 -0.5 2.25
-3.0999999 -0.5 2.3499999
-3.0999999 -0.5 2.45
-2.9000001 -0.40000001 -0.44999999
-2.9000001 -0.40000001 -0.34999999
-2.9000001 -0.40000001 -0.25
-2.9000001 -0.40000001 -0.15000001
-2.9000001 -0.40000001 -0.050000001
-2.9000001 -0.40000001 0.050000001
-2.9000001 -0.40000001 0.15000001
-2.9000001 -0.40000001 0.25
-2.9000001 -0.40000001 0.34999999
-2.9000001 -0.40000001 0.44999999
-2.9000001 -0.40000001 0.55000001
-2.9000001 -0.40000001 0.64999998
-2.9000001 -0.40000001 0.75
-2.9000001 -0.40000001 0.85000002
-2.9000001 -0.40000001 0.94999999
-2.9000001 -0.40000001 1.05
-2.9000001 -0.40000001 1.15
-2.9000001 -0.40000001 1.25
-2.9000001 -0.40000001 1.35
-2.9000001 -0.40000001 1.45
-2.9000001 -0.40000001 1.55
-2.9000001 -0.40000001 1.65
-2.9000001 -0.40000001 1.75
-2.9000001 -0.40000001 1.85
-2.9000001 -0.40000001 1.95
-2.9000001 -0.40000001 2.05
-2.9000001 -0.40000001 2.1500001
-2.9000001 -0.40000001 2.25
-2.9000001 -0.40000001 2.3499999
-2.9000001 -0.40000001 2.45
-3 -0.40000001 -0.44999999
-3 -0.40000001 -0.34999999
-3 -0.40000001 -0.25
-3 -0.40000001 -0.15000001
-3 -0.40000001 -0.050000001
-3 -0.40000001 0.050000001
-3 -0.40000001 0.15000001
-3 -0.40000001 0.25
-3 -0.40000001 0.34999999
-3 -0.40000001 0.44999999
-3 -0.40000001 0.55000001
-3 -0.40000001 0.64999998
-3 -0.40000001 0.75
-3 -0.40000001 0.85000002
-3 -0.40000001 0.94999999
-3 -0.40000001 1.05
-3 -0.40000001 1.15
-3 -0.40000001 1.25
-3 -0.40000001 1.35
-3 -0.40000001 1.45
-3 -0.40000001 1.55
-3 -0.40000001 1.65
-3 -0.40000001 1.75
-3 -0.40000001 1.85
-3 -0.40000001 1.95
-3 -0.40000001 2.05
-3 -0.40000001 2.1500001
-3 -0.40000001 2.25
-3 -0.40000001 2.3499999
-3 -0.40000001 2.45
-3.0999999 -0.40000001 -0.44999999
-3.0999999 -0.40000001 -0.34999999
-3.0999999 -0.40000001 -0.25
-3.0999999 -0.40000001 -0.15000001
-3.0999999 -0.40000001 -0.050000001
-3.0999999 -0.40000001 0.050000001
-3.0999999 -0.40000001 0.15000001
-3.0999999 -0.40000001 0.25
-3.0999999 -0.40000001 0.34999999
-3.0999999 -0.40000001 0.44999999
-3.0999999 -0.40000001 0.55000001
-3.0999999 -0.40000001 0.64999998
-3.0999999 -0.40000001 0.75
-3.0999999 -0.40000001 0.85000002
-3.0999999 -0.40000001 0.94999999
-3.0999999 -0.40000001 1.05
-3.0999999 -0.40000001 1.15
-3.0999999 -0.40000001 1.25
-3.0999999 -0.40000001 1.35
-3.0999999 -0.40000001 1.45
-3.0999999 -0.40000001 1.55
-3.0999999 -0.40000001 1.65
-3.0999999 -0.40000001 1.75
-3.0999999 -0.40000001 1.85
-3.0999999 -0.40000001 1.95
-3.0999999 -0.40000001 2.05
-3.0999999 -0.40000001 2.1500001
-3.0999999 -0.40000001 2.25
-3.0999999 -0.40000001 2.3499999
-3.0999999 -0.40000001 2.45
-2.9000001 -0.30000001 -0.44999999
-2.9000001 -0.30000001 -0.34999999
-2.9000001 -0.30000001 -0.25
-2.9000001 -0.30000001 -0.15000001
-2.9000001 -0.30000001 -0.050000001
-2.9000001 -0.30000001 0.050000001
-2.9000001 -0.30000001 0.15000001
-2.9000001 -0.30000001 0.25
-2.9000001 -0.30000001 0.34999999
-2.9000001 -0.30000001 0.44999999
-2.9000001 -0.30000001 0.55000001
-2.9000001 -0.30000001 0.64999998
-2.9000001 -0.30000001 0.75
-2.9000001 -0.30000001 0.85000002
-2.9000001 -0.30000001 0.94999999
-2.9000001 -0.30000001 1.05
-2.9000001 -0.30000001 1.15
-2.9000001 -0.30000001 1.25
-2.9000001 -0.30000001 1.35
-2.9000001 -0.30000001 1.45
-2.9000001 -0.30000001 1.55
-2.9000001 -0.30000001 1.65
-2.9000001 -0.30000001 1.75
-2.9000001 -0.30000001 1.85
-2.9000001 -0.30000001 1.95
-2.9000001 -0.30000001 2.05
-2.9000001 -0.30000001 2.1500001
-2.9000001 -0.30000001 2.25
-2.9000001 -0.30000001 2.3499999
-2.9000001 -0.30000001 2.45
-3 -0.30000001 -0.44999999
-3 -0.30000001 -0.34999999
-3 -0.30000001 -0.25
-3 -0.30000001 -0.15000001
-3 -0.30000001 -0.050000001
-3 -0.30000001 0.050000001
-3 -0.30000001 0.15000001
-3 -0.30000001 0.25
-3 -0.30000001 0.34999999
-3 -0.30000001 0.44999999
-3 -0.30000001 0.55000001
-3 -0.30000001 0.64999998
-3 -0.30000001 0.75
-3 -0.30000001 0.85000002
-3 -0.30000001 0.94999999
-3 -0.30000001 1.05
-3 -0.30000001 1.15
-3 -0.30000001 1.25
-3 -0.30000001 1.35
-3 -0.30000001 1.45
-3 -0.30000001 1.55
-3 -0.30000001 1.65
-3 -0.30000001 1.75
-3 -0.30000001 1.85
-3 -0.30000001 1.95
-3 -0.30000001 2.05
-3 -0.30000001 2.1500001
-3 -0.30000001 2.25
-3 -0.30000001 2.3499999
-3 -0.30000001 2.45
-3.0999999 -0.30000001 -0.44999999
-3.0999999 -0.30000001 -0.34999999
-3.0999999 -0.30000001 -0.25
-3.0999999 -0.30000001 -0.15000001
-3.0999999 -0.30000001 -0.050000001
-3.0999999 -0.30000001 0.050000001
-3.0999999 -0.30000001 0.15000001
-3.0999999 -0.30000001 0.25
-3.0999999 -0.30000001 0.34999999
-3.0999999 -0.30000001 0.44999999
-3.0999999 -0.30000001 0.55000001
-3.0999999 -0.30000001 0.64999998
-3.0999999 -0.30000001 0.75
-3.0999999 -0.30000001 0.85000002
-3.0999999 -0.30000001 0.94999999
-3.0999999 -0.30000001 1.05
-3.0999999 -0.30000001 1.15
-3.0999999 -0.30000001 1.25
-3.0999999 -0.30000001 1.35
-3.0999999 -0.30000001 1.45
-3.0999999 -0.30000001 1.55
-3.0999999 -0.30000001 1.65
-3.0999999 -0.30000001 1.75
-3.0999999 -0.30000001 1.85
-3.0999999 -0.30000001 1.95
-3.0999999 -0.30000001 2.05
-3.0999999 -0.30000001 2.1500001
-3.0999999 -0.30000001 2.25
-3.0999999 -0.30000001 2.3499999
-3.0999999 -0.30000001 2.45
-2.9000001 -0.2 -0.44999999
-2.9000001 -0.2 -0.34999999
-2.9000001 -0.2 -0.25
-2.9000001 -0.2 -0.15000001
-2.9000001 -0.2 -0.050000001
-2.9000001 -0.2 0.050000001
-2.9000001 -0.2 0.15000001
-2.9000001 -0.2 0.25
-2.9000001 -0.2 0.34999999
-2.9000001 -0.2 0.44999999
-2.9000001 -0.2 0.55000001
-2.9000001 -0.2 0.64999998
-2.9000001 -0.2 0.75
-2.9000001 -0.2 0.85000002
-2.9000001 -0.2 0.94999999
-2.9000001 -0.2 1.05
-2.9000001 -0.2 1.15
-2.9000001 -0.2 1.25
-2.9000001 -0.2 1.35
-2.9000001 -0.2 1.45
-2.9000001 -0.2 1.55
-2.9000001 -0.2 1.65
-2.9000001 -0.2 1.75
-2.9000001 -0.2 1.85
-2.9000001 -0.2 1.95
-2.9000001 -0.2 2.05
-2.9000001 -0.2 2.1500001
-2.9000001 -0.2 2.25
-2.9000001 -0.2 2.3499999
-2.9000001 -0.2 2.45
-3 -0.2 -0.44999999
-3 -0.2 -0.34999999
-3 -0.2 -0.25
-3 -0.2 -0.15000001
-3 -0.2 -0.050000001
-3 -0.2 0.050000001
-3 -0.2 0.15000001
-3 -0.2 0.25
-3 -0.2 0.34999999
-3 -0.2 0.44999999
-3 -0.2 0.55000001
-3 -0.2 0.64999998
-3 -0.2 0.75
-3 -0.2 0.85000002
-3 -0.2 0.94999999
-3 -0.2 1.05
-3 -0.2 1.15
-3 -0.2 1.25
-3 -0.2 1.35
-3 -0.2 1.45
-3 -0.2 1.55
-3 -0.2 1.65
-3 -0.2 1.75
-3 -0.2 1.85
-3 -0.2 1.95
-3 -0.2 2.05
-3 -0.2 2.1500001
-3 -0.2 2.25
-3 -0.2 2.3499999
-3 -0.2 2.45
-3.0999999 -0.2 -0.44999999
-3.0999999 -0.2 -0.34999999
-3.0999999 -0.2 -0.25
-3.0999999 -0.2 -0.15000001
-3.0999999 -0.2 -0.050000001
-3.0999999 -0.2 0.050000001
-3.0999999 -0.2 0.15000001
-3.0999999 -0.2 0.25
-3.0999999 -0.2 0.34999999
-3.0999999 -0.2 0.44999999
-3.0999999 -0.2 0.55000001
-3.0999999 -0.2 0.64999998
-3.0999999 -0.2 0.75
-3.0999999 -0.2 0.85000002
-3.0999999 -0.2 0.94999999
-3.0999999 -0.2 1.05
-3.0999999 -0.2 1.15
-3.0999999 -0.2 1.25
-3.0999999 -0.2 1.35
-3.0999999 -0.2 1.45
-3.0999999 -0.2 1.55
-3.0999999 -0.2 1.65
-3.0999999 -0.2 1.75
-3.0999999 -0.2 1.85
-3.0999999 -0.2 1.95
-3.0999999 -0.2 2.05
-3.0999999 -0.2 2.1500001
-3.0999999 -0.2 2.25
-3.0999999 -0.2 2.3499999
-3.0999999 -0.2 2.45
-2.9000001 -0.1 -0.44999999
-2.9000001 -0.1 -0.34999999
-2.9000001 -0.1 -0.25
-2.9000001 -0.1 -0.15000001
-2.9000001 -0.1 -0.050000001
-2.9000001 -0.1 0.050000001
-2.9000001 -0.1 0.15000001
-2.9000001 -0.1 0.25
-2.9000001 -0.1 0.34999999
-2.9000001 -0.1 0.44999999
-2.9000001 -0.1 0.55000001
-2.9000001 -0.1 0.64999998
-2.9000001 -0.1 0.75
-2.9000001 -0.1 0.85000002
-2.9000001 -0.1 0.94999999
-2.9000001 -0.1 1.05
-2.9000001 -0.1 1.15
-2.9000001 -0.1 1.25
-2.9000001 -0.1 1.35
-2.9000001 -0.1 1.45
-2.9000001 -0.1 1.55
-2.9000001 -0.1 1.65
-2.9000001 -0.1 1.75
-2.9000001 -0.1 1.85
-2.9000001 -0.1 1.95
-2.9000001 -0.1 2.05
-2.9000001 -0.1 2.1500001
-2.9000001 -0.1 2.25
-2.9000001 -0.1 2.3499999
-2.9000001 -0.1 2.45
-3 -0.1 -0.44999999
-3 -0.1 -0.34999999
-3 -0.1 -0.25
-3 -0.1 -0.15000001
-3 -0.1 -0.050000001
-3 -0.1 0.050000001
-3 -0.1 0.15000001
-3 -0.1 0.25
-3 -0.1 0.34999999
-3 -0.1 0.44999999
-3 -0.1 0.55000001
-3 -0.1 0.64999998
-3 -0.1 0.75
-3 -0.1 0.85000002
-3 -0.1 0.94999999
-3 -0.1 1.05
-3 -0.1 1.15
-3 -0.1 1.25
-3 -0.1 1.35
-3 -0.1 1.45
-3 -0.1 1.55
-3 -0.1 1.65
-3 -0.1 1.75
-3 -0.1 1.85
-3 -0.1 1.95
-3 -0.1 2.05
-3 -0.1 2.1500001
-3 -0.1 2.25
-3 -0.1 2.3499999
-3 -0.1 2.45
-3.0999999 -0.1 -0.44999999
-3.0999999 -0.1 -0.34999999
-3.0999999 -0.1 -0.25
-3.0999999 -0.1 -0.15000001
-3.0999999 -0.1 -0.050000001
-3.0999999 -0.1 0.050000001
-3.0999999 -0.1 0.15000001
-3.0999999 -0.1 0.25
-3.0999999 -0.1 0.34999999
-3.0999999 -0.1 0.44999999
-3.0999999 -0.1 0.55000001
-3.0999999 -0.1 0.64999998
-3.0999999 -0.1 0.75
-3.0999999 -0.1 0.85000002
-3.0999999 -0.1 0.94999999
-3.0999999 -0.1 1.05
-3.0999999 -0.1 1.15
-3.0999999 -0.1 1.25
-3.0999999 -0.1 1.35
-3.0999999 -0.1 1.45
-3.0999999 -0.1 1.55
-3.0999999 -0.1 1.65
-3.0999999 -0.1 1.75
-3.0999999 -0.1 1.85
-3.0999999 -0.1 1.95
-3.0999999 -0.1 2.05
-3.0999999 -0.1 2.1500001
-3.0999999 -0.1 2.25
-3.0999999 -0.1 2.3499999
-3.0999999 -0.1 2.45
-2.9000001 0 -0.44999999
-2.9000001 0 -0.34999999
-2.9000001 0 -0.25
-2.9000001 0 -0.15000001
-2.9000001 0 -0.050000001
-2.9000001 0 0.050000001
-2.9000001 0 0.15000001
-2.9000001 0 0.25
-2.9000001 0 0.34999999
-2.9000001 0 0.44999999
-2.9000001 0 0.55000001
-2.9000001 0 0.64999998
-2.9000001 0 0.75
-2.9000001 0 0.85000002
-2.9000001 0 0.94999999
-2.9000001 0 1.05
-2.9000001 0 1.15
-2.9000001 0 1.25
-2.9000001 0 1.35
-2.9000001 0 1.45
-2.9000001 0 1.55
-2.9000001 0 1.65
-2.9000001 0 1.75
-2.9000001 0 1.85
-2.9000001 0 1.95
-2.9000001 0 2.05
-2.9000001 0 2.1500001
-2.9000001 0 2.25
-2.9000001 0 2.3499999
-2.9000001 0 2.45
-3 0 -0.44999999
-3 0 -0.34999999
-3 0 -0.25
-3 0 -0.15000001
-3 0 -0.050000001
-3 0 0.050000001
-3 0 0.15000001
-3 0 0.25
-3 0 0.34999999
-3 0 0.44999999
-3 0 0.55000001
-3 0 0.64999998
-3 0 0.75
-3 0 0.85000002
-3 0 0.94999999
-3 0 1.05
-3 0 1.15
-3 0 1.25
-3 0 1.35
-3 0 1.45
-3 0 1.55
-3 0 1.65
-3 0 1.75
-3 0 1.85
-3 0 1.95
-3 0 2.05
-3 0 2.1500001
-3 0 2.25
-3 0 2.3499999
-3 0 2.45
-3.0999999 0 -0.44999999
-3.0999999 0 -0.34999999
-3.0999999 0 -0.25
-3.0999999 0 -0.15000001
-3.0999999 0 -0.050000001
-3.0999999 0 0.050000001
-3.0999999 0 0.15000001
-3.0999999 0 0.25
-3.0999999 0 0.34999999
-3.0999999 0 0.44999999
-3.0999999 0 0.55000001
-3.0999999 0 0.64999998
-3.0999999 0 0.75
-3.0999999 0 0.85000002
-3.0999999 0 0.94999999
-3.0999999 0 1.05
-3.0999999 0 1.15
-3.0999999 0 1.25
-3.0999999 0 1.35
-3.0999999 0 1.45
-3.0999999 0 1.55
-3.0999999 0 1.65
-3.0999999 0 1.75
-3.0999999 0 1.85
-3.0999999 0 1.95
-3.0999999 0 2.05
-3.0999999 0 2.1500001
-3.0999999 0 2.25
-3.0999999 0 2.3499999
-3.0999999 0 2.45
-2.9000001 0.1 -0.44999999
-2.9000001 0.1 -0.34999999
-2.9000001 0.1 -0.25
-2.9000001 0.1 -0.15000001
-2.9000001 0.1 -0.050000001
-2.9000001 0.1 0.050000001
-2.9000001 0.1 0.15000001
-2.9000001 0.1 0.25
-2.9000001 0.1 0.34999999
-2.9000001 0.1 0.44999999
-2.9000001 0.1 0.55000001
-2.9000001 0.1 0.64999998
-2.9000001 0.1 0.75
-2.9000001 0.1 0.85000002
-2.9000001 0.1 0.94999999
-2.9000001 0.1 1.05
-2.9000001 0.1 1.15
-2.9000001 0.1 1.25
-2.9000001 0.1 1.35
-2.9000001 0.1 1.45
-2.9000001 0.1 1.55
-2.9000001 0.1 1.65
-2.9000001 0.1 1.75
-2.9000001 0.1 1.85
-2.9000001 0.1 1.95
-2.9000001 0.1 2.05
-2.9000001 0.1 2.1500001
-2.9000001 0.1 2.25
-2.9000001 0.1 2.3499999
-2.9000001 0.1 2.45
-3 0.1 -0.44999999
-3 0.1 -0.34999999
-3 0.1 -0.25
-3 0.1 -0.15000001
-3 0.1 -0.050000001
-3 0.1 0.050000001
-3 0.1 0.15000001
-3 0.1 0.25
-3 0.1 0.34999999
-3 0.1 0.44999999
-3 0.1 0.55000001
-3 0.1 0.64999998
-3 0.1 0.75
-3 0.1 0.85000002
-3 0.1 0.94999999
-3 0.1 1.05
-3 0.1 1.15
-3 0.1 1.25
-3 0.1 1.35
-3 0.1 1.45
-3 0.1 1.55
-3 0.1 1.65
-3 0.1 1.75
-3 0.1 1.85
-3 0.1 1.95
-3 0.1 2.05
-3 0.1 2.1500001
-3 0.1 2.25
-3 0.1 2.3499999
-3 0.1 2.45
-3.0999999 0.1 -0.44999999
-3.0999999 0.1 -0.34999999
-3.0999999 0.1 -0.25
-3.0999999 0.1 -0.15000001
-3.0999999 0.1 -0.050000001
-3.0999999 0.1 0.050000001
-3.0999999 0.1 0.15000001
-3.0999999 0.1 0.25
-3.0999999 0.1 0.34999999
-3.0999999 0.1 0.44999999
-3.0999999 0.1 0.55000001
-3.0999999 0.1 0.64999998
-3.0999999 0.1 0.75
-3.0999999 0.1 0.85000002
-3.0999999 0.1 0.94999999
-3.0999999 0.1 1.05
-3.0999999 0.1 1.15
-3.0999999 0.1 1.25
-3.0999999 0.1 1.35
-3.0999999 0.1 1.45
-3.0999999 0.1 1.55
-3.0999999 0.1 1.65
-3.0999999 0.1 1.75
-3.0999999 0.1 1.85
-3.0999999 0.1 1.95
-3.0999999 0.1 2.05
-3.0999999 0.1 2.1500001
-3.0999999 0.1 2.25
-3.0999999 0.1 2.3499999
-3.0999999 0.1 2.45
-2.9000001 0.2 -0.44999999
-2.9000001 0.2 -0.34999999
-2.9000001 0.2 -0.25
-2.9000001 0.2 -0.15000001
-2.9000001 0.2 -0.050000001
-2.9000001 0.2 0.050000001
-2.9000001 0.2 0.15000001
-2.9000001 0.2 0.25
-2.9000001 0.2 0.34999999
-2.9000001 0.2 0.44999999
-2.9000001 0.2 0.55000001
-2.9000001 0.2 0.64999998
-2.9000001 0.2 0.75
-2.9000001 0.2 0.85000002
-2.9000001 0.2 0.94999999
-2.9000001 0.2 1.05
-2.9000001 0.2 1.15
-2.9000001 0.2 1.25
-2.9000001 0.2 1.35
-2.9000001 0.2 1.45
-2.9000001 0.2 1.55
-2.9000001 0.2 1.65
-2.9000001 0.2 1.75
-2.9000001 0.2 1.85
-2.9000001 0.2 1.95
-2.9000001 0.2 2.05
-2.9000001 0.2 2.1500001
-2.9000001 0.2 2.25
-2.9000001 0.2 2.3499999
-2.9000001 0.2 2.45
-3 0.2 -0.44999999
-3 0.2 -0.34999999
-3 0.2 -0.25
-3 0.2 -0.15000001
-3 0.2 -0.050000001
-3 0.2 0.050000001
-3 0.2 0.15000001
-3 0.2 0.25
-3 0.2 0.34999999
-3 0.2 0.44999999
-3 0.2 0.55000001
-3 0.2 0.64999998
-3 0.2 0.75
-3 0.2 0.85000002
-3 0.2 0.94999999
-3 0.2 1.05
-3 0.2 1.15
-3 0.2 1.25
-3 0.2 1.35
-3 0.2 1.45
-3 0.2 1.55
-3 0.2 1.65
-3 0.2 1.75
-3 0.2 1.85
-3 0.2 1.95
-3 0.2 2.05
-3 0.2 2.1500001
-3 0.2 2.25
-3 0.2 2.3499999
-3 0.2 2.45
-3.0999999 0.2 -0.44999999
-3.0999999 0.2 -0.34999999
-3.0999999 0.2 -0.25
-3.0999999 0.2 -0.15000001
-3.0999999 0.2 -0.050000001
-3.0999999 0.2 0.050000001
-3.0999999 0.2 0.15000001
-3.0999999 0.2 0.25
-3.0999999 0.2 0.34999999
-3.0999999 0.2 0.44999999
-3.0999999 0.2 0.55000001
-3.0999999 0.2 0.64999998
-3.0999999 0.2 0.75
-3.0999999 0.2 0.85000002
-3.0999999 0.2 0.94999999
-3.0999999 0.2 1.05
-3.0999999 0.2 1.15
-3.0999999 0.2 1.25
-3.0999999 0.2 1.35
-3.0999999 0.2 1.45
-3.0999999 0.2 1.55
-3.0999999 0.2 1.65
-3.0999999 0.2 1.75
-3.0999999 0.2 1.85
-3.0999999 0.2 1.95
-3.0999999 0.2 2.05
-3.0999999 0.2 2.1500001
-3.0999999 0.2 2.25
-3.0999999 0.2 2.3499999
-3.0999999 0.2 2.45
-2.9000001 0.30000001 -0.44999999
-2.9000001 0.30000001 -0.34999999
-2.9000001 0.30000001 -0.25
-2.9000001 0.30000001 -0.15000001
-2.9000001 0.30000001 -0.050000001
-2.9000001 0.30000001 0.050000001
-2.9000001 0.30000001 0.15000001
-2.9000001 0.30000001 0.25
-2.9000001 0.30000001 0.34999999
-2.9000001 0.30000001 0.44999999
-2.9000001 0.30000001 0.55000001
-2.9000001 0.30000001 0.64999998
-2.9000001 0.30000001 0.75
-2.9000001 0.30000001 0.85000002
-2.9000001 0.30000001 0.94999999
-2.9000001 0.30000001 1.05
-2.9000001 0.30000001 1.15
-2.9000001 0.30000001 1.25
-2.9000001 0.30000001 1.35
-2.9000001 0.30000001 1.45
-2.9000001 0.30000001 1.55
-2.9000001 0.30000001 1.65
-2.9000001 0.30000001 1.75
-2.9000001 0.30000001 1.85
-2.9000001 0.30000001 1.95
-2.9000001 0.30000001 2.05
-2.9000001 0.30000001 2.1500001
-2.9000001 0.30000001 2.25
-2.9000001 0.30000001 2.3499999
-2.9000001 0.30000001 2.45
-3 0.30000001 -0.44999999
-3 0.30000001 -0.34999999
-3 0.30000001 -0.25
-3 0.30000001 -0.15000001
-3 0.30000001 -0.050000001
-3 0.30000001 0.050000001
-3 0.30000001 0.15000001
-3 0.30000001 0.25
-3 0.30000001 0.34999999
-3 0.30000001 0.44999999
-3 0.30000001 0.55000001
-3 0.30000001 0.64999998
-3 0.30000001 0.75
-3 0.30000001 0.85000002
-3 0.30000001 0.94999999
-3 0.30000001 1.05
-3 0.30000001 1.15
-3 0.30000001 1.25
-3 0.30000001 1.35
-3 0.30000001 1.45
-3 0.30000001 1.55
-3 0.30000001 1.65
-3 0.30000001 1.75
-3 0.30000001 1.85
-3 0.30000001 1.95
-3 0.30000001 2.05
-3 0.30000001 2.1500001
-3 0.30000001 2.25
-3 0.30000001 2.3499999
-3 0.30000001 2.45
-3.0999999 0.30000001 -0.44999999
-3.0999999 0.30000001 -0.34999999
-3.0999999 0.30000001 -0.25
-3.0999999 0.30000001 -0.15000001
-3.0999999 0.30000001 -0.050000001
-3.0999999 0.30000001 0.050000001
-3.0999999 0.30000001 0.15000001
-3.0999999 0.30000001 0.25
-3.0999999 0.30000001 0.34999999
-3.0999999 0.30000001 0.44999999
-3.0999999 0.30000001 0.55000001
-3.0999999 0.30000001 0.64999998
-3.0999999 0.30000001 0.75
-3.0999999 0.30000001 0.85000002
-3.0999999 0.30000001 0.94999999
-3.0999999 0.30000001 1.05
-3.0999999 0.30000001 1.15
-3.0999999 0.30000001 1.25
-3.0999999 0.30000001 1.35
-3.0999999 0.30000001 1.45
-3.0999999 0.30000001 1.55
-3.0999999 0.30000001 1.65
-3.0999999 0.30000001 1.75
-3.0999999 0.30000001 1.85
-3.0999999 0.30000001 1.95
-3.0999999 0.30000001 2.05
-3.0999999 0.30000001 2.1500001
-3.0999999 0.30000001 2.25
-3.0999999 0.30000001 2.3499999
-3.0999999 0.30000001 2.45
-2.9000001 0.40000001 -0.44999999
-2.9000001 0.40000001 -0.34999999
-2.9000001 0.40000001 -0.25
-2.9000001 0.40000001 -0.15000001
-2.9000001 0.40000001 -0.050000001
-2.9000001 0.40000001 0.050000001
-2.9000001 0.40000001 0.15000001
-2.9000001 0.40000001 0.25
-2.9000001 0.40000001 0.34999999
-2.9000001 0.40000001 0.44999999
-2.9000001 0.40000001 0.55000001
-2.9000001 0.40000001 0.64999998
-2.9000001 0.40000001 0.75
-2.9000001 0.40000001 0.85000002
-2.9000001 0.40000001 0.94999999
-2.9000001 0.40000001 1.05
-2.9000001 0.40000001 1.15
-2.9000001 0.40000001 1.25
-2.9000001 0.40000001 1.35
-2.9000001 0.40000001 1.45
-2.9000001 0.40000001 1.55
-2.9000001 0.40000001 1.65
-2.9000001 0.40000001 1.75
-2.9000001 0.40000001 1.85
-2.9000001 0.40000001 1.95
-2.9000001 0.40000001 2.05
-2.9000001 0.40000001 2.1500001
-2.9000001 0.40000001 2.25
-2.9000001 0.40000001 2.3499999
-2.9000001 0.40000001 2.45
-3 0.40000001 -0.44999999
-3 0.40000001 -0.34999999
-3 0.40000001 -0.25
-3 0.40000001 -0.15000001
-3 0.40000001 -0.050000001
-3 0.40000001 0.050000001
-3 0.40000001 0.15000001
-3 0.40000001 0.25
-3 0.40000001 0.34999999
-3 0.40000001 0.44999999
-3 0.40000001 0.55000001
-3 0.40000001 0.64999998
-3 0.40000001 0.75
-3 0.40000001 0.85000002
-3 0.40000001 0.94999999
-3 0.40000001 1.05
-3 0.40000001 1.15
-3 0.40000001 1.25
-3 0.40000001 1.35
-3 0.40000001 1.45
-3 0.40000001 1.55
-3 0.40000001 1.65
-3 0.40000001 1.75
-3 0.40000001 1.85
-3 0.40000001 1.95
-3 0.40000001 2.05
-3 0.40000001 2.1500001
-3 0.40000001 2.25
-3 0.40000001 2.3499999
-3 0.40000001 2.45
-3.0999999 0.40000001 -0.44999999
-3.0999999 0.40000001 -0.34999999
-3.0999999 0.40000001 -0.25
-3.0999999 0.40000001 -0.15000001
-3.0999999 0.40000001 -0.050000001
-3.0999999 0.40000001 0.050000001
-3.0999999 0.40000001 0.15000001
-3.0999999 0.40000001 0.25
-3.0999999 0.40000001 0.34999999
-3.0999999 0.40000001 0.44999999
-3.0999999 0.40000001 0.55000001
-3.0999999 0.40000001 0.64999998
-3.0999999 0.40000001 0.75
-3.0999999 0.40000001 0.85000002
-3.0999999 0.40000001 0.94999999
-3.0999999 0.40000001 1.05
-3.0999999 0.40000001 1.15
-3.0999999 0.40000001 1.25
-3.0999999 0.40000001 1.35
-3.0999999 0.40000001 1.45
-3.0999999 0.40000001 1.55
-3.0999999 0.40000001 1.65
-3.0999999 0.40000001 1.75
-3.0999999 0.40000001 1.85
-3.0999999 0.40000001 1.95
-3.0999999 0.40000001 2.05
-3.0999999 0.40000001 2.1500001
-3.0999999 0.40000001 2.25
-3.0999999 0.40000001 2.3499999
-3.0999999 0.40000001 2.45
-2.9000001 0.5 -0.44999999
-2.9000001 0.5 -0.34999999
-2.9000001 0.5 -0.25
-2.9000001 0.5 -0.15000001
-2.9000001 0.5 -0.050000001
-2.9000001 0.5 0.050000001
-2.9000001 0.5 0.15000001
-2.9000001 0.5 0.25
-2.9000001 0.5 0.34999999
-2.9000001 0.5 0.44999999
-2.9000001 0.5 0.55000001
-2.9000001 0.5 0.64999998
-2.9000001 0.5 0.75
-2.9000001 0.5 0.85000002
-2.9000001 0.5 0.94999999
-2.9000001 0.5 1.05
-2.9000001 0.5 1.15
-2.9000001 0.5 1.25
-2.9000001 0.5 1.35
-2.9000001 0.5 1.45
-2.9000001 0.5 1.55
-2.9000001 0.5 1.65
-2.9000001 0.5 1.75
-2.9000001 0.5 1.85
-2.9000001 0.5 1.95
-2.9000001 0.5 2.05
-2.9000001 0.5 2.1500001
-2.9000001 0.5 2.25
-2.9000001 0.5 2.3499999
-2.9000001 0.5 2.45
-3 0.5 -0.44999999
-3 0.5 -0.34999999
-3 0.5 -0.25
-3 0.5 -0.15000001
-3 0.5 -0.050000001
-3 0.5 0.050000001
-3 0.5 0.15000001
-3 0.5 0.25
-3 0.5 0.34999999
-3 0.5 0.44999999
-3 0.5 0.55000001
-3 0.5 0.64999998
-3 0.5 0.75
-3 0.5 0.85000002
-3 0.5 0.94999999
-3 0.5 1.05
-3 0.5 1.15
-3 0.5 1.25
-3 0.5 1.35
-3 0.5 1.45
-3 0.5 1.55
-3 0.5 1.65
-3 0.5 1.75
-3 0.5 1.85
-3 0.5 1.95
-3 0.5 2.05
-3 0.5 2.1500001
-3 0.5 2.25
-3 0.5 2.3499999
-3 0.5 2.45
-3.0999999 0.5 -0.44999999
-3.0999999 0.5 -0.34999999
-3.0999999 0.5 -0.25
-3.0999999 0.5 -0.15000001
-3.0999999 0.5 -0.050000001
-3.0999999 0.5 0.050000001
-3.0999999 0.5 0.15000001
-3.0999999 0.5 0.25
-3.0999999 0.5 0.34999999
-3.0999999 0.5 0.44999999
-3.0999999 0.5 0.55000001
-3.0999999 0.5 0.64999998
-3.0999999 0.5 0.75
-3.0999999 0.5 0.85000002
-3.0999999 0.5 0.94999999
-3.0999999 0.5 1.05
-3.0999999 0.5 1.15
-3.0999999 0.5 1.25
-3.0999999 0.5 1.35
-3.0999999 0.5 1.45
-3.0999999 0.5 1.55
-3.0999999 0.5 1.65
-3.0999999 0.5 1.75
-3.0999999 0.5 1.85
-3.0999999 0.5 1.95
-3.0999999 0.5 2.05
-3.0999999 0.5 2.1500001
-3.0999999 0.5 2.25
-3.0999999 0.5 2.3499999
-3.0999999 0.5 2.45
-2.9000001 0.60000002 -0.44999999
-2.9000001 0.60000002 -0.34999999
-2.9000001 0.60000002 -0.25
-2.9000001 0.60000002 -0.15000001
-2.9000001 0.60000002 -0.050000001
-2.9000001 0.60000002 0.050000001
-2.9000001 0.60000002 0.15000001
-2.9000001 0.60000002 0.25
-2.9000001 0.60000002 0.34999999
-2.9000001 0.60000002 0.44999999
-2.9000001 0.60000002 0.55000001
-2.9000001 0.60000002 0.64999998
-2.9000001 0.60000002 0.75
-2.9000001 0.60000002 0.85000002
-2.9000001 0.60000002 0.94999999
-2.9000001 0.60000002 1.05
-2.9000001 0.60000002 1.15
-2.9000001 0.60000002 1.25
-2.9000001 0.60000002 1.35
-2.9000001 0.60000002 1.45
-2.9000001 0.60000002 1.55
-2.9000001 0.60000002 1.65
-2.9000001 0.60000002 1.75
-2.9000001 0.60000002 1.85
-2.9000001 0.60000002 1.95
-2.9000001 0.60000002 2.05
-2.9000001 0.60000002 2.1500001
-2.9000001 0.60000002 2.25
-2.9000001 0.60000002 2.3499999
-2.9000001 0.60000002 2.45
-3 0.60000002 -0.44999999
-3 0.60000002 -0.34999999
-3 0.60000002 -0.25
-3 0.60000002 -0.15000001
-3 0.60000002 -0.050000001
-3 0.60000002 0.050000001
-3 0.60000002 0.15000001
-3 0.60000002 0.25
-3 0.60000002 0.34999999
-3 0.60000002 0.44999999
-3 0.60000002 0.55000001
-3 0.60000002 0.64999998
-3 0.60000002 0.75
-3 0.60000002 0.85000002
-3 0.60000002 0.94999999
-3 0.60000002 1.05
-3 0.60000002 1.15
-3 0.60000002 1.25
-3 0.60000002 1.35
-3 0.60000002 1.45
-3 0.60000002 1.55
-3 0.60000002 1.65
-3 0.60000002 1.75
-3 0.60000002 1.85
-3 0.60000002 1.95
-3 0.60000002 2.05
-3 0.60000002 2.1500001
-3 0.60000002 2.25
-3 0.60000002 2.3499999
-3 0.60000002 2.45
-3.0999999 0.60000002 -0.44999999
-3.0999999 0.60000002 -0.34999999
-3.0999999 0.60000002 -0.25
-3.0999999 0.60000002 -0.15000001
-3.0999999 0.60000002 -0.050000001
-3.0999999 0.60000002 0.050000001
-3.0999999 0.60000002 0.15000001
-3.0999999 0.60000002 0.25
-3.0999999 0.60000002 0.34999999
-3.0999999 0.60000002 0.44999999
-3.0999999 0.60000002 0.55000001
-3.0999999 0.60000002 0.64999998
-3.0999999 0.60000002 0.75
-3.0999999 0.60000002 0.85000002
-3.0999999 0.60000002 0.94999999
-3.0999999 0.60000002 1.05
-3.0999999 0.60000002 1.15
-3.0999999 0.60000002 1.25
-3.0999999 0.60000002 1.35
-3.0999999 0.60000002 1.45
-3.0999999 0.60000002 1.55
-3.0999999 0.60000002 1.65
-3.0999999 0.60000002 1.75
-3.0999999 0.60000002 1.85
-3.0999999 0.60000002 1.95
-3.0999999 0.60000002 2.05
-3.0999999 0.60000002 2.1500001
-3.0999999 0.60000002 2.25
-3.0999999 0.60000002 2.3499999
-3.0999999 0.60000002 2.45
-2.9000001 0.69999999 -0.44999999
-2.9000001 0.69999999 -0.34999999
-2.9000001 0.69999999 -0.25
-2.9000001 0.69999999 -0.15000001
-2.9000001 0.69999999 -0.050000001
-2.9000001 0.69999999 0.050000001
-2.9000001 0.69999999 0.15000001
-2.9000001 0.69999999 0.25
-2.9000001 0.69999999 0.34999999
-2.9000001 0.69999999 0.44999999
-2.9000001 0.69999999 0.55000001
-2.9000001 0.69999999 0.64999998
-2.9000001 0.69999999 0.75
-2.9000001 0.69999999 0.85000002
-2.9000001 0.69999999 0.94999999
-2.9000001 0.69999999 1.05
-2.9000001 0.69999999 1.15
-2.9000001 0.69999999 1.25
-2.9000001 0.69999999 1.35
-2.9000001 0.69999999 1.45
-2.9000001 0.69999999 1.55
-2.9000001 0.69999999 1.65
-2.9000001 0.69999999 1.75
-2.9000001 0.69999999 1.85
-2.9000001 0.69999999 1.95
-2.9000001 0.69999999 2.05
-2.9000001 0.69999999 2.1500001
-2.9000001 0.69999999 2.25
-2.9000001 0.69999999 2.3499999
-2.9000001 0.69999999 2.45
-3 0.69999999 -0.44999999
-3 0.69999999 -0.34999999
-3 0.69999999 -0.25
-3 0.69999999 -0.15000001
-3 0.69999999 -0.050000001
-3 0.69999999 0.050000001
-3 0.69999999 0.15000001
-3 0.69999999 0.25
-3 0.69999999 0.34999999
-3 0.69999999 0.44999999
-3 0.69999999 0.55000001
-3 0.69999999 0.64999998
-3 0.69999999 0.75
-3 0.69999999 0.85000002
-3 0.69999999 0.94999999
-3 0.69999999 1.05
-3 0.69999999 1.15
-3 0.69999999 1.25
-3 0.69999999 1.35
-3 0.69999999 1.45
-3 0.69999999 1.55
-3 0.69999999 1.65
-3 0.69999999 1.75
-3 0.69999999 1.85
-3 0.69999999 1.95
-3 0.69999999 2.05
-3 0.69999999 2.1500001
-3 0.69999999 2.25
-3 0.69999999 2.3499999
-3 0.69999999 2.45
-3.0999999 0.69999999 -0.44999999
-3.0999999 0.69999999 -0.34999999
-3.0999999 0.69999999 -0.25
-3.0999999 0.69999999 -0.15000001
-3.0999999 0.69999999 -0.050000001
-3.0999999 0.69999999 0.050000001
-3.0999999 0.69999999 0.15000001
-3.0999999 0.69999999 0.25
-3.0999999 0.69999999 0.34999999
-3.0999999 0.69999999 0.44999999
-3.0999999 0.69999999 0.55000001
-3.0999999 0.69999999 0.64999998
-3.0999999 0.69999999 0.75
-3.0999999 0.69999999 0.85000002
-3.0999999 0.69999999 0.94999999
-3.0999999 0.69999999 1.05
-3.0999999 0.69999999 1.15
-3.0999999 0.69999999 1.25
-3.0999999 0.69999999 1.35
-3.0999999 0.69999999 1.45
-3.0999999 0.69999999 1.55
-3.0999999 0.69999999 1.65
-3.0999999 0.69999999 1.75
-3.0999999 0.69999999 1.85
-3.0999999 0.69999999 1.95
-3.0999999 0.69999999 2.05
-3.0999999 0.69999999 2.1500001
-3.0999999 0.69999999 2.25
-3.0999999 0.69999999 2.3499999
-3.0999999 0.69999999 2.45
-2.9000001 0.80000001 -0.44999999
-2.9000001 0.80000001 -0.34999999
-2.9000001 0.80000001 -0.25
-2.9000001 0.80000001 -0.15000001
-2.9000001 0.80000001 -0.050000001
-2.9000001 0.80000001 0.050000001
-2.9000001 0.80000001 0.15000001
-2.9000001 0.80000001 0.25
-2.9000001 0.80000001 0.34999999
-2.9000001 0.80000001 0.44999999
-2.9000001 0.80000001 0.55000001
-2.9000001 0.80000001 0.64999998
-2.9000001 0.80000001 0.75
-2.9000001 0.80000001 0.85000002
-2.9000001 0.80000001 0.94999999
-2.9000001 0.80000001 1.05
-2.9000001 0.80000001 1.15
-2.9000001 0.80000001 1.25
-2.9000001 0.80000001 1.35
-2.9000001 0.80000001 1.45
-2.9000001 0.80000001 1.55
-2.9000001 0.80000001 1.65
-2.9000001 0.80000001 1.75
-2.9000001 0.80000001 1.85
-2.9000001 0.80000001 1.95
-2.9000001 0.80000001 2.05
-2.9000001 0.80000001 2.1500001
-2.9000001 0.80000001 2.25
-2.9000001 0.80000001 2.3499999
-2.9000001 0.80000001 2.45
-3 0.80000001 -0.44999999
-3 0.80000001 -0.34999999
-3 0.80000001 -0.25
-3 0.80000001 -0.15000001
-3 0.80000001 -0.050000001
-3 0.80000001 0.050000001
-3 0.80000001 0.15000001
-3 0.80000001 0.25
-3 0.80000001 0.34999999
-3 0.80000001 0.44999999
-3 0.80000001 0.55000001
-3 0.80000001 0.64999998
-3 0.80000001 0.75
-3 0.80000001 0.85000002
-3 0.80000001 0.94999999
-3 0.80000001 1.05
-3 0.80000001 1.15
-3 0.80000001 1.25
-3 0.80000001 1.35
-3 0.80000001 1.45
-3 0.80000001 1.55
-3 0.80000001 1.65
-3 0.80000001 1.75
-3 0.80000001 1.85
-3 0.80000001 1.95
-3 0.80000001 2.05
-3 0.80000001 2.1500001
-3 0.80000001 2.25
-3 0.80000001 2.3499999
-3 0.80000001 2.45
-3.0999999 0.80000001 -0.44999999
-3.0999999 0.80000001 -0.34999999
-3.0999999 0.80000001 -0.25
-3.0999999 0.80000001 -0.15000001
-3.0999999 0.80000001 -0.050000001
-3.0999999 0.80000001 0.050000001
-3.0999999 0.80000001 0.15000001
-3.0999999 0.80000001 0.25
-3.0999999 0.80000001 0.34999999
-3.0999999 0.80000001 0.44999999
-3.0999999 0.80000001 0.55000001
-3.0999999 0.80000001 0.64999998
-3.0999999 0.80000001 0.75
-3.0999999 0.80000001 0.85000002
-3.0999999 0.80000001 0.94999999
-3.0999999 0.80000001 1.05
-3.0999999 0.80000001 1.15
-3.0999999 0.80000001 1.25
-3.0999999 0.80000001 1.35
-3.0999999 0.80000001 1.45
-3.0999999 0.80000001 1.55
-3.0999999 0.80000001 1.65
-3.0999999 0.80000001 1.75
-3.0999999 0.80000001 1.85
-3.0999999 0.80000001 1.95
-3.0999999 0.80000001 2.05
-3.0999999 0.80000001 2.1500001
-3.0999999 0.80000001 2.25
-3.0999999 0.80000001 2.3499999
-3.0999999 0.80000001 2.45
-2.9000001 0.89999998 -0.44999999
-2.9000001 0.89999998 -0.34999999
-2.9000001 0.89999998 -0.25
-2.9000001 0.89999998 -0.15000001
-2.9000001 0.89999998 -0.050000001
-2.9000001 0.89999998 0.050000001
-2.9000001 0.89999998 0.15000001
-2.9000001 0.89999998 0.25
-2.9000001 0.89999998 0.34999999
-2.9000001 0.89999998 0.44999999
-2.9000001 0.89999998 0.55000001
-2.9000001 0.89999998 0.64999998
-2.9000001 0.89999998 0.75
-2.9000001 0.89999998 0.85000002
-2.9000001 0.89999998 0.94999999
-2.9000001 0.89999998 1.05
-2.9000001 0.89999998 1.15
-2.9000001 0.89999998 1.25
-2.9000001 0.89999998 1.35
-2.9000001 0.89999998 1.45
-2.9000001 0.89999998 1.55
-2.9000001 0.89999998 1.65
-2.9000001 0.89999998 1.75
-2.9000001 0.89999998 1.85
-2.9000001 0.89999998 1.95
-2.9000001 0.89999998 2.05
-2.9000001 0.89999998 2.1500001
-2.9000001 0.89999998 2.25
-2.9000001 0.89999998 2.3499999
-2.9000001 0.89999998 2.45
-3 0.89999998 -0.44999999
-3 0.89999998 -0.34999999
-3 0.89999998 -0.25
-3 0.89999998 -0.15000001
-3 0.89999998 -0.050000001
-3 0.89999998 0.050000001
-3 0.89999998 0.15000001
-3 0.89999998 0.25
-3 0.89999998 0.34999999
-3 0.89999998 0.44999999
-3 0.89999998 0.55000001
-3 0.89999998 0.64999998
-3 0.89999998 0.75
-3 0.89999998 0.85000002
-3 0.89999998 0.94999999
-3 0.89999998 1.05
-3 0.89999998 1.15
-3 0.89999998 1.25
-3 0.89999998 1.35
-3 0.89999998 1.45
-3 0.89999998 1.55
-3 0.89999998 1.65
-3 0.89999998 1.75
-3 0.89999998 1.85
-3 0.89999998 1.95
-3 0.89999998 2.05
-3 0.89999998 2.1500001
-3 0.89999998 2.25
-3 0.89999998 2.3499999
-3 0.89999998 2.45
-3.0999999 0.89999998 -0.44999999
-3.0999999 0.89999998 -0.34999999
-3.0999999 0.89999998 -0.25
-3.0999999 0.89999998 -0.15000001
-3.0999999 0.89999998 -0.050000001
-3.0999999 0.89999998 0.050000001
-3.0999999 0.89999998 0.15000001
-3.0999999 0.89999998 0.25
-3.0999999 0.89999998 0.34999999
-3.0999999 0.89999998 0.44999999
-3.0999999 0.89999998 0.55000001
-3.0999999 0.89999998 0.64999998
-3.0999999 0.89999998 0.75
-3.0999999 0.89999998 0.85000002
-3.0999999 0.89999998 0.94999999
-3.0999999 0.89999998 1.05
-3.0999999 0.89999998 1.15
-3.0999999 0.89999998 1.25
-3.0999999 0.89999998 1.35
-3.0999999 0.89999998 1.45
-3.0999999 0.89999998 1.55
-3.0999999 0.89999998 1.65
-3.0999999 0.89999998 1.75
-3.0999999 0.89999998 1.85
-3.0999999 0.89999998 1.95
-3.0999999 0.89999998 2.05
-3.0999999 0.89999998 2.1500001
-3.0999999 0.89999998 2.25
-3.0999999 0.89999998 2.3499999
-3.0999999 0.89999998 2.45
-2.9000001 1 -0.44999999
-2.9000001 1 -0.34999999
-2.9000001 1 -0.25
-2.9000001 1 -0.15000001
-2.9000001 1 -0.050000001
-2.9000001 1 0.050000001
-2.9000001 1 0.15000001
-2.9000001 1 0.25
-2.9000001 1 0.34999999
-2.9000001 1 0.44999999
-2.9000001 1 0.55000001
-2.9000001 1 0.64999998
-2.9000001 1 0.75
-2.9000001 1 0.85000002
-2.9000001 1 0.94999999
-2.9000001 1 1.05
-2.9000001 1 1.15
-2.9000001 1 1.25
-2.9000001 1 1.35
-2.9000001 1 1.45
-2.9000001 1 1.55
-2.9000001 1 1.65
-2.9000001 1 1.75
-2.9000001 1 1.85
-2.9000001 1 1.95
-2.9000001 1 2.05
-2.9000001 1 2.1500001
-2.9000001 1 2.25
-2.9000001 1 2.3499999
-2.9000001 1 2.45
-3 1 -0.44999999
-3 1 -0.34999999
-3 1 -0.25
-3 1 -0.15000001
-3 1 -0.050000001
-3 1 0.050000001
-3 1 0.15000001
-3 1 0.25
-3 1 0.34999999
-3 1 0.44999999
-3 1 0.55000001
-3 1 0.64999998
-3 1 0.75
-3 1 0.85000002
-3 1 0.94999999
-3 1 1.05
-3 1 1.15
-3 1 1.25
-3 1 1.35
-3 1 1.45
-3 1 1.55
-3 1 1.65
-3 1 1.75
-3 1 1.85
-3 1 1.95
-3 1 2.05
-3 1 2.1500001
-3 1 2.25
-3 1 2.3499999
-3 1 2.45
-3.0999999 1 -0.44999999
-3.0999999 1 -0.34999999
-3.0999999 1 -0.25
-3.0999999 1 -0.15000001
-3.0999999 1 -0.050000001
-3.0999999 1 0.050000001
-3.0999999 1 0.15000001
-3.0999999 1 0.25
-3.0999999 1 0.34999999
-3.0999999 1 0.44999999
-3.0999999 1 0.55000001
-3.0999999 1 0.64999998
-3.0999999 1 0.75
-3.0999999 1 0.85000002
-3.0999999 1 0.94999999
-3.0999999 1 1.05
-3.0999999 1 1.15
-3.0999999 1 1.25
-3.0999999 1 1.35
-3.0999999 1 1.45
-3.0999999 1 1.55
-3.0999999 1 1.65
-3.0999999 1 1.75
-3.0999999 1 1.85
-3.0999999 1 1.95
-3.0999999 1 2.05
-3.0999999 1 2.1500001
-3.0999999 1 2.25
-3.0999999 1 2.3499999
-3.0999999 1 2.45
-2.9000001 1.1 -0.44999999
-2.9000001 1.1 -0.34999999
-2.9000001 1.1 -0.25
-2.9000001 1.1 -0.15000001
-2.9000001 1.1 -0.050000001
-2.9000001 1.1 0.050000001
-2.9000001 1.1 0.15000001
-2.9000001 1.1 0.25
-2.9000001 1.1 0.34999999
-2.9000001 1.1 0.44999999
-2.9000001 1.1 0.55000001
-2.9000001 1.1 0.64999998
-2.9000001 1.1 0.75
-2.9000001 1.1 0.85000002
-2.9000001 1.1 0.94999999
-2.9000001 1.1 1.05
-2.9000001 1.1 1.15
-2.9000001 1.1 1.25
-2.9000001 1.1 1.35
-2.9000001 1.1 1.45
-2.9000001 1.1 1.55
-2.9000001 1.1 1.65
-2.9000001 1.1 1.75
-2.9000001 1.1 1.85
-2.9000001 1.1 1.95
-2.9000001 1.1 2.05
-2.9000001 1.1 2.1500001
-2.9000001 1.1 2.25
-2.9000001 1.1 2.3499999
-2.9000001 1.1 2.45
-3 1.1 -0.44999999
-3 1.1 -0.34999999
-3 1.1 -0.25
-3 1.1 -0.15000001
-3 1.1 -0.050000001
-3 1.1 0.050000001
-3 1.1 0.15000001
-3 1.1 0.25
-3 1.1 0.34999999
-3 1.1 0.44999999
-3 1.1 0.55000001
-3 1.1 0.64999998
-3 1.1 0.75
-3 1.1 0.85000002
-3 1.1 0.94999999
-3 1.1 1.05
-3 1.1 1.15
-3 1.1 1.25
-3 1.1 1.35
-3 1.1 1.45
-3 1.1 1.55
-3 1.1 1.65
-3 1.1 1.75
-3 1.1 1.85
-3 1.1 1.95
-3 1.1 2.05
-3 1.1 2.1500001
-3 1.1 2.25
-3 1.1 2.3499999
-3 1.1 2.45
-3.0999999 1.1 -0.44999999
-3.0999999 1.1 -0.34999999
-3.0999999 1.1 -0.25
-3.0999999 1.1 -0.15000001
-3.0999999 1.1 -0.050000001
-3.0999999 1.1 0.050000001
-3.0999999 1.1 0.15000001
-3.0999999 1.1 0.25
-3.0999999 1.1 0.34999999
-3.0999999 1.1 0.44999999
-3.0999999 1.1 0.55000001
-3.0999999 1.1 0.64999998
-3.0999999 1.1 0.75
-3.0999999 1.1 0.85000002
-3.0999999 1.1 0.94999999
-3.0999999 1.1 1.05
-3.0999999 1.1 1.15
-3.0999999 1.1 1.25
-3.0999999 1.1 1.35
-3.0999999 1.1 1.45
-3.0999999 1.1 1.55
-3.0999999 1.1 1.65
-3.0999999 1.1 1.75
-3.0999999 1.1 1.85
-3.0999999 1.1 1.95
-3.0999999 1.1 2.05
-3.0999999 1.1 2.1500001
-3.0999999 1.1 2.25
-3.0999999 1.1 2.3499999
-3.0999999 1.1 2.45
-2.9000001 1.2 -0.44999999
-2.9000001 1.2 -0.34999999
-2.9000001 1.2 -0.25
-2.9000001 1.2 -0.15000001
-2.9000001 1.2 -0.050000001
-2.9000001 1.2 0.050000001
-2.9000001 1.2 0.15000001
-2.9000001 1.2 0.25
-2.9000001 1.2 0.34999999
-2.9000001 1.2 0.44999999
-2.9000001 1.2 0.55000001
-2.9000001 1.2 0.64999998
-2.9000001 1.2 0.75
-2.9000001 1.2 0.85000002
-2.9000001 1.2 0.94999999
-2.9000001 1.2 1.05
-2.9000001 1.2 1.15
-2.9000001 1.2 1.25
-2.9000001 1.2 1.35
-2.9000001 1.2 1.45
-2.9000001 1.2 1.55
-2.9000001 1.2 1.65
-2.9000001 1.2 1.75
-2.9000001 1.2 1.85
-2.9000001 1.2 1.95
-2.9000001 1.2 2.05
-2.9000001 1.2 2.1500001
-2.9000001 1.2 2.25
-2.9000001 1.2 2.3499999
-2.9000001 1.2 2.45
-3 1.2 -0.44999999
-3 1.2 -0.34999999
-3 1.2 -0.25
-3 1.2 -0.15000001
-3 1.2 -0.050000001
-3 1.2 0.050000001
-3 1.2 0.15000001
-3 1.2 0.25
-3 1.2 0.34999999
-3 1.2 0.44999999
-3 1.2 0.55000001
-3 1.2 0.64999998
-3 1.2 0.75
-3 1.2 0.85000002
-3 1.2 0.94999999
-3 1.2 1.05
-3 1.2 1.15
-3 1.2 1.25
-3 1.2 1.35
-3 1.2 1.45
-3 1.2 1.55
-3 1.2 1.65
-3 1.2 1.75
-3 1.2 1.85
-3 1.2 1.95
-3 1.2 2.05
-3 1.2 2.1500001
-3 1.2 2.25
-3 1.2 2.3499999
-3 1.2 2.45
-3.0999999 1.2 -0.44999999
-3.0999999 1.2 -0.34999999
-3.0999999 1.2 -0.25
-3.0999999 1.2 -0.15000001
-3.0999999 1.2 -0.050000001
-3.0999999 1.2 0.050000001
-3.0999999 1.2 0.15000001
-3.0999999 1.2 0.25
-3.0999999 1.2 0.34999999
-3.0999999 1.2 0.44999999
-3.0999999 1.2 0.55000001
-3.0999999 1.2 0.64999998
-3.0999999 1.2 0.75
-3.0999999 1.2 0.85000002
-3.0999999 1.2 0.94999999
-3.0999999 1.2 1.05
-3.0999999 1.2 1.15
-3.0999999 1.2 1.25
-3.0999999 1.2 1.35
-3.0999999 1.2 1.45
-3.0999999 1.2 1.55
-3.0999999 1.2 1.65
-3.0999999 1.2 1.75
-3.0999999 1.2 1.85
-3.0999999 1.2 1.95
-3.0999999 1.2 2.05
-3.0999999 1.2 2.1500001
-3.0999999 1.2 2.25
-3.0999999 1.2 2.3499999
-3.0999999 1.2 2.45
-2.9000001 1.3 -0.44999999
-2.9000001 1.3 -0.34999999
-2.9000001 1.3 -0.25
-2.9000001 1.3 -0.15000001
-2.9000001 1.3 -0.050000001
-2.9000001 1.3 0.050000001
-2.9000001 1.3 0.15000001
-2.9000001 1.3 0.25
-2.9000001 1.3 0.34999999
-2.9000001 1.3 0.44999999
-2.9000001 1.3 0.55000001
-2.9000001 1.3 0.64999998
-2.9000001 1.3 0.75
-2.9000001 1.3 0.85000002
-2.9000001 1.3 0.94999999
-2.9000001 1.3 1.05
-2.9000001 1.3 1.15
-2.9000001 1.3 1.25
-2.9000001 1.3 1.35
-2.9000001 1.3 1.45
-2.9000001 1.3 1.55
-2.9000001 1.3 1.65
-2.9000001 1.3 1.75
-2.9000001 1.3 1.85
-2.9000001 1.3 1.95
-2.9000001 1.3 2.05
-2.9000001 1.3 2.1500001
-2.9000001 1.3 2.25
-2.9000001 1.3 2.3499999
-2.9000001 1.3 2.45
-3 1.3 -0.44999999
-3 1.3 -0.34999999
-3 1.3 -0.25
-3 1.3 -0.15000001
-3 1.3 -0.050000001
-3 1.3 0.050000001
-3 1.3 0.15000001
-3 1.3 0.25
-3 1.3 0.34999999
-3 1.3 0.44999999
-3 1.3 0.55000001
-3 1.3 0.64999998
-3 1.3 0.75
-3 1.3 0.85000002
-3 1.3 0.94999999
-3 1.3 1.05
-3 1.3 1.15
-3 1.3 1.25
-3 1.3 1.35
-3 1.3 1.45
-3 1.3 1.55
-3 1.3 1.65
-3 1.3 1.75
-3 1.3 1.85
-3 1.3 1.95
-3 1.3 2.05
-3 1.3 2.1500001
-3 1.3 2.25
-3 1.3 2.3499999
-3 1.3 2.45
-3.0999999 1.3 -0.44999999
-3.0999999 1.3 -0.34999999
-3.0999999 1.3 -0.25
-3.0999999 1.3 -0.15000001
-3.0999999 1.3 -0.050000001
-3.0999999 1.3 0.050000001
-3.0999999 1.3 0.15000001
-3.0999999 1.3 0.25
-3.0999999 1.3 0.34999999
-3.0999999 1.3 0.44999999
-3.0999999 1.3 0.55000001
-3.0999999 1.3 0.64999998
-3.0999999 1.3 0.75
-3.0999999 1.3 0.85000002
-3.0999999 1.3 0.94999999
-3.0999999 1.3 1.05
-3.0999999 1.3 1.15
-3.0999999 1.3 1.25
-3.0999999 1.3 1.35
-3.0999999 1.3 1.45
-3.0999999 1.3 1.55
-3.0999999 1.3 1.65
-3.0999999 1.3 1.75
-3.0999999 1.3 1.85
-3.0999999 1.3 1.95
-3.0999999 1.3 2.05
-3.0999999 1.3 2.1500001
-3.0999999 1.3 2.25
-3.0999999 1.3 2.3499999
-3.0999999 1.3 2.45
-2.9000001 1.4 -0.44999999
-2.9000001 1.4 -0.34999999
-2.9000001 1.4 -0.25
-2.9000001 1.4 -0.15000001
-2.9000001 1.4 -0.050000001
-2.9000001 1.4 0.050000001
-2.9000001 1.4 0.15000001
-2.9000001 1.4 0.25
-2.9000001 1.4 0.34999999
-2.9000001 1.4 0.44999999
-2.9000001 1.4 0.55000001
-2.9000001 1.4 0.64999998
-2.9000001 1.4 0.75
-2.9000001 1.4 0.85000002
-2.9000001 1.4 0.94999999
-2.9000001 1.4 1.05
-2.9000001 1.4 1.15
-2.9000001 1.4 1.25
-2.9000001 1.4 1.35
-2.9000001 1.4 1.45
-2.9000001 1.4 1.55
-2.9000001 1.4 1.65
-2.9000001 1.4 1.75
-2.9000001 1.4 1.85
-2.9000001 1.4 1.95
-2.9000001 1.4 2.05
-2.9000001 1.4 2.1500001
-2.9000001 1.4 2.25
-2.9000001 1.4 2.3499999
-2.9000001 1.4 2.45
-3 1.4 -0.44999999
-3 1.4 -0.34999999
-3 1.4 -0.25
-3 1.4 -0.15000001
-3 1.4 -0.050000001
-3 1.4 0.050000001
-3 1.4 0.15000001
-3 1.4 0.25
-3 1.4 0.34999999
-3 1.4 0.44999999
-3 1.4 0.55000001
-3 1.4 0.64999998
-3 1.4 0.75
-3 1.4 0.85000002
-3 1.4 0.94999999
-3 1.4 1.05
-3 1.4 1.15
-3 1.4 1.25
-3 1.4 1.35
-3 1.4 1.45
-3 1.4 1.55
-3 1.4 1.65
-3 1.4 1.75
-3 1.4 1.85
-3 1.4 1.95
-3 1.4 2.05
-3 1.4 2.1500001
-3 1.4 2.25
-3 1.4 2.3499999
-3 1.4 2.45
-3.0999999 1.4 -0.44999999
-3.0999999 1.4 -0.34999999
-3.0999999 1.4 -0.25
-3.0999999 1.4 -0.15000001
-3.0999999 1.4 -0.050000001
-3.0999999 1.4 0.050000001
-3.0999999 1.4 0.15000001
-3.0999999 1.4 0.25
-3.0999999 1.4 0.34999999
-3.0999999 1.4 0.44999999
-3.0999999 1.4 0.55000001
-3.0999999 1.4 0.64999998
-3.0999999 1.4 0.75
-3.0999999 1.4 0.85000002
-3.0999999 1.4 0.94999999
-3.0999999 1.4 1.05
-3.0999999 1.4 1.15
-3.0999999 1.4 1.25
-3.0999999 1.4 1.35
-3.0999999 1.4 1.45
-3.0999999 1.4 1.55
-3.0999999 1.4 1.65
-3.0999999 1.4 1.75
-3.0999999 1.4 1.85
-3.0999999 1.4 1.95
-3.0999999 1.4 2.05
-3.0999999 1.4 2.1500001
-3.0999999 1.4 2.25
-3.0999999 1.4 2.3499999
-3.0999999 1.4 2.45
-2.9000001 1.5 -0.44999999
-2.9000001 1.5 -0.34999999
-2.9000001 1.5 -0.25
-2.9000001 1.5 -0.15000001
-2.9000001 1.5 -0.050000001
-2.9000001 1.5 0.050000001
-2.9000001 1.5 0.15000001
-2.9000001 1.5 0.25
-2.9000001 1.5 0.34999999
-2.9000001 1.5 0.44999999
-2.9000001 1.5 0.55000001
-2.9000001 1.5 0.64999998
-2.9000001 1.5 0.75
-2.9000001 1.5 0.85000002
-2.9000001 1.5 0.94999999
-2.9000001 1.5 1.05
-2.9000001 1.5 1.15
-2.9000001 1.5 1.25
-2.9000001 1.5 1.35
-2.9000001 1.5 1.45
-2.9000001 1.5 1.55
-2.9000001 1.5 1.65
-2.9000001 1.5 1.75
-2.9000001 1.5 1.85
-2.9000001 1.5 1.95
-2.9000001 1.5 2.05
-2.9000001 1.5 2.1500001
-2.9000001 1.5 2.25
-2.9000001 1.5 2.3499999
-2.9000001 1.5 2.45
-3 1.5 -0.44999999
-3 1.5 -0.34999999
-3 1.5 -0.25
-3 1.5 -0.15000001
-3 1.5 -0.050000001
-3 1.5 0.050000001
-3 1.5 0.15000001
-3 1.5 0.25
-3 1.5 0.34999999
-3 1.5 0.44999999
-3 1.5 0.55000001
-3 1.5 0.64999998
-3 1.5 0.75
-3 1.5 0.85000002
-3 1.5 0.94999999
-3 1.5 1.05
-3 1.5 1.15
-3 1.5 1.25
-3 1.5 1.35
-3 1.5 1.45
-3 1.5 1.55
-3 1.5 1.65
-3 1.5 1.75
-3 1.5 1.85
-3 1.5 1.95
-3 1.5 2.05
-3 1.5 2.1500001
-3 1.5 2.25
-3 1.5 2.3499999
-3 1.5 2.45
-3.0999999 1.5 -0.44999999
-3.0999999 1.5 -0.34999999
-3.0999999 1.5 -0.25
-3.0999999 1.5 -0.15000001
-3.0999999 1.5 -0.050000001
-3.0999999 1.5 0.050000001
-3.0999999 1.5 0.15000001
-3.0999999 1.5 0.25
-3.0999999 1.5 0.34999999
-3.0999999 1.5 0.44999999
-3.0999999 1.5 0.55000001
-3.0999999 1.5 0.64999998
-3.0999999 1.5 0.75
-3.0999999 1.5 0.85000002
-3.0999999 1.5 0.94999999
-3.0999999 1.5 1.05
-3.0999999 1.5 1.15
-3.0999999 1.5 1.25
-3.0999999 1.5 1.35
-3.0999999 1.5 1.45
-3.0999999 1.5 1.55
-3.0999999 1.5 1.65
-3.0999999 1.5 1.75
-3.0999999 1.5 1.85
-3.0999999 1.5 1.95
-3.0999999 1.5 2.05
-3.0999999 1.5 2.1500001
-3.0999999 1.5 2.25
-3.0999999 1.5 2.3499999
-3.0999999 1.5 2.45
-2.9000001 1.6 -0.44999999
-2.9000001 1.6 -0.34999999
-2.9000001 1.6 -0.25
-2.9000001 1.6 -0.15000001
-2.9000001 1.6 -0.050000001
-2.9000001 1.6 0.050000001
-2.9000001 1.6 0.15000001
-2.9000001 1.6 0.25
-2.9000001 1.6 0.34999999
-2.9000001 1.6 0.44999999
-2.9000001 1.6 0.55000001
-2.9000001 1.6 0.64999998
-2.9000001 1.6 0.75
-2.9000001 1.6 0.85000002
-2.9000001 1.6 0.94999999
-2.9000001 1.6 1.05
-2.9000001 1.6 1.15
-2.9000001 1.6 1.25
-2.9000001 1.6 1.35
-2.9000001 1.6 1.45
-2.9000001 1.6 1.55
-2.9000001 1.6 1.65
-2.9000001 1.6 1.75
-2.9000001 1.6 1.85
-2.9000001 1.6 1.95
-2.9000001 1.6 2.05
-2.9000001 1.6 2.1500001
-2.9000001 1.6 2.25
-2.9000001 1.6 2.3499999
-2.9000001 1.6 2.45
-3 1.6 -0.44999999
-3 1.6 -0.34999999
-3 1.6 -0.25
-3 1.6 -0.15000001
-3 1.6 -0.050000001
-3 1.6 0.050000001
-3 1.6 0.15000001
-3 1.6 0.25
-3 1.6 0.34999999
-3 1.6 0.44999999
-3 1.6 0.55000001
-3 1.6 0.64999998
-3 1.6 0.75
-3 1.6 0.85000002
-3 1.6 0.94999999
-3 1.6 1.05
-3 1.6 1.15
-3 1.6 1.25
-3 1.6 1.35
-3 1.6 1.45
-3 1.6 1.55
-3 1.6 1.65
-3 1.6 1.75
-3 1.6 1.85
-3 1.6 1.95
-3 1.6 2.05
-3 1.6 2.1500001
-3 1.6 2.25
-3 1.6 2.3499999
-3 1.6 2.45
-3.0999999 1.6 -0.44999999
-3.0999999 1.6 -0.34999999
-3.0999999 1.6 -0.25
-3.0999999 1.6 -0.15000001
-3.0999999 1.6 -0.050000001
-3.0999999 1.6 0.050000001
-3.0999999 1.6 0.15000001
-3.0999999 1.6 0.25
-3.0999999 1.6 0.34999999
-3.0999999 1.6 0.44999999
-3.0999999 1.6 0.55000001
-3.0999999 1.6 0.64999998
-3.0999999 1.6 0.75
-3.0999999 1.6 0.85000002
-3.0999999 1.6 0.94999999
-3.0999999 1.6 1.05
-3.0999999 1.6 1.15
-3.0999999 1.6 1.25
-3.0999999 1.6 1.35
-3.0999999 1.6 1.45
-3.0999999 1.6 1.55
-3.0999999 1.6 1.65
-3.0999999 1.6 1.75
-3.0999999 1.6 1.85
-3.0999999 1.6 1.95
-3.0999999 1.6 2.05
-3.0999999 1.6 2.1500001
-3.0999999 1.6 2.25
-3.0999999 1.6 2.3499999
-3.0999999 1.6 2.45
-2.9000001 1.7 -0.44999999
-2.9000001 1.7 -0.34999999
-2.9000001 1.7 -0.25
-2.9000001 1.7 -0.15000001
-2.9000001 1.7 -0.050000001
-2.9000001 1.7 0.050000001
-2.9000001 1.7 0.15000001
-2.9000001 1.7 0.25
-2.9000001 1.7 0.34999999
-2.9000001 1.7 0.44999999
-2.9000001 1.7 0.55000001
-2.9000001 1.7 0.64999998
-2.9000001 1.7 0.75
-2.9000001 1.7 0.85000002
-2.9000001 1.7 0.94999999
-2.9000001 1.7 1.05
-2.9000001 1.7 1.15
-2.9000001 1.7 1.25
-2.9000001 1.7 1.35
-2.9000001 1.7 1.45
-2.9000001 1.7 1.55
-2.9000001 1.7 1.65
-2.9000001 1.7 1.75
-2.9000001 1.7 1.85
-2.9000001 1.7 1.95
-2.9000001 1.7 2.05
-2.9000001 1.7 2.1500001
-2.9000001 1.7 2.25
-2.9000001 1.7 2.3499999
-2.9000001 1.7 2.45
-3 1.7 -0.44999999
-3 1.7 -0.34999999
-3 1.7 -0.25
-3 1.7 -0.15000001
-3 1.7 -0.050000001
-3 1.7 0.050000001
-3 1.7 0.15000001
-3 1.7 0.25
-3 1.7 0.34999999
-3 1.7 0.44999999
-3 1.7 0.55000001
-3 1.7 0.64999998
-3 1.7 0.75
-3 1.7 0.85000002
-3 1.7 0.94999999
-3 1.7 1.05
-3 1.7 1.15
-3 1.7 1.25
-3 1.7 1.35
-3 1.7 1.45
-3 1.7 1.55
-3 1.7 1.65
-3 1.7 1.75
-3 1.7 1.85
-3 1.7 1.95
-3 1.7 2.05
-3 1.7 2.1500001
-3 1.7 2.25
-3 1.7 2.3499999
-3 1.7 2.45
-3.0999999 1.7 -0.44999999
-3.0999999 1.7 -0.34999999
-3.0999999 1.7 -0.25
-3.0999999 1.7 -0.15000001
-3.0999999 1.7 -0.050000001
-3.0999999 1.7 0.050000001
-3.0999999 1.7 0.15000001
-3.0999999 1.7 0.25
-3.0999999 1.7 0.34999999
-3.0999999 1.7 0.44999999
-3.0999999 1.7 0.55000001
-3.0999999 1.7 0.64999998
-3.0999999 1.7 0.75
-3.0999999 1.7 0.85000002
-3.0999999 1.7 0.94999999
-3.0999999 1.7 1.05
-3.0999999 1.7 1.15
-3.0999999 1.7 1.25
-3.0999999 1.7 1.35
-3.0999999 1.7 1.45
-3.0999999 1.7 1.55
-3.0999999 1.7 1.65
-3.0999999 1.7 1.75
-3.0999999 1.7 1.85
-3.0999999 1.7 1.95
-3.0999999 1.7 2.05
-3.0999999 1.7 2.1500001
-3.0999999 1.7 2.25
-3.0999999 1.7 2.3499999
-3.0999999 1.7 2.45
-2.9000001 1.8 -0.44999999
-2.9000001 1.8 -0.34999999
-2.9000001 1.8 -0.25
-2.9000001 1.8 -0.15000001
-2.9000001 1.8 -0.050000001
-2.9000001 1.8 0.050000001
-2.9000001 1.8 0.15000001
-2.9000001 1.8 0.25
-2.9000001 1.8 0.34999999
-2.9000001 1.8 0.44999999
-2.9000001 1.8 0.55000001
-2.9000001 1.8 0.64999998
-2.9000001 1.8 0.75
-2.9000001 1.8 0.85000002
-2.9000001 1.8 0.94999999
-2.9000001 1.8 1.05
-2.9000001 1.8 1.15
-2.9000001 1.8 1.25
-2.9000001 1.8 1.35
-2.9000001 1.8 1.45
-2.9000001 1.8 1.55
-2.9000001 1.8 1.65
-2.9000001 1.8 1.75
-2.9000001 1.8 1.85
-2.9000001 1.8 1.95
-2.9000001 1.8 2.05
-2.9000001 1.8 2.1500001
-2.9000001 1.8 2.25
-2.9000001 1.8 2.3499999
-2.9000001 1.8 2.45
-3 1.8 -0.44999999
-3 1.8 -0.34999999
-3 1.8 -0.25
-3 1.8 -0.15000001
-3 1.8 -0.050000001
-3 1.8 0.050000001
-3 1.8 0.15000001
-3 1.8 0.25
-3 1.8 0.34999999
-3 1.8 0.44999999
-3 1.8 0.55000001
-3 1.8 0.64999998
-3 1.8 0.75
-3 1.8 0.85000002
-3 1.8 0.94999999
-3 1.8 1.05
-3 1.8 1.15
-3 1.8 1.25
-3 1.8 1.35
-3 1.8 1.45
-3 1.8 1.55
-3 1.8 1.65
-3 1.8 1.75
-3 1.8 1.85
-3 1.8 1.95
-3 1.8 2.05
-3 1.8 2.1500001
-3 1.8 2.25
-3 1.8 2.3499999
-3 1.8 2.45
-3.0999999 1.8 -0.44999999
-3.0999999 1.8 -0.34999999
-3.0999999 1.8 -0.25
-3.0999999 1.8 -0.15000001
-3.0999999 1.8 -0.050000001
-3.0999999 1.8 0.050000001
-3.0999999 1.8 0.15000001
-3.0999999 1.8 0.25
-3.0999999 1.8 0.34999999
-3.0999999 1.8 0.44999999
-3.0999999 1.8 0.55000001
-3.0999999 1.8 0.64999998
-3.0999999 1.8 0.75
-3.0999999 1.8 0.85000002
-3.0999999 1.8 0.94999999
-3.0999999 1.8 1.05
-3.0999999 1.8 1.15
-3.0999999 1.8 1.25
-3.0999999 1.8 1.35
-3.0999999 1.8 1.45
-3.0999999 1.8 1.55
-3.0999999 1.8 1.65
-3.0999999 1.8 1.75
-3.0999999 1.8 1.85
-3.0999999 1.8 1.95
-3.0999999 1.8 2.05
-3.0999999 1.8 2.1500001
-3.0999999 1.8 2.25
-3.0999999 1.8 2.3499999
-3.0999999 1.8 2.45
-2.9000001 1.9 -0.44999999
-2.9000001 1.9 -0.34999999
-2.9000001 1.9 -0.25
-2.9000001 1.9 -0.15000001
-2.9000001 1.9 -0.050000001
-2.9000001 1.9 0.050000001
-2.9000001 1.9 0.15000001
-2.9000001 1.9 0.25
-2.9000001 1.9 0.34999999
-2.9000001 1.9 0.44999999
-2.9000001 1.9 0.55000001
-2.9000001 1.9 0.64999998
-2.9000001 1.9 0.75
-2.9000001 1.9 0.85000002
-2.9000001 1.9 0.94999999
-2.9000001 1.9 1.05
-2.9000001 1.9 1.15
-2.9000001 1.9 1.25
-2.9000001 1.9 1.35
-2.9000001 1.9 1.45
-2.9000001 1.9 1.55
-2.9000001 1.9 1.65
-2.9000001 1.9 1.75
-2.9000001 1.9 1.85
-2.9000001 1.9 1.95
-2.9000001 1.9 2.05
-2.9000001 1.9 2.1500001
-2.9000001 1.9 2.25
-2.9000001 1.9 2.3499999
-2.9000001 1.9 2.45
-3 1.9 -0.44999999
-3 1.9 -0.34999999
-3 1.9 -0.25
-3 1.9 -0.15000001
-3 1.9 -0.050000001
-3 1.9 0.050000001
-3 1.9 0.15000001
-3 1.9 0.25
-3 1.9 0.34999999
-3 1.9 0.44999999
-3 1.9 0.55000001
-3 1.9 0.64999998
-3 1.9 0.75
-3 1.9 0.85000002
-3 1.9 0.94999999
-3 1.9 1.05
-3 1.9 1.15
-3 1.9 1.25
-3 1.9 1.35
-3 1.9 1.45
-3 1.9 1.55
-3 1.9 1.65
-3 1.9 1.75
-3 1.9 1.85
-3 1.9 1.95
-3 1.9 2.05
-3 1.9 2.1500001
-3 1.9 2.25
-3 1.9 2.3499999
-3 1.9 2.45
-3.0999999 1.9 -0.44999999
-3.0999999 1.9 -0.34999999
-3.0999999 1.9 -0.25
-3.0999999 1.9 -0.15000001
-3.0999999 1.9 -0.050000001
-3.0999999 1.9 0.050000001
-3.0999999 1.9 0.15000001
-3.0999999 1.9 0.25
-3.0999999 1.9 0.34999999
-3.0999999 1.9 0.44999999
-3.0999999 1.9 0.55000001
-3.0999999 1.9 0.64999998
-3.0999999 1.9 0.75
-3.0999999 1.9 0.85000002
-3.0999999 1.9 0.94999999
-3.0999999 1.9 1.05
-3.0999999 1.9 1.15
-3.0999999 1.9 1.25
-3.0999999 1.9 1.35
-3.0999999 1.9 1.45
-3.0999999 1.9 1.55
-3.0999999 1.9 1.65
-3.0999999 1.9 1.75
-3.0999999 1.9 1.85
-3.0999999 1.9 1.95
-3.0999999 1.9 2.05
-3.0999999 1.9 2.1500001
-3.0999999 1.9 2.25
-3.0999999 1.9 2.3499999
-3.0999999 1.9 2.45
-2.9000001 2 -0.44999999
-2.9000001 2 -0.34999999
-2.9000001 2 -0.25
-2.9000001 2 -0.15000001
-2.9000001 2 -0.050000001
-2.9000001 2 0.050000001
-2.9000001 2 0.15000001
-2.9000001 2 0.25
-2.9000001 2 0.34999999
-2.9000001 2 0.44999999
-2.9000001 2 0.55000001
-2.9000001 2 0.64999998
-2.9000001 2 0.75
-2.9000001 2 0.85000002
-2.9000001 2 0.94999999
-2.9000001 2 1.05
-2.9000001 2 1.15
-2.9000001 2 1.25
-2.9000001 2 1.35
-2.9000001 2 1.45
-2.9000001 2 1.55
-2.9000001 2 1.65
-2.9000001 2 1.75
-2.9000001 2 1.85
-2.9000001 2 1.95
-2.9000001 2 2.05
-2.9000001 2 2.1500001
-2.9000001 2 2.25
-2.9000001 2 2.3499999
-2.9000001 2 2.45
-3 2 -0.44999999
-3 2 -0.34999999
-3 2 -0.25
-3 2 -0.15000001
-3 2 -0.050000001
-3 2 0.050000001
-3 2 0.15000001
-3 2 0.25
-3 2 0.34999999
-3 2 0.44999999
-3 2 0.55000001
-3 2 0.64999998
-3 2 0.75
-3 2 0.85000002
-3 2 0.94999999
-3 2 1.05
-3 2 1.15
-3 2 1.25
-3 2 1.35
-3 2 1.45
-3 2 1.55
-3 2 1.65
-3 2 1.75
-3 2 1.85
-3 2 1.95
-3 2 2.05
-3 2 2.1500001
-3 2 2.25
-3 2 2.3499999
-3 2 2.45
-3.0999999 2 -0.44999999
-3.0999999 2 -0.34999999
-3.0999999 2 -0.25
-3.0999999 2 -0.15000001
-3.0999999 2 -0.050000001
-3.0999999 2 0.050000001
-3.0999999 2 0.15000001
-3.0999999 2 0.25
-3.0999999 2 0.34999999
-3.0999999 2 0.44999999
-3.0999999 2 0.55000001
-3.0999999 2 0.64999998
-3.0999999 2 0.75
-3.0999999 2 0.85000002
-3.0999999 2 0.94999999
-3.0999999 2 1.05
-3.0999999 2 1.15
-3.0999999 2 1.25
-3.0999999 2 1.35
-3.0999999 2 1.45
-3.0999999 2 1.55
-3.0999999 2 1.65
-3.0999999 2 1.75
-3.0999999 2 1.85
-3.0999999 2 1.95
-3.0999999 2 2.05
-3.0999999 2 2.1500001
-3.0999999 2 2.25
-3.0999999 2 2.3499999
-3.0999999 2 2.45
-2.9000001 2.0999999 -0.44999999
-2.9000001 2.0999999 -0.34999999
-2.9000001 2.0999999 -0.25
-2.9000001 2.0999999 -0.15000001
-2.9000001 2.0999999 -0.050000001
-2.9000001 2.0999999 0.050000001
-2.9000001 2.0999999 0.15000001
-2.9000001 2.0999999 0.25
-2.9000001 2.0999999 0.34999999
-2.9000001 2.0999999 0.44999999
-2.9000001 2.0999999 0.55000001
-2.9000001 2.0999999 0.64999998
-2.9000001 2.0999999 0.75
-2.9000001 2.0999999 0.85000002
-2.9000001 2.0999999 0.94999999
-2.9000001 2.0999999 1.05
-2.9000001 2.0999999 1.15
-2.9000001 2.0999999 1.25
-2.9000001 2.0999999 1.35
-2.9000001 2.0999999 1.45
-2.9000001 2.0999999 1.55
-2.9000001 2.0999999 1.65
-2.9000001 2.0999999 1.75
-2.9000001 2.0999999 1.85
-2.9000001 2.0999999 1.95
-2.9000001 2.0999999 2.05
-2.9000001 2.0999999 2.1500001
-2.9000001 2.0999999 2.25
-2.9000001 2.0999999 2.3499999
-2.9000001 2.0999999 2.45
-3 2.0999999 -0.44999999
-3 2.0999999 -0.34999999
-3 2.0999999 -0.25
-3 2.0999999 -0.15000001
-3 2.0999999 -0.050000001
-3 2.0999999 0.050000001
-3 2.0999999 0.15000001
-3 2.0999999 0.25
-3 2.0999999 0.34999999
-3 2.0999999 0.44999999
-3 2.0999999 0.55000001
-3 2.0999999 0.64999998
-3 2.0999999 0.75
-3 2.0999999 0.85000002
-3 2.0999999 0.94999999
-3 2.0999999 1.05
-3 2.0999999 1.15
-3 2.0999999 1.25
-3 2.0999999 1.35
-3 2.0999999 1.45
-3 2.0999999 1.55
-3 2.0999999 1.65
-3 2.0999999 1.75
-3 2.0999999 1.85
-3 2.0999999 1.95
-3 2.0999999 2.05
-3 2.0999999 2.1500001
-3 2.0999999 2.25
-3 2.0999999 2.3499999
-3 2.0999999 2.45
-3.0999999 2.0999999 -0.44999999
-3.0999999 2.0999999 -0.34999999
-3.0999999 2.0999999 -0.25
-3.0999999 2.0999999 -0.15000001
-3.0999999 2.0999999 -0.050000001
-3.0999999 2.0999999 0.050000001
-3.0999999 2.0999999 0.15000001
-3.0999999 2.0999999 0.25
-3.0999999 2.0999999 0.34999999
-3.0999999 2.0999999 0.44999999
-3.0999999 2.0999999 0.55000001
-3.0999999 2.0999999 0.64999998
-3.0999999 2.0999999 0.75
-3.0999999 2.0999999 0.85000002
-3.0999999 2.0999999 0.94999999
-3.0999999 2.0999999 1.05
-3.0999999 2.0999999 1.15
-3.0999999 2.0999999 1.25
-3.0999999 2.0999999 1.35
-3.0999999 2.0999999 1.45
-3.0999999 2.0999999 1.55
-3.0999999 2.0999999 1.65
-3.0999999 2.0999999 1.75
-3.0999999 2.0999999 1.85
-3.0999999 2.0999999 1.95
-3.0999999 2.0999999 2.05
-3.0999999 2.0999999 2.1500001
-3.0999999 2.0999999 2.25
-3.0999999 2.0999999 2.3499999
-3.0999999 2.0999999 2.45
-2.9000001 2.2 -0.44999999
-2.9000001 2.2 -0.34999999
-2.9000001 2.2 -0.25
-2.9000001 2.2 -0.15000001
-2.9000001 2.2 -0.050000001
-2.9000001 2.2 0.050000001
-2.9000001 2.2 0.15000001
-2.9000001 2.2 0.25
-2.9000001 2.2 0.34999999
-2.9000001 2.2 0.44999999
-2.9000001 2.2 0.55000001
-2.9000001 2.2 0.64999998
-2.9000001 2.2 0.75
-2.9000001 2.2 0.85000002
-2.9000001 2.2 0.94999999
-2.9000001 2.2 1.05
-2.9000001 2.2 1.15
-2.9000001 2.2 1.25
-2.9000001 2.2 1.35
-2.9000001 2.2 1.45
-2.9000001 2.2 1.55
-2.9000001 2.2 1.65
-2.9000001 2.2 1.75
-2.9000001 2.2 1.85
-2.9000001 2.2 1.95
-2.9000001 2.2 2.05
-2.9000001 2.2 2.1500001
-2.9000001 2.2 2.25
-2.9000001 2.2 2.3499999
-2.9000001 2.2 2.45
-3 2.2 -0.44999999
-3 2.2 -0.34999999
-3 2.2 -0.25
-3 2.2 -0.15000001
-3 2.2 -0.050000001
-3 2.2 0.050000001
-3 2.2 0.15000001
-3 2.2 0.25
-3 2.2 0.34999999
-3 2.2 0.44999999
-3 2.2 0.55000001
-3 2.2 0.64999998
-3 2.2 0.75
-3 2.2 0.85000002
-3 2.2 0.94999999
-3 2.2 1.05
-3 2.2 1.15
-3 2.2 1.25
-3 2.2 1.35
-3 2.2 1.45
-3 2.2 1.55
-3 2.2 1.65
-3 2.2 1.75
-3 2.2 1.85
-3 2.2 1.95
-3 2.2 2.05
-3 2.2 2.1500001
-3 2.2 2.25
-3 2.2 2.3499999
-3 2.2 2.45
-3.0999999 2.2 -0.44999999
-3.0999999 2.2 -0.34999999
-3.0999999 2.2 -0.25
-3.0999999 2.2 -0.15000001
-3.0999999 2.2 -0.050000001
-3.0999999 2.2 0.050000001
-3.0999999 2.2 0.15000001
-3.0999999 2.2 0.25
-3.0999999 2.2 0.34999999
-3.0999999 2.2 0.44999999
-3.0999999 2.2 0.55000001
-3.0999999 2.2 0.64999998
-3.0999999 2.2 0.75
-3.0999999 2.2 0.85000002
-3.0999999 2.2 0.94999999
-3.0999999 2.2 1.05
-3.0999999 2.2 1.15
-3.0999999 2.2 1.25
-3.0999999 2.2 1.35
-3.0999999 2.2 1.45
-3.0999999 2.2 1.55
-3.0999999 2.2 1.65
-3.0999999 2.2 1.75
-3.0999999 2.2 1.85
-3.0999999 2.2 1.95
-3.0999999 2.2 2.05
-3.0999999 2.2 2.1500001
-3.0999999 2.2 2.25
-3.0999999 2.2 2.3499999
-3.0999999 2.2 2.45
-2.9000001 2.3 -0.44999999
-2.9000001 2.3 -0.34999999
-2.9000001 2.3 -0.25
-2.9000001 2.3 -0.15000001
-2.9000001 2.3 -0.050000001
-2.9000001 2.3 0.050000001
-2.9000001 2.3 0.15000001
-2.9000001 2.3 0.25
-2.9000001 2.3 0.34999999
-2.9000001 2.3 0.44999999
-2.9000001 2.3 0.55000001
-2.9000001 2.3 0.64999998
-2.9000001 2.3 0.75
-2.9000001 2.3 0.85000002
-2.9000001 2.3 0.94999999
-2.9000001 2.3 1.05
-2.9000001 2.3 1.15
-2.9000001 2.3 1.25
-2.9000001 2.3 1.35
-2.9000001 2.3 1.45
-2.9000001 2.3 1.55
-2.9000001 2.3 1.65
-2.9000001 2.3 1.75
-2.9000001 2.3 1.85
-2.9000001 2.3 1.95
-2.9000001 2.3 2.05
-2.9000001 2.3 2.1500001
-2.9000001 2.3 2.25
-2.9000001 2.3 2.3499999
-2.9000001 2.3 2.45
-3 2.3 -0.44999999
-3 2.3 -0.34999999
-3 2.3 -0.25
-3 2.3 -0.15000001
-3 2.3 -0.050000001
-3 2.3 0.050000001
-3 2.3 0.15000001
-3 2.3 0.25
-3 2.3 0.34999999
-3 2.3 0.44999999
-3 2.3 0.55000001
-3 2.3 0.64999998
-3 2.3 0.75
-3 2.3 0.85000002
-3 2.3 0.94999999
-3 2.3 1.05
-3 2.3 1.15
-3 2.3 1.25
-3 2.3 1.35
-3 2.3 1.45
-3 2.3 1.55
-3 2.3 1.65
-3 2.3 1.75
-3 2.3 1.85
-3 2.3 1.95
-3 2.3 2.05
-3 2.3 2.1500001
-3 2.3 2.25
-3 2.3 2.3499999
-3 2.3 2.45
-3.0999999 2.3 -0.44999999
-3.0999999 2.3 -0.34999999
-3.0999999 2.3 -0.25
-3.0999999 2.3 -0.15000001
-3.0999999 2.3 -0.050000001
-3.0999999 2.3 0.050000001
-3.0999999 2.3 0.15000001
-3.0999999 2.3 0.25
-3.0999999 2.3 0.34999999
-3.0999999 2.3 0.44999999
-3.0999999 2.3 0.55000001
-3.0999999 2.3 0.64999998
-3.0999999 2.3 0.75
-3.0999999 2.3 0.85000002
-3.0999999 2.3 0.94999999
-3.0999999 2.3 1.05
-3.0999999 2.3 1.15
-3.0999999 2.3 1.25
-3.0999999 2.3 1.35
-3.0999999 2.3 1.45
-3.0999999 2.3 1.55
-3.0999999 2.3 1.65
-3.0999999 2.3 1.75
-3.0999999 2.3 1.85
-3.0999999 2.3 1.95
-3.0999999 2.3 2.05
-3.0999999 2.3 2.1500001
-3.0999999 2.3 2.25
-3.0999999 2.3 2.3499999
-3.0999999 2.3 2.45
-2.9000001 2.4000001 -0.44999999
-2.9000001 2.4000001 -0.34999999
-2.9000001 2.4000001 -0.25
-2.9000001 2.4000001 -0.15000001
-2.9000001 2.4000001 -0.050000001
-2.9000001 2.4000001 0.050000001
-2.9000001 2.4000001 0.15000001
-2.9000001 2.4000001 0.25
-2.9000001 2.4000001 0.34999999
-2.9000001 2.4000001 0.44999999
-2.9000001 2.4000001 0.55000001
-2.9000001 2.4000001 0.64999998
-2.9000001 2.4000001 0.75
-2.9000001 2.4000001 0.85000002
-2.9000001 2.4000001 0.94999999
-2.9000001 2.4000001 1.05
-2.9000001 2.4000001 1.15
-2.9000001 2.4000001 1.25
-2.9000001 2.4000001 1.35
-2.9000001 2.4000001 1.45
-2.9000001 2.4000001 1.55
-2.9000001 2.4000001 1.65
-2.9000001 2.4000001 1.75
-2.9000001 2.4000001 1.85
-2.9000001 2.4000001 1.95
-2.9000001 2.4000001 2.05
-2.9000001 2.4000001 2.1500001
-2.9000001 2.4000001 2.25
-2.9000001 2.4000001 2.3499999
-2.9000001 2.4000001 2.45
-3 2.4000001 -0.44999999
-3 2.4000001 -0.34999999
-3 2.4000001 -0.25
-3 2.4000001 -0.15000001
-3 2.4000001 -0.050000001
-3 2.4000001 0.050000001
-3 2.4000001 0.15000001
-3 2.4000001 0.25
-3 2.4000001 0.34999999
-3 2.4000001 0.44999999
-3 2.4000001 0.55000001
-3 2.4000001 0.64999998
-3 2.4000001 0.75
-3 2.4000001 0.85000002
-3 2.4000001 0.94999999
-3 2.4000001 1.05
-3 2.4000001 1.15
-3 2.4000001 1.25
-3 2.4000001 1.35
-3 2.4000001 1.45
-3 2.4000001 1.55
-3 2.4000001 1.65
-3 2.4000001 1.75
-3 2.4000001 1.85
-3 2.4000001 1.95
-3 2.4000001 2.05
-3 2.4000001 2.1500001
-3 2.4000001 2.25
-3 2.4000001 2.3499999
-3 2.4000001 2.45
-3.0999999 2.4000001 -0.44999999
-3.0999999 2.4000001 -0.34999999
-3.0999999 2.4000001 -0.25
-3.0999999 2.4000001 -0.15000001
-3.0999999 2.4000001 -0.050000001
-3.0999999 2.4000001 0.050000001
-3.0999999 2.4000001 0.15000001
-3.0999999 2.4000001 0.25
-3.0999999 2.4000001 0.34999999
-3.0999999 2.4000001 0.44999999
-3.0999999 2.4000001 0.55000001
-3.0999999 2.4000001 0.64999998
-3.0999999 2.4000001 0.75
-3.0999999 2.4000001 0.85000002
-3.0999999 2.4000001 0.94999999
-3.0999999 2.4000001 1.05
-3.0999999 2.4000001 1.15
-3.0999999 2.4000001 1.25
-3.0999999 2.4000001 1.35
-3.0999999 2.4000001 1.45
-3.0999999 2.4000001 1.55
-3.0999999 2.4000001 1.65
-3.0999999 2.4000001 1.75
-3.0999999 2.4000001 1.85
-3.0999999 2.4000001 1.95
-3.0999999 2.4000001 2.05
-3.0999999 2.4000001 2.1500001
-3.0999999 2.4000001 2.25
-3.0999999 2.4000001 2.3499999
-3.0999999 2.4000001 2.45
-2.9000001 2.5 -0.44999999
-2.9000001 2.5 -0.34999999
-2.9000001 2.5 -0.25
-2.9000001 2.5 -0.15000001
-2.9000001 2.5 -0.050000001
-2.9000001 2.5 0.050000001
-2.9000001 2.5 0.15000001
-2.9000001 2.5 0.25
-2.9000001 2.5 0.34999999
-2.9000001 2.5 0.44999999
-2.9000001 2.5 0.55000001
-2.9000001 2.5 0.64999998
-2.9000001 2.5 0.75
-2.9000001 2.5 0.85000002
-2.9000001 2.5 0.94999999
-2.9000001 2.5 1.05
-2.9000001 2.5 1.15
-2.9000001 2.5 1.25
-2.9000001 2.5 1.35
-2.9000001 2.5 1.45
-2.9000001 2.5 1.55
-2.9000001 2.5 1.65
-2.9000001 2.5 1.75
-2.9000001 2.5 1.85
-2.9000001 2.5 1.95
-2.9000001 2.5 2.05
-2.9000001 2.5 2.1500001
-2.9000001 2.5 2.25
-2.9000001 2.5 2.3499999
-2.9000001 2.5 2.45
-3 2.5 -0.44999999
-3 2.5 -0.34999999
-3 2.5 -0.25
-3 2.5 -0.15000001
-3 2.5 -0.050000001
-3 2.5 0.050000001
-3 2.5 0.15000001
-3 2.5 0.25
-3 2.5 0.34999999
-3 2.5 0.44999999
-3 2.5 0.55000001
-3 2.5 0.64999998
-3 2.5 0.75
-3 2.5 0.85000002
-3 2.5 0.94999999
-3 2.5 1.05
-3 2.5 1.15
-3 2.5 1.25
-3 2.5 1.35
-3 2.5 1.45
-3 2.5 1.55
-3 2.5 1.65
-3 2.5 1.75
-3 2.5 1.85
-3 2.5 1.95
-3 2.5 2.05
-3 2.5 2.1500001
-3 2.5 2.25
-3 2.5 2.3499999
-3 2.5 2.45
-3.0999999 2.5 -0.44999999
-3.0999999 2.5 -0.34999999
-3.0999999 2.5 -0.25
-3.0999999 2.5 -0.15000001
-3.0999999 2.5 -0.050000001
-3.0999999 2.5 0.050000001
-3.0999999 2.5 0.15000001
-3.0999999 2.5 0.25
-3.0999999 2.5 0.34999999
-3.0999999 2.5 0.44999999
-3.0999999 2.5 0.55000001
-3.0999999 2.5 0.64999998
-3.0999999 2.5 0.75
-3.0999999 2.5 0.85000002
-3.0999999 2.5 0.94999999
-3.0999999 2.5 1.05
-3.0999999 2.5 1.15
-3.0999999 2.5 1.25
-3.0999999 2.5 1.35
-3.0999999 2.5 1.45
-3.0999999 2.5 1.55
-3.0999999 2.5 1.65
-3.0999999 2.5 1.75
-3.0999999 2.5 1.85
-3.0999999 2.5 1.95
-3.0999999 2.5 2.05
-3.0999999 2.5 2.1500001
-3.0999999 2.5 2.25
-3.0999999 2.5 2.3499999
-3.0999999 2.5 2.45
-2.9000001 2.5999999 -0.44999999
-2.9000001 2.5999999 -0.34999999
-2.9000001 2.5999999 -0.25
-2.9000001 2.5999999 -0.15000001
-2.9000001 2.5999999 -0.050000001
-2.9000001 2.5999999 0.050000001
-2.9000001 2.5999999 0.15000001
-2.9000001 2.5999999 0.25
-2.9000001 2.5999999 0.34999999
-2.9000001 2.5999999 0.44999999
-2.9000001 2.5999999 0.55000001
-2.9000001 2.5999999 0.64999998
-2.9000001 2.5999999 0.75
-2.9000001 2.5999999 0.85000002
-2.9000001 2.5999999 0.94999999
-2.9000001 2.5999999 1.05
-2.9000001 2.5999999 1.15
-2.9000001 2.5999999 1.25
-2.9000001 2.5999999 1.35
-2.9000001 2.5999999 1.45
-2.9000001 2.5999999 1.55
-2.9000001 2.5999999 1.65
-2.9000001 2.5999999 1.75
-2.9000001 2.5999999 1.85
-2.9000001 2.5999999 1.95
-2.9000001 2.5999999 2.05
-2.9000001 2.5999999 2.1500001
-2.9000001 2.5999999 2.25
-2.9000001 2.5999999 2.3499999
-2.9000001 2.5999999 2.45
-3 2.5999999 -0.44999999
-3 2.5999999 -0.34999999
-3 2.5999999 -0.25
-3 2.5999999 -0.15000001
-3 2.5999999 -0.050000001
-3 2.5999999 0.050000001
-3 2.5999999 0.15000001
-3 2.5999999 0.25
-3 2.5999999 0.34999999
-3 2.5999999 0.44999999
-3 2.5999999 0.55000001
-3 2.5999999 0.64999998
-3 2.5999999 0.75
-3 2.5999999 0.85000002
-3 2.5999999 0.94999999
-3 2.5999999 1.05
-3 2.5999999 1.15
-3 2.5999999 1.25
-3 2.5999999 1.35
-3 2.5999999 1.45
-3 2.5999999 1.55
-3 2.5999999 1.65
-3 2.5999999 1.75
-3 2.5999999 1.85
-3 2.5999999 1.95
-3 2.5999999 2.05
-3 2.5999999 2.1500001
-3 2.5999999 2.25
-3 2.5999999 2.3499999
-3 2.5999999 2.45
-3.0999999 2.5999999 -0.44999999
-3.0999999 2.5999999 -0.34999999
-3.0999999 2.5999999 -0.25
-3.0999999 2.5999999 -0.15000001
-3.0999999 2.5999999 -0.050000001
-3.0999999 2.5999999 0.050000001
-3.0999999 2.5999999 0.15000001
-3.0999999 2.5999999 0.25
-3.0999999 2.5999999 0.34999999
-3.0999999 2.5999999 0.44999999
-3.0999999 2.5999999 0.55000001
-3.0999999 2.5999999 0.64999998
-3.0999999 2.5999999 0.75
-3.0999999 2.5999999 0.85000002
-3.0999999 2.5999999 0.94999999
-3.0999999 2.5999999 1.05
-3.0999999 2.5999999 1.15
-3.0999999 2.5999999 1.25
-3.0999999 2.5999999 1.35
-3.0999999 2.5999999 1.45
-3.0999999 2.5999999 1.55
-3.0999999 2.5999999 1.65
-3.0999999 2.5999999 1.75
-3.0999999 2.5999999 1.85
-3.0999999 2.5999999 1.95
-3.0999999 2.5999999 2.05
-3.0999999 2.5999999 2.1500001
-3.0999999 2.5999999 2.25
-3.0999999 2.5999999 2.3499999
-3.0999999 2.5999999 2.45
-2.9000001 2.7 -0.44999999
-2.9000001 2.7 -0.34999999
-2.9000001 2.7 -0.25
-2.9000001 2.7 -0.15000001
-2.9000001 2.7 -0.050000001
-2.9000001 2.7 0.050000001
-2.9000001 2.7 0.15000001
-2.9000001 2.7 0.25
-2.9000001 2.7 0.34999999
-2.9000001 2.7 0.44999999
-2.9000001 2.7 0.55000001
-2.9000001 2.7 0.64999998
-2.9000001 2.7 0.75
-2.9000001 2.7 0.85000002
-2.9000001 2.7 0.94999999
-2.9000001 2.7 1.05
-2.9000001 2.7 1.15
-2.9000001 2.7 1.25
-2.9000001 2.7 1.35
-2.9000001 2.7 1.45
-2.9000001 2.7 1.55
-2.9000001 2.7 1.65
-2.9000001 2.7 1.75
-2.9000001 2.7 1.85
-2.9000001 2.7 1.95
-2.9000001 2.7 2.05
-2.9000001 2.7 2.1500001
-2.9000001 2.7 2.25
-2.9000001 2.7 2.3499999
-2.9000001 2.7 2.45
-3 2.7 -0.44999999
-3 2.7 -0.34999999
-3 2.7 -0.25
-3 2.7 -0.15000001
-3 2.7 -0.050000001
-3 2.7 0.050000001
-3 2.7 0.15000001
-3 2.7 0.25
-3 2.7 0.34999999
-3 2.7 0.44999999
-3 2.7 0.55000001
-3 2.7 0.64999998
-3 2.7 0.75
-3 2.7 0.85000002
-3 2.7 0.94999999
-3 2.7 1.05
-3 2.7 1.15
-3 2.7 1.25
-3 2.7 1.35
-3 2.7 1.45
-3 2.7 1.55
-3 2.7 1.65
-3 2.7 1.75
-3 2.7 1.85
-3 2.7 1.95
-3 2.7 2.05
-3 2.7 2.1500001
-3 2.7 2.25
-3 2.7 2.3499999
-3 2.7 2.45
-3.0999999 2.7 -0.44999999
-3.0999999 2.7 -0.34999999
-3.0999999 2.7 -0.25
-3.0999999 2.7 -0.15000001
-3.0999999 2.7 -0.050000001
-3.0999999 2.7 0.050000001
-3.0999999 2.7 0.15000001
-3.0999999 2.7 0.25
-3.0999999 2.7 0.34999999
-3.0999999 2.7 0.44999999
-3.0999999 2.7 0.55000001
-3.0999999 2.7 0.64999998
-3.0999999 2.7 0.75
-3.0999999 2.7 0.85000002
-3.0999999 2.7 0.94999999
-3.0999999 2.7 1.05
-3.0999999 2.7 1.15
-3.0999999 2.7 1.25
-3.0999999 2.7 1.35
-3.0999999 2.7 1.45
-3.0999999 2.7 1.55
-3.0999999 2.7 1.65
-3.0999999 2.7 1.75
-3.0999999 2.7 1.85
-3.0999999 2.7 1.95
-3.0999999 2.7 2.05
-3.0999999 2.7 2.1500001
-3.0999999 2.7 2.25
-3.0999999 2.7 2.3499999
-3.0999999 2.7 2.45
-2.9000001 2.8 -0.44999999
-2.9000001 2.8 -0.34999999
-2.9000001 2.8 -0.25
-2.9000001 2.8 -0.15000001
-2.9000001 2.8 -0.050000001
-2.9000001 2.8 0.050000001
-2.9000001 2.8 0.15000001
-2.9000001 2.8 0.25
-2.9000001 2.8 0.34999999
-2.9000001 2.8 0.44999999
-2.9000001 2.8 0.55000001
-2.9000001 2.8 0.64999998
-2.9000001 2.8 0.75
-2.9000001 2.8 0.85000002
-2.9000001 2.8 0.94999999
-2.9000001 2.8 1.05
-2.9000001 2.8 1.15
-2.9000001 2.8 1.25
-2.9000001 2.8 1.35
-2.9000001 2.8 1.45
-2.9000001 2.8 1.55
-2.9000001 2.8 1.65
-2.9000001 2.8 1.75
-2.9000001 2.8 1.85
-2.9000001 2.8 1.95
-2.9000001 2.8 2.05
-2.9000001 2.8 2.1500001
-2.9000001 2.8 2.25
-2.9000001 2.8 2.3499999
-2.9000001 2.8 2.45
-3 2.8 -0.44999999
-3 2.8 -0.34999999
-3 2.8 -0.25
-3 2.8 -0.15000001
-3 2.8 -0.050000001
-3 2.8 0.050000001
-3 2.8 0.15000001
-3 2.8 0.25
-3 2.8 0.34999999
-3 2.8 0.44999999
-3 2.8 0.55000001
-3 2.8 0.64999998
-3 2.8 0.75
-3 2.8 0.85000002
-3 2.8 0.94999999
-3 2.8 1.05
-3 2.8 1.15
-3 2.8 1.25
-3 2.8 1.35
-3 2.8 1.45
-3 2.8 1.55
-3 2.8 1.65
-3 2.8 1.75
-3 2.8 1.85
-3 2.8 1.95
-3 2.8 2.05
-3 2.8 2.1500001
-3 2.8 2.25
-3 2.8 2.3499999
-3 2.8 2.45
-3.0999999 2.8 -0.44999999
-3.0999999 2.8 -0.34999999
-3.0999999 2.8 -0.25
-3.0999999 2.8 -0.15000001
-3.0999999 2.8 -0.050000001
-3.0999999 2.8 0.050000001
-3.0999999 2.8 0.15000001
-3.0999999 2.8 0.25
-3.0999999 2.8 0.34999999
-3.0999999 2.8 0.44999999
-3.0999999 2.8 0.55000001
-3.0999999 2.8 0.64999998
-3.0999999 2.8 0.75
-3.0999999 2.8 0.85000002
-3.0999999 2.8 0.94999999
-3.0999999 2.8 1.05
-3.0999999 2.8 1.15
-3.0999999 2.8 1.25
-3.0999999 2.8 1.35
-3.0999999 2.8 1.45
-3.0999999 2.8 1.55
-3.0999999 2.8 1.65
-3.0999999 2.8 1.75
-3.0999999 2.8 1.85
-3.0999999 2.8 1.95
-3.0999999 2.8 2.05
-3.0999999 2.8 2.1500001
-3.0999999 2.8 2.25
-3.0999999 2.8 2.3499999
-3.0999999 2.8 2.45
-2.9000001 2.9000001 -0.44999999
-2.9000001 2.9000001 -0.34999999
-2.9000001 2.9000001 -0.25
-2.9000001 2.9000001 -0.15000001
-2.9000001 2.9000001 -0.050000001
-2.9000001 2.9000001 0.050000001
-2.9000001 2.9000001 0.15000001
-2.9000001 2.9000001 0.25
-2.9000001 2.9000001 0.34999999
-2.9000001 2.9000001 0.44999999
-2.9000001 2.9000001 0.55000001
-2.9000001 2.9000001 0.64999998
-2.9000001 2.9000001 0.75
-2.9000001 2.9000001 0.85000002
-2.9000001 2.9000001 0.94999999
-2.9000001 2.9000001 1.05
-2.9000001 2.9000001 1.15
-2.9000001 2.9000001 1.25
-2.9000001 2.9000001 1.35
-2.9000001 2.9000001 1.45
-2.9000001 2.9000001 1.55
-2.9000001 2.9000001 1.65
-2.9000001 2.9000001 1.75
-2.9000001 2.9000001 1.85
-2.9000001 2.9000001 1.95
-2.9000001 2.9000001 2.05
-2.9000001 2.9000001 2.1500001
-2.9000001 2.9000001 2.25
-2.9000001 2.9000001 2.3499999
-2.9000001 2.9000001 2.45
-3 2.9000001 -0.44999999
-3 2.9000001 -0.34999999
-3 2.9000001 -0.25
-3 2.9000001 -0.15000001
-3 2.9000001 -0.050000001
-3 2.9000001 0.050000001
-3 2.9000001 0.15000001
-3 2.9000001 0.25
-3 2.9000001 0.34999999
-3 2.9000001 0.44999999
-3 2.9000001 0.55000001
-3 2.9000001 0.64999998
-3 2.9000001 0.75
-3 2.9000001 0.85000002
-3 2.9000001 0.94999999
-3 2.9000001 1.05
-3 2.9000001 1.15
-3 2.9000001 1.25
-3 2.9000001 1.35
-3 2.9000001 1.45
-3 2.9000001 1.55
-3 2.9000001 1.65
-3 2.9000001 1.75
-3 2.9000001 1.85
-3 2.9000001 1.95
-3 2.9000001 2.05
-3 2.9000001 2.1500001
-3 2.9000001 2.25
-3 2.9000001 2.3499999
-3 2.9000001 2.45
-3.0999999 2.9000001 -0.44999999
-3.0999999 2.9000001 -0.34999999
-3.0999999 2.9000001 -0.25
-3.0999999 2.9000001 -0.15000001
-3.0999999 2.9000001 -0.050000001
-3.0999999 2.9000001 0.050000001
-3.0999999 2.9000001 0.15000001
-3.0999999 2.9000001 0.25
-3.0999999 2.9000001 0.34999999
-3.0999999 2.9000001 0.44999999
-3.0999999 2.9000001 0.55000001
-3.0999999 2.9000001 0.64999998
-3.0999999 2.9000001 0.75
-3.0999999 2.9000001 0.85000002
-3.0999999 2.9000001 0.94999999
-3.0999999 2.9000001 1.05
-3.0999999 2.9000001 1.15
-3.0999999 2.9000001 1.25
-3.0999999 2.9000001 1.35
-3.0999999 2.9000001 1.45
-3.0999999 2.9000001 1.55
-3.0999999 2.9000001 1.65
-3.0999999 2.9000001 1.75
-3.0999999 2.9000001 1.85
-3.0999999 2.9000001 1.95
-3.0999999 2.9000001 2.05
-3.0999999 2.9000001 2.1500001
-3.0999999 2.9000001 2.25
-3.0999999 2.9000001 2.3499999
-3.0999999 2.9000001 2.45
-2.9000001 3 -0.44999999
-2.9000001 3 -0.34999999
-2.9000001 3 -0.25
-2.9000001 3 -0.15000001
-2.9000001 3 -0.050000001
-2.9000001 3 0.050000001
-2.9000001 3 0.15000001
-2.9000001 3 0.25
-2.9000001 3 0.34999999
-2.9000001 3 0.44999999
-2.9000001 3 0.55000001
-2.9000001 3 0.64999998
-2.9000001 3 0.75
-2.9000001 3 0.85000002
-2.9000001 3 0.94999999
-2.9000001 3 1.05
-2.9000001 3 1.15
-2.9000001 3 1.25
-2.9000001 3 1.35
-2.9000001 3 1.45
-2.9000001 3 1.55
-2.9000001 3 1.65
-2.9000001 3 1.75
-2.9000001 3 1.85
-2.9000001 3 1.95
-2.9000001 3 2.05
-2.9000001 3 2.1500001
-2.9000001 3 2.25
-2.9000001 3 2.3499999
-2.9000001 3 2.45
-3 3 -0.44999999
-3 3 -0.34999999
-3 3 -0.25
-3 3 -0.15000001
-3 3 -0.050000001
-3 3 0.050000001
-3 3 0.15000001
-3 3 0.25
-3 3 0.34999999
-3 3 0.44999999
-3 3 0.55000001
-3 3 0.64999998
-3 3 0.75
-3 3 0.85000002
-3 3 0.94999999
-3 3 1.05
-3 3 1.15
-3 3 1.25
-3 3 1.35
-3 3 1.45
-3 3 1.55
-3 3 1.65
-3 3 1.75
-3 3 1.85
-3 3 1.95
-3 3 2.05
-3 3 2.1500001
-3 3 2.25
-3 3 2.3499999
-3 3 2.45
-3.0999999 3 -0.44999999
-3.0999999 3 -0.34999999
-3.0999999 3 -0.25
-3.0999999 3 -0.15000001
-3.0999999 3 -0.050000001
-3.0999999 3 0.050000001
-3.0999999 3 0.15000001
-3.0999999 3 0.25
-3.0999999 3 0.34999999
-3.0999999 3 0.44999999
-3.0999999 3 0.55000001
-3.0999999 3 0.64999998
-3.0999999 3 0.75
-3.0999999 3 0.85000002
-3.0999999 3 0.94999999
-3.0999999 3 1.05
-3.0999999 3 1.15
-3.0999999 3 1.25
-3.0999999 3 1.35
-3.0999999 3 1.45
-3.0999999 3 1.55
-3.0999999 3 1.65
-3.0999999 3 1.75
-3.0999999 3 1.85
-3.0999999 3 1.95
-3.0999999 3 2.05
-3.0999999 3 2.1500001
-3.0999999 3 2.25
-3.0999999 3 2.3499999
-3.0999999 3 2.45
-2.9000001 3.0999999 -0.44999999
-2.9000001 3.0999999 -0.34999999
-2.9000001 3.0999999 -0.25
-2.9000001 3.0999999 -0.15000001
-2.9000001 3.0999999 -0.050000001
-2.9000001 3.0999999 0.050000001
-2.9000001 3.0999999 0.15000001
-2.9000001 3.0999999 0.25
-2.9000001 3.0999999 0.34999999
-2.9000001 3.0999999 0.44999999
-2.9000001 3.0999999 0.55000001
-2.9000001 3.0999999 0.64999998
-2.9000001 3.0999999 0.75
-2.9000001 3.0999999 0.85000002
-2.9000001 3.0999999 0.94999999
-2.9000001 3.0999999 1.05
-2.9000001 3.0999999 1.15
-2.9000001 3.0999999 1.25
-2.9000001 3.0999999 1.35
-2.9000001 3.0999999 1.45
-2.9000001 3.0999999 1.55
-2.9000001 3.0999999 1.65
-2.9000001 3.0999999 1.75
-2.9000001 3.0999999 1.85
-2.9000001 3.0999999 1.95
-2.9000001 3.0999999 2.05
-2.9000001 3.0999999 2.1500001
-2.9000001 3.0999999 2.25
-2.9000001 3.0999999 2.3499999
-2.9000001 3.0999999 2.45
-3 3.0999999 -0.44999999
-3 3.0999999 -0.34999999
-3 3.0999999 -0.25
-3 3.0999999 -0.15000001
-3 3.0999999 -0.050000001
-3 3.0999999 0.050000001
-3 3.0999999 0.15000001
-3 3.0999999 0.25
-3 3.0999999 0.34999999
-3 3.0999999 0.44999999
-3 3.0999999 0.55000001
-3 3.0999999 0.64999998
-3 3.0999999 0.75
-3 3.0999999 0.85000002
-3 3.0999999 0.94999999
-3 3.0999999 1.05
-3 3.0999999 1.15
-3 3.0999999 1.25
-3 3.0999999 1.35
-3 3.0999999 1.45
-3 3.0999999 1.55
-3 3.0999999 1.65
-3 3.0999999 1.75
-3 3.0999999 1.85
-3 3.0999999 1.95
-3 3.0999999 2.05
-3 3.0999999 2.1500001
-3 3.0999999 2.25
-3 3.0999999 2.3499999
-3 3.0999999 2.45
-3.0999999 3.0999999 -0.44999999
-3.0999999 3.0999999 -0.34999999
-3.0999999 3.0999999 -0.25
-3.0999999 3.0999999 -0.15000001
-3.0999999 3.0999999 -0.050000001
-3.0999999 3.0999999 0.050000001
-3.0999999 3.0999999 0.15000001
-3.0999999 3.0999999 0.25
-3.0999999 3.0999999 0.34999999
-3.0999999 3.0999999 0.44999999
-3.0999999 3.0999999 0.55000001
-3.0999999 3.0999999 0.64999998
-3.0999999 3.0999999 0.75
-3.0999999 3.0999999 0.85000002
-3.0999999 3.0999999 0.94999999
-3.0999999 3.0999999 1.05
-3.0999999 3.0999999 1.15
-3.0999999 3.0999999 1.25
-3.0999999 3.0999999 1.35
-3.0999999 3.0999999 1.45
-3.0999999 3.0999999 1.55
-3.0999999 3.0999999 1.65
-3.0999999 3.0999999 1.75
-3.0999999 3.0999999 1.85
-3.0999999 3.0999999 1.95
-3.0999999 3.0999999 2.05
-3.0999999 3.0999999 2.1500001
-3.0999999 3.0999999 2.25
-3.0999999 3.0999999 2.3499999
-3.0999999 3.0999999 2.45
-2.9000001 3.2 -0.44999999
-2.9000001 3.2 -0.34999999
-2.9000001 3.2 -0.25
-2.9000001 3.2 -0.15000001
-2.9000001 3.2 -0.050000001
-2.9000001 3.2 0.050000001
-2.9000001 3.2 0.15000001
-2.9000001 3.2 0.25
-2.9000001 3.2 0.34999999
-2.9000001 3.2 0.44999999
-2.9000001 3.2 0.55000001
-2.9000001 3.2 0.64999998
-2.9000001 3.2 0.75
-2.9000001 3.2 0.85000002
-2.9000001 3.2 0.94999999
-2.9000001 3.2 1.05
-2.9000001 3.2 1.15
-2.9000001 3.2 1.25
-2.9000001 3.2 1.35
-2.9000001 3.2 1.45
-2.9000001 3.2 1.55
-2.9000001 3.2 1.65
-2.9000001 3.2 1.75
-2.9000001 3.2 1.85
-2.9000001 3.2 1.95
-2.9000001 3.2 2.05
-2.9000001 3.2 2.1500001
-2.9000001 3.2 2.25
-2.9000001 3.2 2.3499999
-2.9000001 3.2 2.45
-3 3.2 -0.44999999
-3 3.2 -0.34999999
-3 3.2 -0.25
-3 3.2 -0.15000001
-3 3.2 -0.050000001
-3 3.2 0.050000001
-3 3.2 0.15000001
-3 3.2 0.25
-3 3.2 0.34999999
-3 3.2 0.44999999
-3 3.2 0.55000001
-3 3.2 0.64999998
-3 3.2 0.75
-3 3.2 0.85000002
-3 3.2 0.94999999
-3 3.2 1.05
-3 3.2 1.15
-3 3.2 1.25
-3 3.2 1.35
-3 3.2 1.45
-3 3.2 1.55
-3 3.2 1.65
-3 3.2 1.75
-3 3.2 1.85
-3 3.2 1.95
-3 3.2 2.05
-3 3.2 2.1500001
-3 3.2 2.25
-3 3.2 2.3499999
-3 3.2 2.45
-3.0999999 3.2 -0.44999999
-3.0999999 3.2 -0.34999999
-3.0999999 3.2 -0.25
-3.0999999 3.2 -0.15000001
-3.0999999 3.2 -0.050000001
-3.0999999 3.2 0.050000001
-3.0999999 3.2 0.15000001
-3.0999999 3.2 0.25
-3.0999999 3.2 0.34999999
-3.0999999 3.2 0.44999999
-3.0999999 3.2 0.55000001
-3.0999999 3.2 0.64999998
-3.0999999 3.2 0.75
-3.0999999 3.2 0.85000002
-3.0999999 3.2 0.94999999
-3.0999999 3.2 1.05
-3.0999999 3.2 1.15
-3.0999999 3.2 1.25
-3.0999999 3.2 1.35
-3.0999999 3.2 1.45
-3.0999999 3.2 1.55
-3.0999999 3.2 1.65
-3.0999999 3.2 1.75
-3.0999999 3.2 1.85
-3.0999999 3.2 1.95
-3.0999999 3.2 2.05
-3.0999999 3.2 2.1500001
-3.0999999 3.2 2.25
-3.0999999 3.2 2.3499999
-3.0999999 3.2 2.45
-2.9000001 3.3 -0.44999999
-2.9000001 3.3 -0.34999999
-2.9000001 3.3 -0.25
-2.9000001 3.3 -0.15000001
-2.9000001 3.3 -0.050000001
-2.9000001 3.3 0.050000001
-2.9000001 3.3 0.15000001
-2.9000001 3.3 0.25
-2.9000001 3.3 0.34999999
-2.9000001 3.3 0.44999999
-2.9000001 3.3 0.55000001
-2.9000001 3.3 0.64999998
-2.9000001 3.3 0.75
-2.9000001 3.3 0.85000002
-2.9000001 3.3 0.94999999
-2.9000001 3.3 1.05
-2.9000001 3.3 1.15
-2.9000001 3.3 1.25
-2.9000001 3.3 1.35
-2.9000001 3.3 1.45
-2.9000001 3.3 1.55
-2.9000001 3.3 1.65
-2.9000001 3.3 1.75
-2.9000001 3.3 1.85
-2.9000001 3.3 1.95
-2.9000001 3.3 2.05
-2.9000001 3.3 2.1500001
-2.9000001 3.3 2.25
-2.9000001 3.3 2.3499999
-2.9000001 3.3 2.45
-3 3.3 -0.44999999
-3 3.3 -0.34999999
-3 3.3 -0.25
-3 3.3 -0.15000001
-3 3.3 -0.050000001
-3 3.3 0.050000001
-3 3.3 0.15000001
-3 3.3 0.25
-3 3.3 0.34999999
-3 3.3 0.44999999
-3 3.3 0.55000001
-3 3.3 0.64999998
-3 3.3 0.75
-3 3.3 0.85000002
-3 3.3 0.94999999
-3 3.3 1.05
-3 3.3 1.15
-3 3.3 1.25
-3 3.3 1.35
-3 3.3 1.45
-3 3.3 1.55
-3 3.3 1.65
-3 3.3 1.75
-3 3.3 1.85
-3 3.3 1.95
-3 3.3 2.05
-3 3.3 2.1500001
-3 3.3 2.25
-3 3.3 2.3499999
-3 3.3 2.45
-3.0999999 3.3 -0.44999999
-3.0999999 3.3 -0.34999999
-3.0999999 3.3 -0.25
-3.0999999 3.3 -0.15000001
-3.0999999 3.3 -0.050000001
-3.0999999 3.3 0.050000001
-3.0999999 3.3 0.15000001
-3.0999999 3.3 0.25
-3.0999999 3.3 0.34999999
-3.0999999 3.3 0.44999999
-3.0999999 3.3 0.55000001
-3.0999999 3.3 0.64999998
-3.0999999 3.3 0.75
-3.0999999 3.3 0.85000002
-3.0999999 3.3 0.94999999
-3.0999999 3.3 1.05
-3.0999999 3.3 1.15
-3.0999999 3.3 1.25
-3.0999999 3.3 1.35
-3.0999999 3.3 1.45
-3.0999999 3.3 1.55
-3.0999999 3.3 1.65
-3.0999999 3.3 1.75
-3.0999999 3.3 1.85
-3.0999999 3.3 1.95
-3.0999999 3.3 2.05
-3.0999999 3.3 2.1500001
-3.0999999 3.3 2.25
-3.0999999 3.3 2.3499999
-3.0999999 3.3 2.45
-2.9000001 3.4000001 -0.44999999
-2.9000001 3.4000001 -0.34999999
-2.9000001 3.4000001 -0.25
-2.9000001 3.4000001 -0.15000001
-2.9000001 3.4000001 -0.050000001
-2.9000001 3.4000001 0.050000001
-2.9000001 3.4000001 0.15000001
-2.9000001 3.4000001 0.25
-2.9000001 3.4000001 0.34999999
-2.9000001 3.4000001 0.44999999
-2.9000001 3.4000001 0.55000001
-2.9000001 3.4000001 0.64999998
-2.9000001 3.4000001 0.75
-2.9000001 3.4000001 0.85000002
-2.9000001 3.4000001 0.94999999
-2.9000001 3.4000001 1.05
-2.9000001 3.4000001 1.15
-2.9000001 3.4000001 1.25
-2.9000001 3.4000001 1.35
-2.9000001 3.4000001 1.45
-2.9000001 3.4000001 1.55
-2.9000001 3.4000001 1.65
-2.9000001 3.4000001 1.75
-2.9000001 3.4000001 1.85
-2.9000001 3.4000001 1.95
-2.9000001 3.4000001 2.05
-2.9000001 3.4000001 2.1500001
-2.9000001 3.4000001 2.25
-2.9000001 3.4000001 2.3499999
-2.9000001 3.4000001 2.45
-3 3.4000001 -0.44999999
-3 3.4000001 -0.34999999
-3 3.4000001 -0.25
-3 3.4000001 -0.15000001
-3 3.4000001 -0.050000001
-3 3.4000001 0.050000001
-3 3.4000001 0.15000001
-3 3.4000001 0.25
-3 3.4000001 0.34999999
-3 3.4000001 0.44999999
-3 3.4000001 0.55000001
-3 3.4000001 0.64999998
-3 3.4000001 0.75
-3 3.4000001 0.85000002
-3 3.4000001 0.94999999
-3 3.4000001 1.05
-3 3.4000001 1.15
-3 3.4000001 1.25
-3 3.4000001 1.35
-3 3.4000001 1.45
-3 3.4000001 1.55
-3 3.4000001 1.65
-3 3.4000001 1.75
-3 3.4000001 1.85
-3 3.4000001 1.95
-3 3.4000001 2.05
-3 3.4000001 2.1500001
-3 3.4000001 2.25
-3 3.4000001 2.3499999
-3 3.4000001 2.45
-3.0999999 3.4000001 -0.44999999
-3.0999999 3.4000001 -0.34999999
-3.0999999 3.4000001 -0.25
-3.0999999 3.4000001 -0.15000001
-3.0999999 3.4000001 -0.050000001
-3.0999999 3.4000001 0.050000001
-3.0999999 3.4000001 0.15000001
-3.0999999 3.4000001 0.25
-3.0999999 3.4000001 0.34999999
-3.0999999 3.4000001 0.44999999
-3.0999999 3.4000001 0.55000001
-3.0999999 3.4000001 0.64999998
-3.0999999 3.4000001 0.75
-3.0999999 3.4000001 0.85000002
-3.0999999 3.4000001 0.94999999
-3.0999999 3.4000001 1.05
-3.0999999 3.4000001 1.15
-3.0999999 3.4000001 1.25
-3.0999999 3.4000001 1.35
-3.0999999 3.4000001 1.45
-3.0999999 3.4000001 1.55
-3.0999999 3.4000001 1.65
-3.0999999 3.4000001 1.75
-3.0999999 3.4000001 1.85
-3.0999999 3.4000001 1.95
-3.0999999 3.4000001 2.05
-3.0999999 3.4000001 2.1500001
-3.0999999 3.4000001 2.25
-3.0999999 3.4000001 2.3499999
-3.0999999 3.4000001 2.45
-2.9000001 3.5 -0.44999999
-2.9000001 3.5 -0.34999999
-2.9000001 3.5 -0.25
-2.9000001 3.5 -0.15000001
-2.9000001 3.5 -0.050000001
-2.9000001 3.5 0.050000001
-2.9000001 3.5 0.15000001
-2.9000001 3.5 0.25
-2.9000001 3.5 0.34999999
-2.9000001 3.5 0.44999999
-2.9000001 3.5 0.55000001
-2.9000001 3.5 0.64999998
-2.9000001 3.5 0.75
-2.9000001 3.5 0.85000002
-2.9000001 3.5 0.94999999
-2.9000001 3.5 1.05
-2.9000001 3.5 1.15
-2.9000001 3.5 1.25
-2.9000001 3.5 1.35
-2.9000001 3.5 1.45
-2.9000001 3.5 1.55
-2.9000001 3.5 1.65
-2.9000001 3.5 1.75
-2.9000001 3.5 1.85
-2.9000001 3.5 1.95
-2.9000001 3.5 2.05
-2.9000001 3.5 2.1500001
-2.9000001 3.5 2.25
-2.9000001 3.5 2.3499999
-2.9000001 3.5 2.45
-3 3.5 -0.44999999
-3 3.5 -0.34999999
-3 3.5 -0.25
-3 3.5 -0.15000001
-3 3.5 -0.050000001
-3 3.5 0.050000001
-3 3.5 0.15000001
-3 3.5 0.25
-3 3.5 0.34999999
-3 3.5 0.44999999
-3 3.5 0.55000001
-3 3.5 0.64999998
-3 3.5 0.75
-3 3.5 0.85000002
-3 3.5 0.94999999
-3 3.5 1.05
-3 3.5 1.15
-3 3.5 1.25
-3 3.5 1.35
-3 3.5 1.45
-3 3.5 1.55
-3 3.5 1.65
-3 3.5 1.75
-3 3.5 1.85
-3 3.5 1.95
-3 3.5 2.05
-3 3.5 2.1500001
-3 3.5 2.25
-3 3.5 2.3499999
-3 3.5 2.45
-3.0999999 3.5 -0.44999999
-3.0999999 3.5 -0.34999999
-3.0999999 3.5 -0.25
-3.0999999 3.5 -0.15000001
-3.0999999 3.5 -0.050000001
-3.0999999 3.5 0.050000001
-3.0999999 3.5 0.15000001
-3.0999999 3.5 0.25
-3.0999999 3.5 0.34999999
-3.0999999 3.5 0.44999999
-3.0999999 3.5 0.55000001
-3.0999999 3.5 0.64999998
-3.0999999 3.5 0.75
-3.0999999 3.5 0.85000002
-3.0999999 3.5 0.94999999
-3.0999999 3.5 1.05
-3.0999999 3.5 1.15
-3.0999999 3.5 1.25
-3.0999999 3.5 1.35
-3.0999999 3.5 1.45
-3.0999999 3.5 1.55
-3.0999999 3.5 1.65
-3.0999999 3.5 1.75
-3.0999999 3.5 1.85
-3.0999999 3.5 1.95
-3.0999999 3.5 2.05
-3.0999999 3.5 2.1500001
-3.0999999 3.5 2.25
-3.0999999 3.5 2.3499999
-3.0999999 3.5 2.45
-2.9000001 3.5999999 -0.44999999
-2.9000001 3.5999999 -0.34999999
-2.9000001 3.5999999 -0.25
-2.9000001 3.5999999 -0.15000001
-2.9000001 3.5999999 -0.050000001
-2.9000001 3.5999999 0.050000001
-2.9000001 3.5999999 0.15000001
-2.9000001 3.5999999 0.25
-2.9000001 3.5999999 0.34999999
-2.9000001 3.5999999 0.44999999
-2.9000001 3.5999999 0.55000001
-2.9000001 3.5999999 0.64999998
-2.9000001 3.5999999 0.75
-2.9000001 3.5999999 0.85000002
-2.9000001 3.5999999 0.94999999
-2.9000001 3.5999999 1.05
-2.9000001 3.5999999 1.15
-2.9000001 3.5999999 1.25
-2.9000001 3.5999999 1.35
-2.9000001 3.5999999 1.45
-2.9000001 3.5999999 1.55
-2.9000001 3.5999999 1.65
-2.9000001 3.5999999 1.75
-2.9000001 3.5999999 1.85
-2.9000001 3.5999999 1.95
-2.9000001 3.5999999 2.05
-2.9000001 3.5999999 2.1500001
-2.9000001 3.5999999 2.25
-2.9000001 3.5999999 2.3499999
-2.9000001 3.5999999 2.45
-3 3.5999999 -0.44999999
-3 3.5999999 -0.34999999
-3 3.5999999 -0.25
-3 3.5999999 -0.15000001
-3 3.5999999 -0.050000001
-3 3.5999999 0.050000001
-3 3.5999999 0.15000001
-3 3.5999999 0.25
-3 3.5999999 0.34999999
-3 3.5999999 0.44999999
-3 3.5999999 0.55000001
-3 3.5999999 0.64999998
-3 3.5999999 0.75
-3 3.5999999 0.85000002
-3 3.5999999 0.94999999
-3 3.5999999 1.05
-3 3.5999999 1.15
-3 3.5999999 1.25
-3 3.5999999 1.35
-3 3.5999999 1.45
-3 3.5999999 1.55
-3 3.5999999 1.65
-3 3.5999999 1.75
-3 3.5999999 1.85
-3 3.5999999 1.95
-3 3.5999999 2.05
-3 3.5999999 2.1500001
-3 3.5999999 2.25
-3 3.5999999 2.3499999
-3 3.5999999 2.45
-3.0999999 3.5999999 -0.44999999
-3.0999999 3.5999999 -0.34999999
-3.0999999 3.5999999 -0.25
-3.0999999 3.5999999 -0.15000001
-3.0999999 3.5999999 -0.050000001
-3.0999999 3.5999999 0.050000001
-3.0999999 3.5999999 0.15000001
-3.0999999 3.5999999 0.25
-3.0999999 3.5999999 0.34999999
-3.0999999 3.5999999 0.44999999
-3.0999999 3.5999999 0.55000001
-3.0999999 3.5999999 0.64999998
-3.0999999 3.5999999 0.75
-3.0999999 3.5999999 0.85000002
-3.0999999 3.5999999 0.94999999
-3.0999999 3.5999999 1.05
-3.0999999 3.5999999 1.15
-3.0999999 3.5999999 1.25
-3.0999999 3.5999999 1.35
-3.0999999 3.5999999 1.45
-3.0999999 3.5999999 1.55
-3.0999999 3.5999999 1.65
-3.0999999 3.5999999 1.75
-3.0999999 3.5999999 1.85
-3.0999999 3.5999999 1.95
-3.0999999 3.5999999 2.05
-3.0999999 3.5999999 2.1500001
-3.0999999 3.5999999 2.25
-3.0999999 3.5999999 2.3499999
-3.0999999 3.5999999 2.45
-2.9000001 3.7 -0.44999999
-2.9000001 3.7 -0.34999999
-2.9000001 3.7 -0.25
-2.9000001 3.7 -0.15000001
-2.9000001 3.7 -0.050000001
-2.9000001 3.7 0.050000001
-2.9000001 3.7 0.15000001
-2.9000001 3.7 0.25
-2.9000001 3.7 0.34999999
-2.9000001 3.7 0.44999999
-2.9000001 3.7 0.55000001
-2.9000001 3.7 0.64999998
-2.9000001 3.7 0.75
-2.9000001 3.7 0.85000002
-2.9000001 3.7 0.94999999
-2.9000001 3.7 1.05
-2.9000001 3.7 1.15
-2.9000001 3.7 1.25
-2.9000001 3.7 1.35
-2.9000001 3.7 1.45
-2.9000001 3.7 1.55
-2.9000001 3.7 1.65
-2.9000001 3.7 1.75
-2.9000001 3.7 1.85
-2.9000001 3.7 1.95
-2.9000001 3.7 2.05
-2.9000001 3.7 2.1500001
-2.9000001 3.7 2.25
-2.9000001 3.7 2.3499999
-2.9000001 3.7 2.45
-3 3.7 -0.44999999
-3 3.7 -0.34999999
-3 3.7 -0.25
-3 3.7 -0.15000001
-3 3.7 -0.050000001
-3 3.7 0.050000001
-3 3.7 0.15000001
-3 3.7 0.25
-3 3.7 0.34999999
-3 3.7 0.44999999
-3 3.7 0.55000001
-3 3.7 0.64999998
-3 3.7 0.75
-3 3.7 0.85000002
-3 3.7 0.94999999
-3 3.7 1.05
-3 3.7 1.15
-3 3.7 1.25
-3 3.7 1.35
-3 3.7 1.45
-3 3.7 1.55
-3 3.7 1.65
-3 3.7 1.75
-3 3.7 1.85
-3 3.7 1.95
-3 3.7 2.05
-3 3.7 2.1500001
-3 3.7 2.25
-3 3.7 2.3499999
-3 3.7 2.45
-3.0999999 3.7 -0.44999999
-3.0999999 3.7 -0.34999999
-3.0999999 3.7 -0.25
-3.0999999 3.7 -0.15000001
-3.0999999 3.7 -0.050000001
-3.0999999 3.7 0.050000001
-3.0999999 3.7 0.15000001
-3.0999999 3.7 0.25
-3.0999999 3.7 0.34999999
-3.0999999 3.7 0.44999999
-3.0999999 3.7 0.55000001
-3.0999999 3.7 0.64999998
-3.0999999 3.7 0.75
-3.0999999 3.7 0.85000002
-3.0999999 3.7 0.94999999
-3.0999999 3.7 1.05
-3.0999999 3.7 1.15
-3.0999999 3.7 1.25
-3.0999999 3.7 1.35
-3.0999999 3.7 1.45
-3.0999999 3.7 1.55
-3.0999999 3.7 1.65
-3.0999999 3.7 1.75
-3.0999999 3.7 1.85
-3.0999999 3.7 1.95
-3.0999999 3.7 2.05
-3.0999999 3.7 2.1500001
-3.0999999 3.7 2.25
-3.0999999 3.7 2.3499999
-3.0999999 3.7 2.45
-2.9000001 3.8 -0.44999999
-2.9000001 3.8 -0.34999999
-2.9000001 3.8 -0.25
-2.9000001 3.8 -0.15000001
-2.9000001 3.8 -0.050000001
-2.9000001 3.8 0.050000001
-2.9000001 3.8 0.15000001
-2.9000001 3.8 0.25
-2.9000001 3.8 0.34999999
-2.9000001 3.8 0.44999999
-2.9000001 3.8 0.55000001
-2.9000001 3.8 0.64999998
-2.9000001 3.8 0.75
-2.9000001 3.8 0.85000002
-2.9000001 3.8 0.94999999
-2.9000001 3.8 1.05
-2.9000001 3.8 1.15
-2.9000001 3.8 1.25
-2.9000001 3.8 1.35
-2.9000001 3.8 1.45
-2.9000001 3.8 1.55
-2.9000001 3.8 1.65
-2.9000001 3.8 1.75
-2.9000001 3.8 1.85
-2.9000001 3.8 1.95
-2.9000001 3.8 2.05
-2.9000001 3.8 2.1500001
-2.9000001 3.8 2.25
-2.9000001 3.8 2.3499999
-2.9000001 3.8 2.45
-3 3.8 -0.44999999
-3 3.8 -0.34999999
-3 3.8 -0.25
-3 3.8 -0.15000001
-3 3.8 -0.050000001
-3 3.8 0.050000001
-3 3.8 0.15000001
-3 3.8 0.25
-3 3.8 0.34999999
-3 3.8 0.44999999
-3 3.8 0.55000001
-3 3.8 0.64999998
-3 3.8 0.75
-3 3.8 0.85000002
-3 3.8 0.94999999
-3 3.8 1.05
-3 3.8 1.15
-3 3.8 1.25
-3 3.8 1.35
-3 3.8 1.45
-3 3.8 1.55
-3 3.8 1.65
-3 3.8 1.75
-3 3.8 1.85
-3 3.8 1.95
-3 3.8 2.05
-3 3.8 2.1500001
-3 3.8 2.25
-3 3.8 2.3499999
-3 3.8 2.45
-3.0999999 3.8 -0.44999999
-3.0999999 3.8 -0.34999999
-3.0999999 3.8 -0.25
-3.0999999 3.8 -0.15000001
-3.0999999 3.8 -0.050000001
-3.0999999 3.8 0.050000001
-3.0999999 3.8 0.15000001
-3.0999999 3.8 0.25
-3.0999999 3.8 0.34999999
-3.0999999 3.8 0.44999999
-3.0999999 3.8 0.55000001
-3.0999999 3.8 0.64999998
-3.0999999 3.8 0.75
-3.0999999 3.8 0.85000002
-3.0999999 3.8 0.94999999
-3.0999999 3.8 1.05
-3.0999999 3.8 1.15
-3.0999999 3.8 1.25
-3.0999999 3.8 1.35
-3.0999999 3.8 1.45
-3.0999999 3.8 1.55
-3.0999999 3.8 1.65
-3.0999999 3.8 1.75
-3.0999999 3.8 1.85
-3.0999999 3.8 1.95
-3.0999999 3.8 2.05
-3.0999999 3.8 2.1500001
-3.0999999 3.8 2.25
-3.0999999 3.8 2.3499999
-3.0999999 3.8 2.45
-2.9000001 3.9000001 -0.44999999
-2.9000001 3.9000001 -0.34999999
-2.9000001 3.9000001 -0.25
-2.9000001 3.9000001 -0.15000001
-2.9000001 3.9000001 -0.050000001
-2.9000001 3.9000001 0.050000001
-2.9000001 3.9000001 0.15000001
-2.9000001 3.9000001 0.25
-2.9000001 3.9000001 0.34999999
-2.9000001 3.9000001 0.44999999
-2.9000001 3.9000001 0.55000001
-2.9000001 3.9000001 0.64999998
-2.9000001 3.9000001 0.75
-2.9000001 3.9000001 0.85000002
-2.9000001 3.9000001 0.94999999
-2.9000001 3.9000001 1.05
-2.9000001 3.9000001 1.15
-2.9000001 3.9000001 1.25
-2.9000001 3.9000001 1.35
-2.9000001 3.9000001 1.45
-2.9000001 3.9000001 1.55
-2.9000001 3.9000001 1.65
-2.9000001 3.9000001 1.75
-2.9000001 3.9000001 1.85
-2.9000001 3.9000001 1.95
-2.9000001 3.9000001 2.05
-2.9000001 3.9000001 2.1500001
-2.9000001 3.9000001 2.25
-2.9000001 3.9000001 2.3499999
-2.9000001 3.9000001 2.45
-3 3.9000001 -0.44999999
-3 3.9000001 -0.34999999
-3 3.9000001 -0.25
-3 3.9000001 -0.15000001
-3 3.9000001 -0.050000001
-3 3.9000001 0.050000001
-3 3.9000001 0.15000001
-3 3.9000001 0.25
-3 3.9000001 0.34999999
-3 3.9000001 0.44999999
-3 3.9000001 0.55000001
-3 3.9000001 0.64999998
-3 3.9000001 0.75
-3 3.9000001 0.85000002
-3 3.9000001 0.94999999
-3 3.9000001 1.05
-3 3.9000001 1.15
-3 3.9000001 1.25
-3 3.9000001 1.35
-3 3.9000001 1.45
-3 3.9000001 1.55
-3 3.9000001 1.65
-3 3.9000001 1.75
-3 3.9000001 1.85
-3 3.9000001 1.95
-3 3.9000001 2.05
-3 3.9000001 2.1500001
-3 3.9000001 2.25
-3 3.9000001 2.3499999
-3 3.9000001 2.45
-3.0999999 3.9000001 -0.44999999
-3.0999999 3.9000001 -0.34999999
-3.0999999 3.9000001 -0.25
-3.0999999 3.9000001 -0.15000001
-3.0999999 3.9000001 -0.050000001
-3.0999999 3.9000001 0.050000001
-3.0999999 3.9000001 0.15000001
-3.0999999 3.9000001 0.25
-3.0999999 3.9000001 0.34999999
-3.0999999 3.9000001 0.44999999
-3.0999999 3.9000001 0.55000001
-3.0999999 3.9000001 0.64999998
-3.0999999 3.9000001 0.75
-3.0999999 3.9000001 0.85000002
-3.0999999 3.9000001 0.94999999
-3.0999999 3.9000001 1.05
-3.0999999 3.9000001 1.15
-3.0999999 3.9000001 1.25
-3.0999999 3.9000001 1.35
-3.0999999 3.9000001 1.45
-3.0999999 3.9000001 1.55
-3.0999999 3.9000001 1.65
-3.0999999 3.9000001 1.75
-3.0999999 3.9000001 1.85
-3.0999999 3.9000001 1.95
-3.0999999 3.9000001 2.05
-3.0999999 3.9000001 2.1500001
-3.0999999 3.9000001 2.25
-3.0999999 3.9000001 2.3499999
-3.0999999 3.9000001 2.45
-2.9000001 4 -0.44999999
-2.9000001 4 -0.34999999
-2.9000001 4 -0.25
-2.9000001 4 -0.15000001
-2.9000001 4 -0.050000001
-2.9000001 4 0.050000001
-2.9000001 4 0.15000001
-2.9000001 4 0.25
-2.9000001 4 0.34999999
-2.9000001 4 0.44999999
-2.9000001 4 0.55000001
-2.9000001 4 0.64999998
-2.9000001 4 0.75
-2.9000001 4 0.85000002
-2.9000001 4 0.94999999
-2.9000001 4 1.05
-2.9000001 4 1.15
-2.9000001 4 1.25
-2.9000001 4 1.35
-2.9000001 4 1.45
-2.9000001 4 1.55
-2.9000001 4 1.65
-2.9000001 4 1.75
-2.9000001 4 1.85
-2.9000001 4 1.95
-2.9000001 4 2.05
-2.9000001 4 2.1500001
-2.9000001 4 2.25
-2.9000001 4 2.3499999
-2.9000001 4 2.45
-3 4 -0.44999999
-3 4 -0.34999999
-3 4 -0.25
-3 4 -0.15000001
-3 4 -0.050000001
-3 4 0.050000001
-3 4 0.15000001
-3 4 0.25
-3 4 0.34999999
-3 4 0.44999999
-3 4 0.55000001
-3 4 0.64999998
-3 4 0.75
-3 4 0.85000002
-3 4 0.94999999
-3 4 1.05
-3 4 1.15
-3 4 1.25
-3 4 1.35
-3 4 1.45
-3 4 1.55
-3 4 1.65
-3 4 1.75
-3 4 1.85
-3 4 1.95
-3 4 2.05
-3 4 2.1500001
-3 4 2.25
-3 4 2.3499999
-3 4 2.45
-3.0999999 4 -0.44999999
-3.0999999 4 -0.34999999
-3.0999999 4 -0.25
-3.0999999 4 -0.15000001
-3.0999999 4 -0.050000001
-3.0999999 4 0.050000001
-3.0999999 4 0.15000001
-3.0999999 4 0.25
-3.0999999 4 0.34999999
-3.0999999 4 0.44999999
-3.0999999 4 0.55000001
-3.0999999 4 0.64999998
-3.0999999 4 0.75
-3.0999999 4 0.85000002
-3.0999999 4 0.94999999
-3.0999999 4 1.05
-3.0999999 4 1.15
-3.0999999 4 1.25
-3.0999999 4 1.35
-3.0999999 4 1.45
-3.0999999 4 1.55
-3.0999999 4 1.65
-3.0999999 4 1.75
-3.0999999 4 1.85
-3.0999999 4 1.95
-3.0999999 4 2.05
-3.0999999 4 2.1500001
-3.0999999 4 2.25
-3.0999999 4 2.3499999
-3.0999999 4 2.45
-2.9000001 4.0999999 -0.44999999
-2.9000001 4.0999999 -0.34999999
-2.9000001 4.0999999 -0.25
-2.9000001 4.0999999 -0.15000001
-2.9000001 4.0999999 -0.050000001
-2.9000001 4.0999999 0.050000001
-2.9000001 4.0999999 0.15000001
-2.9000001 4.0999999 0.25
-2.9000001 4.0999999 0.34999999
-2.9000001 4.0999999 0.44999999
-2.9000001 4.0999999 0.55000001
-2.9000001 4.0999999 0.64999998
-2.9000001 4.0999999 0.75
-2.9000001 4.0999999 0.85000002
-2.9000001 4.0999999 0.94999999
-2.9000001 4.0999999 1.05
-2.9000001 4.0999999 1.15
-2.9000001 4.0999999 1.25
-2.9000001 4.0999999 1.35
-2.9000001 4.0999999 1.45
-2.9000001 4.0999999 1.55
-2.9000001 4.0999999 1.65
-2.9000001 4.0999999 1.75
-2.9000001 4.0999999 1.85
-2.9000001 4.0999999 1.95
-2.9000001 4.0999999 2.05
-2.9000001 4.0999999 2.1500001
-2.9000001 4.0999999 2.25
-2.9000001 4.0999999 2.3499999
-2.9000001 4.0999999 2.45
-3 4.0999999 -0.44999999
-3 4.0999999 -0.34999999
-3 4.0999999 -0.25
-3 4.0999999 -0.15000001
-3 4.0999999 -0.050000001
-3 4.0999999 0.050000001
-3 4.0999999 0.15000001
-3 4.0999999 0.25
-3 4.0999999 0.34999999
-3 4.0999999 0.44999999
-3 4.0999999 0.55000001
-3 4.0999999 0.64999998
-3 4.0999999 0.75
-3 4.0999999 0.85000002
-3 4.0999999 0.94999999
-3 4.0999999 1.05
-3 4.0999999 1.15
-3 4.0999999 1.25
-3 4.0999999 1.35
-3 4.0999999 1.45
-3 4.0999999 1.55
-3 4.0999999 1.65
-3 4.0999999 1.75
-3 4.0999999 1.85
-3 4.0999999 1.95
-3 4.0999999 2.05
-3 4.0999999 2.1500001
-3 4.0999999 2.25
-3 4.0999999 2.3499999
-3 4.0999999 2.45
-3.0999999 4.0999999 -0.44999999
-3.0999999 4.0999999 -0.34999999
-3.0999999 4.0999999 -0.25
-3.0999999 4.0999999 -0.15000001
-3.0999999 4.0999999 -0.050000001
-3.0999999 4.0999999 0.050000001
-3.0999999 4.0999999 0.15000001
-3.0999999 4.0999999 0.25
-3.0999999 4.0999999 0.34999999
-3.0999999 4.0999999 0.44999999
-3.0999999 4.0999999 0.55000001
-3.0999999 4.0999999 0.64999998
-3.0999999 4.0999999 0.75
-3.0999999 4.0999999 0.85000002
-3.0999999 4.0999999 0.94999999
-3.0999999 4.0999999 1.05
-3.0999999 4.0999999 1.15
-3.0999999 4.0999999 1.25
-3.0999999 4.0999999 1.35
-3.0999999 4.0999999 1.45
-3.0999999 4.0999999 1.55
-3.0999999 4.0999999 1.65
-3.0999999 4.0999999 1.75
-3.0999999 4.0999999 1.85
-3.0999999 4.0999999 1.95
-3.0999999 4.0999999 2.05
-3.0999999 4.0999999 2.1500001
-3.0999999 4.0999999 2.25
-3.0999999 4.0999999 2.3499999
-3.0999999 4.0999999 2.45
-2.9000001 4.1999998 -0.44999999
-2.9000001 4.1999998 -0.34999999
-2.9000001 4.1999998 -0.25
-2.9000001 4.1999998 -0.15000001
-2.9000001 4.1999998 -0.050000001
-2.9000001 4.1999998 0.050000001
-2.9000001 4.1999998 0.15000001
-2.9000001 4.1999998 0.25
-2.9000001 4.1999998 0.34999999
-2.9000001 4.1999998 0.44999999
-2.9000001 4.1999998 0.55000001
-2.9000001 4.1999998 0.64999998
-2.9000001 4.1999998 0.75
-2.9000001 4.1999998 0.85000002
-2.9000001 4.1999998 0.94999999
-2.9000001 4.1999998 1.05
-2.9000001 4.1999998 1.15
-2.9000001 4.1999998 1.25
-2.9000001 4.1999998 1.35
-2.9000001 4.1999998 1.45
-2.9000001 4.1999998 1.55
-2.9000001 4.1999998 1.65
-2.9000001 4.1999998 1.75
-2.9000001 4.1999998 1.85
-2.9000001 4.1999998 1.95
-2.9000001 4.1999998 2.05
-2.9000001 4.1999998 2.1500001
-2.9000001 4.1999998 2.25
-2.9000001 4.1999998 2.3499999
-2.9000001 4.1999998 2.45
-3 4.1999998 -0.44999999
-3 4.1999998 -0.34999999
-3 4.1999998 -0.25
-3 4.1999998 -0.15000001
-3 4.1999998 -0.050000001
-3 4.1999998 0.050000001
-3 4.1999998 0.15000001
-3 4.1999998 0.25
-3 4.1999998 0.34999999
-3 4.1999998 0.44999999
-3 4.1999998 0.55000001
-3 4.1999998 0.64999998
-3 4.1999998 0.75
-3 4.1999998 0.85000002
-3 4.1999998 0.94999999
-3 4.1999998 1.05
-3 4.1999998 1.15
-3 4.1999998 1.25
-3 4.1999998 1.35
-3 4.1999998 1.45
-3 4.1999998 1.55
-3 4.1999998 1.65
-3 4.1999998 1.75
-3 4.1999998 1.85
-3 4.1999998 1.95
-3 4.1999998 2.05
-3 4.1999998 2.1500001
-3 4.1999998 2.25
-3 4.1999998 2.3499999
-3 4.1999998 2.45
-3.0999999 4.1999998 -0.44999999
-3.0999999 4.1999998 -0.34999999
-3.0999999 4.1999998 -0.25
-3.0999999 4.1999998 -0.15000001
-3.0999999 4.1999998 -0.050000001
-3.0999999 4.1999998 0.050000001
-3.0999999 4.1999998 0.15000001
-3.0999999 4.1999998 0.25
-3.0999999 4.1999998 0.34999999
-3.0999999 4.1999998 0.44999999
-3.0999999 4.1999998 0.55000001
-3.0999999 4.1999998 0.64999998
-3.0999999 4.1999998 0.75
-3.0999999 4.1999998 0.85000002
-3.0999999 4.1999998 0.94999999
-3.0999999 4.1999998 1.05
-3.0999999 4.1999998 1.15
-3.0999999 4.1999998 1.25
-3.0999999 4.1999998 1.35
-3.0999999 4.1999998 1.45
-3.0999999 4.1999998 1.55
-3.0999999 4.1999998 1.65
-3.0999999 4.1999998 1.75
-3.0999999 4.1999998 1.85
-3.0999999 4.1999998 1.95
-3.0999999 4.1999998 2.05
-3.0999999 4.1999998 2.1500001
-3.0999999 4.1999998 2.25
-3.0999999 4.1999998 2.3499999
-3.0999999 4.1999998 2.45
-2.9000001 4.3000002 -0.44999999
-2.9000001 4.3000002 -0.34999999
-2.9000001 4.3000002 -0.25
-2.9000001 4.3000002 -0.15000001
-2.9000001 4.3000002 -0.050000001
-2.9000001 4.3000002 0.050000001
-2.9000001 4.3000002 0.15000001
-2.9000001 4.3000002 0.25
-2.9000001 4.3000002 0.34999999
-2.9000001 4.3000002 0.44999999
-2.9000001 4.3000002 0.55000001
-2.9000001 4.3000002 0.64999998
-2.9000001 4.3000002 0.75
-2.9000001 4.3000002 0.85000002
-2.9000001 4.3000002 0.94999999
-2.9000001 4.3000002 1.05
-2.9000001 4.3000002 1.15
-2.9000001 4.3000002 1.25
-2.9000001 4.3000002 1.35
-2.9000001 4.3000002 1.45
-2.9000001 4.3000002 1.55
-2.9000001 4.3000002 1.65
-2.9000001 4.3000002 1.75
-2.9000001 4.3000002 1.85
-2.9000001 4.3000002 1.95
-2.9000001 4.3000002 2.05
-2.9000001 4.3000002 2.1500001
-2.9000001 4.3000002 2.25
-2.9000001 4.3000002 2.3499999
-2.9000001 4.3000002 2.45
-3 4.3000002 -0.44999999
-3 4.3000002 -0.34999999
-3 4.3000002 -0.25
-3 4.3000002 -0.15000001
-3 4.3000002 -0.050000001
-3 4.3000002 0.050000001
-3 4.3000002 0.15000001
-3 4.3000002 0.25
-3 4.3000002 0.34999999
-3 4.3000002 0.44999999
-3 4.3000002 0.55000001
-3 4.3000002 0.64999998
-3 4.3000002 0.75
-3 4.3000002 0.85000002
-3 4.3000002 0.94999999
-3 4.3000002 1.05
-3 4.3000002 1.15
-3 4.3000002 1.25
-3 4.3000002 1.35
-3 4.3000002 1.45
-3 4.3000002 1.55
-3 4.3000002 1.65
-3 4.3000002 1.75
-3 4.3000002 1.85
-3 4.3000002 1.95
-3 4.3000002 2.05
-3 4.3000002 2.1500001
-3 4.3000002 2.25
-3 4.3000002 2.3499999
-3 4.3000002 2.45
-3.0999999 4.3000002 -0.44999999
-3.0999999 4.3000002 -0.34999999
-3.0999999 4.3000002 -0.25
-3.0999999 4.3000002 -0.15000001
-3.0999999 4.3000002 -0.050000001
-3.0999999 4.3000002 0.050000001
-3.0999999 4.3000002 0.15000001
-3.0999999 4.3000002 0.25
-3.0999999 4.3000002 0.34999999
-3.0999999 4.3000002 0.44999999
-3.0999999 4.3000002 0.55000001
-3.0999999 4.3000002 0.64999998
-3.0999999 4.3000002 0.75
-3.0999999 4.3000002 0.85000002
-3.0999999 4.3000002 0.94999999
-3.0999999 4.3000002 1.05
-3.0999999 4.3000002 1.15
-3.0999999 4.3000002 1.25
-3.0999999 4.3000002 1.35
-3.0999999 4.3000002 1.45
-3.0999999 4.3000002 1.55
-3.0999999 4.3000002 1.65
-3.0999999 4.3000002 1.75
-3.0999999 4.3000002 1.85
-3.0999999 4.3000002 1.95
-3.0999999 4.3000002 2.05
-3.0999999 4.3000002 2.1500001
-3.0999999 4.3000002 2.25
-3.0999999 4.3000002 2.3499999
-3.0999999 4.3000002 2.45
-2.9000001 4.4000001 -0.44999999
-2.9000001 4.4000001 -0.34999999
-2.9000001 4.4000001 -0.25
-2.9000001 4.4000001 -0.15000001
-2.9000001 4.4000001 -0.050000001
-2.9000001 4.4000001 0.050000001
-2.9000001 4.4000001 0.15000001
-2.9000001 4.4000001 0.25
-2.9000001 4.4000001 0.34999999
-2.9000001 4.4000001 0.44999999
-2.9000001 4.4000001 0.55000001
-2.9000001 4.4000001 0.64999998
-2.9000001 4.4000001 0.75
-2.9000001 4.4000001 0.85000002
-2.9000001 4.4000001 0.94999999
-2.9000001 4.4000001 1.05
-2.9000001 4.4000001 1.15
-2.9000001 4.4000001 1.25
-2.9000001 4.4000001 1.35
-2.9000001 4.4000001 1.45
-2.9000001 4.4000001 1.55
-2.9000001 4.4000001 1.65
-2.9000001 4.4000001 1.75
-2.9000001 4.4000001 1.85
-2.9000001 4.4000001 1.95
-2.9000001 4.4000001 2.05
-2.9000001 4.4000001 2.1500001
-2.9000001 4.4000001 2.25
-2.9000001 4.4000001 2.3499999
-2.9000001 4.4000001 2.45
-3 4.4000001 -0.44999999
-3 4.4000001 -0.34999999
-3 4.4000001 -0.25
-3 4.4000001 -0.15000001
-3 4.4000001 -0.050000001
-3 4.4000001 0.050000001
-3 4.4000001 0.15000001
-3 4.4000001 0.25
-3 4.4000001 0.34999999
-3 4.4000001 0.44999999
-3 4.4000001 0.55000001
-3 4.4000001 0.64999998
-3 4.4000001 0.75
-3 4.4000001 0.85000002
-3 4.4000001 0.94999999
-3 4.4000001 1.05
-3 4.4000001 1.15
-3 4.4000001 1.25
-3 4.4000001 1.35
-3 4.4000001 1.45
-3 4.4000001 1.55
-3 4.4000001 1.65
-3 4.4000001 1.75
-3 4.4000001 1.85
-3 4.4000001 1.95
-3 4.4000001 2.05
-3 4.4000001 2.1500001
-3 4.4000001 2.25
-3 4.4000001 2.3499999
-3 4.4000001 2.45
-3.0999999 4.4000001 -0.44999999
-3.0999999 4.4000001 -0.34999999
-3.0999999 4.4000001 -0.25
-3.0999999 4.4000001 -0.15000001
-3.0999999 4.4000001 -0.050000001
-3.0999999 4.4000001 0.050000001
-3.0999999 4.4000001 0.15000001
-3.0999999 4.4000001 0.25
-3.0999999 4.4000001 0.34999999
-3.0999999 4.4000001 0.44999999
-3.0999999 4.4000001 0.55000001
-3.0999999 4.4000001 0.64999998
-3.0999999 4.4000001 0.75
-3.0999999 4.4000001 0.85000002
-3.0999999 4.4000001 0.94999999
-3.0999999 4.4000001 1.05
-3.0999999 4.4000001 1.15
-3.0999999 4.4000001 1.25
-3.0999999 4.4000001 1.35
-3.0999999 4.4000001 1.45
-3.0999999 4.4000001 1.55
-3.0999999 4.4000001 1.65
-3.0999999 4.4000001 1.75
-3.0999999 4.4000001 1.85
-3.0999999 4.4000001 1.95
-3.0999999 4.4000001 2.05
-3.0999999 4.4000001 2.1500001
-3.0999999 4.4000001 2.25
-3.0999999 4.4000001 2.3499999
-3.0999999 4.4000001 2.45
-2.9000001 4.5 -0.44999999
-2.9000001 4.5 -0.34999999
-2.9000001 4.5 -0.25
-2.9000001 4.5 -0.15000001
-2.9000001 4.5 -0.050000001
-2.9000001 4.5 0.050000001
-2.9000001 4.5 0.15000001
-2.9000001 4.5 0.25
-2.9000001 4.5 0.34999999
-2.9000001 4.5 0.44999999
-2.9000001 4.5 0.55000001
-2.9000001 4.5 0.64999998
-2.9000001 4.5 0.75
-2.9000001 4.5 0.85000002
-2.9000001 4.5 0.94999999
-2.9000001 4.5 1.05
-2.9000001 4.5 1.15
-2.9000001 4.5 1.25
-2.9000001 4.5 1.35
-2.9000001 4.5 1.45
-2.9000001 4.5 1.55
-2.9000001 4.5 1.65
-2.9000001 4.5 1.75
-2.9000001 4.5 1.85
-2.9000001 4.5 1.95
-2.9000001 4.5 2.05
-2.9000001 4.5 2.1500001
-2.9000001 4.5 2.25
-2.9000001 4.5 2.3499999
-2.9000001 4.5 2.45
-3 4.5 -0.44999999
-3 4.5 -0.34999999
-3 4.5 -0.25
-3 4.5 -0.15000001
-3 4.5 -0.050000001
-3 4.5 0.050000001
-3 4.5 0.15000001
-3 4.5 0.25
-3 4.5 0.34999999
-3 4.5 0.44999999
-3 4.5 0.55000001
-3 4.5 0.64999998
-3 4.5 0.75
-3 4.5 0.85000002
-3 4.5 0.94999999
-3 4.5 1.05
-3 4.5 1.15
-3 4.5 1.25
-3 4.5 1.35
-3 4.5 1.45
-3 4.5 1.55
-3 4.5 1.65
-3 4.5 1.75
-3 4.5 1.85
-3 4.5 1.95
-3 4.5 2.05
-3 4.5 2.1500001
-3 4.5 2.25
-3 4.5 2.3499999
-3 4.5 2.45
-3.0999999 4.5 -0.44999999
-3.0999999 4.5 -0.34999999
-3.0999999 4.5 -0.25
-3.0999999 4.5 -0.15000001
-3.0999999 4.5 -0.050000001
-3.0999999 4.5 0.050000001
-3.0999999 4.5 0.15000001
-3.0999999 4.5 0.25
-3.0999999 4.5 0.34999999
-3.0999999 4.5 0.44999999
-3.0999999 4.5 0.55000001
-3.0999999 4.5 0.64999998
-3.0999999 4.5 0.75
-3.0999999 4.5 0.85000002
-3.0999999 4.5 0.94999999
-3.0999999 4.5 1.05
-3.0999999 4.5 1.15
-3.0999999 4.5 1.25
-3.0999999 4.5 1.35
-3.0999999 4.5 1.45
-3.0999999 4.5 1.55
-3.0999999 4.5 1.65
-3.0999999 4.5 1.75
-3.0999999 4.5 1.85
-3.0999999 4.5 1.95
-3.0999999 4.5 2.05
-3.0999999 4.5 2.1500001
-3.0999999 4.5 2.25
-3.0999999 4.5 2.3499999
-3.0999999 4.5 2.45
-2.9000001 4.5999999 -0.44999999
-2.9000001 4.5999999 -0.34999999
-2.9000001 4.5999999 -0.25
-2.9000001 4.5999999 -0.15000001
-2.9000001 4.5999999 -0.050000001
-2.9000001 4.5999999 0.050000001
-2.9000001 4.5999999 0.15000001
-2.9000001 4.5999999 0.25
-2.9000001 4.5999999 0.34999999
-2.9000001 4.5999999 0.44999999
-2.9000001 4.5999999 0.55000001
-2.9000001 4.5999999 0.64999998
-2.9000001 4.5999999 0.75
-2.9000001 4.5999999 0.85000002
-2.9000001 4.5999999 0.94999999
-2.9000001 4.5999999 1.05
-2.9000001 4.5999999 1.15
-2.9000001 4.5999999 1.25
-2.9000001 4.5999999 1.35
-2.9000001 4.5999999 1.45
-2.9000001 4.5999999 1.55
-2.9000001 4.5999999 1.65
-2.9000001 4.5999999 1.75
-2.9000001 4.5999999 1.85
-2.9000001 4.5999999 1.95
-2.9000001 4.5999999 2.05
-2.9000001 4.5999999 2.1500001
-2.9000001 4.5999999 2.25
-2.9000001 4.5999999 2.3499999
-2.9000001 4.5999999 2.45
-3 4.5999999 -0.44999999
-3 4.5999999 -0.34999999
-3 4.5999999 -0.25
-3 4.5999999 -0.15000001
-3 4.5999999 -0.050000001
-3 4.5999999 0.050000001
-3 4.5999999 0.15000001
-3 4.5999999 0.25
-3 4.5999999 0.34999999
-3 4.5999999 0.44999999
-3 4.5999999 0.55000001
-3 4.5999999 0.64999998
-3 4.5999999 0.75
-3 4.5999999 0.85000002
-3 4.5999999 0.94999999
-3 4.5999999 1.05
-3 4.5999999 1.15
-3 4.5999999 1.25
-3 4.5999999 1.35
-3 4.5999999 1.45
-3 4.5999999 1.55
-3 4.5999999 1.65
-3 4.5999999 1.75
-3 4.5999999 1.85
-3 4.5999999 1.95
-3 4.5999999 2.05
-3 4.5999999 2.1500001
-3 4.5999999 2.25
-3 4.5999999 2.3499999
-3 4.5999999 2.45
-3.0999999 4.5999999 -0.44999999
-3.0999999 4.5999999 -0.34999999
-3.0999999 4.5999999 -0.25
-3.0999999 4.5999999 -0.15000001
-3.0999999 4.5999999 -0.050000001
-3.0999999 4.5999999 0.050000001
-3.0999999 4.5999999 0.15000001
-3.0999999 4.5999999 0.25
-3.0999999 4.5999999 0.34999999
-3.0999999 4.5999999 0.44999999
-3.0999999 4.5999999 0.55000001
-3.0999999 4.5999999 0.64999998
-3.0999999 4.5999999 0.75
-3.0999999 4.5999999 0.85000002
-3.0999999 4.5999999 0.94999999
-3.0999999 4.5999999 1.05
-3.0999999 4.5999999 1.15
-3.0999999 4.5999999 1.25
-3.0999999 4.5999999 1.35
-3.0999999 4.5999999 1.45
-3.0999999 4.5999999 1.55
-3.0999999 4.5999999 1.65
-3.0999999 4.5999999 1.75
-3.0999999 4.5999999 1.85
-3.0999999 4.5999999 1.95
-3.0999999 4.5999999 2.05
-3.0999999 4.5999999 2.1500001
-3.0999999 4.5999999 2.25
-3.0999999 4.5999999 2.3499999
-3.0999999 4.5999999 2.45
-2.9000001 4.6999998 -0.44999999
-2.9000001 4.6999998 -0.34999999
-2.9000001 4.6999998 -0.25
-2.9000001 4.6999998 -0.15000001
-2.9000001 4.6999998 -0.050000001
-2.9000001 4.6999998 0.050000001
-2.9000001 4.6999998 0.15000001
-2.9000001 4.6999998 0.25
-2.9000001 4.6999998 0.34999999
-2.9000001 4.6999998 0.44999999
-2.9000001 4.6999998 0.55000001
-2.9000001 4.6999998 0.64999998
-2.9000001 4.6999998 0.75
-2.9000001 4.6999998 0.85000002
-2.9000001 4.6999998 0.94999999
-2.9000001 4.6999998 1.05
-2.9000001 4.6999998 1.15
-2.9000001 4.6999998 1.25
-2.9000001 4.6999998 1.35
-2.9000001 4.6999998 1.45
-2.9000001 4.6999998 1.55
-2.9000001 4.6999998 1.65
-2.9000001 4.6999998 1.75
-2.9000001 4.6999998 1.85
-2.9000001 4.6999998 1.95
-2.9000001 4.6999998 2.05
-2.9000001 4.6999998 2.1500001
-2.9000001 4.6999998 2.25
-2.9000001 4.6999998 2.3499999
-2.9000001 4.6999998 2.45
-3 4.6999998 -0.44999999
-3 4.6999998 -0.34999999
-3 4.6999998 -0.25
-3 4.6999998 -0.15000001
-3 4.6999998 -0.050000001
-3 4.6999998 0.050000001
-3 4.6999998 0.15000001
-3 4.6999998 0.25
-3 4.6999998 0.34999999
-3 4.6999998 0.44999999
-3 4.6999998 0.55000001
-3 4.6999998 0.64999998
-3 4.6999998 0.75
-3 4.6999998 0.85000002
-3 4.6999998 0.94999999
-3 4.6999998 1.05
-3 4.6999998 1.15
-3 4.6999998 1.25
-3 4.6999998 1.35
-3 4.6999998 1.45
-3 4.6999998 1.55
-3 4.6999998 1.65
-3 4.6999998 1.75
-3 4.6999998 1.85
-3 4.6999998 1.95
-3 4.6999998 2.05
-3 4.6999998 2.1500001
-3 4.6999998 2.25
-3 4.6999998 2.3499999
-3 4.6999998 2.45
-3.0999999 4.6999998 -0.44999999
-3.0999999 4.6999998 -0.34999999
-3.0999999 4.6999998 -0.25
-3.0999999 4.6999998 -0.15000001
-3.0999999 4.6999998 -0.050000001
-3.0999999 4.6999998 0.050000001
-3.0999999 4.6999998 0.15000001
-3.0999999 4.6999998 0.25
-3.0999999 4.6999998 0.34999999
-3.0999999 4.6999998 0.44999999
-3.0999999 4.6999998 0.55000001
-3.0999999 4.6999998 0.64999998
-3.0999999 4.6999998 0.75
-3.0999999 4.6999998 0.85000002
-3.0999999 4.6999998 0.94999999
-3.0999999 4.6999998 1.05
-3.0999999 4.6999998 1.15
-3.0999999 4.6999998 1.25
-3.0999999 4.6999998 1.35
-3.0999999 4.6999998 1.45
-3.0999999 4.6999998 1.55
-3.0999999 4.6999998 1.65
-3.0999999 4.6999998 1.75
-3.0999999 4.6999998 1.85
-3.0999999 4.6999998 1.95
-3.0999999 4.6999998 2.05
-3.0999999 4.6999998 2.1500001
-3.0999999 4.6999998 2.25
-3.0999999 4.6999998 2.3499999
-3.0999999 4.6999998 2.45
-2.9000001 4.8000002 -0.44999999
-2.9000001 4.8000002 -0.34999999
-2.9000001 4.8000002 -0.25
-2.9000001 4.8000002 -0.15000001
-2.9000001 4.8000002 -0.050000001
-2.9000001 4.8000002 0.050000001
-2.9000001 4.8000002 0.15000001
-2.9000001 4.8000002 0.25
-2.9000001 4.8000002 0.34999999
-2.9000001 4.8000002 0.44999999
-2.9000001 4.8000002 0.55000001
-2.9000001 4.8000002 0.64999998
-2.9000001 4.8000002 0.75
-2.9000001 4.8000002 0.85000002
-2.9000001 4.8000002 0.94999999
-2.9000001 4.8000002 1.05
-2.9000001 4.8000002 1.15
-2.9000001 4.8000002 1.25
-2.9000001 4.8000002 1.35
-2.9000001 4.8000002 1.45
-2.9000001 4.8000002 1.55
-2.9000001 4.8000002 1.65
-2.9000001 4.8000002 1.75
-2.9000001 4.8000002 1.85
-2.9000001 4.8000002 1.95
-2.9000001 4.8000002 2.05
-2.9000001 4.8000002 2.1500001
-2.9000001 4.8000002 2.25
-2.9000001 4.8000002 2.3499999
-2.9000001 4.8000002 2.45
-3 4.8000002 -0.44999999
-3 4.8000002 -0.34999999
-3 4.8000002 -0.25
-3 4.8000002 -0.15000001
-3 4.8000002 -0.050000001
-3 4.8000002 0.050000001
-3 4.8000002 0.15000001
-3 4.8000002 0.25
-3 4.8000002 0.34999999
-3 4.8000002 0.44999999
-3 4.8000002 0.55000001
-3 4.8000002 0.64999998
-3 4.8000002 0.75
-3 4.8000002 0.85000002
-3 4.8000002 0.94999999
-3 4.8000002 1.05
-3 4.8000002 1.15
-3 4.8000002 1.25
-3 4.8000002 1.35
-3 4.8000002 1.45
-3 4.8000002 1.55
-3 4.8000002 1.65
-3 4.8000002 1.75
-3 4.8000002 1.85
-3 4.8000002 1.95
-3 4.8000002 2.05
-3 4.8000002 2.1500001
-3 4.8000002 2.25
-3 4.8000002 2.3499999
-3 4.8000002 2.45
-3.0999999 4.8000002 -0.44999999
-3.0999999 4.8000002 -0.34999999
-3.0999999 4.8000002 -0.25
-3.0999999 4.8000002 -0.15000001
-3.0999999 4.8000002 -0.050000001
-3.0999999 4.8000002 0.050000001
-3.0999999 4.8000002 0.15000001
-3.0999999 4.8000002 0.25
-3.0999999 4.8000002 0.34999999
-3.0999999 4.8000002 0.44999999
-3.0999999 4.8000002 0.55000001
-3.0999999 4.8000002 0.64999998
-3.0999999 4.8000002 0.75
-3.0999999 4.8000002 0.85000002
-3.0999999 4.8000002 0.94999999
-3.0999999 4.8000002 1.05
-3.0999999 4.8000002 1.15
-3.0999999 4.8000002 1.25
-3.0999999 4.8000002 1.35
-3.0999999 4.8000002 1.45
-3.0999999 4.8000002 1.55
-3.0999999 4.8000002 1.65
-3.0999999 4.8000002 1.75
-3.0999999 4.8000002 1.85
-3.0999999 4.8000002 1.95
-3.0999999 4.8000002 2.05
-3.0999999 4.8000002 2.1500001
-3.0999999 4.8000002 2.25
-3.0999999 4.8000002 2.3499999
-3.0999999 4.8000002 2.45
-2.9000001 4.9000001 -0.44999999
-2.9000001 4.9000001 -0.34999999
-2.9000001 4.9000001 -0.25
-2.9000001 4.9000001 -0.15000001
-2.9000001 4.9000001 -0.050000001
-2.9000001 4.9000001 0.050000001
-2.9000001 4.9000001 0.15000001
-2.9000001 4.9000001 0.25
-2.9000001 4.9000001 0.34999999
-2.9000001 4.9000001 0.44999999
-2.9000001 4.9000001 0.55000001
-2.9000001 4.9000001 0.64999998
-2.9000001 4.9000001 0.75
-2.9000001 4.9000001 0.85000002
-2.9000001 4.9000001 0.94999999
-2.9000001 4.9000001 1.05
-2.9000001 4.9000001 1.15
-2.9000001 4.9000001 1.25
-2.9000001 4.9000001 1.35
-2.9000001 4.9000001 1.45
-2.9000001 4.9000001 1.55
-2.9000001 4.9000001 1.65
-2.9000001 4.9000001 1.75
-2.9000001 4.9000001 1.85
-2.9000001 4.9000001 1.95
-2.9000001 4.9000001 2.05
-2.9000001 4.9000001 2.1500001
-2.9000001 4.9000001 2.25
-2.9000001 4.9000001 2.3499999
-2.9000001 4.9000001 2.45
-3 4.9000001 -0.44999999
-3 4.9000001 -0.34999999
-3 4.9000001 -0.25
-3 4.9000001 -0.15000001
-3 4.9000001 -0.050000001
-3 4.9000001 0.050000001
-3 4.9000001 0.15000001
-3 4.9000001 0.25
-3 4.9000001 0.34999999
-3 4.9000001 0.44999999
-3 4.9000001 0.55000001
-3 4.9000001 0.64999998
-3 4.9000001 0.75
-3 4.9000001 0.85000002
-3 4.9000001 0.94999999
-3 4.9000001 1.05
-3 4.9000001 1.15
-3 4.9000001 1.25
-3 4.9000001 1.35
-3 4.9000001 1.45
-3 4.9000001 1.55
-3 4.9000001 1.65
-3 4.9000001 1.75
-3 4.9000001 1.85
-3 4.9000001 1.95
-3 4.9000001 2.05
-3 4.9000001 2.1500001
-3 4.9000001 2.25
-3 4.9000001 2.3499999
-3 4.9000001 2.45
-3.0999999 4.9000001 -0.44999999
-3.0999999 4.9000001 -0.34999999
-3.0999999 4.9000001 -0.25
-3.0999999 4.9000001 -0.15000001
-3.0999999 4.9000001 -0.050000001
-3.0999999 4.9000001 0.050000001
-3.0999999 4.9000001 0.15000001
-3.0999999 4.9000001 0.25
-3.0999999 4.9000001 0.34999999
-3.0999999 4.9000001 0.44999999
-3.0999999 4.9000001 0.55000001
-3.0999999 4.9000001 0.64999998
-3.0999999 4.9000001 0.75
-3.0999999 4.9000001 0.85000002
-3.0999999 4.9000001 0.94999999
-3.0999999 4.9000001 1.05
-3.0999999 4.9000001 1.15
-3.0999999 4.9000001 1.25
-3.0999999 4.9000001 1.35
-3.0999999 4.9000001 1.45
-3.0999999 4.9000001 1.55
-3.0999999 4.9000001 1.65
-3.0999999 4.9000001 1.75
-3.0999999 4.9000001 1.85
-3.0999999 4.9000001 1.95
-3.0999999 4.9000001 2.05
-3.0999999 4.9000001 2.1500001
-3.0999999 4.9000001 2.25
-3.0999999 4.9000001 2.3499999
-3.0999999 4.9000001 2.45
-2.9000001 5 -0.44999999
-2.9000001 5 -0.34999999
-2.9000001 5 -0.25
-2.9000001 5 -0.15000001
-2.9000001 5 -0.050000001
-2.9000001 5 0.050000001
-2.9000001 5 0.15000001
-2.9000001 5 0.25
-2.9000001 5 0.34999999
-2.9000001 5 0.44999999
-2.9000001 5 0.55000001
-2.9000001 5 0.64999998
-2.9000001 5 0.75
-2.9000001 5 0.85000002
-2.9000001 5 0.94999999
-2.9000001 5 1.05
-2.9000001 5 1.15
-2.9000001 5 1.25
-2.9000001 5 1.35
-2.9000001 5 1.45
-2.9000001 5 1.55
-2.9000001 5 1.65
-2.9000001 5 1.75
-2.9000001 5 1.85
-2.9000001 5 1.95
-2.9000001 5 2.05
-2.9000001 5 2.1500001
-2.9000001 5 2.25
-2.9000001 5 2.3499999
-2.9000001 5 2.45
-3 5 -0.44999999
-3 5 -0.34999999
-3 5 -0.25
-3 5 -0.15000001
-3 5 -0.050000001
-3 5 0.050000001
-3 5 0.15000001
-3 5 0.25
-3 5 0.34999999
-3 5 0.44999999
-3 5 0.55000001
-3 5 0.64999998
-3 5 0.75
-3 5 0.85000002
-3 5 0.94999999
-3 5 1.05
-3 5 1.15
-3 5 1.25
-3 5 1.35
-3 5 1.45
-3 5 1.55
-3 5 1.65
-3 5 1.75
-3 5 1.85
-3 5 1.95
-3 5 2.05
-3 5 2.1500001
-3 5 2.25
-3 5 2.3499999
-3 5 2.45
-3.0999999 5 -0.44999999
-3.0999999 5 -0.34999999
-3.0999999 5 -0.25
-3.0999999 5 -0.15000001
-3.0999999 5 -0.050000001
-3.0999999 5 0.050000001
-3.0999999 5 0.15000001
-3.0999999 5 0.25
-3.0999999 5 0.34999999
-3.0999999 5 0.44999999
-3.0999999 5 0.55000001
-3.0999999 5 0.64999998
-3.0999999 5 0.75
-3.0999999 5 0.85000002
-3.0999999 5 0.94999999
-3.0999999 5 1.05
-3.0999999 5 1.15
-3.0999999 5 1.25
-3.0999999 5 1.35
-3.0999999 5 1.45
-3.0999999 5 1.55
-3.0999999 5 1.65
-3.0999999 5 1.75
-3.0999999 5 1.85
-3.0999999 5 1.95
-3.0999999 5 2.05
-3.0999999 5 2.1500001
-3.0999999 5 2.25
-3.0999999 5 2.3499999
-3.0999999 5 2.45
-2.9000001 5.0999999 -0.44999999
-2.9000001 5.0999999 -0.34999999
-2.9000001 5.0999999 -0.25
-2.9000001 5.0999999 -0.15000001
-2.9000001 5.0999999 -0.050000001
-2.9000001 5.0999999 0.050000001
-2.9000001 5.0999999 0.15000001
-2.9000001 5.0999999 0.25
-2.9000001 5.0999999 0.34999999
-2.9000001 5.0999999 0.44999999
-2.9000001 5.0999999 0.55000001
-2.9000001 5.0999999 0.64999998
-2.9000001 5.0999999 0.75
-2.9000001 5.0999999 0.85000002
-2.9000001 5.0999999 0.94999999
-2.9000001 5.0999999 1.05
-2.9000001 5.0999999 1.15
-2.9000001 5.0999999 1.25
-2.9000001 5.0999999 1.35
-2.9000001 5.0999999 1.45
-2.9000001 5.0999999 1.55
-2.9000001 5.0999999 1.65
-2.9000001 5.0999999 1.75
-2.9000001 5.0999999 1.85
-2.9000001 5.0999999 1.95
-2.9000001 5.0999999 2.05
-2.9000001 5.0999999 2.1500001
-2.9000001 5.0999999 2.25
-2.9000001 5.0999999 2.3499999
-2.9000001 5.0999999 2.45
-3 5.0999999 -0.44999999
-3 5.0999999 -0.34999999
-3 5.0999999 -0.25
-3 5.0999999 -0.15000001
-3 5.0999999 -0.050000001
-3 5.0999999 0.050000001
-3 5.0999999 0.15000001
-3 5.0999999 0.25
-3 5.0999999 0.34999999
-3 5.0999999 0.44999999
-3 5.0999999 0.55000001
-3 5.0999999 0.64999998
-3 5.0999999 0.75
-3 5.0999999 0.85000002
-3 5.0999999 0.94999999
-3 5.0999999 1.05
-3 5.0999999 1.15
-3 5.0999999 1.25
-3 5.0999999 1.35
-3 5.0999999 1.45
-3 5.0999999 1.55
-3 5.0999999 1.65
-3 5.0999999 1.75
-3 5.0999999 1.85
-3 5.0999999 1.95
-3 5.0999999 2.05
-3 5.0999999 2.1500001
-3 5.0999999 2.25
-3 5.0999999 2.3499999
-3 5.0999999 2.45
-3.0999999 5.0999999 -0.44999999
-3.0999999 5.0999999 -0.34999999
-3.0999999 5.0999999 -0.25
-3.0999999 5.0999999 -0.15000001
-3.0999999 5.0999999 -0.050000001
-3.0999999 5.0999999 0.050000001
-3.0999999 5.0999999 0.15000001
-3.0999999 5.0999999 0.25
-3.0999999 5.0999999 0.34999999
-3.0999999 5.0999999 0.44999999
-3.0999999 5.0999999 0.55000001
-3.0999999 5.0999999 0.64999998
-3.0999999 5.0999999 0.75
-3.0999999 5.0999999 0.85000002
-3.0999999 5.0999999 0.94999999
-3.0999999 5.0999999 1.05
-3.0999999 5.0999999 1.15
-3.0999999 5.0999999 1.25
-3.0999999 5.0999999 1.35
-3.0999999 5.0999999 1.45
-3.0999999 5.0999999 1.55
-3.0999999 5.0999999 1.65
-3.0999999 5.0999999 1.75
-3.0999999 5.0999999 1.85
-3.0999999 5.0999999 1.95
-3.0999999 5.0999999 2.05
-3.0999999 5.0999999 2.1500001
-3.0999999 5.0999999 2.25
-3.0999999 5.0999999 2.3499999
-3.0999999 5.0999999 2.45
-2.9000001 5.1999998 -0.44999999
-2.9000001 5.1999998 -0.34999999
-2.9000001 5.1999998 -0.25
-2.9000001 5.1999998 -0.15000001
-2.9000001 5.1999998 -0.050000001
-2.9000001 5.1999998 0.050000001
-2.9000001 5.1999998 0.15000001
-2.9000001 5.1999998 0.25
-2.9000001 5.1999998 0.34999999
-2.9000001 5.1999998 0.44999999
-2.9000001 5.1999998 0.55000001
-2.9000001 5.1999998 0.64999998
-2.9000001 5.1999998 0.75
-2.9000001 5.1999998 0.85000002
-2.9000001 5.1999998 0.94999999
-2.9000001 5.1999998 1.05
-2.9000001 5.1999998 1.15
-2.9000001 5.1999998 1.25
-2.9000001 5.1999998 1.35
-2.9000001 5.1999998 1.45
-2.9000001 5.1999998 1.55
-2.9000001 5.1999998 1.65
-2.9000001 5.1999998 1.75
-2.9000001 5.1999998 1.85
-2.9000001 5.1999998 1.95
-2.9000001 5.1999998 2.05
-2.9000001 5.1999998 2.1500001
-2.9000001 5.1999998 2.25
-2.9000001 5.1999998 2.3499999
-2.9000001 5.1999998 2.45
-3 5.1999998 -0.44999999
-3 5.1999998 -0.34999999
-3 5.1999998 -0.25
-3 5.1999998 -0.15000001
-3 5.1999998 -0.050000001
-3 5.1999998 0.050000001
-3 5.1999998 0.15000001
-3 5.1999998 0.25
-3 5.1999998 0.34999999
-3 5.1999998 0.44999999
-3 5.1999998 0.55000001
-3 5.1999998 0.64999998
-3 5.1999998 0.75
-3 5.1999998 0.85000002
-3 5.1999998 0.94999999
-3 5.1999998 1.05
-3 5.1999998 1.15
-3 5.1999998 1.25
-3 5.1999998 1.35
-3 5.1999998 1.45
-3 5.1999998 1.55
-3 5.1999998 1.65
-3 5.1999998 1.75
-3 5.1999998 1.85
-3 5.1999998 1.95
-3 5.1999998 2.05
-3 5.1999998 2.1500001
-3 5.1999998 2.25
-3 5.1999998 2.3499999
-3 5.1999998 2.45
-3.0999999 5.1999998 -0.44999999
-3.0999999 5.1999998 -0.34999999
-3.0999999 5.1999998 -0.25
-3.0999999 5.1999998 -0.15000001
-3.0999999 5.1999998 -0.050000001
-3.0999999 5.1999998 0.050000001
-3.0999999 5.1999998 0.15000001
-3.0999999 5.1999998 0.25
-3.0999999 5.1999998 0.34999999
-3.0999999 5.1999998 0.44999999
-3.0999999 5.1999998 0.55000001
-3.0999999 5.1999998 0.64999998
-3.0999999 5.1999998 0.75
-3.0999999 5.1999998 0.85000002
-3.0999999 5.1999998 0.94999999
-3.0999999 5.1999998 1.05
-3.0999999 5.1999998 1.15
-3.0999999 5.1999998 1.25
-3.0999999 5.1999998 1.35
-3.0999999 5.1999998 1.45
-3.0999999 5.1999998 1.55
-3.0999999 5.1999998 1.65
-3.0999999 5.1999998 1.75
-3.0999999 5.1999998 1.85
-3.0999999 5.1999998 1.95
-3.0999999 5.1999998 2.05
-3.0999999 5.1999998 2.1500001
-3.0999999 5.1999998 2.25
-3.0999999 5.1999998 2.3499999
-3.0999999 5.1999998 2.45
-2.9000001 5.3000002 -0.44999999
-2.9000001 5.3000002 -0.34999999
-2.9000001 5.3000002 -0.25
-2.9000001 5.3000002 -0.15000001
-2.9000001 5.3000002 -0.050000001
-2.9000001 5.3000002 0.050000001
-2.9000001 5.3000002 0.15000001
-2.9000001 5.3000002 0.25
-2.9000001 5.3000002 0.34999999
-2.9000001 5.3000002 0.44999999
-2.9000001 5.3000002 0.55000001
-2.9000001 5.3000002 0.64999998
-2.9000001 5.3000002 0.75
-2.9000001 5.3000002 0.85000002
-2.9000001 5.3000002 0.94999999
-2.9000001 5.3000002 1.05
-2.9000001 5.3000002 1.15
-2.9000001 5.3000002 1.25
-2.9000001 5.3000002 1.35
-2.9000001 5.3000002 1.45
-2.9000001 5.3000002 1.55
-2.9000001 5.3000002 1.65
-2.9000001 5.3000002 1.75
-2.9000001 5.3000002 1.85
-2.9000001 5.3000002 1.95
-2.9000001 5.3000002 2.05
-2.9000001 5.3000002 2.1500001
-2.9000001 5.3000002 2.25
-2.9000001 5.3000002 2.3499999
-2.9000001 5.3000002 2.45
-3 5.3000002 -0.44999999
-3 5.3000002 -0.34999999
-3 5.3000002 -0.25
-3 5.3000002 -0.15000001
-3 5.3000002 -0.050000001
-3 5.3000002 0.050000001
-3 5.3000002 0.15000001
-3 5.3000002 0.25
-3 5.3000002 0.34999999
-3 5.3000002 0.44999999
-3 5.3000002 0.55000001
-3 5.3000002 0.64999998
-3 5.3000002 0.75
-3 5.3000002 0.85000002
-3 5.3000002 0.94999999
-3 5.3000002 1.05
-3 5.3000002 1.15
-3 5.3000002 1.25
-3 5.3000002 1.35
-3 5.3000002 1.45
-3 5.3000002 1.55
-3 5.3000002 1.65
-3 5.3000002 1.75
-3 5.3000002 1.85
-3 5.3000002 1.95
-3 5.3000002 2.05
-3 5.3000002 2.1500001
-3 5.3000002 2.25
-3 5.3000002 2.3499999
-3 5.3000002 2.45
-3.0999999 5.3000002 -0.44999999
-3.0999999 5.3000002 -0.34999999
-3.0999999 5.3000002 -0.25
-3.0999999 5.3000002 -0.15000001
-3.0999999 5.3000002 -0.050000001
-3.0999999 5.3000002 0.050000001
-3.0999999 5.3000002 0.15000001
-3.0999999 5.3000002 0.25
-3.0999999 5.3000002 0.34999999
-3.0999999 5.3000002 0.44999999
-3.0999999 5.3000002 0.55000001
-3.0999999 5.3000002 0.64999998
-3.0999999 5.3000002 0.75
-3.0999999 5.3000002 0.85000002
-3.0999999 5.3000002 0.94999999
-3.0999999 5.3000002 1.05
-3.0999999 5.3000002 1.15
-3.0999999 5.3000002 1.25
-3.0999999 5.3000002 1.35
-3.0999999 5.3000002 1.45
-3.0999999 5.3000002 1.55
-3.0999999 5.3000002 1.65
-3.0999999 5.3000002 1.75
-3.0999999 5.3000002 1.85
-3.0999999 5.3000002 1.95
-3.0999999 5.3000002 2.05
-3.0999999 5.3000002 2.1500001
-3.0999999 5.3000002 2.25
-3.0999999 5.3000002 2.3499999
-3.0999999 5.3000002 2.45
-2.9000001 5.4000001 -0.44999999
-2.9000001 5.4000001 -0.34999999
-2.9000001 5.4000001 -0.25
-2.9000001 5.4000001 -0.15000001
-2.9000001 5.4000001 -0.050000001
-2.9000001 5.4000001 0.050000001
-2.9000001 5.4000001 0.15000001
-2.9000001 5.4000001 0.25
-2.9000001 5.4000001 0.34999999
-2.9000001 5.4000001 0.44999999
-2.9000001 5.4000001 0.55000001
-2.9000001 5.4000001 0.64999998
-2.9000001 5.4000001 0.75
-2.9000001 5.4000001 0.85000002
-2.9000001 5.4000001 0.94999999
-2.9000001 5.4000001 1.05
-2.9000001 5.4000001 1.15
-2.9000001 5.4000001 1.25
-2.9000001 5.4000001 1.35
-2.9000001 5.4000001 1.45
-2.9000001 5.4000001 1.55
-2.9000001 5.4000001 1.65
-2.9000001 5.4000001 1.75
-2.9000001 5.4000001 1.85
-2.9000001 5.4000001 1.95
-2.9000001 5.4000001 2.05
-2.9000001 5.4000001 2.1500001
-2.9000001 5.4000001 2.25
-2.9000001 5.4000001 2.3499999
-2.9000001 5.4000001 2.45
-3 5.4000001 -0.44999999
-3 5.4000001 -0.34999999
-3 5.4000001 -0.25
-3 5.4000001 -0.15000001
-3 5.4000001 -0.050000001
-3 5.4000001 0.050000001
-3 5.4000001 0.15000001
-3 5.4000001 0.25
-3 5.4000001 0.34999999
-3 5.4000001 0.44999999
-3 5.4000001 0.55000001
-3 5.4000001 0.64999998
-3 5.4000001 0.75
-3 5.4000001 0.85000002
-3 5.4000001 0.94999999
-3 5.4000001 1.05
-3 5.4000001 1.15
-3 5.4000001 1.25
-3 5.4000001 1.35
-3 5.4000001 1.45
-3 5.4000001 1.55
-3 5.4000001 1.65
-3 5.4000001 1.75
-3 5.4000001 1.85
-3 5.4000001 1.95
-3 5.4000001 2.05
-3 5.4000001 2.1500001
-3 5.4000001 2.25
-3 5.4000001 2.3499999
-3 5.4000001 2.45
-3.0999999 5.4000001 -0.44999999
-3.0999999 5.4000001 -0.34999999
-3.0999999 5.4000001 -0.25
-3.0999999 5.4000001 -0.15000001
-3.0999999 5.4000001 -0.050000001
-3.0999999 5.4000001 0.050000001
-3.0999999 5.4000001 0.15000001
-3.0999999 5.4000001 0.25
-3.0999999 5.4000001 0.34999999
-3.0999999 5.4000001 0.44999999
-3.0999999 5.4000001 0.55000001
-3.0999999 5.4000001 0.64999998
-3.0999999 5.4000001 0.75
-3.0999999 5.4000001 0.85000002
-3.0999999 5.4000001 0.94999999
-3.0999999 5.4000001 1.05
-3.0999999 5.4000001 1.15
-3.0999999 5.4000001 1.25
-3.0999999 5.4000001 1.35
-3.0999999 5.4000001 1.45
-3.0999999 5.4000001 1.55
-3.0999999 5.4000001 1.65
-3.0999999 5.4000001 1.75
-3.0999999 5.4000001 1.85
-3.0999999 5.4000001 1.95
-3.0999999 5.4000001 2.05
-3.0999999 5.4000001 2.1500001
-3.0999999 5.4000001 2.25
-3.0999999 5.4000001 2.3499999
-3.0999999 5.4000001 2.45
-2.9000001 5.5 -0.44999999
-2.9000001 5.5 -0.34999999
-2.9000001 5.5 -0.25
-2.9000001 5.5 -0.15000001
-2.9000001 5.5 -0.050000001
-2.9000001 5.5 0.050000001
-2.9000001 5.5 0.15000001
-2.9000001 5.5 0.25
-2.9000001 5.5 0.34999999
-2.9000001 5.5 0.44999999
-2.9000001 5.5 0.55000001
-2.9000001 5.5 0.64999998
-2.9000001 5.5 0.75
-2.9000001 5.5 0.85000002
-2.9000001 5.5 0.94999999
-2.9000001 5.5 1.05
-2.9000001 5.5 1.15
-2.9000001 5.5 1.25
-2.9000001 5.5 1.35
-2.9000001 5.5 1.45
-2.9000001 5.5 1.55
-2.9000001 5.5 1.65
-2.9000001 5.5 1.75
-2.9000001 5.5 1.85
-2.9000001 5.5 1.95
-2.9000001 5.5 2.05
-2.9000001 5.5 2.1500001
-2.9000001 5.5 2.25
-2.9000001 5.5 2.3499999
-2.9000001 5.5 2.45
-3 5.5 -0.44999999
-3 5.5 -0.34999999
-3 5.5 -0.25
-3 5.5 -0.15000001
-3 5.5 -0.050000001
-3 5.5 0.050000001
-3 5.5 0.15000001
-3 5.5 0.25
-3 5.5 0.34999999
-3 5.5 0.44999999
-3 5.5 0.55000001
-3 5.5 0.64999998
-3 5.5 0.75
-3 5.5 0.85000002
-3 5.5 0.94999999
-3 5.5 1.05
-3 5.5 1.15
-3 5.5 1.25
-3 5.5 1.35
-3 5.5 1.45
-3 5.5 1.55
-3 5.5 1.65
-3 5.5 1.75
-3 5.5 1.85
-3 5.5 1.95
-3 5.5 2.05
-3 5.5 2.1500001
-3 5.5 2.25
-3 5.5 2.3499999
-3 5.5 2.45
-3.0999999 5.5 -0.44999999
-3.0999999 5.5 -0.34999999
-3.0999999 5.5 -0.25
-3.0999999 5.5 -0.15000001
-3.0999999 5.5 -0.050000001
-3.0999999 5.5 0.050000001
-3.0999999 5.5 0.15000001
-3.0999999 5.5 0.25
-3.0999999 5.5 0.34999999
-3.0999999 5.5 0.44999999
-3.0999999 5.5 0.55000001
-3.0999999 5.5 0.64999998
-3.0999999 5.5 0.75
-3.0999999 5.5 0.85000002
-3.0999999 5.5 0.94999999
-3.0999999 5.5 1.05
-3.0999999 5.5 1.15
-3.0999999 5.5 1.25
-3.0999999 5.5 1.35
-3.0999999 5.5 1.45
-3.0999999 5.5 1.55
-3.0999999 5.5 1.65
-3.0999999 5.5 1.75
-3.0999999 5.5 1.85
-3.0999999 5.5 1.95
-3.0999999 5.5 2.05
-3.0999999 5.5 2.1500001
-3.0999999 5.5 2.25
-3.0999999 5.5 2.3499999
-3.0999999 5.5 2.45
-2.9000001 5.5999999 -0.44999999
-2.9000001 5.5999999 -0.34999999
-2.9000001 5.5999999 -0.25
-2.9000001 5.5999999 -0.15000001
-2.9000001 5.5999999 -0.050000001
-2.9000001 5.5999999 0.050000001
-2.9000001 5.5999999 0.15000001
-2.9000001 5.5999999 0.25
-2.9000001 5.5999999 0.34999999
-2.9000001 5.5999999 0.44999999
-2.9000001 5.5999999 0.55000001
-2.9000001 5.5999999 0.64999998
-2.9000001 5.5999999 0.75
-2.9000001 5.5999999 0.85000002
-2.9000001 5.5999999 0.94999999
-2.9000001 5.5999999 1.05
-2.9000001 5.5999999 1.15
-2.9000001 5.5999999 1.25
-2.9000001 5.5999999 1.35
-2.9000001 5.5999999 1.45
-2.9000001 5.5999999 1.55
-2.9000001 5.5999999 1.65
-2.9000001 5.5999999 1.75
-2.9000001 5.5999999 1.85
-2.9000001 5.5999999 1.95
-2.9000001 5.5999999 2.05
-2.9000001 5.5999999 2.1500001
-2.9000001 5.5999999 2.25
-2.9000001 5.5999999 2.3499999
-2.9000001 5.5999999 2.45
-3 5.5999999 -0.44999999
-3 5.5999999 -0.34999999
-3 5.5999999 -0.25
-3 5.5999999 -0.15000001
-3 5.5999999 -0.050000001
-3 5.5999999 0.050000001
-3 5.5999999 0.15000001
-3 5.5999999 0.25
-3 5.5999999 0.34999999
-3 5.5999999 0.44999999
-3 5.5999999 0.55000001
-3 5.5999999 0.64999998
-3 5.5999999 0.75
-3 5.5999999 0.85000002
-3 5.5999999 0.94999999
-3 5.5999999 1.05
-3 5.5999999 1.15
-3 5.5999999 1.25
-3 5.5999999 1.35
-3 5.5999999 1.45
-3 5.5999999 1.55
-3 5.5999999 1.65
-3 5.5999999 1.75
-3 5.5999999 1.85
-3 5.5999999 1.95
-3 5.5999999 2.05
-3 5.5999999 2.1500001
-3 5.5999999 2.25
-3 5.5999999 2.3499999
-3 5.5999999 2.45
-3.0999999 5.5999999 -0.44999999
-3.0999999 5.5999999 -0.34999999
-3.0999999 5.5999999 -0.25
-3.0999999 5.5999999 -0.15000001
-3.0999999 5.5999999 -0.050000001
-3.0999999 5.5999999 0.050000001
-3.0999999 5.5999999 0.15000001
-3.0999999 5.5999999 0.25
-3.0999999 5.5999999 0.34999999
-3.0999999 5.5999999 0.44999999
-3.0999999 5.5999999 0.55000001
-3.0999999 5.5999999 0.64999998
-3.0999999 5.5999999 0.75
-3.0999999 5.5999999 0.85000002
-3.0999999 5.5999999 0.94999999
-3.0999999 5.5999999 1.05
-3.0999999 5.5999999 1.15
-3.0999999 5.5999999 1.25
-3.0999999 5.5999999 1.35
-3.0999999 5.5999999 1.45
-3.0999999 5.5999999 1.55
-3.0999999 5.5999999 1.65
-3.0999999 5.5999999 1.75
-3.0999999 5.5999999 1.85
-3.0999999 5.5999999 1.95
-3.0999999 5.5999999 2.05
-3.0999999 5.5999999 2.1500001
-3.0999999 5.5999999 2.25
-3.0999999 5.5999999 2.3499999
-3.0999999 5.5999999 2.45
-2.9000001 5.6999998 -0.44999999
-2.9000001 5.6999998 -0.34999999
-2.9000001 5.6999998 -0.25
-2.9000001 5.6999998 -0.15000001
-2.9000001 5.6999998 -0.050000001
-2.9000001 5.6999998 0.050000001
-2.9000001 5.6999998 0.15000001
-2.9000001 5.6999998 0.25
-2.9000001 5.6999998 0.34999999
-2.9000001 5.6999998 0.44999999
-2.9000001 5.6999998 0.55000001
-2.9000001 5.6999998 0.64999998
-2.9000001 5.6999998 0.75
-2.9000001 5.6999998 0.85000002
-2.9000001 5.6999998 0.94999999
-2.9000001 5.6999998 1.05
-2.9000001 5.6999998 1.15
-2.9000001 5.6999998 1.25
-2.9000001 5.6999998 1.35
-2.9000001 5.6999998 1.45
-2.9000001 5.6999998 1.55
-2.9000001 5.6999998 1.65
-2.9000001 5.6999998 1.75
-2.9000001 5.6999998 1.85
-2.9000001 5.6999998 1.95
-2.9000001 5.6999998 2.05
-2.9000001 5.6999998 2.1500001
-2.9000001 5.6999998 2.25
-2.9000001 5.6999998 2.3499999
-2.9000001 5.6999998 2.45
-3 5.6999998 -0.44999999
-3 5.6999998 -0.34999999
-3 5.6999998 -0.25
-3 5.6999998 -0.15000001
-3 5.6999998 -0.050000001
-3 5.6999998 0.050000001
-3 5.6999998 0.15000001
-3 5.6999998 0.25
-3 5.6999998 0.34999999
-3 5.6999998 0.44999999
-3 5.6999998 0.55000001
-3 5.6999998 0.64999998
-3 5.6999998 0.75
-3 5.6999998 0.85000002
-3 5.6999998 0.94999999
-3 5.6999998 1.05
-3 5.6999998 1.15
-3 5.6999998 1.25
-3 5.6999998 1.35
-3 5.6999998 1.45
-3 5.6999998 1.55
-3 5.6999998 1.65
-3 5.6999998 1.75
-3 5.6999998 1.85
-3 5.6999998 1.95
-3 5.6999998 2.05
-3 5.6999998 2.1500001
-3 5.6999998 2.25
-3 5.6999998 2.3499999
-3 5.6999998 2.45
-3.0999999 5.6999998 -0.44999999
-3.0999999 5.6999998 -0.34999999
-3.0999999 5.6999998 -0.25
-3.0999999 5.6999998 -0.15000001
-3.0999999 5.6999998 -0.050000001
-3.0999999 5.6999998 0.050000001
-3.0999999 5.6999998 0.15000001
-3.0999999 5.6999998 0.25
-3.0999999 5.6999998 0.34999999
-3.0999999 5.6999998 0.44999999
-3.0999999 5.6999998 0.55000001
-3.0999999 5.6999998 0.64999998
-3.0999999 5.6999998 0.75
-3.0999999 5.6999998 0.85000002
-3.0999999 5.6999998 0.94999999
-3.0999999 5.6999998 1.05
-3.0999999 5.6999998 1.15
-3.0999999 5.6999998 1.25
-3.0999999 5.6999998 1.35
-3.0999999 5.6999998 1.45
-3.0999999 5.6999998 1.55
-3.0999999 5.6999998 1.65
-3.0999999 5.6999998 1.75
-3.0999999 5.6999998 1.85
-3.0999999 5.6999998 1.95
-3.0999999 5.6999998 2.05
-3.0999999 5.6999998 2.1500001
-3.0999999 5.6999998 2.25
-3.0999999 5.6999998 2.3499999
-3.0999999 5.6999998 2.45
-2.9000001 5.8000002 -0.44999999
-2.9000001 5.8000002 -0.34999999
-2.9000001 5.8000002 -0.25
-2.9000001 5.8000002 -0.15000001
-2.9000001 5.8000002 -0.050000001
-2.9000001 5.8000002 0.050000001
-2.9000001 5.8000002 0.15000001
-2.9000001 5.8000002 0.25
-2.9000001 5.8000002 0.34999999
-2.9000001 5.8000002 0.44999999
-2.9000001 5.8000002 0.55000001
-2.9000001 5.8000002 0.64999998
-2.9000001 5.8000002 0.75
-2.9000001 5.8000002 0.85000002
-2.9000001 5.8000002 0.94999999
-2.9000001 5.8000002 1.05
-2.9000001 5.8000002 1.15
-2.9000001 5.8000002 1.25
-2.9000001 5.8000002 1.35
-2.9000001 5.8000002 1.45
-2.9000001 5.8000002 1.55
-2.9000001 5.8000002 1.65
-2.9000001 5.8000002 1.75
-2.9000001 5.8000002 1.85
-2.9000001 5.8000002 1.95
-2.9000001 5.8000002 2.05
-2.9000001 5.8000002 2.1500001
-2.9000001 5.8000002 2.25
-2.9000001 5.8000002 2.3499999
-2.9000001 5.8000002 2.45
-3 5.8000002 -0.44999999
-3 5.8000002 -0.34999999
-3 5.8000002 -0.25
-3 5.8000002 -0.15000001
-3 5.8000002 -0.050000001
-3 5.8000002 0.050000001
-3 5.8000002 0.15000001
-3 5.8000002 0.25
-3 5.8000002 0.34999999
-3 5.8000002 0.44999999
-3 5.8000002 0.55000001
-3 5.8000002 0.64999998
-3 5.8000002 0.75
-3 5.8000002 0.85000002
-3 5.8000002 0.94999999
-3 5.8000002 1.05
-3 5.8000002 1.15
-3 5.8000002 1.25
-3 5.8000002 1.35
-3 5.8000002 1.45
-3 5.8000002 1.55
-3 5.8000002 1.65
-3 5.8000002 1.75
-3 5.8000002 1.85
-3 5.8000002 1.95
-3 5.8000002 2.05
-3 5.8000002 2.1500001
-3 5.8000002 2.25
-3 5.8000002 2.3499999
-3 5.8000002 2.45
-3.0999999 5.8000002 -0.44999999
-3.0999999 5.8000002 -0.34999999
-3.0999999 5.8000002 -0.25
-3.0999999 5.8000002 -0.15000001
-3.0999999 5.8000002 -0.050000001
-3.0999999 5.8000002 0.050000001
-3.0999999 5.8000002 0.15000001
-3.0999999 5.8000002 0.25
-3.0999999 5.8000002 0.34999999
-3.0999999 5.8000002 0.44999999
-3.0999999 5.8000002 0.55000001
-3.0999999 5.8000002 0.64999998
-3.0999999 5.8000002 0.75
-3.0999999 5.8000002 0.85000002
-3.0999999 5.8000002 0.94999999
-3.0999999 5.8000002 1.05
-3.0999999 5.8000002 1.15
-3.0999999 5.8000002 1.25
-3.0999999 5.8000002 1.35
-3.0999999 5.8000002 1.45
-3.0999999 5.8000002 1.55
-3.0999999 5.8000002 1.65
-3.0999999 5.8000002 1.75
-3.0999999 5.8000002 1.85
-3.0999999 5.8000002 1.95
-3.0999999 5.8000002 2.05
-3.0999999 5.8000002 2.1500001
-3.0999999 5.8000002 2.25
-3.0999999 5.8000002 2.3499999
-3.0999999 5.8000002 2.45
-2.9000001 5.9000001 -0.44999999
-2.9000001 5.9000001 -0.34999999
-2.9000001 5.9000001 -0.25
-2.9000001 5.9000001 -0.15000001
-2.9000001 5.9000001 -0.050000001
-2.9000001 5.9000001 0.050000001
-2.9000001 5.9000001 0.15000001
-2.9000001 5.9000001 0.25
-2.9000001 5.9000001 0.34999999
-2.9000001 5.9000001 0.44999999
-2.9000001 5.9000001 0.55000001
-2.9000001 5.9000001 0.64999998
-2.9000001 5.9000001 0.75
-2.9000001 5.9000001 0.85000002
-2.9000001 5.9000001 0.94999999
-2.9000001 5.9000001 1.05
-2.9000001 5.9000001 1.15
-2.9000001 5.9000001 1.25
-2.9000001 5.9000001 1.35
-2.9000001 5.9000001 1.45
-2.9000001 5.9000001 1.55
-2.9000001 5.9000001 1.65
-2.9000001 5.9000001 1.75
-2.9000001 5.9000001 1.85
-2.9000001 5.9000001 1.95
-2.9000001 5.9000001 2.05
-2.9000001 5.9000001 2.1500001
-2.9000001 5.9000001 2.25
-2.9000001 5.9000001 2.3499999
-2.9000001 5.9000001 2.45
-3 5.9000001 -0.44999999
-3 5.9000001 -0.34999999
-3 5.9000001 -0.25
-3 5.9000001 -0.15000001
-3 5.9000001 -0.050000001
-3 5.9000001 0.050000001
-3 5.9000001 0.15000001
-3 5.9000001 0.25
-3 5.9000001 0.34999999
-3 5.9000001 0.44999999
-3 5.9000001 0.55000001
-3 5.9000001 0.64999998
-3 5.9000001 0.75
-3 5.9000001 0.85000002
-3 5.9000001 0.94999999
-3 5.9000001 1.05
-3 5.9000001 1.15
-3 5.9000001 1.25
-3 5.9000001 1.35
-3 5.9000001 1.45
-3 5.9000001 1.55
-3 5.9000001 1.65
-3 5.9000001 1.75
-3 5.9000001 1.85
-3 5.9000001 1.95
-3 5.9000001 2.05
-3 5.9000001 2.1500001
-3 5.9000001 2.25
-3 5.9000001 2.3499999
-3 5.9000001 2.45
-3.0999999 5.9000001 -0.44999999
-3.0999999 5.9000001 -0.34999999
-3.0999999 5.9000001 -0.25
-3.0999999 5.9000001 -0.15000001
-3.0999999 5.9000001 -0.050000001
-3.0999999 5.9000001 0.050000001
-3.0999999 5.9000001 0.15000001
-3.0999999 5.9000001 0.25
-3.0999999 5.9000001 0.34999999
-3.0999999 5.9000001 0.44999999
-3.0999999 5.9000001 0.55000001
-3.0999999 5.9000001 0.64999998
-3.0999999 5.9000001 0.75
-3.0999999 5.9000001 0.85000002
-3.0999999 5.9000001 0.94999999
-3.0999999 5.9000001 1.05
-3.0999999 5.9000001 1.15
-3.0999999 5.9000001 1.25
-3.0999999 5.9000001 1.35
-3.0999999 5.9000001 1.45
-3.0999999 5.9000001 1.55
-3.0999999 5.9000001 1.65
-3.0999999 5.9000001 1.75
-3.0999999 5.9000001 1.85
-3.0999999 5.9000001 1.95
-3.0999999 5.9000001 2.05
-3.0999999 5.9000001 2.1500001
-3.0999999 5.9000001 2.25
-3.0999999 5.9000001 2.3499999
-3.0999999 5.9000001 2.45
-2.9000001 6 -0.44999999
-2.9000001 6 -0.34999999
-2.9000001 6 -0.25
-2.9000001 6 -0.15000001
-2.9000001 6 -0.050000001
-2.9000001 6 0.050000001
-2.9000001 6 0.15000001
-2.9000001 6 0.25
-2.9000001 6 0.34999999
-2.9000001 6 0.44999999
-2.9000001 6 0.55000001
-2.9000001 6 0.64999998
-2.9000001 6 0.75
-2.9000001 6 0.85000002
-2.9000001 6 0.94999999
-2.9000001 6 1.05
-2.9000001 6 1.15
-2.9000001 6 1.25
-2.9000001 6 1.35
-2.9000001 6 1.45
-2.9000001 6 1.55
-2.9000001 6 1.65
-2.9000001 6 1.75
-2.9000001 6 1.85
-2.9000001 6 1.95
-2.9000001 6 2.05
-2.9000001 6 2.1500001
-2.9000001 6 2.25
-2.9000001 6 2.3499999
-2.9000001 6 2.45
-3 6 -0.44999999
-3 6 -0.34999999
-3 6 -0.25
-3 6 -0.15000001
-3 6 -0.050000001
-3 6 0.050000001
-3 6 0.15000001
-3 6 0.25
-3 6 0.34999999
-3 6 0.44999999
-3 6 0.55000001
-3 6 0.64999998
-3 6 0.75
-3 6 0.85000002
-3 6 0.94999999
-3 6 1.05
-3 6 1.15
-3 6 1.25
-3 6 1.35
-3 6 1.45
-3 6 1.55
-3 6 1.65
-3 6 1.75
-3 6 1.85
-3 6 1.95
-3 6 2.05
-3 6 2.1500001
-3 6 2.25
-3 6 2.3499999
-3 6 2.45
-3.0999999 6 -0.44999999
-3.0999999 6 -0.34999999
-3.0999999 6 -0.25
-3.0999999 6 -0.15000001
-3.0999999 6 -0.050000001
-3.0999999 6 0.050000001
-3.0999999 6 0.15000001
-3.0999999 6 0.25
-3.0999999 6 0.34999999
-3.0999999 6 0.44999999
-3.0999999 6 0.55000001
-3.0999999 6 0.64999998
-3.0999999 6 0.75
-3.0999999 6 0.85000002
-3.0999999 6 0.94999999
-3.0999999 6 1.05
-3.0999999 6 1.15
-3.0999999 6 1.25
-3.0999999 6 1.35
-3.0999999 6 1.45
-3.0999999 6 1.55
-3.0999999 6 1.65
-3.0999999 6 1.75
-3.0999999 6 1.85
-3.0999999 6 1.95
-3.0999999 6 2.05
-3.0999999 6 2.1500001
-3.0999999 6 2.25
-3.0999999 6 2.3499999
-3.0999999 6 2.45
-3 6.0999999 -0.44999999
-3 6.0999999 -0.34999999
-3 6.0999999 -0.25
-3 6.0999999 -0.15000001
-3 6.0999999 -0.050000001
-3 6.0999999 0.050000001
-3 6.0999999 0.15000001
-3 6.0999999 0.25
-3 6.0999999 0.34999999
-3 6.0999999 0.44999999
-3 6.0999999 0.55000001
-3 6.0999999 0.64999998
-3 6.0999999 0.75
-3 6.0999999 0.85000002
-3 6.0999999 0.94999999
-3 6.0999999 1.05
-3 6.0999999 1.15
-3 6.0999999 1.25
-3 6.0999999 1.35
-3 6.0999999 1.45
-3 6.0999999 1.55
-3 6.0999999 1.65
-3 6.0999999 1.75
-3 6.0999999 1.85
-3 6.0999999 1.95
-3 6.0999999 2.05
-3 6.0999999 2.1500001
-3 6.0999999 2.25
-3 6.0999999 2.3499999
-3 6.0999999 2.45
-2.9000001 6.0999999 -0.44999999
-2.9000001 6.0999999 -0.34999999
-2.9000001 6.0999999 -0.25
-2.9000001 6.0999999 -0.15000001
-2.9000001 6.0999999 -0.050000001
-2.9000001 6.0999999 0.050000001
-2.9000001 6.0999999 0.15000001
-2.9000001 6.0999999 0.25
-2.9000001 6.0999999 0.34999999
-2.9000001 6.0999999 0.44999999
-2.9000001 6.0999999 0.55000001
-2.9000001 6.0999999 0.64999998
-2.9000001 6.0999999 0.75
-2.9000001 6.0999999 0.85000002
-2.9000001 6.0999999 0.94999999
-2.9000001 6.0999999 1.05
-2.9000001 6.0999999 1.15
-2.9000001 6.0999999 1.25
-2.9000001 6.0999999 1.35
-2.9000001 6.0999999 1.45
-2.9000001 6.0999999 1.55
-2.9000001 6.0999999 1.65
-2.9000001 6.0999999 1.75
-2.9000001 6.0999999 1.85
-2.9000001 6.0999999 1.95
-2.9000001 6.0999999 2.05
-2.9000001 6.0999999 2.1500001
-2.9000001 6.0999999 2.25
-2.9000001 6.0999999 2.3499999
-2.9000001 6.0999999 2.45
-2.8 5.9000001 -0.44999999
-2.8 5.9000001 -0.34999999
-2.8 5.9000001 -0.25
-2.8 5.9000001 -0.15000001
-2.8 5.9000001 -0.050000001
-2.8 5.9000001 0.050000001
-2.8 5.9000001 0.15000001
-2.8 5.9000001 0.25
-2.8 5.9000001 0.34999999
-2.8 5.9000001 0.44999999
-2.8 5.9000001 0.55000001
-2.8 5.9000001 0.64999998
-2.8 5.9000001 0.75
-2.8 5.9000001 0.85000002
-2.8 5.9000001 0.94999999
-2.8 5.9000001 1.05
-2.8 5.9000001 1.15
-2.8 5.9000001 1.25
-2.8 5.9000001 1.35
-2.8 5.9000001 1.45
-2.8 5.9000001 1.55
-2.8 5.9000001 1.65
-2.8 5.9000001 1.75
-2.8 5.9000001 1.85
-2.8 5.9000001 1.95
-2.8 5.9000001 2.05
-2.8 5.9000001 2.1500001
-2.8 5.9000001 2.25
-2.8 5.9000001 2.3499999
-2.8 5.9000001 2.45
-2.8 6 -0.44999999
-2.8 6 -0.34999999
-2.8 6 -0.25
-2.8 6 -0.15000001
-2.8 6 -0.050000001
-2.8 6 0.050000001
-2.8 6 0.15000001
-2.8 6 0.25
-2.8 6 0.34999999
-2.8 6 0.44999999
-2.8 6 0.55000001
-2.8 6 0.64999998
-2.8 6 0.75
-2.8 6 0.85000002
-2.8 6 0.94999999
-2.8 6 1.05
-2.8 6 1.15
-2.8 6 1.25
-2.8 6 1.35
-2.8 6 1.45
-2.8 6 1.55
-2.8 6 1.65
-2.8 6 1.75
-2.8 6 1.85
-2.8 6 1.95
-2.8 6 2.05
-2.8 6 2.1500001
-2.8 6 2.25
-2.8 6 2.3499999
-2.8 6 2.45
-2.8 6.0999999 -0.44999999
-2.8 6.0999999 -0.34999999
-2.8 6.0999999 -0.25
-2.8 6.0999999 -0.15000001
-2.8 6.0999999 -0.050000001
-2.8 6.0999999 0.050000001
-2.8 6.0999999 0.15000001
-2.8 6.0999999 0.25
-2.8 6.0999999 0.34999999
-2.8 6.0999999 0.44999999
-2.8 6.0999999 0.55000001
-2.8 6.0999999 0.64999998
-2.8 6.0999999 0.75
-2.8 6.0999999 0.85000002
-2.8 6.0999999 0.94999999
-2.8 6.0999999 1.05
-2.8 6.0999999 1.15
-2.8 6.0999999 1.25
-2.8 6.0999999 1.35
-2.8 6.0999999 1.45
-2.8 6.0999999 1.55
-2.8 6.0999999 1.65
-2.8 6.0999999 1.75
-2.8 6.0999999 1.85
-2.8 6.0999999 1.95
-2.8 6.0999999 2.05
-2.8 6.0999999 2.1500001
-2.8 6.0999999 2.25
-2.8 6.0999999 2.3499999
-2.8 6.0999999 2.45
-2.7 5.9000001 -0.44999999
-2.7 5.9000001 -0.34999999
-2.7 5.9000001 -0.25
-2.7 5.9000001 -0.15000001
-2.7 5.9000001 -0.050000001
-2.7 5.9000001 0.050000001
-2.7 5.9000001 0.15000001
-2.7 5.9000001 0.25
-2.7 5.9000001 0.34999999
-2.7 5.9000001 0.44999999
-2.7 5.9000001 0.55000001
-2.7 5.9000001 0.64999998
-2.7 5.9000001 0.75
-2.7 5.9000001 0.85000002
-2.7 5.9000001 0.94999999
-2.7 5.9000001 1.05
-2.7 5.9000001 1.15
-2.7 5.9000001 1.25
-2.7 5.9000001 1.35
-2.7 5.9000001 1.45
-2.7 5.9000001 1.55
-2.7 5.9000001 1.65
-2.7 5.9000001 1.75
-2.7 5.9000001 1.85
-2.7 5.9000001 1.95
-2.7 5.9000001 2.05
-2.7 5.9000001 2.1500001
-2.7 5.9000001 2.25
-2.7 5.9000001 2.3499999
-2.7 5.9000001 2.45
-2.7 6 -0.44999999
-2.7 6 -0.34999999
-2.7 6 -0.25
-2.7 6 -0.15000001
-2.7 6 -0.050000001
-2.7 6 0.050000001
-2.7 6 0.15000001
-2.7 6 0.25
-2.7 6 0.34999999
-2.7 6 0.44999999
-2.7 6 0.55000001
-2.7 6 0.64999998
-2.7 6 0.75
-2.7 6 0.85000002
-2.7 6 0.94999999
-2.7 6 1.05
-2.7 6 1.15
-2.7 6 1.25
-2.7 6 1.35
-2.7 6 1.45
-2.7 6 1.55
-2.7 6 1.65
-2.7 6 1.75
-2.7 6 1.85
-2.7 6 1.95
-2.7 6 2.05
-2.7 6 2.1500001
-2.7 6 2.25
-2.7 6 2.3499999
-2.7 6 2.45
-2.7 6.0999999 -0.44999999
-2.7 6.0999999 -0.34999999
-2.7 6.0999999 -0.25
-2.7 6.0999999 -0.15000001
-2.7 6.0999999 -0.050000001
-2.7 6.0999999 0.050000001
-2.7 6.0999999 0.15000001
-2.7 6.0999999 0.25
-2.7 6.0999999 0.34999999
-2.7 6.0999999 0.44999999
-2.7 6.0999999 0.55000001
-2.7 6.0999999 0.64999998
-2.7 6.0999999 0.75
-2.7 6.0999999 0.85000002
-2.7 6.0999999 0.94999999
-2.7 6.0999999 1.05
-2.7 6.0999999 1.15
-2.7 6.0999999 1.25
-2.7 6.0999999 1.35
-2.7 6.0999999 1.45
-2.7 6.0999999 1.55
-2.7 6.0999999 1.65
-2.7 6.0999999 1.75
-2.7 6.0999999 1.85
-2.7 6.0999999 1.95
-2.7 6.0999999 2.05
-2.7 6.0999999 2.1500001
-2.7 6.0999999 2.25
-2.7 6.0999999 2.3499999
-2.7 6.0999999 2.45
-2.5999999 5.9000001 -0.44999999
-2.5999999 5.9000001 -0.34999999
-2.5999999 5.9000001 -0.25
-2.5999999 5.9000001 -0.15000001
-2.5999999 5.9000001 -0.050000001
-2.5999999 5.9000001 0.050000001
-2.5999999 5.9000001 0.15000001
-2.5999999 5.9000001 0.25
-2.5999999 5.9000001 0.34999999
-2.5999999 5.9000001 0.44999999
-2.5999999 5.9000001 0.55000001
-2.5999999 5.9000001 0.64999998
-2.5999999 5.9000001 0.75
-2.5999999 5.9000001 0.85000002
-2.5999999 5.9000001 0.94999999
-2.5999999 5.9000001 1.05
-2.5999999 5.9000001 1.15
-2.5999999 5.9000001 1.25
-2.5999999 5.9000001 1.35
-2.5999999 5.9000001 1.45
-2.5999999 5.9000001 1.55
-2.5999999 5.9000001 1.65
-2.5999999 5.9000001 1.75
-2.5999999 5.9000001 1.85
-2.5999999 5.9000001 1.95
-2.5999999 5.9000001 2.05
-2.5999999 5.9000001 2.1500001
-2.5999999 5.9000001 2.25
-2.5999999 5.9000001 2.3499999
-2.5999999 5.9000001 2.45
-2.5999999 6 -0.44999999
-2.5999999 6 -0.34999999
-2.5999999 6 -0.25
-2.5999999 6 -0.15000001
-2.5999999 6 -0.050000001
-2.5999999 6 0.050000001
-2.5999999 6 0.15000001
-2.5999999 6 0.25
-2.5999999 6 0.34999999
-2.5999999 6 0.44999999
-2.5999999 6 0.55000001
-2.5999999 6 0.64999998
-2.5999999 6 0.75
-2.5999999 6 0.85000002
-2.5999999 6 0.94999999
-2.5999999 6 1.05
-2.5999999 6 1.15
-2.5999999 6 1.25
-2.5999999 6 1.35
-2.5999999 6 1.45
-2.5999999 6 1.55
-2.5999999 6 1.65
-2.5999999 6 1.75
-2.5999999 6 1.85
-2.5999999 6 1.95
-2.5999999 6 2.05
-2.5999999 6 2.1500001
-2.5999999 6 2.25
-2.5999999 6 2.3499999
-2.5999999 6 2.45
-2.5999999 6.0999999 -0.44999999
-2.5999999 6.0999999 -0.34999999
-2.5999999 6.0999999 -0.25
-2.5999999 6.0999999 -0.15000001
-2.5999999 6.0999999 -0.050000001
-2.5999999 6.0999999 0.050000001
-2.5999999 6.0999999 0.15000001
-2.5999999 6.0999999 0.25
-2.5999999 6.0999999 0.34999999
-2.5999999 6.0999999 0.44999999
-2.5999999 6.0999999 0.55000001
-2.5999999 6.0999999 0.64999998
-2.5999999 6.0999999 0.75
-2.5999999 6.0999999 0.85000002
-2.5999999 6.0999999 0.94999999
-2.5999999 6.0999999 1.05
-2.5999999 6.0999999 1.15
-2.5999999 6.0999999 1.25
-2.5999999 6.0999999 1.35
-2.5999999 6.0999999 1.45
-2.5999999 6.0999999 1.55
-2.5999999 6.0999999 1.65
-2.5999999 6.0999999 1.75
-2.5999999 6.0999999 1.85
-2.5999999 6.0999999 1.95
-2.5999999 6.0999999 2.05
-2.5999999 6.0999999 2.1500001
-2.5999999 6.0999999 2.25
-2.5999999 6.0999999 2.3499999
-2.5999999 6.0999999 2.45
-2.5 5.9000001 -0.44999999
-2.5 5.9000001 -0.34999999
-2.5 5.9000001 -0.25
-2.5 5.9000001 -0.15000001
-2.5 5.9000001 -0.050000001
-2.5 5.9000001 0.050000001
-2.5 5.9000001 0.15000001
-2.5 5.9000001 0.25
-2.5 5.9000001 0.34999999
-2.5 5.9000001 0.44999999
-2.5 5.9000001 0.55000001
-2.5 5.9000001 0.64999998
-2.5 5.9000001 0.75
-2.5 5.9000001 0.85000002
-2.5 5.9000001 0.94999999
-2.5 5.9000001 1.05
-2.5 5.9000001 1.15
-2.5 5.9000001 1.25
-2.5 5.9000001 1.35
-2.5 5.9000001 1.45
-2.5 5.9000001 1.55
-2.5 5.9000001 1.65
-2.5 5.9000001 1.75
-2.5 5.9000001 1.85
-2.5 5.9000001 1.95
-2.5 5.9000001 2.05
-2.5 5.9000001 2.1500001
-2.5 5.9000001 2.25
-2.5 5.9000001 2.3499999
-2.5 5.9000001 2.45
-2.5 6 -0.44999999
-2.5 6 -0.34999999
-2.5 6 -0.25
-2.5 6 -0.15000001
-2.5 6 -0.050000001
-2.5 6 0.050000001
-2.5 6 0.15000001
-2.5 6 0.25
-2.5 6 0.34999999
-2.5 6 0.44999999
-2.5 6 0.55000001
-2.5 6 0.64999998
-2.5 6 0.75
-2.5 6 0.85000002
-2.5 6 0.94999999
-2.5 6 1.05
-2.5 6 1.15
-2.5 6 1.25
-2.5 6 1.35
-2.5 6 1.45
-2.5 6 1.55
-2.5 6 1.65
-2.5 6 1.75
-2.5 6 1.85
-2.5 6 1.95
-2.5 6 2.05
-2.5 6 2.1500001
-2.5 6 2.25
-2.5 6 2.3499999
-2.5 6 2.45
-2.5 6.0999999 -0.44999999
-2.5 6.0999999 -0.34999999
-2.5 6.0999999 -0.25
-2.5 6.0999999 -0.15000001
-2.5 6.0999999 -0.050000001
-2.5 6.0999999 0.050000001
-2.5 6.0999999 0.15000001
-2.5 6.0999999 0.25
-2.5 6.0999999 0.34999999
-2.5 6.0999999 0.44999999
-2.5 6.0999999 0.55000001
-2.5 6.0999999 0.64999998
-2.5 6.0999999 0.75
-2.5 6.0999999 0.85000002
-2.5 6.0999999 0.94999999
-2.5 6.0999999 1.05
-2.5 6.0999999 1.15
-2.5 6.0999999 1.25
-2.5 6.0999999 1.35
-2.5 6.0999999 1.45
-2.5 6.0999999 1.55
-2.5 6.0999999 1.65
-2.5 6.0999999 1.75
-2.5 6.0999999 1.85
-2.5 6.0999999 1.95
-2.5 6.0999999 2.05
-2.5 6.0999999 2.1500001
-2.5 6.0999999 2.25
-2.5 6.0999999 2.3499999
-2.5 6.0999999 2.45
-2.4000001 5.9000001 -0.44999999
-2.4000001 5.9000001 -0.34999999
-2.4000001 5.9000001 -0.25
-2.4000001 5.9000001 -0.15000001
-2.4000001 5.9000001 -0.050000001
-2.4000001 5.9000001 0.050000001
-2.4000001 5.9000001 0.15000001
-2.4000001 5.9000001 0.25
-2.4000001 5.9000001 0.34999999
-2.4000001 5.9000001 0.44999999
-2.4000001 5.9000001 0.55000001
-2.4000001 5.9000001 0.64999998
-2.4000001 5.9000001 0.75
-2.4000001 5.9000001 0.85000002
-2.4000001 5.9000001 0.94999999
-2.4000001 5.9000001 1.05
-2.4000001 5.9000001 1.15
-2.4000001 5.9000001 1.25
-2.4000001 5.9000001 1.35
-2.4000001 5.9000001 1.45
-2.4000001 5.9000001 1.55
-2.4000001 5.9000001 1.65
-2.4000001 5.9000001 1.75
-2.4000001 5.9000001 1.85
-2.4000001 5.9000001 1.95
-2.4000001 5.9000001 2.05
-2.4000001 5.9000001 2.1500001
-2.4000001 5.9000001 2.25
-2.4000001 5.9000001 2.3499999
-2.4000001 5.9000001 2.45
-2.4000001 6 -0.44999999
-2.4000001 6 -0.34999999
-2.4000001 6 -0.25
-2.4000001 6 -0.15000001
-2.4000001 6 -0.050000001
-2.4000001 6 0.050000001
-2.4000001 6 0.15000001
-2.4000001 6 0.25
-2.4000001 6 0.34999999
-2.4000001 6 0.44999999
-2.4000001 6 0.55000001
-2.4000001 6 0.64999998
-2.4000001 6 0.75
-2.4000001 6 0.85000002
-2.4000001 6 0.94999999
-2.4000001 6 1.05
-2.4000001 6 1.15
-2.4000001 6 1.25
-2.4000001 6 1.35
-2.4000001 6 1.45
-2.4000001 6 1.55
-2.4000001 6 1.65
-2.4000001 6 1.75
-2.4000001 6 1.85
-2.4000001 6 1.95
-2.4000001 6 2.05
-2.4000001 6 2.1500001
-2.4000001 6 2.25
-2.4000001 6 2.3499999
-2.4000001 6 2.45
-2.4000001 6.0999999 -0.44999999
-2.4000001 6.0999999 -0.34999999
-2.4000001 6.0999999 -0.25
-2.4000001 6.0999999 -0.15000001
-2.4000001 6.0999999 -0.050000001
-2.4000001 6.0999999 0.050000001
-2.4000001 6.0999999 0.15000001
-2.4000001 6.0999999 0.25
-2.4000001 6.0999999 0.34999999
-2.4000001 6.0999999 0.44999999
-2.4000001 6.0999999 0.55000001
-2.4000001 6.0999999 0.64999998
-2.4000001 6.0999999 0.75
-2.4000001 6.0999999 0.85000002
-2.4000001 6.0999999 0.94999999
-2.4000001 6.0999999 1.05
-2.4000001 6.0999999 1.15
-2.4000001 6.0999999 1.25
-2.4000001 6.0999999 1.35
-2.4000001 6.0999999 1.45
-2.4000001 6.0999999 1.55
-2.4000001 6.0999999 1.65
-2.4000001 6.0999999 1.75
-2.4000001 6.0999999 1.85
-2.4000001 6.0999999 1.95
-2.4000001 6.0999999 2.05
-2.4000001 6.0999999 2.1500001
-2.4000001 6.0999999 2.25
-2.4000001 6.0999999 2.3499999
-2.4000001 6.0999999 2.45
-2.3 5.9000001 -0.44999999
-2.3 5.9000001 -0.34999999
-2.3 5.9000001 -0.25
-2.3 5.9000001 -0.15000001
-2.3 5.9000001 -0.050000001
-2.3 5.9000001 0.050000001
-2.3 5.9000001 0.15000001
-2.3 5.9000001 0.25
-2.3 5.9000001 0.34999999
-2.3 5.9000001 0.44999999
-2.3 5.9000001 0.55000001
-2.3 5.9000001 0.64999998
-2.3 5.9000001 0.75
-2.3 5.9000001 0.85000002
-2.3 5.9000001 0.94999999
-2.3 5.9000001 1.05
-2.3 5.9000001 1.15
-2.3 5.9000001 1.25
-2.3 5.9000001 1.35
-2.3 5.9000001 1.45
-2.3 5.9000001 1.55
-2.3 5.9000001 1.65
-2.3 5.9000001 1.75
-2.3 5.9000001 1.85
-2.3 5.9000001 1.95
-2.3 5.9000001 2.05
-2.3 5.9000001 2.1500001
-2.3 5.9000001 2.25
-2.3 5.9000001 2.3499999
-2.3 5.9000001 2.45
-2.3 6 -0.44999999
-2.3 6 -0.34999999
-2.3 6 -0.25
-2.3 6 -0.15000001
-2.3 6 -0.050000001
-2.3 6 0.050000001
-2.3 6 0.15000001
-2.3 6 0.25
-2.3 6 0.34999999
-2.3 6 0.44999999
-2.3 6 0.55000001
-2.3 6 0.64999998
-2.3 6 0.75
-2.3 6 0.85000002
-2.3 6 0.94999999
-2.3 6 1.05
-2.3 6 1.15
-2.3 6 1.25
-2.3 6 1.35
-2.3 6 1.45
-2.3 6 1.55
-2.3 6 1.65
-2.3 6 1.75
-2.3 6 1.85
-2.3 6 1.95
-2.3 6 2.05
-2.3 6 2.1500001
-2.3 6 2.25
-2.3 6 2.3499999
-2.3 6 2.45
-2.3 6.0999999 -0.44999999
-2.3 6.0999999 -0.34999999
-2.3 6.0999999 -0.25
-2.3 6.0999999 -0.15000001
-2.3 6.0999999 -0.050000001
-2.3 6.0999999 0.050000001
-2.3 6.0999999 0.15000001
-2.3 6.0999999 0.25
-2.3 6.0999999 0.34999999
-2.3 6.0999999 0.44999999
-2.3 6.0999999 0.55000001
-2.3 6.0999999 0.64999998
-2.3 6.0999999 0.75
-2.3 6.0999999 0.85000002
-2.3 6.0999999 0.94999999
-2.3 6.0999999 1.05
-2.3 6.0999999 1.15
-2.3 6.0999999 1.25
-2.3 6.0999999 1.35
-2.3 6.0999999 1.45
-2.3 6.0999999 1.55
-2.3 6.0999999 1.65
-2.3 6.0999999 1.75
-2.3 6.0999999 1.85
-2.3 6.0999999 1.95
-2.3 6.0999999 2.05
-2.3 6.0999999 2.1500001
-2.3 6.0999999 2.25
-2.3 6.0999999 2.3499999
-2.3 6.0999999 2.45
-2.2 5.9000001 -0.44999999
-2.2 5.9000001 -0.34999999
-2.2 5.9000001 -0.25
-2.2 5.9000001 -0.15000001
-2.2 5.9000001 -0.050000001
-2.2 5.9000001 0.050000001
-2.2 5.9000001 0.15000001
-2.2 5.9000001 0.25
-2.2 5.9000001 0.34999999
-2.2 5.9000001 0.44999999
-2.2 5.9000001 0.55000001
-2.2 5.9000001 0.64999998
-2.2 5.9000001 0.75
-2.2 5.9000001 0.85000002
-2.2 5.9000001 0.94999999
-2.2 5.9000001 1.05
-2.2 5.9000001 1.15
-2.2 5.9000001 1.25
-2.2 5.9000001 1.35
-2.2 5.9000001 1.45
-2.2 5.9000001 1.55
-2.2 5.9000001 1.65
-2.2 5.9000001 1.75
-2.2 5.9000001 1.85
-2.2 5.9000001 1.95
-2.2 5.9000001 2.05
-2.2 5.9000001 2.1500001
-2.2 5.9000001 2.25
-2.2 5.9000001 2.3499999
-2.2 5.9000001 2.45
-2.2 6 -0.44999999
-2.2 6 -0.34999999
-2.2 6 -0.25
-2.2 6 -0.15000001
-2.2 6 -0.050000001
-2.2 6 0.050000001
-2.2 6 0.15000001
-2.2 6 0.25
-2.2 6 0.34999999
-2.2 6 0.44999999
-2.2 6 0.55000001
-2.2 6 0.64999998
-2.2 6 0.75
-2.2 6 0.85000002
-2.2 6 0.94999999
-2.2 6 1.05
-2.2 6 1.15
-2.2 6 1.25
-2.2 6 1.35
-2.2 6 1.45
-2.2 6 1.55
-2.2 6 1.65
-2.2 6 1.75
-2.2 6 1.85
-2.2 6 1.95
-2.2 6 2.05
-2.2 6 2.1500001
-2.2 6 2.25
-2.2 6 2.3499999
-2.2 6 2.45
-2.2 6.0999999 -0.44999999
-2.2 6.0999999 -0.34999999
-2.2 6.0999999 -0.25
-2.2 6.0999999 -0.15000001
-2.2 6.0999999 -0.050000001
-2.2 6.0999999 0.050000001
-2.2 6.0999999 0.15000001
-2.2 6.0999999 0.25
-2.2 6.0999999 0.34999999
-2.2 6.0999999 0.44999999
-2.2 6.0999999 0.55000001
-2.2 6.0999999 0.64999998
-2.2 6.0999999 0.75
-2.2 6.0999999 0.85000002
-2.2 6.0999999 0.94999999
-2.2 6.0999999 1.05
-2.2 6.0999999 1.15
-2.2 6.0999999 1.25
-2.2 6.0999999 1.35
-2.2 6.0999999 1.45
-2.2 6.0999999 1.55
-2.2 6.0999999 1.65
-2.2 6.0999999 1.75
-2.2 6.0999999 1.85
-2.2 6.0999999 1.95
-2.2 6.0999999 2.05
-2.2 6.0999999 2.1500001
-2.2 6.0999999 2.25
-2.2 6.0999999 2.3499999
-2.2 6.0999999 2.45
-2.0999999 5.9000001 -0.44999999
-2.0999999 5.9000001 -0.34999999
-2.0999999 5.9000001 -0.25
-2.0999999 5.9000001 -0.15000001
-2.0999999 5.9000001 -0.050000001
-2.0999999 5.9000001 0.050000001
-2.0999999 5.9000001 0.15000001
-2.0999999 5.9000001 0.25
-2.0999999 5.9000001 0.34999999
-2.0999999 5.9000001 0.44999999
-2.0999999 5.9000001 0.55000001
-2.0999999 5.9000001 0.64999998
-2.0999999 5.9000001 0.75
-2.0999999 5.9000001 0.85000002
-2.0999999 5.9000001 0.94999999
-2.0999999 5.9000001 1.05
-2.0999999 5.9000001 1.15
-2.0999999 5.9000001 1.25
-2.0999999 5.9000001 1.35
-2.0999999 5.9000001 1.45
-2.0999999 5.9000001 1.55
-2.0999999 5.9000001 1.65
-2.0999999 5.9000001 1.75
-2.0999999 5.9000001 1.85
-2.0999999 5.9000001 1.95
-2.0999999 5.9000001 2.05
-2.0999999 5.9000001 2.1500001
-2.0999999 5.9000001 2.25
-2.0999999 5.9000001 2.3499999
-2.0999999 5.9000001 2.45
-2.0999999 6 -0.44999999
-2.0999999 6 -0.34999999
-2.0999999 6 -0.25
-2.0999999 6 -0.15000001
-2.0999999 6 -0.050000001
-2.0999999 6 0.050000001
-2.0999999 6 0.15000001
-2.0999999 6 0.25
-2.0999999 6 0.34999999
-2.0999999 6 0.44999999
-2.0999999 6 0.55000001
-2.0999999 6 0.64999998
-2.0999999 6 0.75
-2.0999999 6 0.85000002
-2.0999999 6 0.94999999
-2.0999999 6 1.05
-2.0999999 6 1.15
-2.0999999 6 1.25
-2.0999999 6 1.35
-2.0999999 6 1.45
-2.0999999 6 1.55
-2.0999999 6 1.65
-2.0999999 6 1.75
-2.0999999 6 1.85
-2.0999999 6 1.95
-2.0999999 6 2.05
-2.0999999 6 2.1500001
-2.0999999 6 2.25
-2.0999999 6 2.3499999
-2.0999999 6 2.45
-2.0999999 6.0999999 -0.44999999
-2.0999999 6.0999999 -0.34999999
-2.0999999 6.0999999 -0.25
-2.0999999 6.0999999 -0.15000001
-2.0999999 6.0999999 -0.050000001
-2.0999999 6.0999999 0.050000001
-2.0999999 6.0999999 0.15000001
-2.0999999 6.0999999 0.25
-2.0999999 6.0999999 0.34999999
-2.0999999 6.0999999 0.44999999
-2.0999999 6.0999999 0.55000001
-2.0999999 6.0999999 0.64999998
-2.0999999 6.0999999 0.75
-2.0999999 6.0999999 0.85000002
-2.0999999 6.0999999 0.94999999
-2.0999999 6.0999999 1.05
-2.0999999 6.0999999 1.15
-2.0999999 6.0999999 1.25
-2.0999999 6.0999999 1.35
-2.0999999 6.0999999 1.45
-2.0999999 6.0999999 1.55
-2.0999999 6.0999999 1.65
-2.0999999 6.0999999 1.75
-2.0999999 6.0999999 1.85
-2.0999999 6.0999999 1.95
-2.0999999 6.0999999 2.05
-2.0999999 6.0999999 2.1500001
-2.0999999 6.0999999 2.25
-2.0999999 6.0999999 2.3499999
-2.0999999 6.0999999 2.45
-2 5.9000001 -0.44999999
-2 5.9000001 -0.34999999
-2 5.9000001 -0.25
-2 5.9000001 -0.15000001
-2 5.9000001 -0.050000001
-2 5.9000001 0.050000001
-2 5.9000001 0.15000001
-2 5.9000001 0.25
-2 5.9000001 0.34999999
-2 5.9000001 0.44999999
-2 5.9000001 0.55000001
-2 5.9000001 0.64999998
-2 5.9000001 0.75
-2 5.9000001 0.85000002
-2 5.9000001 0.94999999
-2 5.9000001 1.05
-2 5.9000001 1.15
-2 5.9000001 1.25
-2 5.9000001 1.35
-2 5.9000001 1.45
-2 5.9000001 1.55
-2 5.9000001 1.65
-2 5.9000001 1.75
-2 5.9000001 1.85
-2 5.9000001 1.95
-2 5.9000001 2.05
-2 5.9000001 2.1500001
-2 5.9000001 2.25
-2 5.9000001 2.3499999
-2 5.9000001 2.45
-2 6 -0.44999999
-2 6 -0.34999999
-2 6 -0.25
-2 6 -0.15000001
-2 6 -0.050000001
-2 6 0.050000001
-2 6 0.15000001
-2 6 0.25
-2 6 0.34999999
-2 6 0.44999999
-2 6 0.55000001
-2 6 0.64999998
-2 6 0.75
-2 6 0.85000002
-2 6 0.94999999
-2 6 1.05
-2 6 1.15
-2 6 1.25
-2 6 1.35
-2 6 1.45
-2 6 1.55
-2 6 1.65
-2 6 1.75
-2 6 1.85
-2 6 1.95
-2 6 2.05
-2 6 2.1500001
-2 6 2.25
-2 6 2.3499999
-2 6 2.45
-2 6.0999999 -0.44999999
-2 6.0999999 -0.34999999
-2 6.0999999 -0.25
-2 6.0999999 -0.15000001
-2 6.0999999 -0.050000001
-2 6.0999999 0.050000001
-2 6.0999999 0.15000001
-2 6.0999999 0.25
-2 6.0999999 0.34999999
-2 6.0999999 0.44999999
-2 6.0999999 0.55000001
-2 6.0999999 0.64999998
-2 6.0999999 0.75
-2 6.0999999 0.85000002
-2 6.0999999 0.94999999
-2 6.0999999 1.05
-2 6.0999999 1.15
-2 6.0999999 1.25
-2 6.0999999 1.35
-2 6.0999999 1.45
-2 6.0999999 1.55
-2 6.0999999 1.65
-2 6.0999999 1.75
-2 6.0999999 1.85
-2 6.0999999 1.95
-2 6.0999999 2.05
-2 6.0999999 2.1500001
-2 6.0999999 2.25
-2 6.0999999 2.3499999
-2 6.0999999 2.45
-1.9 5.9000001 -0.44999999
-1.9 5.9000001 -0.34999999
-1.9 5.9000001 -0.25
-1.9 5.9000001 -0.15000001
-1.9 5.9000001 -0.050000001
-1.9 5.9000001 0.050000001
-1.9 5.9000001 0.15000001
-1.9 5.9000001 0.25
-1.9 5.9000001 0.34999999
-1.9 5.9000001 0.44999999
-1.9 5.9000001 0.55000001
-1.9 5.9000001 0.64999998
-1.9 5.9000001 0.75
-1.9 5.9000001 0.85000002
-1.9 5.9000001 0.94999999
-1.9 5.9000001 1.05
-1.9 5.9000001 1.15
-1.9 5.9000001 1.25
-1.9 5.9000001 1.35
-1.9 5.9000001 1.45
-1.9 5.9000001 1.55
-1.9 5.9000001 1.65
-1.9 5.9000001 1.75
-1.9 5.9000001 1.85
-1.9 5.9000001 1.95
-1.9 5.9000001 2.05
-1.9 5.9000001 2.1500001
-1.9 5.9000001 2.25
-1.9 5.9000001 2.3499999
-1.9 5.9000001 2.45
-1.9 6 -0.44999999
-1.9 6 -0.34999999
-1.9 6 -0.25
-1.9 6 -0.15000001
-1.9 6 -0.050000001
-1.9 6 0.050000001
-1.9 6 0.15000001
-1.9 6 0.25
-1.9 6 0.34999999
-1.9 6 0.44999999
-1.9 6 0.55000001
-1.9 6 0.64999998
-1.9 6 0.75
-1.9 6 0.85000002
-1.9 6 0.94999999
-1.9 6 1.05
-1.9 6 1.15
-1.9 6 1.25
-1.9 6 1.35
-1.9 6 1.45
-1.9 6 1.55
-1.9 6 1.65
-1.9 6 1.75
-1.9 6 1.85
-1.9 6 1.95
-1.9 6 2.05
-1.9 6 2.1500001
-1.9 6 2.25
-1.9 6 2.3499999
-1.9 6 2.45
-1.9 6.0999999 -0.44999999
-1.9 6.0999999 -0.34999999
-1.9 6.0999999 -0.25
-1.9 6.0999999 -0.15000001
-1.9 6.0999999 -0.050000001
-1.9 6.0999999 0.050000001
-1.9 6.0999999 0.15000001
-1.9 6.0999999 0.25
-1.9 6.0999999 0.34999999
-1.9 6.0999999 0.44999999
-1.9 6.0999999 0.55000001
-1.9 6.0999999 0.64999998
-1.9 6.0999999 0.75
-1.9 6.0999999 0.85000002
-1.9 6.0999999 0.94999999
-1.9 6.0999999 1.05
-1.9 6.0999999 1.15
-1.9 6.0999999 1.25
-1.9 6.0999999 1.35
-1.9 6.0999999 1.45
-1.9 6.0999999 1.55
-1.9 6.0999999 1.65
-1.9 6.0999999 1.75
-1.9 6.0999999 1.85
-1.9 6.0999999 1.95
-1.9 6.0999999 2.05
-1.9 6.0999999 2.1500001
-1.9 6.0999999 2.25
-1.9 6.0999999 2.3499999
-1.9 6.0999999 2.45
-1.8 5.9000001 -0.44999999
-1.8 5.9000001 -0.34999999
-1.8 5.9000001 -0.25
-1.8 5.9000001 -0.15000001
-1.8 5.9000001 -0.050000001
-1.8 5.9000001 0.050000001
-1.8 5.9000001 0.15000001
-1.8 5.9000001 0.25
-1.8 5.9000001 0.34999999
-1.8 5.9000001 0.44999999
-1.8 5.9000001 0.55000001
-1.8 5.9000001 0.64999998
-1.8 5.9000001 0.75
-1.8 5.9000001 0.85000002
-1.8 5.9000001 0.94999999
-1.8 5.9000001 1.05
-1.8 5.9000001 1.15
-1.8 5.9000001 1.25
-1.8 5.9000001 1.35
-1.8 5.9000001 1.45
-1.8 5.9000001 1.55
-1.8 5.9000001 1.65
-1.8 5.9000001 1.75
-1.8 5.9000001 1.85
-1.8 5.9000001 1.95
-1.8 5.9000001 2.05
-1.8 5.9000001 2.1500001
-1.8 5.9000001 2.25
-1.8 5.9000001 2.3499999
-1.8 5.9000001 2.45
-1.8 6 -0.44999999
-1.8 6 -0.34999999
-1.8 6 -0.25
-1.8 6 -0.15000001
-1.8 6 -0.050000001
-1.8 6 0.050000001
-1.8 6 0.15000001
-1.8 6 0.25
-1.8 6 0.34999999
-1.8 6 0.44999999
-1.8 6 0.55000001
-1.8 6 0.64999998
-1.8 6 0.75
-1.8 6 0.85000002
-1.8 6 0.94999999
-1.8 6 1.05
-1.8 6 1.15
-1.8 6 1.25
-1.8 6 1.35
-1.8 6 1.45
-1.8 6 1.55
-1.8 6 1.65
-1.8 6 1.75
-1.8 6 1.85
-1.8 6 1.95
-1.8 6 2.05
-1.8 6 2.1500001
-1.8 6 2.25
-1.8 6 2.3499999
-1.8 6 2.45
-1.8 6.0999999 -0.44999999
-1.8 6.0999999 -0.34999999
-1.8 6.0999999 -0.25
-1.8 6.0999999 -0.15000001
-1.8 6.0999999 -0.050000001
-1.8 6.0999999 0.050000001
-1.8 6.0999999 0.15000001
-1.8 6.0999999 0.25
-1.8 6.0999999 0.34999999
-1.8 6.0999999 0.44999999
-1.8 6.0999999 0.55000001
-1.8 6.0999999 0.64999998
-1.8 6.0999999 0.75
-1.8 6.0999999 0.85000002
-1.8 6.0999999 0.94999999
-1.8 6.0999999 1.05
-1.8 6.0999999 1.15
-1.8 6.0999999 1.25
-1.8 6.0999999 1.35
-1.8 6.0999999 1.45
-1.8 6.0999999 1.55
-1.8 6.0999999 1.65
-1.8 6.0999999 1.75
-1.8 6.0999999 1.85
-1.8 6.0999999 1.95
-1.8 6.0999999 2.05
-1.8 6.0999999 2.1500001
-1.8 6.0999999 2.25
-1.8 6.0999999 2.3499999
-1.8 6.0999999 2.45
-1.7 5.9000001 -0.44999999
-1.7 5.9000001 -0.34999999
-1.7 5.9000001 -0.25
-1.7 5.9000001 -0.15000001
-1.7 5.9000001 -0.050000001
-1.7 5.9000001 0.050000001
-1.7 5.9000001 0.15000001
-1.7 5.9000001 0.25
-1.7 5.9000001 0.34999999
-1.7 5.9000001 0.44999999
-1.7 5.9000001 0.55000001
-1.7 5.9000001 0.64999998
-1.7 5.9000001 0.75
-1.7 5.9000001 0.85000002
-1.7 5.9000001 0.94999999
-1.7 5.9000001 1.05
-1.7 5.9000001 1.15
-1.7 5.9000001 1.25
-1.7 5.9000001 1.35
-1.7 5.9000001 1.45
-1.7 5.9000001 1.55
-1.7 5.9000001 1.65
-1.7 5.9000001 1.75
-1.7 5.9000001 1.85
-1.7 5.9000001 1.95
-1.7 5.9000001 2.05
-1.7 5.9000001 2.1500001
-1.7 5.9000001 2.25
-1.7 5.9000001 2.3499999
-1.7 5.9000001 2.45
-1.7 6 -0.44999999
-1.7 6 -0.34999999
-1.7 6 -0.25
-1.7 6 -0.15000001
-1.7 6 -0.050000001
-1.7 6 0.050000001
-1.7 6 0.15000001
-1.7 6 0.25
-1.7 6 0.34999999
-1.7 6 0.44999999
-1.7 6 0.55000001
-1.7 6 0.64999998
-1.7 6 0.75
-1.7 6 0.85000002
-1.7 6 0.94999999
-1.7 6 1.05
-1.7 6 1.15
-1.7 6 1.25
-1.7 6 1.35
-1.7 6 1.45
-1.7 6 1.55
-1.7 6 1.65
-1.7 6 1.75
-1.7 6 1.85
-1.7 6 1.95
-1.7 6 2.05
-1.7 6 2.1500001
-1.7 6 2.25
-1.7 6 2.3499999
-1.7 6 2.45
-1.7 6.0999999 -0.44999999
-1.7 6.0999999 -0.34999999
-1.7 6.0999999 -0.25
-1.7 6.0999999 -0.15000001
-1.7 6.0999999 -0.050000001
-1.7 6.0999999 0.050000001
-1.7 6.0999999 0.15000001
-1.7 6.0999999 0.25
-1.7 6.0999999 0.34999999
-1.7 6.0999999 0.44999999
-1.7 6.0999999 0.55000001
-1.7 6.0999999 0.64999998
-1.7 6.0999999 0.75
-1.7 6.0999999 0.85000002
-1.7 6.0999999 0.94999999
-1.7 6.0999999 1.05
-1.7 6.0999999 1.15
-1.7 6.0999999 1.25
-1.7 6.0999999 1.35
-1.7 6.0999999 1.45
-1.7 6.0999999 1.55
-1.7 6.0999999 1.65
-1.7 6.0999999 1.75
-1.7 6.0999999 1.85
-1.7 6.0999999 1.95
-1.7 6.0999999 2.05
-1.7 6.0999999 2.1500001
-1.7 6.0999999 2.25
-1.7 6.0999999 2.3499999
-1.7 6.0999999 2.45
-1.6 5.9000001 -0.44999999
-1.6 5.9000001 -0.34999999
-1.6 5.9000001 -0.25
-1.6 5.9000001 -0.15000001
-1.6 5.9000001 -0.050000001
-1.6 5.9000001 0.050000001
-1.6 5.9000001 0.15000001
-1.6 5.9000001 0.25
-1.6 5.9000001 0.34999999
-1.6 5.9000001 0.44999999
-1.6 5.9000001 0.55000001
-1.6 5.9000001 0.64999998
-1.6 5.9000001 0.75
-1.6 5.9000001 0.85000002
-1.6 5.9000001 0.94999999
-1.6 5.9000001 1.05
-1.6 5.9000001 1.15
-1.6 5.9000001 1.25
-1.6 5.9000001 1.35
-1.6 5.9000001 1.45
-1.6 5.9000001 1.55
-1.6 5.9000001 1.65
-1.6 5.9000001 1.75
-1.6 5.9000001 1.85
-1.6 5.9000001 1.95
-1.6 5.9000001 2.05
-1.6 5.9000001 2.1500001
-1.6 5.9000001 2.25
-1.6 5.9000001 2.3499999
-1.6 5.9000001 2.45
-1.6 6 -0.44999999
-1.6 6 -0.34999999
-1.6 6 -0.25
-1.6 6 -0.15000001
-1.6 6 -0.050000001
-1.6 6 0.050000001
-1.6 6 0.15000001
-1.6 6 0.25
-1.6 6 0.34999999
-1.6 6 0.44999999
-1.6 6 0.55000001
-1.6 6 0.64999998
-1.6 6 0.75
-1.6 6 0.85000002
-1.6 6 0.94999999
-1.6 6 1.05
-1.6 6 1.15
-1.6 6 1.25
-1.6 6 1.35
-1.6 6 1.45
-1.6 6 1.55
-1.6 6 1.65
-1.6 6 1.75
-1.6 6 1.85
-1.6 6 1.95
-1.6 6 2.05
-1.6 6 2.1500001
-1.6 6 2.25
-1.6 6 2.3499999
-1.6 6 2.45
-1.6 6.0999999 -0.44999999
-1.6 6.0999999 -0.34999999
-1.6 6.0999999 -0.25
-1.6 6.0999999 -0.15000001
-1.6 6.0999999 -0.050000001
-1.6 6.0999999 0.050000001
-1.6 6.0999999 0.15000001
-1.6 6.0999999 0.25
-1.6 6.0999999 0.34999999
-1.6 6.0999999 0.44999999
-1.6 6.0999999 0.55000001
-1.6 6.0999999 0.64999998
-1.6 6.0999999 0.75
-1.6 6.0999999 0.85000002
-1.6 6.0999999 0.94999999
-1.6 6.0999999 1.05
-1.6 6.0999999 1.15
-1.6 6.0999999 1.25
-1.6 6.0999999 1.35
-1.6 6.0999999 1.45
-1.6 6.0999999 1.55
-1.6 6.0999999 1.65
-1.6 6.0999999 1.75
-1.6 6.0999999 1.85
-1.6 6.0999999 1.95
-1.6 6.0999999 2.05
-1.6 6.0999999 2.1500001
-1.6 6.0999999 2.25
-1.6 6.0999999 2.3499999
-1.6 6.0999999 2.45
-1.5 5.9000001 -0.44999999
-1.5 5.9000001 -0.34999999
-1.5 5.9000001 -0.25
-1.5 5.9000001 -0.15000001
-1.5 5.9000001 -0.050000001
-1.5 5.9000001 0.050000001
-1.5 5.9000001 0.15000001
-1.5 5.9000001 0.25
-1.5 5.9000001 0.34999999
-1.5 5.9000001 0.44999999
-1.5 5.9000001 0.55000001
-1.5 5.9000001 0.64999998
-1.5 5.9000001 0.75
-1.5 5.9000001 0.85000002
-1.5 5.9000001 0.94999999
-1.5 5.9000001 1.05
-1.5 5.9000001 1.15
-1.5 5.9000001 1.25
-1.5 5.9000001 1.35
-1.5 5.9000001 1.45
-1.5 5.9000001 1.55
-1.5 5.9000001 1.65
-1.5 5.9000001 1.75
-1.5 5.9000001 1.85
-1.5 5.9000001 1.95
-1.5 5.9000001 2.05
-1.5 5.9000001 2.1500001
-1.5 5.9000001 2.25
-1.5 5.9000001 2.3499999
-1.5 5.9000001 2.45
-1.5 6 -0.44999999
-1.5 6 -0.34999999
-1.5 6 -0.25
-1.5 6 -0.15000001
-1.5 6 -0.050000001
-1.5 6 0.050000001
-1.5 6 0.15000001
-1.5 6 0.25
-1.5 6 0.34999999
-1.5 6 0.44999999
-1.5 6 0.55000001
-1.5 6 0.64999998
-1.5 6 0.75
-1.5 6 0.85000002
-1.5 6 0.94999999
-1.5 6 1.05
-1.5 6 1.15
-1.5 6 1.25
-1.5 6 1.35
-1.5 6 1.45
-1.5 6 1.55
-1.5 6 1.65
-1.5 6 1.75
-1.5 6 1.85
-1.5 6 1.95
-1.5 6 2.05
-1.5 6 2.1500001
-1.5 6 2.25
-1.5 6 2.3499999
-1.5 6 2.45
-1.5 6.0999999 -0.44999999
-1.5 6.0999999 -0.34999999
-1.5 6.0999999 -0.25
-1.5 6.0999999 -0.15000001
-1.5 6.0999999 -0.050000001
-1.5 6.0999999 0.050000001
-1.5 6.0999999 0.15000001
-1.5 6.0999999 0.25
-1.5 6.0999999 0.34999999
-1.5 6.0999999 0.44999999
-1.5 6.0999999 0.55000001
-1.5 6.0999999 0.64999998
-1.5 6.0999999 0.75
-1.5 6.0999999 0.85000002
-1.5 6.0999999 0.94999999
-1.5 6.0999999 1.05
-1.5 6.0999999 1.15
-1.5 6.0999999 1.25
-1.5 6.0999999 1.35
-1.5 6.0999999 1.45
-1.5 6.0999999 1.55
-1.5 6.0999999 1.65
-1.5 6.0999999 1.75
-1.5 6.0999999 1.85
-1.5 6.0999999 1.95
-1.5 6.0999999 2.05
-1.5 6.0999999 2.1500001
-1.5 6.0999999 2.25
-1.5 6.0999999 2.3499999
-1.5 6.0999999 2.45
-1.4 5.9000001 -0.44999999
-1.4 5.9000001 -0.34999999
-1.4 5.9000001 -0.25
-1.4 5.9000001 -0.15000001
-1.4 5.9000001 -0.050000001
-1.4 5.9000001 0.050000001
-1.4 5.9000001 0.15000001
-1.4 5.9000001 0.25
-1.4 5.9000001 0.34999999
-1.4 5.9000001 0.44999999
-1.4 5.9000001 0.55000001
-1.4 5.9000001 0.64999998
-1.4 5.9000001 0.75
-1.4 5.9000001 0.85000002
-1.4 5.9000001 0.94999999
-1.4 5.9000001 1.05
-1.4 5.9000001 1.15
-1.4 5.9000001 1.25
-1.4 5.9000001 1.35
-1.4 5.9000001 1.45
-1.4 5.9000001 1.55
-1.4 5.9000001 1.65
-1.4 5.9000001 1.75
-1.4 5.9000001 1.85
-1.4 5.9000001 1.95
-1.4 5.9000001 2.05
-1.4 5.9000001 2.1500001
-1.4 5.9000001 2.25
-1.4 5.9000001 2.3499999
-1.4 5.9000001 2.45
-1.4 6 -0.44999999
-1.4 6 -0.34999999
-1.4 6 -0.25
-1.4 6 -0.15000001
-1.4 6 -0.050000001
-1.4 6 0.050000001
-1.4 6 0.15000001
-1.4 6 0.25
-1.4 6 0.34999999
-1.4 6 0.44999999
-1.4 6 0.55000001
-1.4 6 0.64999998
-1.4 6 0.75
-1.4 6 0.85000002
-1.4 6 0.94999999
-1.4 6 1.05
-1.4 6 1.15
-1.4 6 1.25
-1.4 6 1.35
-1.4 6 1.45
-1.4 6 1.55
-1.4 6 1.65
-1.4 6 1.75
-1.4 6 1.85
-1.4 6 1.95
-1.4 6 2.05
-1.4 6 2.1500001
-1.4 6 2.25
-1.4 6 2.3499999
-1.4 6 2.45
-1.4 6.0999999 -0.44999999
-1.4 6.0999999 -0.34999999
-1.4 6.0999999 -0.25
-1.4 6.0999999 -0.15000001
-1.4 6.0999999 -0.050000001
-1.4 6.0999999 0.050000001
-1.4 6.0999999 0.15000001
-1.4 6.0999999 0.25
-1.4 6.0999999 0.34999999
-1.4 6.0999999 0.44999999
-1.4 6.0999999 0.55000001
-1.4 6.0999999 0.64999998
-1.4 6.0999999 0.75
-1.4 6.0999999 0.85000002
-1.4 6.0999999 0.94999999
-1.4 6.0999999 1.05
-1.4 6.0999999 1.15
-1.4 6.0999999 1.25
-1.4 6.0999999 1.35
-1.4 6.0999999 1.45
-1.4 6.0999999 1.55
-1.4 6.0999999 1.65
-1.4 6.0999999 1.75
-1.4 6.0999999 1.85
-1.4 6.0999999 1.95
-1.4 6.0999999 2.05
-1.4 6.0999999 2.1500001
-1.4 6.0999999 2.25
-1.4 6.0999999 2.3499999
-1.4 6.0999999 2.45
-1.3 5.9000001 -0.44999999
-1.3 5.9000001 -0.34999999
-1.3 5.9000001 -0.25
-1.3 5.9000001 -0.15000001
-1.3 5.9000001 -0.050000001
-1.3 5.9000001 0.050000001
-1.3 5.9000001 0.15000001
-1.3 5.9000001 0.25
-1.3 5.9000001 0.34999999
-1.3 5.9000001 0.44999999
-1.3 5.9000001 0.55000001
-1.3 5.9000001 0.64999998
-1.3 5.9000001 0.75
-1.3 5.9000001 0.85000002
-1.3 5.9000001 0.94999999
-1.3 5.9000001 1.05
-1.3 5.9000001 1.15
-1.3 5.9000001 1.25
-1.3 5.9000001 1.35
-1.3 5.9000001 1.45
-1.3 5.9000001 1.55
-1.3 5.9000001 1.65
-1.3 5.9000001 1.75
-1.3 5.9000001 1.85
-1.3 5.9000001 1.95
-1.3 5.9000001 2.05
-1.3 5.9000001 2.1500001
-1.3 5.9000001 2.25
-1.3 5.9000001 2.3499999
-1.3 5.9000001 2.45
-1.3 6 -0.44999999
-1.3 6 -0.34999999
-1.3 6 -0.25
-1.3 6 -0.15000001
-1.3 6 -0.050000001
-1.3 6 0.050000001
-1.3 6 0.15000001
-1.3 6 0.25
-1.3 6 0.34999999
-1.3 6 0.44999999
-1.3 6 0.55000001
-1.3 6 0.64999998
-1.3 6 0.75
-1.3 6 0.85000002
-1.3 6 0.94999999
-1.3 6 1.05
-1.3 6 1.15
-1.3 6 1.25
-1.3 6 1.35
-1.3 6 1.45
-1.3 6 1.55
-1.3 6 1.65
-1.3 6 1.75
-1.3 6 1.85
-1.3 6 1.95
-1.3 6 2.05
-1.3 6 2.1500001
-1.3 6 2.25
-1.3 6 2.3499999
-1.3 6 2.45
-1.3 6.0999999 -0.44999999
-1.3 6.0999999 -0.34999999
-1.3 6.0999999 -0.25
-1.3 6.0999999 -0.15000001
-1.3 6.0999999 -0.050000001
-1.3 6.0999999 0.050000001
-1.3 6.0999999 0.15000001
-1.3 6.0999999 0.25
-1.3 6.0999999 0.34999999
-1.3 6.0999999 0.44999999
-1.3 6.0999999 0.55000001
-1.3 6.0999999 0.64999998
-1.3 6.0999999 0.75
-1.3 6.0999999 0.85000002
-1.3 6.0999999 0.94999999
-1.3 6.0999999 1.05
-1.3 6.0999999 1.15
-1.3 6.0999999 1.25
-1.3 6.0999999 1.35
-1.3 6.0999999 1.45
-1.3 6.0999999 1.55
-1.3 6.0999999 1.65
-1.3 6.0999999 1.75
-1.3 6.0999999 1.85
-1.3 6.0999999 1.95
-1.3 6.0999999 2.05
-1.3 6.0999999 2.1500001
-1.3 6.0999999 2.25
-1.3 6.0999999 2.3499999
-1.3 6.0999999 2.45
-1.2 5.9000001 -0.44999999
-1.2 5.9000001 -0.34999999
-1.2 5.9000001 -0.25
-1.2 5.9000001 -0.15000001
-1.2 5.9000001 -0.050000001
-1.2 5.9000001 0.050000001
-1.2 5.9000001 0.15000001
-1.2 5.9000001 0.25
-1.2 5.9000001 0.34999999
-1.2 5.9000001 0.44999999
-1.2 5.9000001 0.55000001
-1.2 5.9000001 0.64999998
-1.2 5.9000001 0.75
-1.2 5.9000001 0.85000002
-1.2 5.9000001 0.94999999
-1.2 5.9000001 1.05
-1.2 5.9000001 1.15
-1.2 5.9000001 1.25
-1.2 5.9000001 1.35
-1.2 5.9000001 1.45
-1.2 5.9000001 1.55
-1.2 5.9000001 1.65
-1.2 5.9000001 1.75
-1.2 5.9000001 1.85
-1.2 5.9000001 1.95
-1.2 5.9000001 2.05
-1.2 5.9000001 2.1500001
-1.2 5.9000001 2.25
-1.2 5.9000001 2.3499999
-1.2 5.9000001 2.45
-1.2 6 -0.44999999
-1.2 6 -0.34999999
-1.2 6 -0.25
-1.2 6 -0.15000001
-1.2 6 -0.050000001
-1.2 6 0.050000001
-1.2 6 0.15000001
-1.2 6 0.25
-1.2 6 0.34999999
-1.2 6 0.44999999
-1.2 6 0.55000001
-1.2 6 0.64999998
-1.2 6 0.75
-1.2 6 0.85000002
-1.2 6 0.94999999
-1.2 6 1.05
-1.2 6 1.15
-1.2 6 1.25
-1.2 6 1.35
-1.2 6 1.45
-1.2 6 1.55
-1.2 6 1.65
-1.2 6 1.75
-1.2 6 1.85
-1.2 6 1.95
-1.2 6 2.05
-1.2 6 2.1500001
-1.2 6 2.25
-1.2 6 2.3499999
-1.2 6 2.45
-1.2 6.0999999 -0.44999999
-1.2 6.0999999 -0.34999999
-1.2 6.0999999 -0.25
-1.2 6.0999999 -0.15000001
-1.2 6.0999999 -0.050000001
-1.2 6.0999999 0.050000001
-1.2 6.0999999 0.15000001
-1.2 6.0999999 0.25
-1.2 6.0999999 0.34999999
-1.2 6.0999999 0.44999999
-1.2 6.0999999 0.55000001
-1.2 6.0999999 0.64999998
-1.2 6.0999999 0.75
-1.2 6.0999999 0.85000002
-1.2 6.0999999 0.94999999
-1.2 6.0999999 1.05
-1.2 6.0999999 1.15
-1.2 6.0999999 1.25
-1.2 6.0999999 1.35
-1.2 6.0999999 1.45
-1.2 6.0999999 1.55
-1.2 6.0999999 1.65
-1.2 6.0999999 1.75
-1.2 6.0999999 1.85
-1.2 6.0999999 1.95
-1.2 6.0999999 2.05
-1.2 6.0999999 2.1500001
-1.2 6.0999999 2.25
-1.2 6.0999999 2.3499999
-1.2 6.0999999 2.45
-1.1 5.9000001 -0.44999999
-1.1 5.9000001 -0.34999999
-1.1 5.9000001 -0.25
-1.1 5.9000001 -0.15000001
-1.1 5.9000001 -0.050000001
-1.1 5.9000001 0.050000001
-1.1 5.9000001 0.15000001
-1.1 5.9000001 0.25
-1.1 5.9000001 0.34999999
-1.1 5.9000001 0.44999999
-1.1 5.9000001 0.55000001
-1.1 5.9000001 0.64999998
-1.1 5.9000001 0.75
-1.1 5.9000001 0.85000002
-1.1 5.9000001 0.94999999
-1.1 5.9000001 1.05
-1.1 5.9000001 1.15
-1.1 5.9000001 1.25
-1.1 5.9000001 1.35
-1.1 5.9000001 1.45
-1.1 5.9000001 1.55
-1.1 5.9000001 1.65
-1.1 5.9000001 1.75
-1.1 5.9000001 1.85
-1.1 5.9000001 1.95
-1.1 5.9000001 2.05
-1.1 5.9000001 2.1500001
-1.1 5.9000001 2.25
-1.1 5.9000001 2.3499999
-1.1 5.9000001 2.45
-1.1 6 -0.44999999
-1.1 6 -0.34999999
-1.1 6 -0.25
-1.1 6 -0.15000001
-1.1 6 -0.050000001
-1.1 6 0.050000001
-1.1 6 0.15000001
-1.1 6 0.25
-1.1 6 0.34999999
-1.1 6 0.44999999
-1.1 6 0.55000001
-1.1 6 0.64999998
-1.1 6 0.75
-1.1 6 0.85000002
-1.1 6 0.94999999
-1.1 6 1.05
-1.1 6 1.15
-1.1 6 1.25
-1.1 6 1.35
-1.1 6 1.45
-1.1 6 1.55
-1.1 6 1.65
-1.1 6 1.75
-1.1 6 1.85
-1.1 6 1.95
-1.1 6 2.05
-1.1 6 2.1500001
-1.1 6 2.25
-1.1 6 2.3499999
-1.1 6 2.45
-1.1 6.0999999 -0.44999999
-1.1 6.0999999 -0.34999999
-1.1 6.0999999 -0.25
-1.1 6.0999999 -0.15000001
-1.1 6.0999999 -0.050000001
-1.1 6.0999999 0.050000001
-1.1 6.0999999 0.15000001
-1.1 6.0999999 0.25
-1.1 6.0999999 0.34999999
-1.1 6.0999999 0.44999999
-1.1 6.0999999 0.55000001
-1.1 6.0999999 0.64999998
-1.1 6.0999999 0.75
-1.1 6.0999999 0.85000002
-1.1 6.0999999 0.94999999
-1.1 6.0999999 1.05
-1.1 6.0999999 1.15
-1.1 6.0999999 1.25
-1.1 6.0999999 1.35
-1.1 6.0999999 1.45
-1.1 6.0999999 1.55
-1.1 6.0999999 1.65
-1.1 6.0999999 1.75
-1.1 6.0999999 1.85
-1.1 6.0999999 1.95
-1.1 6.0999999 2.05
-1.1 6.0999999 2.1500001
-1.1 6.0999999 2.25
-1.1 6.0999999 2.3499999
-1.1 6.0999999 2.45
-1 5.9000001 -0.44999999
-1 5.9000001 -0.34999999
-1 5.9000001 -0.25
-1 5.9000001 -0.15000001
-1 5.9000001 -0.050000001
-1 5.9000001 0.050000001
-1 5.9000001 0.15000001
-1 5.9000001 0.25
-1 5.9000001 0.34999999
-1 5.9000001 0.44999999
-1 5.9000001 0.55000001
-1 5.9000001 0.64999998
-1 5.9000001 0.75
-1 5.9000001 0.85000002
-1 5.9000001 0.94999999
-1 5.9000001 1.05
-1 5.9000001 1.15
-1 5.9000001 1.25
-1 5.9000001 1.35
-1 5.9000001 1.45
-1 5.9000001 1.55
-1 5.9000001 1.65
-1 5.9000001 1.75
-1 5.9000001 1.85
-1 5.9000001 1.95
-1 5.9000001 2.05
-1 5.9000001 2.1500001
-1 5.9000001 2.25
-1 5.9000001 2.3499999
-1 5.9000001 2.45
-1 6 -0.44999999
-1 6 -0.34999999
-1 6 -0.25
-1 6 -0.15000001
-1 6 -0.050000001
-1 6 0.050000001
-1 6 0.15000001
-1 6 0.25
-1 6 0.34999999
-1 6 0.44999999
-1 6 0.55000001
-1 6 0.64999998
-1 6 0.75
-1 6 0.85000002
-1 6 0.94999999
-1 6 1.05
-1 6 1.15
-1 6 1.25
-1 6 1.35
-1 6 1.45
-1 6 1.55
-1 6 1.65
-1 6 1.75
-1 6 1.85
-1 6 1.95
-1 6 2.05
-1 6 2.1500001
-1 6 2.25
-1 6 2.3499999
-1 6 2.45
-1 6.0999999 -0.44999999
-1 6.0999999 -0.34999999
-1 6.0999999 -0.25
-1 6.0999999 -0.15000001
-1 6.0999999 -0.050000001
-1 6.0999999 0.050000001
-1 6.0999999 0.15000001
-1 6.0999999 0.25
-1 6.0999999 0.34999999
-1 6.0999999 0.44999999
-1 6.0999999 0.55000001
-1 6.0999999 0.64999998
-1 6.0999999 0.75
-1 6.0999999 0.85000002
-1 6.0999999 0.94999999
-1 6.0999999 1.05
-1 6.0999999 1.15
-1 6.0999999 1.25
-1 6.0999999 1.35
-1 6.0999999 1.45
-1 6.0999999 1.55
-1 6.0999999 1.65
-1 6.0999999 1.75
-1 6.0999999 1.85
-1 6.0999999 1.95
-1 6.0999999 2.05
-1 6.0999999 2.1500001
-1 6.0999999 2.25
-1 6.0999999 2.3499999
-1 6.0999999 2.45
-0.89999998 5.9000001 -0.44999999
-0.89999998 5.9000001 -0.34999999
-0.89999998 5.9000001 -0.25
-0.89999998 5.9000001 -0.15000001
-0.89999998 5.9000001 -0.050000001
-0.89999998 5.9000001 0.050000001
-0.89999998 5.9000001 0.15000001
-0.89999998 5.9000001 0.25
-0.89999998 5.9000001 0.34999999
-0.89999998 5.9000001 0.44999999
-0.89999998 5.9000001 0.55000001
-0.89999998 5.9000001 0.64999998
-0.89999998 5.9000001 0.75
-0.89999998 5.9000001 0.85000002
-0.89999998 5.9000001 0.94999999
-0.89999998 5.9000001 1.05
-0.89999998 5.9000001 1.15
-0.89999998 5.9000001 1.25
-0.89999998 5.9000001 1.35
-0.89999998 5.9000001 1.45
-0.89999998 5.9000001 1.55
-0.89999998 5.9000001 1.65
-0.89999998 5.9000001 1.75
-0.89999998 5.9000001 1.85
-0.89999998 5.9000001 1.95
-0.89999998 5.9000001 2.05
-0.89999998 5.9000001 2.1500001
-0.89999998 5.9000001 2.25
-0.89999998 5.9000001 2.3499999
-0.89999998 5.9000001 2.45
-0.89999998 6 -0.44999999
-0.89999998 6 -0.34999999
-0.89999998 6 -0.25
-0.89999998 6 -0.15000001
-0.89999998 6 -0.050000001
-0.89999998 6 0.050000001
-0.89999998 6 0.15000001
-0.89999998 6 0.25
-0.89999998 6 0.34999999
-0.89999998 6 0.44999999
-0.89999998 6 0.55000001
-0.89999998 6 0.64999998
-0.89999998 6 0.75
-0.89999998 6 0.85000002
-0.89999998 6 0.94999999
-0.89999998 6 1.05
-0.89999998 6 1.15
-0.89999998 6 1.25
-0.89999998 6 1.35
-0.89999998 6 1.45
-0.89999998 6 1.55
-0.89999998 6 1.65
-0.89999998 6 1.75
-0.89999998 6 1.85
-0.89999998 6 1.95
-0.89999998 6 2.05
-0.89999998 6 2.1500001
-0.89999998 6 2.25
-0.89999998 6 2.3499999
-0.89999998 6 2.45
-0.89999998 6.0999999 -0.44999999
-0.89999998 6.0999999 -0.34999999
-0.89999998 6.0999999 -0.25
-0.89999998 6.0999999 -0.15000001
-0.89999998 6.0999999 -0.050000001
-0.89999998 6.0999999 0.050000001
-0.89999998 6.0999999 0.15000001
-0.89999998 6.0999999 0.25
-0.89999998 6.0999999 0.34999999
-0.89999998 6.0999999 0.44999999
-0.89999998 6.0999999 0.55000001
-0.89999998 6.0999999 0.64999998
-0.89999998 6.0999999 0.75
-0.89999998 6.0999999 0.85000002
-0.89999998 6.0999999 0.94999999
-0.89999998 6.0999999 1.05
-0.89999998 6.0999999 1.15
-0.89999998 6.0999999 1.25
-0.89999998 6.0999999 1.35
-0.89999998 6.0999999 1.45
-0.89999998 6.0999999 1.55
-0.89999998 6.0999999 1.65
-0.89999998 6.0999999 1.75
-0.89999998 6.0999999 1.85
-0.89999998 6.0999999 1.95
-0.89999998 6.0999999 2.05
-0.89999998 6.0999999 2.1500001
-0.89999998 6.0999999 2.25
-0.89999998 6.0999999 2.3499999
-0.89999998 6.0999999 2.45
-0.80000001 5.9000001 -0.44999999
-0.80000001 5.9000001 -0.34999999
-0.80000001 5.9000001 -0.25
-0.80000001 5.9000001 -0.15000001
-0.80000001 5.9000001 -0.050000001
-0.80000001 5.9000001 0.050000001
-0.80000001 5.9000001 0.15000001
-0.80000001 5.9000001 0.25
-0.80000001 5.9000001 0.34999999
-0.80000001 5.9000001 0.44999999
-0.80000001 5.9000001 0.55000001
-0.80000001 5.9000001 0.64999998
-0.80000001 5.9000001 0.75
-0.80000001 5.9000001 0.85000002
-0.80000001 5.9000001 0.94999999
-0.80000001 5.9000001 1.05
-0.80000001 5.9000001 1.15
-0.80000001 5.9000001 1.25
-0.80000001 5.9000001 1.35
-0.80000001 5.9000001 1.45
-0.80000001 5.9000001 1.55
-0.80000001 5.9000001 1.65
-0.80000001 5.9000001 1.75
-0.80000001 5.9000001 1.85
-0.80000001 5.9000001 1.95
-0.80000001 5.9000001 2.05
-0.80000001 5.9000001 2.1500001
-0.80000001 5.9000001 2.25
-0.80000001 5.9000001 2.3499999
-0.80000001 5.9000001 2.45
-0.80000001 6 -0.44999999
-0.80000001 6 -0.34999999
-0.80000001 6 -0.25
-0.80000001 6 -0.15000001
-0.80000001 6 -0.050000001
-0.80000001 6 0.050000001
-0.80000001 6 0.15000001
-0.80000001 6 0.25
-0.80000001 6 0.34999999
-0.80000001 6 0.44999999
-0.80000001 6 0.55000001
-0.80000001 6 0.64999998
-0.80000001 6 0.75
-0.80000001 6 0.85000002
-0.80000001 6 0.94999999
-0.80000001 6 1.05
-0.80000001 6 1.15
-0.80000001 6 1.25
-0.80000001 6 1.35
-0.80000001 6 1.45
-0.80000001 6 1.55
-0.80000001 6 1.65
-0.80000001 6 1.75
-0.80000001 6 1.85
-0.80000001 6 1.95
-0.80000001 6 2.05
-0.80000001 6 2.1500001
-0.80000001 6 2.25
-0.80000001 6 2.3499999
-0.80000001 6 2.45
-0.80000001 6.0999999 -0.44999999
-0.80000001 6.0999999 -0.34999999
-0.80000001 6.0999999 -0.25
-0.80000001 6.0999999 -0.15000001
-0.80000001 6.0999999 -0.050000001
-0.80000001 6.0999999 0.050000001
-0.80000001 6.0999999 0.15000001
-0.80000001 6.0999999 0.25
-0.80000001 6.0999999 0.34999999
-0.80000001 6.0999999 0.44999999
-0.80000001 6.0999999 0.55000001
-0.80000001 6.0999999 0.64999998
-0.80000001 6.0999999 0.75
-0.80000001 6.0999999 0.85000002
-0.80000001 6.0999999 0.94999999
-0.80000001 6.0999999 1.05
-0.80000001 6.0999999 1.15
-0.80000001 6.0999999 1.25
-0.80000001 6.0999999 1.35
-0.80000001 6.0999999 1.45
-0.80000001 6.0999999 1.55
-0.80000001 6.0999999 1.65
-0.80000001 6.0999999 1.75
-0.80000001 6.0999999 1.85
-0.80000001 6.0999999 1.95
-0.80000001 6.0999999 2.05
-0.80000001 6.0999999 2.1500001
-0.80000001 6.0999999 2.25
-0.80000001 6.0999999 2.3499999
-0.80000001 6.0999999 2.45
-0.69999999 5.9000001 -0.44999999
-0.69999999 5.9000001 -0.34999999
-0.69999999 5.9000001 -0.25
-0.69999999 5.9000001 -0.15000001
-0.69999999 5.9000001 -0.050000001
-0.69999999 5.9000001 0.050000001
-0.69999999 5.9000001 0.15000001
-0.69999999 5.9000001 0.25
-0.69999999 5.9000001 0.34999999
-0.69999999 5.9000001 0.44999999
-0.69999999 5.9000001 0.55000001
-0.69999999 5.9000001 0.64999998
-0.69999999 5.9000001 0.75
-0.69999999 5.9000001 0.85000002
-0.69999999 5.9000001 0.94999999
-0.69999999 5.9000001 1.05
-0.69999999 5.9000001 1.15
-0.69999999 5.9000001 1.25
-0.69999999 5.9000001 1.35
-0.69999999 5.9000001 1.45
-0.69999999 5.9000001 1.55
-0.69999999 5.9000001 1.65
-0.69999999 5.9000001 1.75
-0.69999999 5.9000001 1.85
-0.69999999 5.9000001 1.95
-0.69999999 5.9000001 2.05
-0.69999999 5.9000001 2.1500001
-0.69999999 5.9000001 2.25
-0.69999999 5.9000001 2.3499999
-0.69999999 5.9000001 2.45
-0.69999999 6 -0.44999999
-0.69999999 6 -0.34999999
-0.69999999 6 -0.25
-0.69999999 6 -0.15000001
-0.69999999 6 -0.050000001
-0.69999999 6 0.050000001
-0.69999999 6 0.15000001
-0.69999999 6 0.25
-0.69999999 6 0.34999999
-0.69999999 6 0.44999999
-0.69999999 6 0.55000001
-0.69999999 6 0.64999998
-0.69999999 6 0.75
-0.69999999 6 0.85000002
-0.69999999 6 0.94999999
-0.69999999 6 1.05
-0.69999999 6 1.15
-0.69999999 6 1.25
-0.69999999 6 1.35
-0.69999999 6 1.45
-0.69999999 6 1.55
-0.69999999 6 1.65
-0.69999999 6 1.75
-0.69999999 6 1.85
-0.69999999 6 1.95
-0.69999999 6 2.05
-0.69999999 6 2.1500001
-0.69999999 6 2.25
-0.69999999 6 2.3499999
-0.69999999 6 2.45
-0.69999999 6.0999999 -0.44999999
-0.69999999 6.0999999 -0.34999999
-0.69999999 6.0999999 -0.25
-0.69999999 6.0999999 -0.15000001
-0.69999999 6.0999999 -0.050000001
-0.69999999 6.0999999 0.050000001
-0.69999999 6.0999999 0.15000001
-0.69999999 6.0999999 0.25
-0.69999999 6.0999999 0.34999999
-0.69999999 6.0999999 0.44999999
-0.69999999 6.0999999 0.55000001
-0.69999999 6.0999999 0.64999998
-0.69999999 6.0999999 0.75
-0.69999999 6.0999999 0.85000002
-0.69999999 6.0999999 0.94999999
-0.69999999 6.0999999 1.05
-0.69999999 6.0999999 1.15
-0.69999999 6.0999999 1.25
-0.69999999 6.0999999 1.35
-0.69999999 6.0999999 1.45
-0.69999999 6.0999999 1.55
-0.69999999 6.0999999 1.65
-0.69999999 6.0999999 1.75
-0.69999999 6.0999999 1.85
-0.69999999 6.0999999 1.95
-0.69999999 6.0999999 2.05
-0.69999999 6.0999999 2.1500001
-0.69999999 6.0999999 2.25
-0.69999999 6.0999999 2.3499999
-0.69999999 6.0999999 2.45
-0.60000002 5.9000001 -0.44999999
-0.60000002 5.9000001 -0.34999999
-0.60000002 5.9000001 -0.25
-0.60000002 5.9000001 -0.15000001
-0.60000002 5.9000001 -0.050000001
-0.60000002 5.9000001 0.050000001
-0.60000002 5.9000001 0.15000001
-0.60000002 5.9000001 0.25
-0.60000002 5.9000001 0.34999999
-0.60000002 5.9000001 0.44999999
-0.60000002 5.9000001 0.55000001
-0.60000002 5.9000001 0.64999998
-0.60000002 5.9000001 0.75
-0.60000002 5.9000001 0.85000002
-0.60000002 5.9000001 0.94999999
-0.60000002 5.9000001 1.05
-0.60000002 5.9000001 1.15
-0.60000002 5.9000001 1.25
-0.60000002 5.9000001 1.35
-0.60000002 5.9000001 1.45
-0.60000002 5.9000001 1.55
-0.60000002 5.9000001 1.65
-0.60000002 5.9000001 1.75
-0.60000002 5.9000001 1.85
-0.60000002 5.9000001 1.95
-0.60000002 5.9000001 2.05
-0.60000002 5.9000001 2.1500001
-0.60000002 5.9000001 2.25
-0.60000002 5.9000001 2.3499999
-0.60000002 5.9000001 2.45
-0.60000002 6 -0.44999999
-0.60000002 6 -0.34999999
-0.60000002 6 -0.25
-0.60000002 6 -0.15000001
-0.60000002 6 -0.050000001
-0.60000002 6 0.050000001
-0.60000002 6 0.15000001
-0.60000002 6 0.25
-0.60000002 6 0.34999999
-0.60000002 6 0.44999999
-0.60000002 6 0.55000001
-0.60000002 6 0.64999998
-0.60000002 6 0.75
-0.60000002 6 0.85000002
-0.60000002 6 0.94999999
-0.60000002 6 1.05
-0.60000002 6 1.15
-0.60000002 6 1.25
-0.60000002 6 1.35
-0.60000002 6 1.45
-0.60000002 6 1.55
-0.60000002 6 1.65
-0.60000002 6 1.75
-0.60000002 6 1.85
-0.60000002 6 1.95
-0.60000002 6 2.05
-0.60000002 6 2.1500001
-0.60000002 6 2.25
-0.60000002 6 2.3499999
-0.60000002 6 2.45
-0.60000002 6.0999999 -0.44999999
-0.60000002 6.0999999 -0.34999999
-0.60000002 6.0999999 -0.25
-0.60000002 6.0999999 -0.15000001
-0.60000002 6.0999999 -0.050000001
-0.60000002 6.0999999 0.050000001
-0.60000002 6.0999999 0.15000001
-0.60000002 6.0999999 0.25
-0.60000002 6.0999999 0.34999999
-0.60000002 6.0999999 0.44999999
-0.60000002 6.0999999 0.55000001
-0.60000002 6.0999999 0.64999998
-0.60000002 6.0999999 0.75
-0.60000002 6.0999999 0.85000002
-0.60000002 6.0999999 0.94999999
-0.60000002 6.0999999 1.05
-0.60000002 6.0999999 1.15
-0.60000002 6.0999999 1.25
-0.60000002 6.0999999 1.35
-0.60000002 6.0999999 1.45
-0.60000002 6.0999999 1.55
-0.60000002 6.0999999 1.65
-0.60000002 6.0999999 1.75
-0.60000002 6.0999999 1.85
-0.60000002 6.0999999 1.95
-0.60000002 6.0999999 2.05
-0.60000002 6.0999999 2.1500001
-0.60000002 6.0999999 2.25
-0.60000002 6.0999999 2.3499999
-0.60000002 6.0999999 2.45
-0.5 5.9000001 -0.44999999
-0.5 5.9000001 -0.34999999
-0.5 5.9000001 -0.25
-0.5 5.9000001 -0.15000001
-0.5 5.9000001 -0.050000001
-0.5 5.9000001 0.050000001
-0.5 5.9000001 0.15000001
-0.5 5.9000001 0.25
-0.5 5.9000001 0.34999999
-0.5 5.9000001 0.44999999
-0.5 5.9000001 0.55000001
-0.5 5.9000001 0.64999998
-0.5 5.9000001 0.75
-0.5 5.9000001 0.85000002
-0.5 5.9000001 0.94999999
-0.5 5.9000001 1.05
-0.5 5.9000001 1.15
-0.5 5.9000001 1.25
-0.5 5.9000001 1.35
-0.5 5.9000001 1.45
-0.5 5.9000001 1.55
-0.5 5.9000001 1.65
-0.5 5.9000001 1.75
-0.5 5.9000001 1.85
-0.5 5.9000001 1.95
-0.5 5.9000001 2.05
-0.5 5.9000001 2.1500001
-0.5 5.9000001 2.25
-0.5 5.9000001 2.3499999
-0.5 5.9000001 2.45
-0.5 6 -0.44999999
-0.5 6 -0.34999999
-0.5 6 -0.25
-0.5 6 -0.15000001
-0.5 6 -0.050000001
-0.5 6 0.050000001
-0.5 6 0.15000001
-0.5 6 0.25
-0.5 6 0.34999999
-0.5 6 0.44999999
-0.5 6 0.55000001
-0.5 6 0.64999998
-0.5 6 0.75
-0.5 6 0.85000002
-0.5 6 0.94999999
-0.5 6 1.05
-0.5 6 1.15
-0.5 6 1.25
-0.5 6 1.35
-0.5 6 1.45
-0.5 6 1.55
-0.5 6 1.65
-0.5 6 1.75
-0.5 6 1.85
-0.5 6 1.95
-0.5 6 2.05
-0.5 6 2.1500001
-0.5 6 2.25
-0.5 6 2.3499999
-0.5 6 2.45
-0.5 6.0999999 -0.44999999
-0.5 6.0999999 -0.34999999
-0.5 6.0999999 -0.25
-0.5 6.0999999 -0.15000001
-0.5 6.0999999 -0.050000001
-0.5 6.0999999 0.050000001
-0.5 6.0999999 0.15000001
-0.5 6.0999999 0.25
-0.5 6.0999999 0.34999999
-0.5 6.0999999 0.44999999
-0.5 6.0999999 0.55000001
-0.5 6.0999999 0.64999998
-0.5 6.0999999 0.75
-0.5 6.0999999 0.85000002
-0.5 6.0999999 0.94999999
-0.5 6.0999999 1.05
-0.5 6.0999999 1.15
-0.5 6.0999999 1.25
-0.5 6.0999999 1.35
-0.5 6.0999999 1.45
-0.5 6.0999999 1.55
-0.5 6.0999999 1.65
-0.5 6.0999999 1.75
-0.5 6.0999999 1.85
-0.5 6.0999999 1.95
-0.5 6.0999999 2.05
-0.5 6.0999999 2.1500001
-0.5 6.0999999 2.25
-0.5 6.0999999 2.3499999
-0.5 6.0999999 2.45
-0.40000001 5.9000001 -0.44999999
-0.40000001 5.9000001 -0.34999999
-0.40000001 5.9000001 -0.25
-0.40000001 5.9000001 -0.15000001
-0.40000001 5.9000001 -0.050000001
-0.40000001 5.9000001 0.050000001
-0.40000001 5.9000001 0.15000001
-0.40000001 5.9000001 0.25
-0.40000001 5.9000001 0.34999999
-0.40000001 5.9000001 0.44999999
-0.40000001 5.9000001 0.55000001
-0.40000001 5.9000001 0.64999998
-0.40000001 5.9000001 0.75
-0.40000001 5.9000001 0.85000002
-0.40000001 5.9000001 0.94999999
-0.40000001 5.9000001 1.05
-0.40000001 5.9000001 1.15
-0.40000001 5.9000001 1.25
-0.40000001 5.9000001 1.35
-0.40000001 5.9000001 1.45
-0.40000001 5.9000001 1.55
-0.40000001 5.9000001 1.65
-0.40000001 5.9000001 1.75
-0.40000001 5.9000001 1.85
-0.40000001 5.9000001 1.95
-0.40000001 5.9000001 2.05
-0.40000001 5.9000001 2.1500001
-0.40000001 5.9000001 2.25
-0.40000001 5.9000001 2.3499999
-0.40000001 5.9000001 2.45
-0.40000001 6 -0.44999999
-0.40000001 6 -0.34999999
-0.40000001 6 -0.25
-0.40000001 6 -0.15000001
-0.40000001 6 -0.050000001
-0.40000001 6 0.050000001
-0.40000001 6 0.15000001
-0.40000001 6 0.25
-0.40000001 6 0.34999999
-0.40000001 6 0.44999999
-0.40000001 6 0.55000001
-0.40000001 6 0.64999998
-0.40000001 6 0.75
-0.40000001 6 0.85000002
-0.40000001 6 0.94999999
-0.40000001 6 1.05
-0.40000001 6 1.15
-0.40000001 6 1.25
-0.40000001 6 1.35
-0.40000001 6 1.45
-0.40000001 6 1.55
-0.40000001 6 1.65
-0.40000001 6 1.75
-0.40000001 6 1.85
-0.40000001 6 1.95
-0.40000001 6 2.05
-0.40000001 6 2.1500001
-0.40000001 6 2.25
-0.40000001 6 2.3499999
-0.40000001 6 2.45
-0.40000001 6.0999999 -0.44999999
-0.40000001 6.0999999 -0.34999999
-0.40000001 6.0999999 -0.25
-0.40000001 6.0999999 -0.15000001
-0.40000001 6.0999999 -0.050000001
-0.40000001 6.0999999 0.050000001
-0.40000001 6.0999999 0.15000001
-0.40000001 6.0999999 0.25
-0.40000001 6.0999999 0.34999999
-0.40000001 6.0999999 0.44999999
-0.40000001 6.0999999 0.55000001
-0.40000001 6.0999999 0.64999998
-0.40000001 6.0999999 0.75
-0.40000001 6.0999999 0.85000002
-0.40000001 6.0999999 0.94999999
-0.40000001 6.0999999 1.05
-0.40000001 6.0999999 1.15
-0.40000001 6.0999999 1.25
-0.40000001 6.0999999 1.35
-0.40000001 6.0999999 1.45
-0.40000001 6.0999999 1.55
-0.40000001 6.0999999 1.65
-0.40000001 6.0999999 1.75
-0.40000001 6.0999999 1.85
-0.40000001 6.0999999 1.95
-0.40000001 6.0999999 2.05
-0.40000001 6.0999999 2.1500001
-0.40000001 6.0999999 2.25
-0.40000001 6.0999999 2.3499999
-0.40000001 6.0999999 2.45
-0.30000001 5.9000001 -0.44999999
-0.30000001 5.9000001 -0.34999999
-0.30000001 5.9000001 -0.25
-0.30000001 5.9000001 -0.15000001
-0.30000001 5.9000001 -0.050000001
-0.30000001 5.9000001 0.050000001
-0.30000001 5.9000001 0.15000001
-0.30000001 5.9000001 0.25
-0.30000001 5.9000001 0.34999999
-0.30000001 5.9000001 0.44999999
-0.30000001 5.9000001 0.55000001
-0.30000001 5.9000001 0.64999998
-0.30000001 5.9000001 0.75
-0.30000001 5.9000001 0.85000002
-0.30000001 5.9000001 0.94999999
-0.30000001 5.9000001 1.05
-0.30000001 5.9000001 1.15
-0.30000001 5.9000001 1.25
-0.30000001 5.9000001 1.35
-0.30000001 5.9000001 1.45
-0.30000001 5.9000001 1.55
-0.30000001 5.9000001 1.65
-0.30000001 5.9000001 1.75
-0.30000001 5.9000001 1.85
-0.30000001 5.9000001 1.95
-0.30000001 5.9000001 2.05
-0.30000001 5.9000001 2.1500001
-0.30000001 5.9000001 2.25
-0.30000001 5.9000001 2.3499999
-0.30000001 5.9000001 2.45
-0.30000001 6 -0.44999999
-0.30000001 6 -0.34999999
-0.30000001 6 -0.25
-0.30000001 6 -0.15000001
-0.30000001 6 -0.050000001
-0.30000001 6 0.050000001
-0.30000001 6 0.15000001
-0.30000001 6 0.25
-0.30000001 6 0.34999999
-0.30000001 6 0.44999999
-0.30000001 6 0.55000001
-0.30000001 6 0.64999998
-0.30000001 6 0.75
-0.30000001 6 0.85000002
-0.30000001 6 0.94999999
-0.30000001 6 1.05
-0.30000001 6 1.15
-0.30000001 6 1.25
-0.30000001 6 1.35
-0.30000001 6 1.45
-0.30000001 6 1.55
-0.30000001 6 1.65
-0.30000001 6 1.75
-0.30000001 6 1.85
-0.30000001 6 1.95
-0.30000001 6 2.05
-0.30000001 6 2.1500001
-0.30000001 6 2.25
-0.30000001 6 2.3499999
-0.30000001 6 2.45
-0.30000001 6.0999999 -0.44999999
-0.30000001 6.0999999 -0.34999999
-0.30000001 6.0999999 -0.25
-0.30000001 6.0999999 -0.15000001
-0.30000001 6.0999999 -0.050000001
-0.30000001 6.0999999 0.050000001
-0.30000001 6.0999999 0.15000001
-0.30000001 6.0999999 0.25
-0.30000001 6.0999999 0.34999999
-0.30000001 6.0999999 0.44999999
-0.30000001 6.0999999 0.55000001
-0.30000001 6.0999999 0.64999998
-0.30000001 6.0999999 0.75
-0.30000001 6.0999999 0.85000002
-0.30000001 6.0999999 0.94999999
-0.30000001 6.0999999 1.05
-0.30000001 6.0999999 1.15
-0.30000001 6.0999999 1.25
-0.30000001 6.0999999 1.35
-0.30000001 6.0999999 1.45
-0.30000001 6.0999999 1.55
-0.30000001 6.0999999 1.65
-0.30000001 6.0999999 1.75
-0.30000001 6.0999999 1.85
-0.30000001 6.0999999 1.95
-0.30000001 6.0999999 2.05
-0.30000001 6.0999999 2.1500001
-0.30000001 6.0999999 2.25
-0.30000001 6.0999999 2.3499999
-0.30000001 6.0999999 2.45
-0.2 5.9000001 -0.44999999
-0.2 5.9000001 -0.34999999
-0.2 5.9000001 -0.25
-0.2 5.9000001 -0.15000001
-0.2 5.9000001 -0.050000001
-0.2 5.9000001 0.050000001
-0.2 5.9000001 0.15000001
-0.2 5.9000001 0.25
-0.2 5.9000001 0.34999999
-0.2 5.9000001 0.44999999
-0.2 5.9000001 0.55000001
-0.2 5.9000001 0.64999998
-0.2 5.9000001 0.75
-0.2 5.9000001 0.85000002
-0.2 5.9000001 0.94999999
-0.2 5.9000001 1.05
-0.2 5.9000001 1.15
-0.2 5.9000001 1.25
-0.2 5.9000001 1.35
-0.2 5.9000001 1.45
-0.2 5.9000001 1.55
-0.2 5.9000001 1.65
-0.2 5.9000001 1.75
-0.2 5.9000001 1.85
-0.2 5.9000001 1.95
-0.2 5.9000001 2.05
-0.2 5.9000001 2.1500001
-0.2 5.9000001 2.25
-0.2 5.9000001 2.3499999
-0.2 5.9000001 2.45
-0.2 6 -0.44999999
-0.2 6 -0.34999999
-0.2 6 -0.25
-0.2 6 -0.15000001
-0.2 6 -0.050000001
-0.2 6 0.050000001
-0.2 6 0.15000001
-0.2 6 0.25
-0.2 6 0.34999999
-0.2 6 0.44999999
-0.2 6 0.55000001
-0.2 6 0.64999998
-0.2 6 0.75
-0.2 6 0.85000002
-0.2 6 0.94999999
-0.2 6 1.05
-0.2 6 1.15
-0.2 6 1.25
-0.2 6 1.35
-0.2 6 1.45
-0.2 6 1.55
-0.2 6 1.65
-0.2 6 1.75
-0.2 6 1.85
-0.2 6 1.95
-0.2 6 2.05
-0.2 6 2.1500001
-0.2 6 2.25
-0.2 6 2.3499999
-0.2 6 2.45
-0.2 6.0999999 -0.44999999
-0.2 6.0999999 -0.34999999
-0.2 6.0999999 -0.25
-0.2 6.0999999 -0.15000001
-0.2 6.0999999 -0.050000001
-0.2 6.0999999 0.050000001
-0.2 6.0999999 0.15000001
-0.2 6.0999999 0.25
-0.2 6.0999999 0.34999999
-0.2 6.0999999 0.44999999
-0.2 6.0999999 0.55000001
-0.2 6.0999999 0.64999998
-0.2 6.0999999 0.75
-0.2 6.0999999 0.85000002
-0.2 6.0999999 0.94999999
-0.2 6.0999999 1.05
-0.2 6.0999999 1.15
-0.2 6.0999999 1.25
-0.2 6.0999999 1.35
-0.2 6.0999999 1.45
-0.2 6.0999999 1.55
-0.2 6.0999999 1.65
-0.2 6.0999999 1.75
-0.2 6.0999999 1.85
-0.2 6.0999999 1.95
-0.2 6.0999999 2.05
-0.2 6.0999999 2.1500001
-0.2 6.0999999 2.25
-0.2 6.0999999 2.3499999
-0.2 6.0999999 2.45
-0.1 5.9000001 -0.44999999
-0.1 5.9000001 -0.34999999
-0.1 5.9000001 -0.25
-0.1 5.9000001 -0.15000001
-0.1 5.9000001 -0.050000001
-0.1 5.9000001 0.050000001
-0.1 5.9000001 0.15000001
-0.1 5.9000001 0.25
-0.1 5.9000001 0.34999999
-0.1 5.9000001 0.44999999
-0.1 5.9000001 0.55000001
-0.1 5.9000001 0.64999998
-0.1 5.9000001 0.75
-0.1 5.9000001 0.85000002
-0.1 5.9000001 0.94999999
-0.1 5.9000001 1.05
-0.1 5.9000001 1.15
-0.1 5.9000001 1.25
-0.1 5.9000001 1.35
-0.1 5.9000001 1.45
-0.1 5.9000001 1.55
-0.1 5.9000001 1.65
-0.1 5.9000001 1.75
-0.1 5.9000001 1.85
-0.1 5.9000001 1.95
-0.1 5.9000001 2.05
-0.1 5.9000001 2.1500001
-0.1 5.9000001 2.25
-0.1 5.9000001 2.3499999
-0.1 5.9000001 2.45
-0.1 6 -0.44999999
-0.1 6 -0.34999999
-0.1 6 -0.25
-0.1 6 -0.15000001
-0.1 6 -0.050000001
-0.1 6 0.050000001
-0.1 6 0.15000001
-0.1 6 0.25
-0.1 6 0.34999999
-0.1 6 0.44999999
-0.1 6 0.55000001
-0.1 6 0.64999998
-0.1 6 0.75
-0.1 6 0.85000002
-0.1 6 0.94999999
-0.1 6 1.05
-0.1 6 1.15
-0.1 6 1.25
-0.1 6 1.35
-0.1 6 1.45
-0.1 6 1.55
-0.1 6 1.65
-0.1 6 1.75
-0.1 6 1.85
-0.1 6 1.95
-0.1 6 2.05
-0.1 6 2.1500001
-0.1 6 2.25
-0.1 6 2.3499999
-0.1 6 2.45
-0.1 6.0999999 -0.44999999
-0.1 6.0999999 -0.34999999
-0.1 6.0999999 -0.25
-0.1 6.0999999 -0.15000001
-0.1 6.0999999 -0.050000001
-0.1 6.0999999 0.050000001
-0.1 6.0999999 0.15000001
-0.1 6.0999999 0.25
-0.1 6.0999999 0.34999999
-0.1 6.0999999 0.44999999
-0.1 6.0999999 0.55000001
-0.1 6.0999999 0.64999998
-0.1 6.0999999 0.75
-0.1 6.0999999 0.85000002
-0.1 6.0999999 0.94999999
-0.1 6.0999999 1.05
-0.1 6.0999999 1.15
-0.1 6.0999999 1.25
-0.1 6.0999999 1.35
-0.1 6.0999999 1.45
-0.1 6.0999999 1.55
-0.1 6.0999999 1.65
-0.1 6.0999999 1.75
-0.1 6.0999999 1.85
-0.1 6.0999999 1.95
-0.1 6.0999999 2.05
-0.1 6.0999999 2.1500001
-0.1 6.0999999 2.25
-0.1 6.0999999 2.3499999
-0.1 6.0999999 2.45
0 5.9000001 -0.44999999
0 5.9000001 -0.34999999
0 5.9000001 -0.25
0 5.9000001 -0.15000001
0 5.9000001 -0.050000001
0 5.9000001 0.050000001
0 5.9000001 0.15000001
0 5.9000001 0.25
0 5.9000001 0.34999999
0 5.9000001 0.44999999
0 5.9000001 0.55000001
0 5.9000001 0.64999998
0 5.9000001 0.75
0 5.9000001 0.85000002
0 5.9000001 0.94999999
0 5.9000001 1.05
0 5.9000001 1.15
0 5.9000001 1.25
0 5.9000001 1.35
0 5.9000001 1.45
0 5.9000001 1.55
0 5.9000001 1.65
0 5.9000001 1.75
0 5.9000001 1.85
0 5.9000001 1.95
0 5.9000001 2.05
0 5.9000001 2.1500001
0 5.9000001 2.25
0 5.9000001 2.3499999
0 5.9000001 2.45
0 6 -0.44999999
0 6 -0.34999999
0 6 -0.25
0 6 -0.15000001
0 6 -0.050000001
0 6 0.050000001
0 6 0.15000001
0 6 0.25
0 6 0.34999999
0 6 0.44999999
0 6 0.55000001
0 6 0.64999998
0 6 0.75
0 6 0.85000002
0 6 0.94999999
0 6 1.05
0 6 1.15
0 6 1.25
0 6 1.35
0 6 1.45
0 6 1.55
0 6 1.65
0 6 1.75
0 6 1.85
0 6 1.95
0 6 2.05
0 6 2.1500001
0 6 2.25
0 6 2.3499999
0 6 2.45
0 6.0999999 -0.44999999
0 6.0999999 -0.34999999
0 6.0999999 -0.25
0 6.0999999 -0.15000001
0 6.0999999 -0.050000001
0 6.0999999 0.050000001
0 6.0999999 0.15000001
0 6.0999999 0.25
0 6.0999999 0.34999999
0 6.0999999 0.44999999
0 6.0999999 0.55000001
0 6.0999999 0.64999998
0 6.0999999 0.75
0 6.0999999 0.85000002
0 6.0999999 0.94999999
0 6.0999999 1.05
0 6.0999999 1.15
0 6.0999999 1.25
0 6.0999999 1.35
0 6.0999999 1.45
0 6.0999999 1.55
0 6.0999999 1.65
0 6.0999999 1.75
0 6.0999999 1.85
0 6.0999999 1.95
0 6.0999999 2.05
0 6.0999999 2.1500001
0 6.0999999 2.25
0 6.0999999 2.3499999
0 6.0999999 2.45
0.1 5.9000001 -0.44999999
0.1 5.9000001 -0.34999999
0.1 5.9000001 -0.25
0.1 5.9000001 -0.15000001
0.1 5.9000001 -0.050000001
0.1 5.9000001 0.050000001
0.1 5.9000001 0.15000001
0.1 5.9000001 0.25
0.1 5.9000001 0.34999999
0.1 5.9000001 0.44999999
0.1 5.9000001 0.55000001
0.1 5.9000001 0.64999998
0.1 5.9000001 0.75
0.1 5.9000001 0.85000002
0.1 5.9000001 0.94999999
0.1 5.9000001 1.05
0.1 5.9000001 1.15
0.1 5.9000001 1.25
0.1 5.9000001 1.35
0.1 5.9000001 1.45
0.1 5.9000001 1.55
0.1 5.9000001 1.65
0.1 5.9000001 1.75
0.1 5.9000001 1.85
0.1 5.9000001 1.95
0.1 5.9000001 2.05
0.1 5.9000001 2.1500001
0.1 5.9000001 2.25
0.1 5.9000001 2.3499999
0.1 5.9000001 2.45
0.1 6 -0.44999999
0.1 6 -0.34999999
0.1 6 -0.25
0.1 6 -0.15000001
0.1 6 -0.050000001
0.1 6 0.050000001
0.1 6 0.15000001
0.1 6 0.25
0.1 6 0.34999999
0.1 6 0.44999999
0.1 6 0.55000001
0.1 6 0.64999998
0.1 6 0.75
0.1 6 0.85000002
0.1 6 0.94999999
0.1 6 1.05
0.1 6 1.15
0.1 6 1.25
0.1 6 1.35
0.1 6 1.45
0.1 6 1.55
0.1 6 1.65
0.1 6 1.75
0.1 6 1.85
0.1 6 1.95
0.1 6 2.05
0.1 6 2.1500001
0.1 6 2.25
0.1 6 2.3499999
0.1 6 2.45
0.1 6.0999999 -0.44999999
0.1 6.0999999 -0.34999999
0.1 6.0999999 -0.25
0.1 6.0999999 -0.15000001
0.1 6.0999999 -0.050000001
0.1 6.0999999 0.050000001
0.1 6.0999999 0.15000001
0.1 6.0999999 0.25
0.1 6.0999999 0.34999999
0.1 6.0999999 0.44999999
0.1 6.0999999 0.55000001
0.1 6.0999999 0.64999998
0.1 6.0999999 0.75
0.1 6.0999999 0.85000002
0.1 6.0999999 0.94999999
0.1 6.0999999 1.05
0.1 6.0999999 1.15
0.1 6.0999999 1.25
0.1 6.0999999 1.35
0.1 6.0999999 1.45
0.1 6.0999999 1.55
0.1 6.0999999 1.65
0.1 6.0999999 1.75
0.1 6.0999999 1.85
0.1 6.0999999 1.95
0.1 6.0999999 2.05
0.1 6.0999999 2.1500001
0.1 6.0999999 2.25
0.1 6.0999999 2.3499999
0.1 6.0999999 2.45
0.2 5.9000001 -0.44999999
0.2 5.9000001 -0.34999999
0.2 5.9000001 -0.25
0.2 5.9000001 -0.15000001
0.2 5.9000001 -0.050000001
0.2 5.9000001 0.050000001
0.2 5.9000001 0.15000001
0.2 5.9000001 0.25
0.2 5.9000001 0.34999999
0.2 5.9000001 0.44999999
0.2 5.9000001 0.55000001
0.2 5.9000001 0.64999998
0.2 5.9000001 0.75
0.2 5.9000001 0.85000002
0.2 5.9000001 0.94999999
0.2 5.9000001 1.05
0.2 5.9000001 1.15
0.2 5.9000001 1.25
0.2 5.9000001 1.35
0.2 5.9000001 1.45
0.2 5.9000001 1.55
0.2 5.9000001 1.65
0.2 5.9000001 1.75
0.2 5.9000001 1.85
0.2 5.9000001 1.95
0.2 5.9000001 2.05
0.2 5.9000001 2.1500001
0.2 5.9000001 2.25
0.2 5.9000001 2.3499999
0.2 5.9000001 2.45
0.2 6 -0.44999999
0.2 6 -0.34999999
0.2 6 -0.25
0.2 6 -0.15000001
0.2 6 -0.050000001
0.2 6 0.050000001
0.2 6 0.15000001
0.2 6 0.25
0.2 6 0.34999999
0.2 6 0.44999999
0.2 6 0.55000001
0.2 6 0.64999998
0.2 6 0.75
0.2 6 0.85000002
0.2 6 0.94999999
0.2 6 1.05
0.2 6 1.15
0.2 6 1.25
0.2 6 1.35
0.2 6 1.45
0.2 6 1.55
0.2 6 1.65
0.2 6 1.75
0.2 6 1.85
0.2 6 1.95
0.2 6 2.05
0.2 6 2.1500001
0.2 6 2.25
0.2 6 2.3499999
0.2 6 2.45
0.2 6.0999999 -0.44999999
0.2 6.0999999 -0.34999999
0.2 6.0999999 -0.25
0.2 6.0999999 -0.15000001
0.2 6.0999999 -0.050000001
0.2 6.0999999 0.050000001
0.2 6.0999999 0.15000001
0.2 6.0999999 0.25
0.2 6.0999999 0.34999999
0.2 6.0999999 0.44999999
0.2 6.0999999 0.55000001
0.2 6.0999999 0.64999998
0.2 6.0999999 0.75
0.2 6.0999999 0.85000002
0.2 6.0999999 0.94999999
0.2 6.0999999 1.05
0.2 6.0999999 1.15
0.2 6.0999999 1.25
0.2 6.0999999 1.35
0.2 6.0999999 1.45
0.2 6.0999999 1.55
0.2 6.0999999 1.65
0.2 6.0999999 1.75
0.2 6.0999999 1.85
0.2 6.0999999 1.95
0.2 6.0999999 2.05
0.2 6.0999999 2.1500001
0.2 6.0999999 2.25
0.2 6.0999999 2.3499999
0.2 6.0999999 2.45
0.30000001 5.9000001 -0.44999999
0.30000001 5.9000001 -0.34999999
0.30000001 5.9000001 -0.25
0.30000001 5.9000001 -0.15000001
0.30000001 5.9000001 -0.050000001
0.30000001 5.9000001 0.050000001
0.30000001 5.9000001 0.15000001
0.30000001 5.9000001 0.25
0.30000001 5.9000001 0.34999999
0.30000001 5.9000001 0.44999999
0.30000001 5.9000001 0.55000001
0.30000001 5.9000001 0.64999998
0.30000001 5.9000001 0.75
0.30000001 5.9000001 0.85000002
0.30000001 5.9000001 0.94999999
0.30000001 5.9000001 1.05
0.30000001 5.9000001 1.15
0.30000001 5.9000001 1.25
0.30000001 5.9000001 1.35
0.30000001 5.9000001 1.45
0.30000001 5.9000001 1.55
0.30000001 5.9000001 1.65
0.30000001 5.9000001 1.75
0.30000001 5.9000001 1.85
0.30000001 5.9000001 1.95
0.30000001 5.9000001 2.05
0.30000001 5.9000001 2.1500001
0.30000001 5.9000001 2.25
0.30000001 5.9000001 2.3499999
0.30000001 5.9000001 2.45
0.30000001 6 -0.44999999
0.30000001 6 -0.34999999
0.30000001 6 -0.25
0.30000001 6 -0.15000001
0.30000001 6 -0.050000001
0.30000001 6 0.050000001
0.30000001 6 0.15000001
0.30000001 6 0.25
0.30000001 6 0.34999999
0.30000001 6 0.44999999
0.30000001 6 0.55000001
0.30000001 6 0.64999998
0.30000001 6 0.75
0.30000001 6 0.85000002
0.30000001 6 0.94999999
0.30000001 6 1.05
0.30000001 6 1.15
0.30000001 6 1.25
0.30000001 6 1.35
0.30000001 6 1.45
0.30000001 6 1.55
0.30000001 6 1.65
0.30000001 6 1.75
0.30000001 6 1.85
0.30000001 6 1.95
0.30000001 6 2.05
0.30000001 6 2.1500001
0.30000001 6 2.25
0.30000001 6 2.3499999
0.30000001 6 2.45
0.30000001 6.0999999 -0.44999999
0.30000001 6.0999999 -0.34999999
0.30000001 6.0999999 -0.25
0.30000001 6.0999999 -0.15000001
0.30000001 6.0999999 -0.050000001
0.30000001 6.0999999 0.050000001
0.30000001 6.0999999 0.15000001
0.30000001 6.0999999 0.25
0.30000001 6.0999999 0.34999999
0.30000001 6.0999999 0.44999999
0.30000001 6.0999999 0.55000001
0.30000001 6.0999999 0.64999998
0.30000001 6.0999999 0.75
0.30000001 6.0999999 0.85000002
0.30000001 6.0999999 0.94999999
0.30000001 6.0999999 1.05
0.30000001 6.0999999 1.15
0.30000001 6.0999999 1.25
0.30000001 6.0999999 1.35
0.30000001 6.0999999 1.45
0.30000001 6.0999999 1.55
0.30000001 6.0999999 1.65
0.30000001 6.0999999 1.75
0.30000001 6.0999999 1.85
0.30000001 6.0999999 1.95
0.30000001 6.0999999 2.05
0.30000001 6.0999999 2.1500001
0.30000001 6.0999999 2.25
0.30000001 6.0999999 2.3499999
0.30000001 6.0999999 2.45
0.40000001 5.9000001 -0.44999999
0.40000001 5.9000001 -0.34999999
0.40000001 5.9000001 -0.25
0.40000001 5.9000001 -0.15000001
0.40000001 5.9000001 -0.050000001
0.40000001 5.9000001 0.050000001
0.40000001 5.9000001 0.15000001
0.40000001 5.9000001 0.25
0.40000001 5.9000001 0.34999999
0.40000001 5.9000001 0.44999999
0.40000001 5.9000001 0.55000001
0.40000001 5.9000001 0.64999998
0.40000001 5.9000001 0.75
0.40000001 5.9000001 0.85000002
0.40000001 5.9000001 0.94999999
0.40000001 5.9000001 1.05
0.40000001 5.9000001 1.15
0.40000001 5.9000001 1.25
0.40000001 5.9000001 1.35
0.40000001 5.9000001 1.45
0.40000001 5.9000001 1.55
0.40000001 5.9000001 1.65
0.40000001 5.9000001 1.75
0.40000001 5.9000001 1.85
0.40000001 5.9000001 1.95
0.40000001 5.9000001 2.05
0.40000001 5.9000001 2.1500001
0.40000001 5.9000001 2.25
0.40000001 5.9000001 2.3499999
0.40000001 5.9000001 2.45
0.40000001 6 -0.44999999
0.40000001 6 -0.34999999
0.40000001 6 -0.25
0.40000001 6 -0.15000001
0.40000001 6 -0.050000001
0.40000001 6 0.050000001
0.40000001 6 0.15000001
0.40000001 6 0.25
0.40000001 6 0.34999999
0.40000001 6 0.44999999
0.40000001 6 0.55000001
0.40000001 6 0.64999998
0.40000001 6 0.75
0.40000001 6 0.85000002
0.40000001 6 0.94999999
0.40000001 6 1.05
0.40000001 6 1.15
0.40000001 6 1.25
0.40000001 6 1.35
0.40000001 6 1.45
0.40000001 6 1.55
0.40000001 6 1.65
0.40000001 6 1.75
0.40000001 6 1.85
0.40000001 6 1.95
0.40000001 6 2.05
0.40000001 6 2.1500001
0.40000001 6 2.25
0.40000001 6 2.3499999
0.40000001 6 2.45
0.40000001 6.0999999 -0.44999999
0.40000001 6.0999999 -0.34999999
0.40000001 6.0999999 -0.25
0.40000001 6.0999999 -0.15000001
0.40000001 6.0999999 -0.050000001
0.40000001 6.0999999 0.050000001
0.40000001 6.0999999 0.15000001
0.40000001 6.0999999 0.25
0.40000001 6.0999999 0.34999999
0.40000001 6.0999999 0.44999999
0.40000001 6.0999999 0.55000001
0.40000001 6.0999999 0.64999998
0.40000001 6.0999999 0.75
0.40000001 6.0999999 0.85000002
0.40000001 6.0999999 0.94999999
0.40000001 6.0999999 1.05
0.40000001 6.0999999 1.15
0.40000001 6.0999999 1.25
0.40000001 6.0999999 1.35
0.40000001 6.0999999 1.45
0.40000001 6.0999999 1.55
0.40000001 6.0999999 1.65
0.40000001 6.0999999 1.75
0.40000001 6.0999999 1.85
0.40000001 6.0999999 1.95
0.40000001 6.0999999 2.05
0.40000001 6.0999999 2.1500001
0.40000001 6.0999999 2.25
0.40000001 6.0999999 2.3499999
0.40000001 6.0999999 2.45
0.5 5.9000001 -0.44999999
0.5 5.9000001 -0.34999999
0.5 5.9000001 -0.25
0.5 5.9000001 -0.15000001
0.5 5.9000001 -0.050000001
0.5 5.9000001 0.050000001
0.5 5.9000001 0.15000001
0.5 5.9000001 0.25
0.5 5.9000001 0.34999999
0.5 5.9000001 0.44999999
0.5 5.9000001 0.55000001
0.5 5.9000001 0.64999998
0.5 5.9000001 0.75
0.5 5.9000001 0.85000002
0.5 5.9000001 0.94999999
0.5 5.9000001 1.05
0.5 5.9000001 1.15
0.5 5.9000001 1.25
0.5 5.9000001 1.35
0.5 5.9000001 1.45
0.5 5.9000001 1.55
0.5 5.9000001 1.65
0.5 5.9000001 1.75
0.5 5.9000001 1.85
0.5 5.9000001 1.95
0.5 5.9000001 2.05
0.5 5.9000001 2.1500001
0.5 5.9000001 2.25
0.5 5.9000001 2.3499999
0.5 5.9000001 2.45
0.5 6 -0.44999999
0.5 6 -0.34999999
0.5 6 -0.25
0.5 6 -0.15000001
0.5 6 -0.050000001
0.5 6 0.050000001
0.5 6 0.15000001
0.5 6 0.25
0.5 6 0.34999999
0.5 6 0.44999999
0.5 6 0.55000001
0.5 6 0.64999998
0.5 6 0.75
0.5 6 0.85000002
0.5 6 0.94999999
0.5 6 1.05
0.5 6 1.15
0.5 6 1.25
0.5 6 1.35
0.5 6 1.45
0.5 6 1.55
0.5 6 1.65
0.5 6 1.75
0.5 6 1.85
0.5 6 1.95
0.5 6 2.05
0.5 6 2.1500001
0.5 6 2.25
0.5 6 2.3499999
0.5 6 2.45
0.5 6.0999999 -0.44999999
0.5 6.0999999 -0.34999999
0.5 6.0999999 -0.25
0.5 6.0999999 -0.15000001
0.5 6.0999999 -0.050000001
0.5 6.0999999 0.050000001
0.5 6.0999999 0.15000001
0.5 6.0999999 0.25
0.5 6.0999999 0.34999999
0.5 6.0999999 0.44999999
0.5 6.0999999 0.55000001
0.5 6.0999999 0.64999998
0.5 6.0999999 0.75
0.5 6.0999999 0.85000002
0.5 6.0999999 0.94999999
0.5 6.0999999 1.05
0.5 6.0999999 1.15
0.5 6.0999999 1.25
0.5 6.0999999 1.35
0.5 6.0999999 1.45
0.5 6.0999999 1.55
0.5 6.0999999 1.65
0.5 6.0999999 1.75
0.5 6.0999999 1.85
0.5 6.0999999 1.95
0.5 6.0999999 2.05
0.5 6.0999999 2.1500001
0.5 6.0999999 2.25
0.5 6.0999999 2.3499999
0.5 6.0999999 2.45
0.60000002 5.9000001 -0.44999999
0.60000002 5.9000001 -0.34999999
0.60000002 5.9000001 -0.25
0.60000002 5.9000001 -0.15000001
0.60000002 5.9000001 -0.050000001
0.60000002 5.9000001 0.050000001
0.60000002 5.9000001 0.15000001
0.60000002 5.9000001 0.25
0.60000002 5.9000001 0.34999999
0.60000002 5.9000001 0.44999999
0.60000002 5.9000001 0.55000001
0.60000002 5.9000001 0.64999998
0.60000002 5.9000001 0.75
0.60000002 5.9000001 0.85000002
0.60000002 5.9000001 0.94999999
0.60000002 5.9000001 1.05
0.60000002 5.9000001 1.15
0.60000002 5.9000001 1.25
0.60000002 5.9000001 1.35
0.60000002 5.9000001 1.45
0.60000002 5.9000001 1.55
0.60000002 5.9000001 1.65
0.60000002 5.9000001 1.75
0.60000002 5.9000001 1.85
0.60000002 5.9000001 1.95
0.60000002 5.9000001 2.05
0.60000002 5.9000001 2.1500001
0.60000002 5.9000001 2.25
0.60000002 5.9000001 2.3499999
0.60000002 5.9000001 2.45
0.60000002 6 -0.44999999
0.60000002 6 -0.34999999
0.60000002 6 -0.25
0.60000002 6 -0.15000001
0.60000002 6 -0.050000001
0.60000002 6 0.050000001
0.60000002 6 0.15000001
0.60000002 6 0.25
0.60000002 6 0.34999999
0.60000002 6 0.44999999
0.60000002 6 0.55000001
0.60000002 6 0.64999998
0.60000002 6 0.75
0.60000002 6 0.85000002
0.60000002 6 0.94999999
0.60000002 6 1.05
0.60000002 6 1.15
0.60000002 6 1.25
0.60000002 6 1.35
0.60000002 6 1.45
0.60000002 6 1.55
0.60000002 6 1.65
0.60000002 6 1.75
0.60000002 6 1.85
0.60000002 6 1.95
0.60000002 6 2.05
0.60000002 6 2.1500001
0.60000002 6 2.25
0.60000002 6 2.3499999
0.60000002 6 2.45
0.60000002 6.0999999 -0.44999999
0.60000002 6.0999999 -0.34999999
0.60000002 6.0999999 -0.25
0.60000002 6.0999999 -0.15000001
0.60000002 6.0999999 -0.050000001
0.60000002 6.0999999 0.050000001
0.60000002 6.0999999 0.15000001
0.60000002 6.0999999 0.25
0.60000002 6.0999999 0.34999999
0.60000002 6.0999999 0.44999999
0.60000002 6.0999999 0.55000001
0.60000002 6.0999999 0.64999998
0.60000002 6.0999999 0.75
0.60000002 6.0999999 0.85000002
0.60000002 6.0999999 0.94999999
0.60000002 6.0999999 1.05
0.60000002 6.0999999 1.15
0.60000002 6.0999999 1.25
0.60000002 6.0999999 1.35
0.60000002 6.0999999 1.45
0.60000002 6.0999999 1.55
0.60000002 6.0999999 1.65
0.60000002 6.0999999 1.75
0.60000002 6.0999999 1.85
0.60000002 6.0999999 1.95
0.60000002 6.0999999 2.05
0.60000002 6.0999999 2.1500001
0.60000002 6.0999999 2.25
0.60000002 6.0999999 2.3499999
0.60000002 6.0999999 2.45
0.69999999 5.9000001 -0.44999999
0.69999999 5.9000001 -0.34999999
0.69999999 5.9000001 -0.25
0.69999999 5.9000001 -0.15000001
0.69999999 5.9000001 -0.050000001
0.69999999 5.9000001 0.050000001
0.69999999 5.9000001 0.15000001
0.69999999 5.9000001 0.25
0.69999999 5.9000001 0.34999999
0.69999999 5.9000001 0.44999999
0.69999999 5.9000001 0.55000001
0.69999999 5.9000001 0.64999998
0.69999999 5.9000001 0.75
0.69999999 5.9000001 0.85000002
0.69999999 5.9000001 0.94999999
0.69999999 5.9000001 1.05
0.69999999 5.9000001 1.15
0.69999999 5.9000001 1.25
0.69999999 5.9000001 1.35
0.69999999 5.9000001 1.45
0.69999999 5.9000001 1.55
0.69999999 5.9000001 1.65
0.69999999 5.9000001 1.75
0.69999999 5.9000001 1.85
0.69999999 5.9000001 1.95
0.69999999 5.9000001 2.05
0.69999999 5.9000001 2.1500001
0.69999999 5.9000001 2.25
0.69999999 5.9000001 2.3499999
0.69999999 5.9000001 2.45
0.69999999 6 -0.44999999
0.69999999 6 -0.34999999
0.69999999 6 -0.25
0.69999999 6 -0.15000001
0.69999999 6 -0.050000001
0.69999999 6 0.050000001
0.69999999 6 0.15000001
0.69999999 6 0.25
0.69999999 6 0.34999999
0.69999999 6 0.44999999
0.69999999 6 0.55000001
0.69999999 6 0.64999998
0.69999999 6 0.75
0.69999999 6 0.85000002
0.69999999 6 0.94999999
0.69999999 6 1.05
0.69999999 6 1.15
0.69999999 6 1.25
0.69999999 6 1.35
0.69999999 6 1.45
0.69999999 6 1.55
0.69999999 6 1.65
0.69999999 6 1.75
0.69999999 6 1.85
0.69999999 6 1.95
0.69999999 6 2.05
0.69999999 6 2.1500001
0.69999999 6 2.25
0.69999999 6 2.3499999
0.69999999 6 2.45
0.69999999 6.0999999 -0.44999999
0.69999999 6.0999999 -0.34999999
0.69999999 6.0999999 -0.25
0.69999999 6.0999999 -0.15000001
0.69999999 6.0999999 -0.050000001
0.69999999 6.0999999 0.050000001
0.69999999 6.0999999 0.15000001
0.69999999 6.0999999 0.25
0.69999999 6.0999999 0.34999999
0.69999999 6.0999999 0.44999999
0.69999999 6.0999999 0.55000001
0.69999999 6.0999999 0.64999998
0.69999999 6.0999999 0.75
0.69999999 6.0999999 0.85000002
0.69999999 6.0999999 0.94999999
0.69999999 6.0999999 1.05
0.69999999 6.0999999 1.15
0.69999999 6.0999999 1.25
0.69999999 6.0999999 1.35
0.69999999 6.0999999 1.45
0.69999999 6.0999999 1.55
0.69999999 6.0999999 1.65
0.69999999 6.0999999 1.75
0.69999999 6.0999999 1.85
0.69999999 6.0999999 1.95
0.69999999 6.0999999 2.05
0.69999999 6.0999999 2.1500001
0.69999999 6.0999999 2.25
0.69999999 6.0999999 2.3499999
0.69999999 6.0999999 2.45
0.80000001 5.9000001 -0.44999999
0.80000001 5.9000001 -0.34999999
0.80000001 5.9000001 -0.25
0.80000001 5.9000001 -0.15000001
0.80000001 5.9000001 -0.050000001
0.80000001 5.9000001 0.050000001
0.80000001 5.9000001 0.15000001
0.80000001 5.9000001 0.25
0.80000001 5.9000001 0.34999999
0.80000001 5.9000001 0.44999999
0.80000001 5.9000001 0.55000001
0.80000001 5.9000001 0.64999998
0.80000001 5.9000001 0.75
0.80000001 5.9000001 0.85000002
0.80000001 5.9000001 0.94999999
0.80000001 5.9000001 1.05
0.80000001 5.9000001 1.15
0.80000001 5.9000001 1.25
0.80000001 5.9000001 1.35
0.80000001 5.9000001 1.45
0.80000001 5.9000001 1.55
0.80000001 5.9000001 1.65
0.80000001 5.9000001 1.75
0.80000001 5.9000001 1.85
0.80000001 5.9000001 1.95
0.80000001 5.9000001 2.05
0.80000001 5.9000001 2.1500001
0.80000001 5.9000001 2.25
0.80000001 5.9000001 2.3499999
0.80000001 5.9000001 2.45
0.80000001 6 -0.44999999
0.80000001 6 -0.34999999
0.80000001 6 -0.25
0.80000001 6 -0.15000001
0.80000001 6 -0.050000001
0.80000001 6 0.050000001
0.80000001 6 0.15000001
0.80000001 6 0.25
0.80000001 6 0.34999999
0.80000001 6 0.44999999
0.80000001 6 0.55000001
0.80000001 6 0.64999998
0.80000001 6 0.75
0.80000001 6 0.85000002
0.80000001 6 0.94999999
0.80000001 6 1.05
0.80000001 6 1.15
0.80000001 6 1.25
0.80000001 6 1.35
0.80000001 6 1.45
0.80000001 6 1.55
0.80000001 6 1.65
0.80000001 6 1.75
0.80000001 6 1.85
0.80000001 6 1.95
0.80000001 6 2.05
0.80000001 6 2.1500001
0.80000001 6 2.25
0.80000001 6 2.3499999
0.80000001 6 2.45
0.80000001 6.0999999 -0.44999999
0.80000001 6.0999999 -0.34999999
0.80000001 6.0999999 -0.25
0.80000001 6.0999999 -0.15000001
0.80000001 6.0999999 -0.050000001
0.80000001 6.0999999 0.050000001
0.80000001 6.0999999 0.15000001
0.80000001 6.0999999 0.25
0.80000001 6.0999999 0.34999999
0.80000001 6.0999999 0.44999999
0.80000001 6.0999999 0.55000001
0.80000001 6.0999999 0.64999998
0.80000001 6.0999999 0.75
0.80000001 6.0999999 0.85000002
0.80000001 6.0999999 0.94999999
0.80000001 6.0999999 1.05
0.80000001 6.0999999 1.15
0.80000001 6.0999999 1.25
0.80000001 6.0999999 1.35
0.80000001 6.0999999 1.45
0.80000001 6.0999999 1.55
0.80000001 6.0999999 1.65
0.80000001 6.0999999 1.75
0.80000001 6.0999999 1.85
0.80000001 6.0999999 1.95
0.80000001 6.0999999 2.05
0.80000001 6.0999999 2.1500001
0.80000001 6.0999999 2.25
0.80000001 6.0999999 2.3499999
0.80000001 6.0999999 2.45
0.89999998 5.9000001 -0.44999999
0.89999998 5.9000001 -0.34999999
0.89999998 5.9000001 -0.25
0.89999998 5.9000001 -0.15000001
0.89999998 5.9000001 -0.050000001
0.89999998 5.9000001 0.050000001
0.89999998 5.9000001 0.15000001
0.89999998 5.9000001 0.25
0.89999998 5.9000001 0.34999999
0.89999998 5.9000001 0.44999999
0.89999998 5.9000001 0.55000001
0.89999998 5.9000001 0.64999998
0.89999998 5.9000001 0.75
0.89999998 5.9000001 0.85000002
0.89999998 5.9000001 0.94999999
0.89999998 5.9000001 1.05
0.89999998 5.9000001 1.15
0.89999998 5.9000001 1.25
0.89999998 5.9000001 1.35
0.89999998 5.9000001 1.45
0.89999998 5.9000001 1.55
0.89999998 5.9000001 1.65
0.89999998 5.9000001 1.75
0.89999998 5.9000001 1.85
0.89999998 5.9000001 1.95
0.89999998 5.9000001 2.05
0.89999998 5.9000001 2.1500001
0.89999998 5.9000001 2.25
0.89999998 5.9000001 2.3499999
0.89999998 5.9000001 2.45
0.89999998 6 -0.44999999
0.89999998 6 -0.34999999
0.89999998 6 -0.25
0.89999998 6 -0.15000001
0.89999998 6 -0.050000001
0.89999998 6 0.050000001
0.89999998 6 0.15000001
0.89999998 6 0.25
0.89999998 6 0.34999999
0.89999998 6 0.44999999
0.89999998 6 0.55000001
0.89999998 6 0.64999998
0.89999998 6 0.75
0.89999998 6 0.85000002
0.89999998 6 0.94999999
0.89999998 6 1.05
0.89999998 6 1.15
0.89999998 6 1.25
0.89999998 6 1.35
0.89999998 6 1.45
0.89999998 6 1.55
0.89999998 6 1.65
0.89999998 6 1.75
0.89999998 6 1.85
0.89999998 6 1.95
0.89999998 6 2.05
0.89999998 6 2.1500001
0.89999998 6 2.25
0.89999998 6 2.3499999
0.89999998 6 2.45
0.89999998 6.0999999 -0.44999999
0.89999998 6.0999999 -0.34999999
0.89999998 6.0999999 -0.25
0.89999998 6.0999999 -0.15000001
0.89999998 6.0999999 -0.050000001
0.89999998 6.0999999 0.050000001
0.89999998 6.0999999 0.15000001
0.89999998 6.0999999 0.25
0.89999998 6.0999999 0.34999999
0.89999998 6.0999999 0.44999999
0.89999998 6.0999999 0.55000001
0.89999998 6.0999999 0.64999998
0.89999998 6.0999999 0.75
0.89999998 6.0999999 0.85000002
0.89999998 6.0999999 0.94999999
0.89999998 6.0999999 1.05
0.89999998 6.0999999 1.15
0.89999998 6.0999999 1.25
0.89999998 6.0999999 1.35
0.89999998 6.0999999 1.45
0.89999998 6.0999999 1.55
0.89999998 6.0999999 1.65
0.89999998 6.0999999 1.75
0.89999998 6.0999999 1.85
0.89999998 6.0999999 1.95
0.89999998 6.0999999 2.05
0.89999998 6.0999999 2.1500001
0.89999998 6.0999999 2.25
0.89999998 6.0999999 2.3499999
0.89999998 6.0999999 2.45
1 5.9000001 -0.44999999
1 5.9000001 -0.34999999
1 5.9000001 -0.25
1 5.9000001 -0.15000001
1 5.9000001 -0.050000001
1 5.9000001 0.050000001
1 5.9000001 0.15000001
1 5.9000001 0.25
1 5.9000001 0.34999999
1 5.9000001 0.44999999
1 5.9000001 0.55000001
1 5.9000001 0.64999998
1 5.9000001 0.75
1 5.9000001 0.85000002
1 5.9000001 0.94999999
1 5.9000001 1.05
1 5.9000001 1.15
1 5.9000001 1.25
1 5.9000001 1.35
1 5.9000001 1.45
1 5.9000001 1.55
1 5.9000001 1.65
1 5.9000001 1.75
1 5.9000001 1.85
1 5.9000001 1.95
1 5.9000001 2.05
1 5.9000001 2.1500001
1 5.9000001 2.25
1 5.9000001 2.3499999
1 5.9000001 2.45
1 6 -0.44999999
1 6 -0.34999999
1 6 -0.25
1 6 -0.15000001
1 6 -0.050000001
1 6 0.050000001
1 6 0.15000001
1 6 0.25
1 6 0.34999999
1 6 0.44999999
1 6 0.55000001
1 6 0.64999998
1 6 0.75
1 6 0.85000002
1 6 0.94999999
1 6 1.05
1 6 1.15
1 6 1.25
1 6 1.35
1 6 1.45
1 6 1.55
1 6 1.65
1 6 1.75
1 6 1.85
1 6 1.95
1 6 2.05
1 6 2.1500001
1 6 2.25
1 6 2.3499999
1 6 2.45
1 6.0999999 -0.44999999
1 6.0999999 -0.34999999
1 6.0999999 -0.25
1 6.0999999 -0.15000001
1 6.0999999 -0.050000001
1 6.0999999 0.050000001
1 6.0999999 0.15000001
1 6.0999999 0.25
1 6.0999999 0.34999999
1 6.0999999 0.44999999
1 6.0999999 0.55000001
1 6.0999999 0.64999998
1 6.0999999 0.75
1 6.0999999 0.85000002
1 6.0999999 0.94999999
1 6.0999999 1.05
1 6.0999999 1.15
1 6.0999999 1.25
1 6.0999999 1.35
1 6.0999999 1.45
1 6.0999999 1.55
1 6.0999999 1.65
1 6.0999999 1.75
1 6.0999999 1.85
1 6.0999999 1.95
1 6.0999999 2.05
1 6.0999999 2.1500001
1 6.0999999 2.25
1 6.0999999 2.3499999
1 6.0999999 2.45
3 5.9000001 -0.44999999
3 5.9000001 -0.34999999
3 5.9000001 -0.25
3 5.9000001 -0.15000001
3 5.9000001 -0.050000001
3 5.9000001 0.050000001
3 5.9000001 0.15000001
3 5.9000001 0.25
3 5.9000001 0.34999999
3 5.9000001 0.44999999
3 5.9000001 0.55000001
3 5.9000001 0.64999998
3 5.9000001 0.75
3 5.9000001 0.85000002
3 5.9000001 0.94999999
3 5.9000001 1.05
3 5.9000001 1.15
3 5.9000001 1.25
3 5.9000001 1.35
3 5.9000001 1.45
3 5.9000001 1.55
3 5.9000001 1.65
3 5.9000001 1.75
3 5.9000001 1.85
3 5.9000001 1.95
3 5.9000001 2.05
3 5.9000001 2.1500001
3 5.9000001 2.25
3 5.9000001 2.3499999
3 5.9000001 2.45
3 6 -0.44999999
3 6 -0.34999999
3 6 -0.25
3 6 -0.15000001
3 6 -0.050000001
3 6 0.050000001
3 6 0.15000001
3 6 0.25
3 6 0.34999999
3 6 0.44999999
3 6 0.55000001
3 6 0.64999998
3 6 0.75
3 6 0.85000002
3 6 0.94999999
3 6 1.05
3 6 1.15
3 6 1.25
3 6 1.35
3 6 1.45
3 6 1.55
3 6 1.65
3 6 1.75
3 6 1.85
3 6 1.95
3 6 2.05
3 6 2.1500001
3 6 2.25
3 6 2.3499999
3 6 2.45
3 6.0999999 -0.44999999
3 6.0999999 -0.34999999
3 6.0999999 -0.25
3 6.0999999 -0.15000001
3 6.0999999 -0.050000001
3 6.0999999 0.050000001
3 6.0999999 0.15000001
3 6.0999999 0.25
3 6.0999999 0.34999999
3 6.0999999 0.44999999
3 6.0999999 0.55000001
3 6.0999999 0.64999998
3 6.0999999 0.75
3 6.0999999 0.85000002
3 6.0999999 0.94999999
3 6.0999999 1.05
3 6.0999999 1.15
3 6.0999999 1.25
3 6.0999999 1.35
3 6.0999999 1.45
3 6.0999999 1.55
3 6.0999999 1.65
3 6.0999999 1.75
3 6.0999999 1.85
3 6.0999999 1.95
3 6.0999999 2.05
3 6.0999999 2.1500001
3 6.0999999 2.25
3 6.0999999 2.3499999
3 6.0999999 2.45
3.0999999 5.9000001 -0.44999999
3.0999999 5.9000001 -0.34999999
3.0999999 5.9000001 -0.25
3.0999999 5.9000001 -0.15000001
3.0999999 5.9000001 -0.050000001
3.0999999 5.9000001 0.050000001
3.0999999 5.9000001 0.15000001
3.0999999 5.9000001 0.25
3.0999999 5.9000001 0.34999999
3.0999999 5.9000001 0.44999999
3.0999999 5.9000001 0.55000001
3.0999999 5.9000001 0.64999998
3.0999999 5.9000001 0.75
3.0999999 5.9000001 0.85000002
3.0999999 5.9000001 0.94999999
3.0999999 5.9000001 1.05
3.0999999 5.9000001 1.15
3.0999999 5.9000001 1.25
3.0999999 5.9000001 1.35
3.0999999 5.9000001 1.45
3.0999999 5.9000001 1.55
3.0999999 5.9000001 1.65
3.0999999 5.9000001 1.75
3.0999999 5.9000001 1.85
3.0999999 5.9000001 1.95
3.0999999 5.9000001 2.05
3.0999999 5.9000001 2.1500001
3.0999999 5.9000001 2.25
3.0999999 5.9000001 2.3499999
3.0999999 5.9000001 2.45
3.0999999 6 -0.44999999
3.0999999 6 -0.34999999
3.0999999 6 -0.25
3.0999999 6 -0.15000001
3.0999999 6 -0.050000001
3.0999999 6 0.050000001
3.0999999 6 0.15000001
3.0999999 6 0.25
3.0999999 6 0.34999999
3.0999999 6 0.44999999
3.0999999 6 0.55000001
3.0999999 6 0.64999998
3.0999999 6 0.75
3.0999999 6 0.85000002
3.0999999 6 0.94999999
3.0999999 6 1.05
3.0999999 6 1.15
3.0999999 6 1.25
3.0999999 6 1.35
3.0999999 6 1.45
3.0999999 6 1.55
3.0999999 6 1.65
3.0999999 6 1.75
3.0999999 6 1.85
3.0999999 6 1.95
3.0999999 6 2.05
3.0999999 6 2.1500001
3.0999999 6 2.25
3.0999999 6 2.3499999
3.0999999 6 2.45
3.0999999 6.0999999 -0.44999999
3.0999999 6.0999999 -0.34999999
3.0999999 6.0999999 -0.25
3.0999999 6.0999999 -0.15000001
3.0999999 6.0999999 -0.050000001
3.0999999 6.0999999 0.050000001
3.0999999 6.0999999 0.15000001
3.0999999 6.0999999 0.25
3.0999999 6.0999999 0.34999999
3.0999999 6.0999999 0.44999999
3.0999999 6.0999999 0.55000001
3.0999999 6.0999999 0.64999998
3.0999999 6.0999999 0.75
3.0999999 6.0999999 0.85000002
3.0999999 6.0999999 0.94999999
3.0999999 6.0999999 1.05
3.0999999 6.0999999 1.15
3.0999999 6.0999999 1.25
3.0999999 6.0999999 1.35
3.0999999 6.0999999 1.45
3.0999999 6.0999999 1.55
3.0999999 6.0999999 1.65
3.0999999 6.0999999 1.75
3.0999999 6.0999999 1.85
3.0999999 6.0999999 1.95
3.0999999 6.0999999 2.05
3.0999999 6.0999999 2.1500001
3.0999999 6.0999999 2.25
3.0999999 6.0999999 2.3499999
3.0999999 6.0999999 2.45
3.2 5.9000001 -0.44999999
3.2 5.9000001 -0.34999999
3.2 5.9000001 -0.25
3.2 5.9000001 -0.15000001
3.2 5.9000001 -0.050000001
3.2 5.9000001 0.050000001
3.2 5.9000001 0.15000001
3.2 5.9000001 0.25
3.2 5.9000001 0.34999999
3.2 5.9000001 0.44999999
3.2 5.9000001 0.55000001
3.2 5.9000001 0.64999998
3.2 5.9000001 0.75
3.2 5.9000001 0.85000002
3.2 5.9000001 0.94999999
3.2 5.9000001 1.05
3.2 5.9000001 1.15
3.2 5.9000001 1.25
3.2 5.9000001 1.35
3.2 5.9000001 1.45
3.2 5.9000001 1.55
3.2 5.9000001 1.65
3.2 5.9000001 1.75
3.2 5.9000001 1.85
3.2 5.9000001 1.95
3.2 5.9000001 2.05
3.2 5.9000001 2.1500001
3.2 5.9000001 2.25
3.2 5.9000001 2.3499999
3.2 5.9000001 2.45
3.2 6 -0.44999999
3.2 6 -0.34999999
3.2 6 -0.25
3.2 6 -0.15000001
3.2 6 -0.050000001
3.2 6 0.050000001
3.2 6 0.15000001
3.2 6 0.25
3.2 6 0.34999999
3.2 6 0.44999999
3.2 6 0.55000001
3.2 6 0.64999998
3.2 6 0.75
3.2 6 0.85000002
3.2 6 0.94999999
3.2 6 1.05
3.2 6 1.15
3.2 6 1.25
3.2 6 1.35
3.2 6 1.45
3.2 6 1.55
3.2 6 1.65
3.2 6 1.75
3.2 6 1.85
3.2 6 1.95
3.2 6 2.05
3.2 6 2.1500001
3.2 6 2.25
3.2 6 2.3499999
3.2 6 2.45
3.2 6.0999999 -0.44999999
3.2 6.0999999 -0.34999999
3.2 6.0999999 -0.25
3.2 6.0999999 -0.15000001
3.2 6.0999999 -0.050000001
3.2 6.0999999 0.050000001
3.2 6.0999999 0.15000001
3.2 6.0999999 0.25
3.2 6.0999999 0.34999999
3.2 6.0999999 0.44999999
3.2 6.0999999 0.55000001
3.2 6.0999999 0.64999998
3.2 6.0999999 0.75
3.2 6.0999999 0.85000002
3.2 6.0999999 0.94999999
3.2 6.0999999 1.05
3.2 6.0999999 1.15
3.2 6.0999999 1.25
3.2 6.0999999 1.35
3.2 6.0999999 1.45
3.2 6.0999999 1.55
3.2 6.0999999 1.65
3.2 6.0999999 1.75
3.2 6.0999999 1.85
3.2 6.0999999 1.95
3.2 6.0999999 2.05
3.2 6.0999999 2.1500001
3.2 6.0999999 2.25
3.2 6.0999999 2.3499999
3.2 6.0999999 2.45
3.3 5.9000001 -0.44999999
3.3 5.9000001 -0.34999999
3.3 5.9000001 -0.25
3.3 5.9000001 -0.15000001
3.3 5.9000001 -0.050000001
3.3 5.9000001 0.050000001
3.3 5.9000001 0.15000001
3.3 5.9000001 0.25
3.3 5.9000001 0.34999999
3.3 5.9000001 0.44999999
3.3 5.9000001 0.55000001
3.3 5.9000001 0.64999998
3.3 5.9000001 0.75
3.3 5.9000001 0.85000002
3.3 5.9000001 0.94999999
3.3 5.9000001 1.05
3.3 5.9000001 1.15
3.3 5.9000001 1.25
3.3 5.9000001 1.35
3.3 5.9000001 1.45
3.3 5.9000001 1.55
3.3 5.9000001 1.65
3.3 5.9000001 1.75
3.3 5.9000001 1.85
3.3 5.9000001 1.95
3.3 5.9000001 2.05
3.3 5.9000001 2.1500001
3.3 5.9000001 2.25
3.3 5.9000001 2.3499999
3.3 5.9000001 2.45
3.3 6 -0.44999999
3.3 6 -0.34999999
3.3 6 -0.25
3.3 6 -0.15000001
3.3 6 -0.050000001
3.3 6 0.050000001
3.3 6 0.15000001
3.3 6 0.25
3.3 6 0.34999999
3.3 6 0.44999999
3.3 6 0.55000001
3.3 6 0.64999998
3.3 6 0.75
3.3 6 0.85000002
3.3 6 0.94999999
3.3 6 1.05
3.3 6 1.15
3.3 6 1.25
3.3 6 1.35
3.3 6 1.45
3.3 6 1.55
3.3 6 1.65
3.3 6 1.75
3.3 6 1.85
3.3 6 1.95
3.3 6 2.05
3.3 6 2.1500001
3.3 6 2.25
3.3 6 2.3499999
3.3 6 2.45
3.3 6.0999999 -0.44999999
3.3 6.0999999 -0.34999999
3.3 6.0999999 -0.25
3.3 6.0999999 -0.15000001
3.3 6.0999999 -0.050000001
3.3 6.0999999 0.050000001
3.3 6.0999999 0.15000001
3.3 6.0999999 0.25
3.3 6.0999999 0.34999999
3.3 6.0999999 0.44999999
3.3 6.0999999 0.55000001
3.3 6.0999999 0.64999998
3.3 6.0999999 0.75
3.3 6.0999999 0.85000002
3.3 6.0999999 0.94999999
3.3 6.0999999 1.05
3.3 6.0999999 1.15
3.3 6.0999999 1.25
3.3 6.0999999 1.35
3.3 6.0999999 1.45
3.3 6.0999999 1.55
3.3 6.0999999 1.65
3.3 6.0999999 1.75
3.3 6.0999999 1.85
3.3 6.0999999 1.95
3.3 6.0999999 2.05
3.3 6.0999999 2.1500001
3.3 6.0999999 2.25
3.3 6.0999999 2.3499999
3.3 6.0999999 2.45
3.4000001 5.9000001 -0.44999999
3.4000001 5.9000001 -0.34999999
3.4000001 5.9000001 -0.25
3.4000001 5.9000001 -0.15000001
3.4000001 5.9000001 -0.050000001
3.4000001 5.9000001 0.050000001
3.4000001 5.9000001 0.15000001
3.4000001 5.9000001 0.25
3.4000001 5.9000001 0.34999999
3.4000001 5.9000001 0.44999999
3.4000001 5.9000001 0.55000001
3.4000001 5.9000001 0.64999998
3.4000001 5.9000001 0.75
3.4000001 5.9000001 0.85000002
3.4000001 5.9000001 0.94999999
3.4000001 5.9000001 1.05
3.4000001 5.9000001 1.15
3.4000001 5.9000001 1.25
3.4000001 5.9000001 1.35
3.4000001 5.9000001 1.45
3.4000001 5.9000001 1.55
3.4000001 5.9000001 1.65
3.4000001 5.9000001 1.75
3.4000001 5.9000001 1.85
3.4000001 5.9000001 1.95
3.4000001 5.9000001 2.05
3.4000001 5.9000001 2.1500001
3.4000001 5.9000001 2.25
3.4000001 5.9000001 2.3499999
3.4000001 5.9000001 2.45
3.4000001 6 -0.44999999
3.4000001 6 -0.34999999
3.4000001 6 -0.25
3.4000001 6 -0.15000001
3.4000001 6 -0.050000001
3.4000001 6 0.050000001
3.4000001 6 0.15000001
3.4000001 6 0.25
3.4000001 6 0.34999999
3.4000001 6 0.44999999
3.4000001 6 0.55000001
3.4000001 6 0.64999998
3.4000001 6 0.75
3.4000001 6 0.85000002
3.4000001 6 0.94999999
3.4000001 6 1.05
3.4000001 6 1.15
3.4000001 6 1.25
3.4000001 6 1.35
3.4000001 6 1.45
3.4000001 6 1.55
3.4000001 6 1.65
3.4000001 6 1.75
3.4000001 6 1.85
3.4000001 6 1.95
3.4000001 6 2.05
3.4000001 6 2.1500001
3.4000001 6 2.25
3.4000001 6 2.3499999
3.4000001 6 2.45
3.4000001 6.0999999 -0.44999999
3.4000001 6.0999999 -0.34999999
3.4000001 6.0999999 -0.25
3.4000001 6.0999999 -0.15000001
3.4000001 6.0999999 -0.050000001
3.4000001 6.0999999 0.050000001
3.4000001 6.0999999 0.15000001
3.4000001 6.0999999 0.25
3.4000001 6.0999999 0.34999999
3.4000001 6.0999999 0.44999999
3.4000001 6.0999999 0.55000001
3.4000001 6.0999999 0.64999998
3.4000001 6.0999999 0.75
3.4000001 6.0999999 0.85000002
3.4000001 6.0999999 0.94999999
3.4000001 6.0999999 1.05
3.4000001 6.0999999 1.15
3.4000001 6.0999999 1.25
3.4000001 6.0999999 1.35
3.4000001 6.0999999 1.45
3.4000001 6.0999999 1.55
3.4000001 6.0999999 1.65
3.4000001 6.0999999 1.75
3.4000001 6.0999999 1.85
3.4000001 6.0999999 1.95
3.4000001 6.0999999 2.05
3.4000001 6.0999999 2.1500001
3.4000001 6.0999999 2.25
3.4000001 6.0999999 2.3499999
3.4000001 6.0999999 2.45
3.5 5.9000001 -0.44999999
3.5 5.9000001 -0.34999999
3.5 5.9000001 -0.25
3.5 5.9000001 -0.15000001
3.5 5.9000001 -0.050000001
3.5 5.9000001 0.050000001
3.5 5.9000001 0.15000001
3.5 5.9000001 0.25
3.5 5.9000001 0.34999999
3.5 5.9000001 0.44999999
3.5 5.9000001 0.55000001
3.5 5.9000001 0.64999998
3.5 5.9000001 0.75
3.5 5.9000001 0.85000002
3.5 5.9000001 0.94999999
3.5 5.9000001 1.05
3.5 5.9000001 1.15
3.5 5.9000001 1.25
3.5 5.9000001 1.35
3.5 5.9000001 1.45
3.5 5.9000001 1.55
3.5 5.9000001 1.65
3.5 5.9000001 1.75
3.5 5.9000001 1.85
3.5 5.9000001 1.95
3.5 5.9000001 2.05
3.5 5.9000001 2.1500001
3.5 5.9000001 2.25
3.5 5.9000001 2.3499999
3.5 5.9000001 2.45
3.5 6 -0.44999999
3.5 6 -0.34999999
3.5 6 -0.25
3.5 6 -0.15000001
3.5 6 -0.050000001
3.5 6 0.050000001
3.5 6 0.15000001
3.5 6 0.25
3.5 6 0.34999999
3.5 6 0.44999999
3.5 6 0.55000001
3.5 6 0.64999998
3.5 6 0.75
3.5 6 0.85000002
3.5 6 0.94999999
3.5 6 1.05
3.5 6 1.15
3.5 6 1.25
3.5 6 1.35
3.5 6 1.45
3.5 6 1.55
3.5 6 1.65
3.5 6 1.75
3.5 6 1.85
3.5 6 1.95
3.5 6 2.05
3.5 6 2.1500001
3.5 6 2.25
3.5 6 2.3499999
3.5 6 2.45
3.5 6.0999999 -0.44999999
3.5 6.0999999 -0.34999999
3.5 6.0999999 -0.25
3.5 6.0999999 -0.15000001
3.5 6.0999999 -0.050000001
3.5 6.0999999 0.050000001
3.5 6.0999999 0.15000001
3.5 6.0999999 0.25
3.5 6.0999999 0.34999999
3.5 6.0999999 0.44999999
3.5 6.0999999 0.55000001
3.5 6.0999999 0.64999998
3.5 6.0999999 0.75
3.5 6.0999999 0.85000002
3.5 6.0999999 0.94999999
3.5 6.0999999 1.05
3.5 6.0999999 1.15
3.5 6.0999999 1.25
3.5 6.0999999 1.35
3.5 6.0999999 1.45
3.5 6.0999999 1.55
3.5 6.0999999 1.65
3.5 6.0999999 1.75
3.5 6.0999999 1.85
3.5 6.0999999 1.95
3.5 6.0999999 2.05
3.5 6.0999999 2.1500001
3.5 6.0999999 2.25
3.5 6.0999999 2.3499999
3.5 6.0999999 2.45
3.5999999 5.9000001 -0.44999999
3.5999999 5.9000001 -0.34999999
3.5999999 5.9000001 -0.25
3.5999999 5.9000001 -0.15000001
3.5999999 5.9000001 -0.050000001
3.5999999 5.9000001 0.050000001
3.5999999 5.9000001 0.15000001
3.5999999 5.9000001 0.25
3.5999999 5.9000001 0.34999999
3.5999999 5.9000001 0.44999999
3.5999999 5.9000001 0.55000001
3.5999999 5.9000001 0.64999998
3.5999999 5.9000001 0.75
3.5999999 5.9000001 0.85000002
3.5999999 5.9000001 0.94999999
3.5999999 5.9000001 1.05
3.5999999 5.9000001 1.15
3.5999999 5.9000001 1.25
3.5999999 5.9000001 1.35
3.5999999 5.9000001 1.45
3.5999999 5.9000001 1.55
3.5999999 5.9000001 1.65
3.5999999 5.9000001 1.75
3.5999999 5.9000001 1.85
3.5999999 5.9000001 1.95
3.5999999 5.9000001 2.05
3.5999999 5.9000001 2.1500001
3.5999999 5.9000001 2.25
3.5999999 5.9000001 2.3499999
3.5999999 5.9000001 2.45
3.5999999 6 -0.44999999
3.5999999 6 -0.34999999
3.5999999 6 -0.25
3.5999999 6 -0.15000001
3.5999999 6 -0.050000001
3.5999999 6 0.050000001
3.5999999 6 0.15000001
3.5999999 6 0.25
3.5999999 6 0.34999999
3.5999999 6 0.44999999
3.5999999 6 0.55000001
3.5999999 6 0.64999998
3.5999999 6 0.75
3.5999999 6 0.85000002
3.5999999 6 0.94999999
3.5999999 6 1.05
3.5999999 6 1.15
3.5999999 6 1.25
3.5999999 6 1.35
3.5999999 6 1.45
3.5999999 6 1.55
3.5999999 6 1.65
3.5999999 6 1.75
3.5999999 6 1.85
3.5999999 6 1.95
3.5999999 6 2.05
3.5999999 6 2.1500001
3.5999999 6 2.25
3.5999999 6 2.3499999
3.5999999 6 2.45
3.5999999 6.0999999 -0.44999999
3.5999999 6.0999999 -0.34999999
3.5999999 6.0999999 -0.25
3.5999999 6.0999999 -0.15000001
3.5999999 6.0999999 -0.050000001
3.5999999 6.0999999 0.050000001
3.5999999 6.0999999 0.15000001
3.5999999 6.0999999 0.25
3.5999999 6.0999999 0.34999999
3.5999999 6.0999999 0.44999999
3.5999999 6.0999999 0.55000001
3.5999999 6.0999999 0.64999998
3.5999999 6.0999999 0.75
3.5999999 6.0999999 0.85000002
3.5999999 6.0999999 0.94999999
3.5999999 6.0999999 1.05
3.5999999 6.0999999 1.15
3.5999999 6.0999999 1.25
3.5999999 6.0999999 1.35
3.5999999 6.0999999 1.45
3.5999999 6.0999999 1.55
3.5999999 6.0999999 1.65
3.5999999 6.0999999 1.75
3.5999999 6.0999999 1.85
3.5999999 6.0999999 1.95
3.5999999 6.0999999 2.05
3.5999999 6.0999999 2.1500001
3.5999999 6.0999999 2.25
3.5999999 6.0999999 2.3499999
3.5999999 6.0999999 2.45
3.7 5.9000001 -0.44999999
3.7 5.9000001 -0.34999999
3.7 5.9000001 -0.25
3.7 5.9000001 -0.15000001
3.7 5.9000001 -0.050000001
3.7 5.9000001 0.050000001
3.7 5.9000001 0.15000001
3.7 5.9000001 0.25
3.7 5.9000001 0.34999999
3.7 5.9000001 0.44999999
3.7 5.9000001 0.55000001
3.7 5.9000001 0.64999998
3.7 5.9000001 0.75
3.7 5.9000001 0.85000002
3.7 5.9000001 0.94999999
3.7 5.9000001 1.05
3.7 5.9000001 1.15
3.7 5.9000001 1.25
3.7 5.9000001 1.35
3.7 5.9000001 1.45
3.7 5.9000001 1.55
3.7 5.9000001 1.65
3.7 5.9000001 1.75
3.7 5.9000001 1.85
3.7 5.9000001 1.95
3.7 5.9000001 2.05
3.7 5.9000001 2.1500001
3.7 5.9000001 2.25
3.7 5.9000001 2.3499999
3.7 5.9000001 2.45
3.7 6 -0.44999999
3.7 6 -0.34999999
3.7 6 -0.25
3.7 6 -0.15000001
3.7 6 -0.050000001
3.7 6 0.050000001
3.7 6 0.15000001
3.7 6 0.25
3.7 6 0.34999999
3.7 6 0.44999999
3.7 6 0.55000001
3.7 6 0.64999998
3.7 6 0.75
3.7 6 0.85000002
3.7 6 0.94999999
3.7 6 1.05
3.7 6 1.15
3.7 6 1.25
3.7 6 1.35
3.7 6 1.45
3.7 6 1.55
3.7 6 1.65
3.7 6 1.75
3.7 6 1.85
3.7 6 1.95
3.7 6 2.05
3.7 6 2.1500001
3.7 6 2.25
3.7 6 2.3499999
3.7 6 2.45
3.7 6.0999999 -0.44999999
3.7 6.0999999 -0.34999999
3.7 6.0999999 -0.25
3.7 6.0999999 -0.15000001
3.7 6.0999999 -0.050000001
3.7 6.0999999 0.050000001
3.7 6.0999999 0.15000001
3.7 6.0999999 0.25
3.7 6.0999999 0.34999999
3.7 6.0999999 0.44999999
3.7 6.0999999 0.55000001
3.7 6.0999999 0.64999998
3.7 6.0999999 0.75
3.7 6.0999999 0.85000002
3.7 6.0999999 0.94999999
3.7 6.0999999 1.05
3.7 6.0999999 1.15
3.7 6.0999999 1.25
3.7 6.0999999 1.35
3.7 6.0999999 1.45
3.7 6.0999999 1.55
3.7 6.0999999 1.65
3.7 6.0999999 1.75
3.7 6.0999999 1.85
3.7 6.0999999 1.95
3.7 6.0999999 2.05
3.7 6.0999999 2.1500001
3.7 6.0999999 2.25
3.7 6.0999999 2.3499999
3.7 6.0999999 2.45
3.8 5.9000001 -0.44999999
3.8 5.9000001 -0.34999999
3.8 5.9000001 -0.25
3.8 5.9000001 -0.15000001
3.8 5.9000001 -0.050000001
3.8 5.9000001 0.050000001
3.8 5.9000001 0.15000001
3.8 5.9000001 0.25
3.8 5.9000001 0.34999999
3.8 5.9000001 0.44999999
3.8 5.9000001 0.55000001
3.8 5.9000001 0.64999998
3.8 5.9000001 0.75
3.8 5.9000001 0.85000002
3.8 5.9000001 0.94999999
3.8 5.9000001 1.05
3.8 5.9000001 1.15
3.8 5.9000001 1.25
3.8 5.9000001 1.35
3.8 5.9000001 1.45
3.8 5.9000001 1.55
3.8 5.9000001 1.65
3.8 5.9000001 1.75
3.8 5.9000001 1.85
3.8 5.9000001 1.95
3.8 5.9000001 2.05
3.8 5.9000001 2.1500001
3.8 5.9000001 2.25
3.8 5.9000001 2.3499999
3.8 5.9000001 2.45
3.8 6 -0.44999999
3.8 6 -0.34999999
3.8 6 -0.25
3.8 6 -0.15000001
3.8 6 -0.050000001
3.8 6 0.050000001
3.8 6 0.15000001
3.8 6 0.25
3.8 6 0.34999999
3.8 6 0.44999999
3.8 6 0.55000001
3.8 6 0.64999998
3.8 6 0.75
3.8 6 0.85000002
3.8 6 0.94999999
3.8 6 1.05
3.8 6 1.15
3.8 6 1.25
3.8 6 1.35
3.8 6 1.45
3.8 6 1.55
3.8 6 1.65
3.8 6 1.75
3.8 6 1.85
3.8 6 1.95
3.8 6 2.05
3.8 6 2.1500001
3.8 6 2.25
3.8 6 2.3499999
3.8 6 2.45
3.8 6.0999999 -0.44999999
3.8 6.0999999 -0.34999999
3.8 6.0999999 -0.25
3.8 6.0999999 -0.15000001
3.8 6.0999999 -0.050000001
3.8 6.0999999 0.050000001
3.8 6.0999999 0.15000001
3.8 6.0999999 0.25
3.8 6.0999999 0.34999999
3.8 6.0999999 0.44999999
3.8 6.0999999 0.55000001
3.8 6.0999999 0.64999998
3.8 6.0999999 0.75
3.8 6.0999999 0.85000002
3.8 6.0999999 0.94999999
3.8 6.0999999 1.05
3.8 6.0999999 1.15
3.8 6.0999999 1.25
3.8 6.0999999 1.35
3.8 6.0999999 1.45
3.8 6.0999999 1.55
3.8 6.0999999 1.65
3.8 6.0999999 1.75
3.8 6.0999999 1.85
3.8 6.0999999 1.95
3.8 6.0999999 2.05
3.8 6.0999999 2.1500001
3.8 6.0999999 2.25
3.8 6.0999999 2.3499999
3.8 6.0999999 2.45
3.9000001 5.9000001 -0.44999999
3.9000001 5.9000001 -0.34999999
3.9000001 5.9000001 -0.25
3.9000001 5.9000001 -0.15000001
3.9000001 5.9000001 -0.050000001
3.9000001 5.9000001 0.050000001
3.9000001 5.9000001 0.15000001
3.9000001 5.9000001 0.25
3.9000001 5.9000001 0.34999999
3.9000001 5.9000001 0.44999999
3.9000001 5.9000001 0.55000001
3.9000001 5.9000001 0.64999998
3.9000001 5.9000001 0.75
3.9000001 5.9000001 0.85000002
3.9000001 5.9000001 0.94999999
3.9000001 5.9000001 1.05
3.9000001 5.9000001 1.15
3.9000001 5.9000001 1.25
3.9000001 5.9000001 1.35
3.9000001 5.9000001 1.45
3.9000001 5.9000001 1.55
3.9000001 5.9000001 1.65
3.9000001 5.9000001 1.75
3.9000001 5.9000001 1.85
3.9000001 5.9000001 1.95
3.9000001 5.9000001 2.05
3.9000001 5.9000001 2.1500001
3.9000001 5.9000001 2.25
3.9000001 5.9000001 2.3499999
3.9000001 5.9000001 2.45
3.9000001 6 -0.44999999
3.9000001 6 -0.34999999
3.9000001 6 -0.25
3.9000001 6 -0.15000001
3.9000001 6 -0.050000001
3.9000001 6 0.050000001
3.9000001 6 0.15000001
3.9000001 6 0.25
3.9000001 6 0.34999999
3.9000001 6 0.44999999
3.9000001 6 0.55000001
3.9000001 6 0.64999998
3.9000001 6 0.75
3.9000001 6 0.85000002
3.9000001 6 0.94999999
3.9000001 6 1.05
3.9000001 6 1.15
3.9000001 6 1.25
3.9000001 6 1.35
3.9000001 6 1.45
3.9000001 6 1.55
3.9000001 6 1.65
3.9000001 6 1.75
3.9000001 6 1.85
3.9000001 6 1.95
3.9000001 6 2.05
3.9000001 6 2.1500001
3.9000001 6 2.25
3.9000001 6 2.3499999
3.9000001 6 2.45
3.9000001 6.0999999 -0.44999999
3.9000001 6.0999999 -0.34999999
3.9000001 6.0999999 -0.25
3.9000001 6.0999999 -0.15000001
3.9000001 6.0999999 -0.050000001
3.9000001 6.0999999 0.050000001
3.9000001 6.0999999 0.15000001
3.9000001 6.0999999 0.25
3.9000001 6.0999999 0.34999999
3.9000001 6.0999999 0.44999999
3.9000001 6.0999999 0.55000001
3.9000001 6.0999999 0.64999998
3.9000001 6.0999999 0.75
3.9000001 6.0999999 0.85000002
3.9000001 6.0999999 0.94999999
3.9000001 6.0999999 1.05
3.9000001 6.0999999 1.15
3.9000001 6.0999999 1.25
3.9000001 6.0999999 1.35
3.9000001 6.0999999 1.45
3.9000001 6.0999999 1.55
3.9000001 6.0999999 1.65
3.9000001 6.0999999 1.75
3.9000001 6.0999999 1.85
3.9000001 6.0999999 1.95
3.9000001 6.0999999 2.05
3.9000001 6.0999999 2.1500001
3.9000001 6.0999999 2.25
3.9000001 6.0999999 2.3499999
3.9000001 6.0999999 2.45
4 5.9000001 -0.44999999
4 5.9000001 -0.34999999
4 5.9000001 -0.25
4 5.9000001 -0.15000001
4 5.9000001 -0.050000001
4 5.9000001 0.050000001
4 5.9000001 0.15000001
4 5.9000001 0.25
4 5.9000001 0.34999999
4 5.9000001 0.44999999
4 5.9000001 0.55000001
4 5.9000001 0.64999998
4 5.9000001 0.75
4 5.9000001 0.85000002
4 5.9000001 0.94999999
4 5.9000001 1.05
4 5.9000001 1.15
4 5.9000001 1.25
4 5.9000001 1.35
4 5.9000001 1.45
4 5.9000001 1.55
4 5.9000001 1.65
4 5.9000001 1.75
4 5.9000001 1.85
4 5.9000001 1.95
4 5.9000001 2.05
4 5.9000001 2.1500001
4 5.9000001 2.25
4 5.9000001 2.3499999
4 5.9000001 2.45
4 6 -0.44999999
4 6 -0.34999999
4 6 -0.25
4 6 -0.15000001
4 6 -0.050000001
4 6 0.050000001
4 6 0.15000001
4 6 0.25
4 6 0.34999999
4 6 0.44999999
4 6 0.55000001
4 6 0.64999998
4 6 0.75
4 6 0.85000002
4 6 0.94999999
4 6 1.05
4 6 1.15
4 6 1.25
4 6 1.35
4 6 1.45
4 6 1.55
4 6 1.65
4 6 1.75
4 6 1.85
4 6 1.95
4 6 2.05
4 6 2.1500001
4 6 2.25
4 6 2.3499999
4 6 2.45
4 6.0999999 -0.44999999
4 6.0999999 -0.34999999
4 6.0999999 -0.25
4 6.0999999 -0.15000001
4 6.0999999 -0.050000001
4 6.0999999 0.050000001
4 6.0999999 0.15000001
4 6.0999999 0.25
4 6.0999999 0.34999999
4 6.0999999 0.44999999
4 6.0999999 0.55000001
4 6.0999999 0.64999998
4 6.0999999 0.75
4 6.0999999 0.85000002
4 6.0999999 0.94999999
4 6.0999999 1.05
4 6.0999999 1.15
4 6.0999999 1.25
4 6.0999999 1.35
4 6.0999999 1.45
4 6.0999999 1.55
4 6.0999999 1.65
4 6.0999999 1.75
4 6.0999999 1.85
4 6.0999999 1.95
4 6.0999999 2.05
4 6.0999999 2.1500001
4 6.0999999 2.25
4 6.0999999 2.3499999
4 6.0999999 2.45
4.0999999 5.9000001 -0.44999999
4.0999999 5.9000001 -0.34999999
4.0999999 5.9000001 -0.25
4.0999999 5.9000001 -0.15000001
4.0999999 5.9000001 -0.050000001
4.0999999 5.9000001 0.050000001
4.0999999 5.9000001 0.15000001
4.0999999 5.9000001 0.25
4.0999999 5.9000001 0.34999999
4.0999999 5.9000001 0.44999999
4.0999999 5.9000001 0.55000001
4.0999999 5.9000001 0.64999998
4.0999999 5.9000001 0.75
4.0999999 5.9000001 0.85000002
4.0999999 5.9000001 0.94999999
4.0999999 5.9000001 1.05
4.0999999 5.9000001 1.15
4.0999999 5.9000001 1.25
4.0999999 5.9000001 1.35
4.0999999 5.9000001 1.45
4.0999999 5.9000001 1.55
4.0999999 5.9000001 1.65
4.0999999 5.9000001 1.75
4.0999999 5.9000001 1.85
4.0999999 5.9000001 1.95
4.0999999 5.9000001 2.05
4.0999999 5.9000001 2.1500001
4.0999999 5.9000001 2.25
4.0999999 5.9000001 2.3499999
4.0999999 5.9000001 2.45
4.0999999 6 -0.44999999
4.0999999 6 -0.34999999
4.0999999 6 -0.25
4.0999999 6 -0.15000001
4.0999999 6 -0.050000001
4.0999999 6 0.050000001
4.0999999 6 0.15000001
4.0999999 6 0.25
4.0999999 6 0.34999999
4.0999999 6 0.44999999
4.0999999 6 0.55000001
4.0999999 6 0.64999998
4.0999999 6 0.75
4.0999999 6 0.85000002
4.0999999 6 0.94999999
4.0999999 6 1.05
4.0999999 6 1.15
4.0999999 6 1.25
4.0999999 6 1.35
4.0999999 6 1.45
4.0999999 6 1.55
4.0999999 6 1.65
4.0999999 6 1.75
4.0999999 6 1.85
4.0999999 6 1.95
4.0999999 6 2.05
4.0999999 6 2.1500001
4.0999999 6 2.25
4.0999999 6 2.3499999
4.0999999 6 2.45
4.0999999 6.0999999 -0.44999999
4.0999999 6.0999999 -0.34999999
4.0999999 6.0999999 -0.25
4.0999999 6.0999999 -0.15000001
4.0999999 6.0999999 -0.050000001
4.0999999 6.0999999 0.050000001
4.0999999 6.0999999 0.15000001
4.0999999 6.0999999 0.25
4.0999999 6.0999999 0.34999999
4.0999999 6.0999999 0.44999999
4.0999999 6.0999999 0.55000001
4.0999999 6.0999999 0.64999998
4.0999999 6.0999999 0.75
4.0999999 6.0999999 0.85000002
4.0999999 6.0999999 0.94999999
4.0999999 6.0999999 1.05
4.0999999 6.0999999 1.15
4.0999999 6.0999999 1.25
4.0999999 6.0999999 1.35
4.0999999 6.0999999 1.45
4.0999999 6.0999999 1.55
4.0999999 6.0999999 1.65
4.0999999 6.0999999 1.75
4.0999999 6.0999999 1.85
4.0999999 6.0999999 1.95
4.0999999 6.0999999 2.05
4.0999999 6.0999999 2.1500001
4.0999999 6.0999999 2.25
4.0999999 6.0999999 2.3499999
4.0999999 6.0999999 2.45
4.1999998 5.9000001 -0.44999999
4.1999998 5.9000001 -0.34999999
4.1999998 5.9000001 -0.25
4.1999998 5.9000001 -0.15000001
4.1999998 5.9000001 -0.050000001
4.1999998 5.9000001 0.050000001
4.1999998 5.9000001 0.15000001
4.1999998 5.9000001 0.25
4.1999998 5.9000001 0.34999999
4.1999998 5.9000001 0.44999999
4.1999998 5.9000001 0.55000001
4.1999998 5.9000001 0.64999998
4.1999998 5.9000001 0.75
4.1999998 5.9000001 0.85000002
4.1999998 5.9000001 0.94999999
4.1999998 5.9000001 1.05
4.1999998 5.9000001 1.15
4.1999998 5.9000001 1.25
4.1999998 5.9000001 1.35
4.1999998 5.9000001 1.45
4.1999998 5.9000001 1.55
4.1999998 5.9000001 1.65
4.1999998 5.9000001 1.75
4.1999998 5.9000001 1.85
4.1999998 5.9000001 1.95
4.1999998 5.9000001 2.05
4.1999998 5.9000001 2.1500001
4.1999998 5.9000001 2.25
4.1999998 5.9000001 2.3499999
4.1999998 5.9000001 2.45
4.1999998 6 -0.44999999
4.1999998 6 -0.34999999
4.1999998 6 -0.25
4.1999998 6 -0.15000001
4.1999998 6 -0.050000001
4.1999998 6 0.050000001
4.1999998 6 0.15000001
4.1999998 6 0.25
4.1999998 6 0.34999999
4.1999998 6 0.44999999
4.1999998 6 0.55000001
4.1999998 6 0.64999998
4.1999998 6 0.75
4.1999998 6 0.85000002
4.1999998 6 0.94999999
4.1999998 6 1.05
4.1999998 6 1.15
4.1999998 6 1.25
4.1999998 6 1.35
4.1999998 6 1.45
4.1999998 6 1.55
4.1999998 6 1.65
4.1999998 6 1.75
4.1999998 6 1.85
4.1999998 6 1.95
4.1999998 6 2.05
4.1999998 6 2.1500001
4.1999998 6 2.25
4.1999998 6 2.3499999
4.1999998 6 2.45
4.1999998 6.0999999 -0.44999999
4.1999998 6.0999999 -0.34999999
4.1999998 6.0999999 -0.25
4.1999998 6.0999999 -0.15000001
4.1999998 6.0999999 -0.050000001
4.1999998 6.0999999 0.050000001
4.1999998 6.0999999 0.15000001
4.1999998 6.0999999 0.25
4.1999998 6.0999999 0.34999999
4.1999998 6.0999999 0.44999999
4.1999998 6.0999999 0.55000001
4.1999998 6.0999999 0.64999998
4.1999998 6.0999999 0.75
4.1999998 6.0999999 0.85000002
4.1999998 6.0999999 0.94999999
4.1999998 6.0999999 1.05
4.1999998 6.0999999 1.15
4.1999998 6.0999999 1.25
4.1999998 6.0999999 1.35
4.1999998 6.0999999 1.45
4.1999998 6.0999999 1.55
4.1999998 6.0999999 1.65
4.1999998 6.0999999 1.75
4.1999998 6.0999999 1.85
4.1999998 6.0999999 1.95
4.1999998 6.0999999 2.05
4.1999998 6.0999999 2.1500001
4.1999998 6.0999999 2.25
4.1999998 6.0999999 2.3499999
4.1999998 6.0999999 2.45
4.3000002 5.9000001 -0.44999999
4.3000002 5.9000001 -0.34999999
4.3000002 5.9000001 -0.25
4.3000002 5.9000001 -0.15000001
4.3000002 5.9000001 -0.050000001
4.3000002 5.9000001 0.050000001
4.3000002 5.9000001 0.15000001
4.3000002 5.9000001 0.25
4.3000002 5.9000001 0.34999999
4.3000002 5.9000001 0.44999999
4.3000002 5.9000001 0.55000001
4.3000002 5.9000001 0.64999998
4.3000002 5.9000001 0.75
4.3000002 5.9000001 0.85000002
4.3000002 5.9000001 0.94999999
4.3000002 5.9000001 1.05
4.3000002 5.9000001 1.15
4.3000002 5.9000001 1.25
4.3000002 5.9000001 1.35
4.3000002 5.9000001 1.45
4.3000002 5.9000001 1.55
4.3000002 5.9000001 1.65
4.3000002 5.9000001 1.75
4.3000002 5.9000001 1.85
4.3000002 5.9000001 1.95
4.3000002 5.9000001 2.05
4.3000002 5.9000001 2.1500001
4.3000002 5.9000001 2.25
4.3000002 5.9000001 2.3499999
4.3000002 5.9000001 2.45
4.3000002 6 -0.44999999
4.3000002 6 -0.34999999
4.3000002 6 -0.25
4.3000002 6 -0.15000001
4.3000002 6 -0.050000001
4.3000002 6 0.050000001
4.3000002 6 0.15000001
4.3000002 6 0.25
4.3000002 6 0.34999999
4.3000002 6 0.44999999
4.3000002 6 0.55000001
4.3000002 6 0.64999998
4.3000002 6 0.75
4.3000002 6 0.85000002
4.3000002 6 0.94999999
4.3000002 6 1.05
4.3000002 6 1.15
4.3000002 6 1.25
4.3000002 6 1.35
4.3000002 6 1.45
4.3000002 6 1.55
4.3000002 6 1.65
4.3000002 6 1.75
4.3000002 6 1.85
4.3000002 6 1.95
4.3000002 6 2.05
4.3000002 6 2.1500001
4.3000002 6 2.25
4.3000002 6 2.3499999
4.3000002 6 2.45
4.3000002 6.0999999 -0.44999999
4.3000002 6.0999999 -0.34999999
4.3000002 6.0999999 -0.25
4.3000002 6.0999999 -0.15000001
4.3000002 6.0999999 -0.050000001
4.3000002 6.0999999 0.050000001
4.3000002 6.0999999 0.15000001
4.3000002 6.0999999 0.25
4.3000002 6.0999999 0.34999999
4.3000002 6.0999999 0.44999999
4.3000002 6.0999999 0.55000001
4.3000002 6.0999999 0.64999998
4.3000002 6.0999999 0.75
4.3000002 6.0999999 0.85000002
4.3000002 6.0999999 0.94999999
4.3000002 6.0999999 1.05
4.3000002 6.0999999 1.15
4.3000002 6.0999999 1.25
4.3000002 6.0999999 1.35
4.3000002 6.0999999 1.45
4.3000002 6.0999999 1.55
4.3000002 6.0999999 1.65
4.3000002 6.0999999 1.75
4.3000002 6.0999999 1.85
4.3000002 6.0999999 1.95
4.3000002 6.0999999 2.05
4.3000002 6.0999999 2.1500001
4.3000002 6.0999999 2.25
4.3000002 6.0999999 2.3499999
4.3000002 6.0999999 2.45
4.4000001 5.9000001 -0.44999999
4.4000001 5.9000001 -0.34999999
4.4000001 5.9000001 -0.25
4.4000001 5.9000001 -0.15000001
4.4000001 5.9000001 -0.050000001
4.4000001 5.9000001 0.050000001
4.4000001 5.9000001 0.15000001
4.4000001 5.9000001 0.25
4.4000001 5.9000001 0.34999999
4.4000001 5.9000001 0.44999999
4.4000001 5.9000001 0.55000001
4.4000001 5.9000001 0.64999998
4.4000001 5.9000001 0.75
4.4000001 5.9000001 0.85000002
4.4000001 5.9000001 0.94999999
4.4000001 5.9000001 1.05
4.4000001 5.9000001 1.15
4.4000001 5.9000001 1.25
4.4000001 5.9000001 1.35
4.4000001 5.9000001 1.45
4.4000001 5.9000001 1.55
4.4000001 5.9000001 1.65
4.4000001 5.9000001 1.75
4.4000001 5.9000001 1.85
4.4000001 5.9000001 1.95
4.4000001 5.9000001 2.05
4.4000001 5.9000001 2.1500001
4.4000001 5.9000001 2.25
4.4000001 5.9000001 2.3499999
4.4000001 5.9000001 2.45
4.4000001 6 -0.44999999
4.4000001 6 -0.34999999
4.4000001 6 -0.25
4.4000001 6 -0.15000001
4.4000001 6 -0.050000001
4.4000001 6 0.050000001
4.4000001 6 0.15000001
4.4000001 6 0.25
4.4000001 6 0.34999999
4.4000001 6 0.44999999
4.4000001 6 0.55000001
4.4000001 6 0.64999998
4.4000001 6 0.75
4.4000001 6 0.85000002
4.4000001 6 0.94999999
4.4000001 6 1.05
4.4000001 6 1.15
4.4000001 6 1.25
4.4000001 6 1.35
4.4000001 6 1.45
4.4000001 6 1.55
4.4000001 6 1.65
4.4000001 6 1.75
4.4000001 6 1.85
4.4000001 6 1.95
4.4000001 6 2.05
4.4000001 6 2.1500001
4.4000001 6 2.25
4.4000001 6 2.3499999
4.4000001 6 2.45
4.4000001 6.0999999 -0.44999999
4.4000001 6.0999999 -0.34999999
4.4000001 6.0999999 -0.25
4.4000001 6.0999999 -0.15000001
4.4000001 6.0999999 -0.050000001
4.4000001 6.0999999 0.050000001
4.4000001 6.0999999 0.15000001
4.4000001 6.0999999 0.25
4.4000001 6.0999999 0.34999999
4.4000001 6.0999999 0.44999999
4.4000001 6.0999999 0.55000001
4.4000001 6.0999999 0.64999998
4.4000001 6.0999999 0.75
4.4000001 6.0999999 0.85000002
4.4000001 6.0999999 0.94999999
4.4000001 6.0999999 1.05
4.4000001 6.0999999 1.15
4.4000001 6.0999999 1.25
4.4000001 6.0999999 1.35
4.4000001 6.0999999 1.45
4.4000001 6.0999999 1.55
4.4000001 6.0999999 1.65
4.4000001 6.0999999 1.75
4.4000001 6.0999999 1.85
4.4000001 6.0999999 1.95
4.4000001 6.0999999 2.05
4.4000001 6.0999999 2.1500001
4.4000001 6.0999999 2.25
4.4000001 6.0999999 2.3499999
4.4000001 6.0999999 2.45
4.5 5.9000001 -0.44999999
4.5 5.9000001 -0.34999999
4.5 5.9000001 -0.25
4.5 5.9000001 -0.15000001
4.5 5.9000001 -0.050000001
4.5 5.9000001 0.050000001
4.5 5.9000001 0.15000001
4.5 5.9000001 0.25
4.5 5.9000001 0.34999999
4.5 5.9000001 0.44999999
4.5 5.9000001 0.55000001
4.5 5.9000001 0.64999998
4.5 5.9000001 0.75
4.5 5.9000001 0.85000002
4.5 5.9000001 0.94999999
4.5 5.9000001 1.05
4.5 5.9000001 1.15
4.5 5.9000001 1.25
4.5 5.9000001 1.35
4.5 5.9000001 1.45
4.5 5.9000001 1.55
4.5 5.9000001 1.65
4.5 5.9000001 1.75
4.5 5.9000001 1.85
4.5 5.9000001 1.95
4.5 5.9000001 2.05
4.5 5.9000001 2.1500001
4.5 5.9000001 2.25
4.5 5.9000001 2.3499999
4.5 5.9000001 2.45
4.5 6 -0.44999999
4.5 6 -0.34999999
4.5 6 -0.25
4.5 6 -0.15000001
4.5 6 -0.050000001
4.5 6 0.050000001
4.5 6 0.15000001
4.5 6 0.25
4.5 6 0.34999999
4.5 6 0.44999999
4.5 6 0.55000001
4.5 6 0.64999998
4.5 6 0.75
4.5 6 0.85000002
4.5 6 0.94999999
4.5 6 1.05
4.5 6 1.15
4.5 6 1.25
4.5 6 1.35
4.5 6 1.45
4.5 6 1.55
4.5 6 1.65
4.5 6 1.75
4.5 6 1.85
4.5 6 1.95
4.5 6 2.05
4.5 6 2.1500001
4.5 6 2.25
4.5 6 2.3499999
4.5 6 2.45
4.5 6.0999999 -0.44999999
4.5 6.0999999 -0.34999999
4.5 6.0999999 -0.25
4.5 6.0999999 -0.15000001
4.5 6.0999999 -0.050000001
4.5 6.0999999 0.050000001
4.5 6.0999999 0.15000001
4.5 6.0999999 0.25
4.5 6.0999999 0.34999999
4.5 6.0999999 0.44999999
4.5 6.0999999 0.55000001
4.5 6.0999999 0.64999998
4.5 6.0999999 0.75
4.5 6.0999999 0.85000002
4.5 6.0999999 0.94999999
4.5 6.0999999 1.05
4.5 6.0999999 1.15
4.5 6.0999999 1.25
4.5 6.0999999 1.35
4.5 6.0999999 1.45
4.5 6.0999999 1.55
4.5 6.0999999 1.65
4.5 6.0999999 1.75
4.5 6.0999999 1.85
4.5 6.0999999 1.95
4.5 6.0999999 2.05
4.5 6.0999999 2.1500001
4.5 6.0999999 2.25
4.5 6.0999999 2.3499999
4.5 6.0999999 2.45
4.5999999 5.9000001 -0.44999999
4.5999999 5.9000001 -0.34999999
4.5999999 5.9000001 -0.25
4.5999999 5.9000001 -0.15000001
4.5999999 5.9000001 -0.050000001
4.5999999 5.9000001 0.050000001
4.5999999 5.9000001 0.15000001
4.5999999 5.9000001 0.25
4.5999999 5.9000001 0.34999999
4.5999999 5.9000001 0.44999999
4.5999999 5.9000001 0.55000001
4.5999999 5.9000001 0.64999998
4.5999999 5.9000001 0.75
4.5999999 5.9000001 0.85000002
4.5999999 5.9000001 0.94999999
4.5999999 5.9000001 1.05
4.5999999 5.9000001 1.15
4.5999999 5.9000001 1.25
4.5999999 5.9000001 1.35
4.5999999 5.9000001 1.45
4.5999999 5.9000001 1.55
4.5999999 5.9000001 1.65
4.5999999 5.9000001 1.75
4.5999999 5.9000001 1.85
4.5999999 5.9000001 1.95
4.5999999 5.9000001 2.05
4.5999999 5.9000001 2.1500001
4.5999999 5.9000001 2.25
4.5999999 5.9000001 2.3499999
4.5999999 5.9000001 2.45
4.5999999 6 -0.44999999
4.5999999 6 -0.34999999
4.5999999 6 -0.25
4.5999999 6 -0.15000001
4.5999999 6 -0.050000001
4.5999999 6 0.050000001
4.5999999 6 0.15000001
4.5999999 6 0.25
4.5999999 6 0.34999999
4.5999999 6 0.44999999
4.5999999 6 0.55000001
4.5999999 6 0.64999998
4.5999999 6 0.75
4.5999999 6 0.85000002
4.5999999 6 0.94999999
4.5999999 6 1.05
4.5999999 6 1.15
4.5999999 6 1.25
4.5999999 6 1.35
4.5999999 6 1.45
4.5999999 6 1.55
4.5999999 6 1.65
4.5999999 6 1.75
4.5999999 6 1.85
4.5999999 6 1.95
4.5999999 6 2.05
4.5999999 6 2.1500001
4.5999999 6 2.25
4.5999999 6 2.3499999
4.5999999 6 2.45
4.5999999 6.0999999 -0.44999999
4.5999999 6.0999999 -0.34999999
4.5999999 6.0999999 -0.25
4.5999999 6.0999999 -0.15000001
4.5999999 6.0999999 -0.050000001
4.5999999 6.0999999 0.050000001
4.5999999 6.0999999 0.15000001
4.5999999 6.0999999 0.25
4.5999999 6.0999999 0.34999999
4.5999999 6.0999999 0.44999999
4.5999999 6.0999999 0.55000001
4.5999999 6.0999999 0.64999998
4.5999999 6.0999999 0.75
4.5999999 6.0999999 0.85000002
4.5999999 6.0999999 0.94999999
4.5999999 6.0999999 1.05
4.5999999 6.0999999 1.15
4.5999999 6.0999999 1.25
4.5999999 6.0999999 1.35
4.5999999 6.0999999 1.45
4.5999999 6.0999999 1.55
4.5999999 6.0999999 1.65
4.5999999 6.0999999 1.75
4.5999999 6.0999999 1.85
4.5999999 6.0999999 1.95
4.5999999 6.0999999 2.05
4.5999999 6.0999999 2.1500001
4.5999999 6.0999999 2.25
4.5999999 6.0999999 2.3499999
4.5999999 6.0999999 2.45
4.6999998 5.9000001 -0.44999999
4.6999998 5.9000001 -0.34999999
4.6999998 5.9000001 -0.25
4.6999998 5.9000001 -0.15000001
4.6999998 5.9000001 -0.050000001
4.6999998 5.9000001 0.050000001
4.6999998 5.9000001 0.15000001
4.6999998 5.9000001 0.25
4.6999998 5.9000001 0.34999999
4.6999998 5.9000001 0.44999999
4.6999998 5.9000001 0.55000001
4.6999998 5.9000001 0.64999998
4.6999998 5.9000001 0.75
4.6999998 5.9000001 0.85000002
4.6999998 5.9000001 0.94999999
4.6999998 5.9000001 1.05
4.6999998 5.9000001 1.15
4.6999998 5.9000001 1.25
4.6999998 5.9000001 1.35
4.6999998 5.9000001 1.45
4.6999998 5.9000001 1.55
4.6999998 5.9000001 1.65
4.6999998 5.9000001 1.75
4.6999998 5.9000001 1.85
4.6999998 5.9000001 1.95
4.6999998 5.9000001 2.05
4.6999998 5.9000001 2.1500001
4.6999998 5.9000001 2.25
4.6999998 5.9000001 2.3499999
4.6999998 5.9000001 2.45
4.6999998 6 -0.44999999
4.6999998 6 -0.34999999
4.6999998 6 -0.25
4.6999998 6 -0.15000001
4.6999998 6 -0.050000001
4.6999998 6 0.050000001
4.6999998 6 0.15000001
4.6999998 6 0.25
4.6999998 6 0.34999999
4.6999998 6 0.44999999
4.6999998 6 0.55000001
4.6999998 6 0.64999998
4.6999998 6 0.75
4.6999998 6 0.85000002
4.6999998 6 0.94999999
4.6999998 6 1.05
4.6999998 6 1.15
4.6999998 6 1.25
4.6999998 6 1.35
4.6999998 6 1.45
4.6999998 6 1.55
4.6999998 6 1.65
4.6999998 6 1.75
4.6999998 6 1.85
4.6999998 6 1.95
4.6999998 6 2.05
4.6999998 6 2.1500001
4.6999998 6 2.25
4.6999998 6 2.3499999
4.6999998 6 2.45
4.6999998 6.0999999 -0.44999999
4.6999998 6.0999999 -0.34999999
4.6999998 6.0999999 -0.25
4.6999998 6.0999999 -0.15000001
4.6999998 6.0999999 -0.050000001
4.6999998 6.0999999 0.050000001
4.6999998 6.0999999 0.15000001
4.6999998 6.0999999 0.25
4.6999998 6.0999999 0.34999999
4.6999998 6.0999999 0.44999999
4.6999998 6.0999999 0.55000001
4.6999998 6.0999999 0.64999998
4.6999998 6.0999999 0.75
4.6999998 6.0999999 0.85000002
4.6999998 6.0999999 0.94999999
4.6999998 6.0999999 1.05
4.6999998 6.0999999 1.15
4.6999998 6.0999999 1.25
4.6999998 6.0999999 1.35
4.6999998 6.0999999 1.45
4.6999998 6.0999999 1.55
4.6999998 6.0999999 1.65
4.6999998 6.0999999 1.75
4.6999998 6.0999999 1.85
4.6999998 6.0999999 1.95
4.6999998 6.0999999 2.05
4.6999998 6.0999999 2.1500001
4.6999998 6.0999999 2.25
4.6999998 6.0999999 2.3499999
4.6999998 6.0999999 2.45
4.8000002 5.9000001 -0.44999999
4.8000002 5.9000001 -0.34999999
4.8000002 5.9000001 -0.25
4.8000002 5.9000001 -0.15000001
4.8000002 5.9000001 -0.050000001
4.8000002 5.9000001 0.050000001
4.8000002 5.9000001 0.15000001
4.8000002 5.9000001 0.25
4.8000002 5.9000001 0.34999999
4.8000002 5.9000001 0.44999999
4.8000002 5.9000001 0.55000001
4.8000002 5.9000001 0.64999998
4.8000002 5.9000001 0.75
4.8000002 5.9000001 0.85000002
4.8000002 5.9000001 0.94999999
4.8000002 5.9000001 1.05
4.8000002 5.9000001 1.15
4.8000002 5.9000001 1.25
4.8000002 5.9000001 1.35
4.8000002 5.9000001 1.45
4.8000002 5.9000001 1.55
4.8000002 5.9000001 1.65
4.8000002 5.9000001 1.75
4.8000002 5.9000001 1.85
4.8000002 5.9000001 1.95
4.8000002 5.9000001 2.05
4.8000002 5.9000001 2.1500001
4.8000002 5.9000001 2.25
4.8000002 5.9000001 2.3499999
4.8000002 5.9000001 2.45
4.8000002 6 -0.44999999
4.8000002 6 -0.34999999
4.8000002 6 -0.25
4.8000002 6 -0.15000001
4.8000002 6 -0.050000001
4.8000002 6 0.050000001
4.8000002 6 0.15000001
4.8000002 6 0.25
4.8000002 6 0.34999999
4.8000002 6 0.44999999
4.8000002 6 0.55000001
4.8000002 6 0.64999998
4.8000002 6 0.75
4.8000002 6 0.85000002
4.8000002 6 0.94999999
4.8000002 6 1.05
4.8000002 6 1.15
4.8000002 6 1.25
4.8000002 6 1.35
4.8000002 6 1.45
4.8000002 6 1.55
4.8000002 6 1.65
4.8000002 6 1.75
4.8000002 6 1.85
4.8000002 6 1.95
4.8000002 6 2.05
4.8000002 6 2.1500001
4.8000002 6 2.25
4.8000002 6 2.3499999
4.8000002 6 2.45
4.8000002 6.0999999 -0.44999999
4.8000002 6.0999999 -0.34999999
4.8000002 6.0999999 -0.25
4.8000002 6.0999999 -0.15000001
4.8000002 6.0999999 -0.050000001
4.8000002 6.0999999 0.050000001
4.8000002 6.0999999 0.15000001
4.8000002 6.0999999 0.25
4.8000002 6.0999999 0.34999999
4.8000002 6.0999999 0.44999999
4.8000002 6.0999999 0.55000001
4.8000002 6.0999999 0.64999998
4.8000002 6.0999999 0.75
4.8000002 6.0999999 0.85000002
4.8000002 6.0999999 0.94999999
4.8000002 6.0999999 1.05
4.8000002 6.0999999 1.15
4.8000002 6.0999999 1.25
4.8000002 6.0999999 1.35
4.8000002 6.0999999 1.45
4.8000002 6.0999999 1.55
4.8000002 6.0999999 1.65
4.8000002 6.0999999 1.75
4.8000002 6.0999999 1.85
4.8000002 6.0999999 1.95
4.8000002 6.0999999 2.05
4.8000002 6.0999999 2.1500001
4.8000002 6.0999999 2.25
4.8000002 6.0999999 2.3499999
4.8000002 6.0999999 2.45
4.9000001 5.9000001 -0.44999999
4.9000001 5.9000001 -0.34999999
4.9000001 5.9000001 -0.25
4.9000001 5.9000001 -0.15000001
4.9000001 5.9000001 -0.050000001
4.9000001 5.9000001 0.050000001
4.9000001 5.9000001 0.15000001
4.9000001 5.9000001 0.25
4.9000001 5.9000001 0.34999999
4.9000001 5.9000001 0.44999999
4.9000001 5.9000001 0.55000001
4.9000001 5.9000001 0.64999998
4.9000001 5.9000001 0.75
4.9000001 5.9000001 0.85000002
4.9000001 5.9000001 0.94999999
4.9000001 5.9000001 1.05
4.9000001 5.9000001 1.15
4.9000001 5.9000001 1.25
4.9000001 5.9000001 1.35
4.9000001 5.9000001 1.45
4.9000001 5.9000001 1.55
4.9000001 5.9000001 1.65
4.9000001 5.9000001 1.75
4.9000001 5.9000001 1.85
4.9000001 5.9000001 1.95
4.9000001 5.9000001 2.05
4.9000001 5.9000001 2.1500001
4.9000001 5.9000001 2.25
4.9000001 5.9000001 2.3499999
4.9000001 5.9000001 2.45
4.9000001 6 -0.44999999
4.9000001 6 -0.34999999
4.9000001 6 -0.25
4.9000001 6 -0.15000001
4.9000001 6 -0.050000001
4.9000001 6 0.050000001
4.9000001 6 0.15000001
4.9000001 6 0.25
4.9000001 6 0.34999999
4.9000001 6 0.44999999
4.9000001 6 0.55000001
4.9000001 6 0.64999998
4.9000001 6 0.75
4.9000001 6 0.85000002
4.9000001 6 0.94999999
4.9000001 6 1.05
4.9000001 6 1.15
4.9000001 6 1.25
4.9000001 6 1.35
4.9000001 6 1.45
4.9000001 6 1.55
4.9000001 6 1.65
4.9000001 6 1.75
4.9000001 6 1.85
4.9000001 6 1.95
4.9000001 6 2.05
4.9000001 6 2.1500001
4.9000001 6 2.25
4.9000001 6 2.3499999
4.9000001 6 2.45
4.9000001 6.0999999 -0.44999999
4.9000001 6.0999999 -0.34999999
4.9000001 6.0999999 -0.25
4.9000001 6.0999999 -0.15000001
4.9000001 6.0999999 -0.050000001
4.9000001 6.0999999 0.050000001
4.9000001 6.0999999 0.15000001
4.9000001 6.0999999 0.25
4.9000001 6.0999999 0.34999999
4.9000001 6.0999999 0.44999999
4.9000001 6.0999999 0.55000001
4.9000001 6.0999999 0.64999998
4.9000001 6.0999999 0.75
4.9000001 6.0999999 0.85000002
4.9000001 6.0999999 0.94999999
4.9000001 6.0999999 1.05
4.9000001 6.0999999 1.15
4.9000001 6.0999999 1.25
4.9000001 6.0999999 1.35
4.9000001 6.0999999 1.45
4.9000001 6.0999999 1.55
4.9000001 6.0999999 1.65
4.9000001 6.0999999 1.75
4.9000001 6.0999999 1.85
4.9000001 6.0999999 1.95
4.9000001 6.0999999 2.05
4.9000001 6.0999999 2.1500001
4.9000001 6.0999999 2.25
4.9000001 6.0999999 2.3499999
4.9000001 6.0999999 2.45
5 5.9000001 -0.44999999
5 5.9000001 -0.34999999
5 5.9000001 -0.25
5 5.9000001 -0.15000001
5 5.9000001 -0.050000001
5 5.9000001 0.050000001
5 5.9000001 0.15000001
5 5.9000001 0.25
5 5.9000001 0.34999999
5 5.9000001 0.44999999
5 5.9000001 0.55000001
5 5.9000001 0.64999998
5 5.9000001 0.75
5 5.9000001 0.85000002
5 5.9000001 0.94999999
5 5.9000001 1.05
5 5.9000001 1.15
5 5.9000001 1.25
5 5.9000001 1.35
5 5.9000001 1.45
5 5.9000001 1.55
5 5.9000001 1.65
5 5.9000001 1.75
5 5.9000001 1.85
5 5.9000001 1.95
5 5.9000001 2.05
5 5.9000001 2.1500001
5 5.9000001 2.25
5 5.9000001 2.3499999
5 5.9000001 2.45
5 6 -0.44999999
5 6 -0.34999999
5 6 -0.25
5 6 -0.15000001
5 6 -0.050000001
5 6 0.050000001
5 6 0.15000001
5 6 0.25
5 6 0.34999999
5 6 0.44999999
5 6 0.55000001
5 6 0.64999998
5 6 0.75
5 6 0.85000002
5 6 0.94999999
5 6 1.05
5 6 1.15
5 6 1.25
5 6 1.35
5 6 1.45
5 6 1.55
5 6 1.65
5 6 1.75
5 6 1.85
5 6 1.95
5 6 2.05
5 6 2.1500001
5 6 2.25
5 6 2.3499999
5 6 2.45
5 6.0999999 -0.44999999
5 6.0999999 -0.34999999
5 6.0999999 -0.25
5 6.0999999 -0.15000001
5 6.0999999 -0.050000001
5 6.0999999 0.050000001
5 6.0999999 0.15000001
5 6.0999999 0.25
5 6.0999999 0.34999999
5 6.0999999 0.44999999
5 6.0999999 0.55000001
5 6.0999999 0.64999998
5 6.0999999 0.75
5 6.0999999 0.85000002
5 6.0999999 0.94999999
5 6.0999999 1.05
5 6.0999999 1.15
5 6.0999999 1.25
5 6.0999999 1.35
5 6.0999999 1.45
5 6.0999999 1.55
5 6.0999999 1.65
5 6.0999999 1.75
5 6.0999999 1.85
5 6.0999999 1.95
5 6.0999999 2.05
5 6.0999999 2.1500001
5 6.0999999 2.25
5 6.0999999 2.3499999
5 6.0999999 2.45
5.0999999 5.9000001 -0.44999999
5.0999999 5.9000001 -0.34999999
5.0999999 5.9000001 -0.25
5.0999999 5.9000001 -0.15000001
5.0999999 5.9000001 -0.050000001
5.0999999 5.9000001 0.050000001
5.0999999 5.9000001 0.15000001
5.0999999 5.9000001 0.25
5.0999999 5.9000001 0.34999999
5.0999999 5.9000001 0.44999999
5.0999999 5.9000001 0.55000001
5.0999999 5.9000001 0.64999998
5.0999999 5.9000001 0.75
5.0999999 5.9000001 0.85000002
5.0999999 5.9000001 0.94999999
5.0999999 5.9000001 1.05
5.0999999 5.9000001 1.15
5.0999999 5.9000001 1.25
5.0999999 5.9000001 1.35
5.0999999 5.9000001 1.45
5.0999999 5.9000001 1.55
5.0999999 5.9000001 1.65
5.0999999 5.9000001 1.75
5.0999999 5.9000001 1.85
5.0999999 5.9000001 1.95
5.0999999 5.9000001 2.05
5.0999999 5.9000001 2.1500001
5.0999999 5.9000001 2.25
5.0999999 5.9000001 2.3499999
5.0999999 5.9000001 2.45
5.0999999 6 -0.44999999
5.0999999 6 -0.34999999
5.0999999 6 -0.25
5.0999999 6 -0.15000001
5.0999999 6 -0.050000001
5.0999999 6 0.050000001
5.0999999 6 0.15000001
5.0999999 6 0.25
5.0999999 6 0.34999999
5.0999999 6 0.44999999
5.0999999 6 0.55000001
5.0999999 6 0.64999998
5.0999999 6 0.75
5.0999999 6 0.85000002
5.0999999 6 0.94999999
5.0999999 6 1.05
5.0999999 6 1.15
5.0999999 6 1.25
5.0999999 6 1.35
5.0999999 6 1.45
5.0999999 6 1.55
5.0999999 6 1.65
5.0999999 6 1.75
5.0999999 6 1.85
5.0999999 6 1.95
5.0999999 6 2.05
5.0999999 6 2.1500001
5.0999999 6 2.25
5.0999999 6 2.3499999
5.0999999 6 2.45
5.0999999 6.0999999 -0.44999999
5.0999999 6.0999999 -0.34999999
5.0999999 6.0999999 -0.25
5.0999999 6.0999999 -0.15000001
5.0999999 6.0999999 -0.050000001
5.0999999 6.0999999 0.050000001
5.0999999 6.0999999 0.15000001
5.0999999 6.0999999 0.25
5.0999999 6.0999999 0.34999999
5.0999999 6.0999999 0.44999999
5.0999999 6.0999999 0.55000001
5.0999999 6.0999999 0.64999998
5.0999999 6.0999999 0.75
5.0999999 6.0999999 0.85000002
5.0999999 6.0999999 0.94999999
5.0999999 6.0999999 1.05
5.0999999 6.0999999 1.15
5.0999999 6.0999999 1.25
5.0999999 6.0999999 1.35
5.0999999 6.0999999 1.45
5.0999999 6.0999999 1.55
5.0999999 6.0999999 1.65
5.0999999 6.0999999 1.75
5.0999999 6.0999999 1.85
5.0999999 6.0999999 1.95
5.0999999 6.0999999 2.05
5.0999999 6.0999999 2.1500001
5.0999999 6.0999999 2.25
5.0999999 6.0999999 2.3499999
5.0999999 6.0999999 2.45
5.1999998 5.9000001 -0.44999999
5.1999998 5.9000001 -0.34999999
5.1999998 5.9000001 -0.25
5.1999998 5.9000001 -0.15000001
5.1999998 5.9000001 -0.050000001
5.1999998 5.9000001 0.050000001
5.1999998 5.9000001 0.15000001
5.1999998 5.9000001 0.25
5.1999998 5.9000001 0.34999999
5.1999998 5.9000001 0.44999999
5.1999998 5.9000001 0.55000001
5.1999998 5.9000001 0.64999998
5.1999998 5.9000001 0.75
5.1999998 5.9000001 0.85000002
5.1999998 5.9000001 0.94999999
5.1999998 5.9000001 1.05
5.1999998 5.9000001 1.15
5.1999998 5.9000001 1.25
5.1999998 5.9000001 1.35
5.1999998 5.9000001 1.45
5.1999998 5.9000001 1.55
5.1999998 5.9000001 1.65
5.1999998 5.9000001 1.75
5.1999998 5.9000001 1.85
5.1999998 5.9000001 1.95
5.1999998 5.9000001 2.05
5.1999998 5.9000001 2.1500001
5.1999998 5.9000001 2.25
5.1999998 5.9000001 2.3499999
5.1999998 5.9000001 2.45
5.1999998 6 -0.44999999
5.1999998 6 -0.34999999
5.1999998 6 -0.25
5.1999998 6 -0.15000001
5.1999998 6 -0.050000001
5.1999998 6 0.050000001
5.1999998 6 0.15000001
5.1999998 6 0.25
5.1999998 6 0.34999999
5.1999998 6 0.44999999
5.1999998 6 0.55000001
5.1999998 6 0.64999998
5.1999998 6 0.75
5.1999998 6 0.85000002
5.1999998 6 0.94999999
5.1999998 6 1.05
5.1999998 6 1.15
5.1999998 6 1.25
5.1999998 6 1.35
5.1999998 6 1.45
5.1999998 6 1.55
5.1999998 6 1.65
5.1999998 6 1.75
5.1999998 6 1.85
5.1999998 6 1.95
5.1999998 6 2.05
5.1999998 6 2.1500001
5.1999998 6 2.25
5.1999998 6 2.3499999
5.1999998 6 2.45
5.1999998 6.0999999 -0.44999999
5.1999998 6.0999999 -0.34999999
5.1999998 6.0999999 -0.25
5.1999998 6.0999999 -0.15000001
5.1999998 6.0999999 -0.050000001
5.1999998 6.0999999 0.050000001
5.1999998 6.0999999 0.15000001
5.1999998 6.0999999 0.25
5.1999998 6.0999999 0.34999999
5.1999998 6.0999999 0.44999999
5.1999998 6.0999999 0.55000001
5.1999998 6.0999999 0.64999998
5.1999998 6.0999999 0.75
5.1999998 6.0999999 0.85000002
5.1999998 6.0999999 0.94999999
5.1999998 6.0999999 1.05
5.1999998 6.0999999 1.15
5.1999998 6.0999999 1.25
5.1999998 6.0999999 1.35
5.1999998 6.0999999 1.45
5.1999998 6.0999999 1.55
5.1999998 6.0999999 1.65
5.1999998 6.0999999 1.75
5.1999998 6.0999999 1.85
5.1999998 6.0999999 1.95
5.1999998 6.0999999 2.05
5.1999998 6.0999999 2.1500001
5.1999998 6.0999999 2.25
5.1999998 6.0999999 2.3499999
5.1999998 6.0999999 2.45
5.3000002 5.9000001 -0.44999999
5.3000002 5.9000001 -0.34999999
5.3000002 5.9000001 -0.25
5.3000002 5.9000001 -0.15000001
5.3000002 5.9000001 -0.050000001
5.3000002 5.9000001 0.050000001
5.3000002 5.9000001 0.15000001
5.3000002 5.9000001 0.25
5.3000002 5.9000001 0.34999999
5.3000002 5.9000001 0.44999999
5.3000002 5.9000001 0.55000001
5.3000002 5.9000001 0.64999998
5.3000002 5.9000001 0.75
5.3000002 5.9000001 0.85000002
5.3000002 5.9000001 0.94999999
5.3000002 5.9000001 1.05
5.3000002 5.9000001 1.15
5.3000002 5.9000001 1.25
5.3000002 5.9000001 1.35
5.3000002 5.9000001 1.45
5.3000002 5.9000001 1.55
5.3000002 5.9000001 1.65
5.3000002 5.9000001 1.75
5.3000002 5.9000001 1.85
5.3000002 5.9000001 1.95
5.3000002 5.9000001 2.05
5.3000002 5.9000001 2.1500001
5.3000002 5.9000001 2.25
5.3000002 5.9000001 2.3499999
5.3000002 5.9000001 2.45
5.3000002 6 -0.44999999
5.3000002 6 -0.34999999
5.3000002 6 -0.25
5.3000002 6 -0.15000001
5.3000002 6 -0.050000001
5.3000002 6 0.050000001
5.3000002 6 0.15000001
5.3000002 6 0.25
5.3000002 6 0.34999999
5.3000002 6 0.44999999
5.3000002 6 0.55000001
5.3000002 6 0.64999998
5.3000002 6 0.75
5.3000002 6 0.85000002
5.3000002 6 0.94999999
5.3000002 6 1.05
5.3000002 6 1.15
5.3000002 6 1.25
5.3000002 6 1.35
5.3000002 6 1.45
5.3000002 6 1.55
5.3000002 6 1.65
5.3000002 6 1.75
5.3000002 6 1.85
5.3000002 6 1.95
5.3000002 6 2.05
5.3000002 6 2.1500001
5.3000002 6 2.25
5.3000002 6 2.3499999
5.3000002 6 2.45
5.3000002 6.0999999 -0.44999999
5.3000002 6.0999999 -0.34999999
5.3000002 6.0999999 -0.25
5.3000002 6.0999999 -0.15000001
5.3000002 6.0999999 -0.050000001
5.3000002 6.0999999 0.050000001
5.3000002 6.0999999 0.15000001
5.3000002 6.0999999 0.25
5.3000002 6.0999999 0.34999999
5.3000002 6.0999999 0.44999999
5.3000002 6.0999999 0.55000001
5.3000002 6.0999999 0.64999998
5.3000002 6.0999999 0.75
5.3000002 6.0999999 0.85000002
5.3000002 6.0999999 0.94999999
5.3000002 6.0999999 1.05
5.3000002 6.0999999 1.15
5.3000002 6.0999999 1.25
5.3000002 6.0999999 1.35
5.3000002 6.0999999 1.45
5.3000002 6.0999999 1.55
5.3000002 6.0999999 1.65
5.3000002 6.0999999 1.75
5.3000002 6.0999999 1.85
5.3000002 6.0999999 1.95
5.3000002 6.0999999 2.05
5.3000002 6.0999999 2.1500001
5.3000002 6.0999999 2.25
5.3000002 6.0999999 2.3499999
5.3000002 6.0999999 2.45
5.4000001 5.9000001 -0.44999999
5.4000001 5.9000001 -0.34999999
5.4000001 5.9000001 -0.25
5.4000001 5.9000001 -0.15000001
5.4000001 5.9000001 -0.050000001
5.4000001 5.9000001 0.050000001
5.4000001 5.9000001 0.15000001
5.4000001 5.9000001 0.25
5.4000001 5.9000001 0.34999999
5.4000001 5.9000001 0.44999999
5.4000001 5.9000001 0.55000001
5.4000001 5.9000001 0.64999998
5.4000001 5.9000001 0.75
5.4000001 5.9000001 0.85000002
5.4000001 5.9000001 0.94999999
5.4000001 5.9000001 1.05
5.4000001 5.9000001 1.15
5.4000001 5.9000001 1.25
5.4000001 5.9000001 1.35
5.4000001 5.9000001 1.45
5.4000001 5.9000001 1.55
5.4000001 5.9000001 1.65
5.4000001 5.9000001 1.75
5.4000001 5.9000001 1.85
5.4000001 5.9000001 1.95
5.4000001 5.9000001 2.05
5.4000001 5.9000001 2.1500001
5.4000001 5.9000001 2.25
5.4000001 5.9000001 2.3499999
5.4000001 5.9000001 2.45
5.4000001 6 -0.44999999
5.4000001 6 -0.34999999
5.4000001 6 -0.25
5.4000001 6 -0.15000001
5.4000001 6 -0.050000001
5.4000001 6 0.050000001
5.4000001 6 0.15000001
5.4000001 6 0.25
5.4000001 6 0.34999999
5.4000001 6 0.44999999
5.4000001 6 0.55000001
5.4000001 6 0.64999998
5.4000001 6 0.75
5.4000001 6 0.85000002
5.4000001 6 0.94999999
5.4000001 6 1.05
5.4000001 6 1.15
5.4000001 6 1.25
5.4000001 6 1.35
5.4000001 6 1.45
5.4000001 6 1.55
5.4000001 6 1.65
5.4000001 6 1.75
5.4000001 6 1.85
5.4000001 6 1.95
5.4000001 6 2.05
5.4000001 6 2.1500001
5.4000001 6 2.25
5.4000001 6 2.3499999
5.4000001 6 2.45
5.4000001 6.0999999 -0.44999999
5.4000001 6.0999999 -0.34999999
5.4000001 6.0999999 -0.25
5.4000001 6.0999999 -0.15000001
5.4000001 6.0999999 -0.050000001
5.4000001 6.0999999 0.050000001
5.4000001 6.0999999 0.15000001
5.4000001 6.0999999 0.25
5.4000001 6.0999999 0.34999999
5.4000001 6.0999999 0.44999999
5.4000001 6.0999999 0.55000001
5.4000001 6.0999999 0.64999998
5.4000001 6.0999999 0.75
5.4000001 6.0999999 0.85000002
5.4000001 6.0999999 0.94999999
5.4000001 6.0999999 1.05
5.4000001 6.0999999 1.15
5.4000001 6.0999999 1.25
5.4000001 6.0999999 1.35
5.4000001 6.0999999 1.45
5.4000001 6.0999999 1.55
5.4000001 6.0999999 1.65
5.4000001 6.0999999 1.75
5.4000001 6.0999999 1.85
5.4000001 6.0999999 1.95
5.4000001 6.0999999 2.05
5.4000001 6.0999999 2.1500001
5.4000001 6.0999999 2.25
5.4000001 6.0999999 2.3499999
5.4000001 6.0999999 2.45
5.5 5.9000001 -0.44999999
5.5 5.9000001 -0.34999999
5.5 5.9000001 -0.25
5.5 5.9000001 -0.15000001
5.5 5.9000001 -0.050000001
5.5 5.9000001 0.050000001
5.5 5.9000001 0.15000001
5.5 5.9000001 0.25
5.5 5.9000001 0.34999999
5.5 5.9000001 0.44999999
5.5 5.9000001 0.55000001
5.5 5.9000001 0.64999998
5.5 5.9000001 0.75
5.5 5.9000001 0.85000002
5.5 5.9000001 0.94999999
5.5 5.9000001 1.05
5.5 5.9000001 1.15
5.5 5.9000001 1.25
5.5 5.9000001 1.35
5.5 5.9000001 1.45
5.5 5.9000001 1.55
5.5 5.9000001 1.65
5.5 5.9000001 1.75
5.5 5.9000001 1.85
5.5 5.9000001 1.95
5.5 5.9000001 2.05
5.5 5.9000001 2.1500001
5.5 5.9000001 2.25
5.5 5.9000001 2.3499999
5.5 5.9000001 2.45
5.5 6 -0.44999999
5.5 6 -0.34999999
5.5 6 -0.25
5.5 6 -0.15000001
5.5 6 -0.050000001
5.5 6 0.050000001
5.5 6 0.15000001
5.5 6 0.25
5.5 6 0.34999999
5.5 6 0.44999999
5.5 6 0.55000001
5.5 6 0.64999998
5.5 6 0.75
5.5 6 0.85000002
5.5 6 0.94999999
5.5 6 1.05
5.5 6 1.15
5.5 6 1.25
5.5 6 1.35
5.5 6 1.45
5.5 6 1.55
5.5 6 1.65
5.5 6 1.75
5.5 6 1.85
5.5 6 1.95
5.5 6 2.05
5.5 6 2.1500001
5.5 6 2.25
5.5 6 2.3499999
5.5 6 2.45
5.5 6.0999999 -0.44999999
5.5 6.0999999 -0.34999999
5.5 6.0999999 -0.25
5.5 6.0999999 -0.15000001
5.5 6.0999999 -0.050000001
5.5 6.0999999 0.050000001
5.5 6.0999999 0.15000001
5.5 6.0999999 0.25
5.5 6.0999999 0.34999999
5.5 6.0999999 0.44999999
5.5 6.0999999 0.55000001
5.5 6.0999999 0.64999998
5.5 6.0999999 0.75
5.5 6.0999999 0.85000002
5.5 6.0999999 0.94999999
5.5 6.0999999 1.05
5.5 6.0999999 1.15
5.5 6.0999999 1.25
5.5 6.0999999 1.35
5.5 6.0999999 1.45
5.5 6.0999999 1.55
5.5 6.0999999 1.65
5.5 6.0999999 1.75
5.5 6.0999999 1.85
5.5 6.0999999 1.95
5.5 6.0999999 2.05
5.5 6.0999999 2.1500001
5.5 6.0999999 2.25
5.5 6.0999999 2.3499999
5.5 6.0999999 2.45
5.5999999 5.9000001 -0.44999999
5.5999999 5.9000001 -0.34999999
5.5999999 5.9000001 -0.25
5.5999999 5.9000001 -0.15000001
5.5999999 5.9000001 -0.050000001
5.5999999 5.9000001 0.050000001
5.5999999 5.9000001 0.15000001
5.5999999 5.9000001 0.25
5.5999999 5.9000001 0.34999999
5.5999999 5.9000001 0.44999999
5.5999999 5.9000001 0.55000001
5.5999999 5.9000001 0.64999998
5.5999999 5.9000001 0.75
5.5999999 5.9000001 0.85000002
5.5999999 5.9000001 0.94999999
5.5999999 5.9000001 1.05
5.5999999 5.9000001 1.15
5.5999999 5.9000001 1.25
5.5999999 5.9000001 1.35
5.5999999 5.9000001 1.45
5.5999999 5.9000001 1.55
5.5999999 5.9000001 1.65
5.5999999 5.9000001 1.75
5.5999999 5.9000001 1.85
5.5999999 5.9000001 1.95
5.5999999 5.9000001 2.05
5.5999999 5.9000001 2.1500001
5.5999999 5.9000001 2.25
5.5999999 5.9000001 2.3499999
5.5999999 5.9000001 2.45
5.5999999 6 -0.44999999
5.5999999 6 -0.34999999
5.5999999 6 -0.25
5.5999999 6 -0.15000001
5.5999999 6 -0.050000001
5.5999999 6 0.050000001
5.5999999 6 0.15000001
5.5999999 6 0.25
5.5999999 6 0.34999999
5.5999999 6 0.44999999
5.5999999 6 0.55000001
5.5999999 6 0.64999998
5.5999999 6 0.75
5.5999999 6 0.85000002
5.5999999 6 0.94999999
5.5999999 6 1.05
5.5999999 6 1.15
5.5999999 6 1.25
5.5999999 6 1.35
5.5999999 6 1.45
5.5999999 6 1.55
5.5999999 6 1.65
5.5999999 6 1.75
5.5999999 6 1.85
5.5999999 6 1.95
5.5999999 6 2.05
5.5999999 6 2.1500001
5.5999999 6 2.25
5.5999999 6 2.3499999
5.5999999 6 2.45
5.5999999 6.0999999 -0.44999999
5.5999999 6.0999999 -0.34999999
5.5999999 6.0999999 -0.25
5.5999999 6.0999999 -0.15000001
5.5999999 6.0999999 -0.050000001
5.5999999 6.0999999 0.050000001
5.5999999 6.0999999 0.15000001
5.5999999 6.0999999 0.25
5.5999999 6.0999999 0.34999999
5.5999999 6.0999999 0.44999999
5.5999999 6.0999999 0.55000001
5.5999999 6.0999999 0.64999998
5.5999999 6.0999999 0.75
5.5999999 6.0999999 0.85000002
5.5999999 6.0999999 0.94999999
5.5999999 6.0999999 1.05
5.5999999 6.0999999 1.15
5.5999999 6.0999999 1.25
5.5999999 6.0999999 1.35
5.5999999 6.0999999 1.45
5.5999999 6.0999999 1.55
5.5999999 6.0999999 1.65
5.5999999 6.0999999 1.75
5.5999999 6.0999999 1.85
5.5999999 6.0999999 1.95
5.5999999 6.0999999 2.05
5.5999999 6.0999999 2.1500001
5.5999999 6.0999999 2.25
5.5999999 6.0999999 2.3499999
5.5999999 6.0999999 2.45
5.6999998 5.9000001 -0.44999999
5.6999998 5.9000001 -0.34999999
5.6999998 5.9000001 -0.25
5.6999998 5.9000001 -0.15000001
5.6999998 5.9000001 -0.050000001
5.6999998 5.9000001 0.050000001
5.6999998 5.9000001 0.15000001
5.6999998 5.9000001 0.25
5.6999998 5.9000001 0.34999999
5.6999998 5.9000001 0.44999999
5.6999998 5.9000001 0.55000001
5.6999998 5.9000001 0.64999998
5.6999998 5.9000001 0.75
5.6999998 5.9000001 0.85000002
5.6999998 5.9000001 0.94999999
5.6999998 5.9000001 1.05
5.6999998 5.9000001 1.15
5.6999998 5.9000001 1.25
5.6999998 5.9000001 1.35
5.6999998 5.9000001 1.45
5.6999998 5.9000001 1.55
5.6999998 5.9000001 1.65
5.6999998 5.9000001 1.75
5.6999998 5.9000001 1.85
5.6999998 5.9000001 1.95
5.6999998 5.9000001 2.05
5.6999998 5.9000001 2.1500001
5.6999998 5.9000001 2.25
5.6999998 5.9000001 2.3499999
5.6999998 5.9000001 2.45
5.6999998 6 -0.44999999
5.6999998 6 -0.34999999
5.6999998 6 -0.25
5.6999998 6 -0.15000001
5.6999998 6 -0.050000001
5.6999998 6 0.050000001
5.6999998 6 0.15000001
5.6999998 6 0.25
5.6999998 6 0.34999999
5.6999998 6 0.44999999
5.6999998 6 0.55000001
5.6999998 6 0.64999998
5.6999998 6 0.75
5.6999998 6 0.85000002
5.6999998 6 0.94999999
5.6999998 6 1.05
5.6999998 6 1.15
5.6999998 6 1.25
5.6999998 6 1.35
5.6999998 6 1.45
5.6999998 6 1.55
5.6999998 6 1.65
5.6999998 6 1.75
5.6999998 6 1.85
5.6999998 6 1.95
5.6999998 6 2.05
5.6999998 6 2.1500001
5.6999998 6 2.25
5.6999998 6 2.3499999
5.6999998 6 2.45
5.6999998 6.0999999 -0.44999999
5.6999998 6.0999999 -0.34999999
5.6999998 6.0999999 -0.25
5.6999998 6.0999999 -0.15000001
5.6999998 6.0999999 -0.050000001
5.6999998 6.0999999 0.050000001
5.6999998 6.0999999 0.15000001
5.6999998 6.0999999 0.25
5.6999998 6.0999999 0.34999999
5.6999998 6.0999999 0.44999999
5.6999998 6.0999999 0.55000001
5.6999998 6.0999999 0.64999998
5.6999998 6.0999999 0.75
5.6999998 6.0999999 0.85000002
5.6999998 6.0999999 0.94999999
5.6999998 6.0999999 1.05
5.6999998 6.0999999 1.15
5.6999998 6.0999999 1.25
5.6999998 6.0999999 1.35
5.6999998 6.0999999 1.45
5.6999998 6.0999999 1.55
5.6999998 6.0999999 1.65
5.6999998 6.0999999 1.75
5.6999998 6.0999999 1.85
5.6999998 6.0999999 1.95
5.6999998 6.0999999 2.05
5.6999998 6.0999999 2.1500001
5.6999998 6.0999999 2.25
5.6999998 6.0999999 2.3499999
5.6999998 6.0999999 2.45
5.8000002 5.9000001 -0.44999999
5.8000002 5.9000001 -0.34999999
5.8000002 5.9000001 -0.25
5.8000002 5.9000001 -0.15000001
5.8000002 5.9000001 -0.050000001
5.8000002 5.9000001 0.050000001
5.8000002 5.9000001 0.15000001
5.8000002 5.9000001 0.25
5.8000002 5.9000001 0.34999999
5.8000002 5.9000001 0.44999999
5.8000002 5.9000001 0.55000001
5.8000002 5.9000001 0.64999998
5.8000002 5.9000001 0.75
5.8000002 5.9000001 0.85000002
5.8000002 5.9000001 0.94999999
5.8000002 5.9000001 1.05
5.8000002 5.9000001 1.15
5.8000002 5.9000001 1.25
5.8000002 5.9000001 1.35
5.8000002 5.9000001 1.45
5.8000002 5.9000001 1.55
5.8000002 5.9000001 1.65
5.8000002 5.9000001 1.75
5.8000002 5.9000001 1.85
5.8000002 5.9000001 1.95
5.8000002 5.9000001 2.05
5.8000002 5.9000001 2.1500001
5.8000002 5.9000001 2.25
5.8000002 5.9000001 2.3499999
5.8000002 5.9000001 2.45
5.8000002 6 -0.44999999
5.8000002 6 -0.34999999
5.8000002 6 -0.25
5.8000002 6 -0.15000001
5.8000002 6 -0.050000001
5.8000002 6 0.050000001
5.8000002 6 0.15000001
5.8000002 6 0.25
5.8000002 6 0.34999999
5.8000002 6 0.44999999
5.8000002 6 0.55000001
5.8000002 6 0.64999998
5.8000002 6 0.75
5.8000002 6 0.85000002
5.8000002 6 0.94999999
5.8000002 6 1.05
5.8000002 6 1.15
5.8000002 6 1.25
5.8000002 6 1.35
5.8000002 6 1.45
5.8000002 6 1.55
5.8000002 6 1.65
5.8000002 6 1.75
5.8000002 6 1.85
5.8000002 6 1.95
5.8000002 6 2.05
5.8000002 6 2.1500001
5.8000002 6 2.25
5.8000002 6 2.3499999
5.8000002 6 2.45
5.8000002 6.0999999 -0.44999999
5.8000002 6.0999999 -0.34999999
5.8000002 6.0999999 -0.25
5.8000002 6.0999999 -0.15000001
5.8000002 6.0999999 -0.050000001
5.8000002 6.0999999 0.050000001
5.8000002 6.0999999 0.15000001
5.8000002 6.0999999 0.25
5.8000002 6.0999999 0.34999999
5.8000002 6.0999999 0.44999999
5.8000002 6.0999999 0.55000001
5.8000002 6.0999999 0.64999998
5.8000002 6.0999999 0.75
5.8000002 6.0999999 0.85000002
5.8000002 6.0999999 0.94999999
5.8000002 6.0999999 1.05
5.8000002 6.0999999 1.15
5.8000002 6.0999999 1.25
5.8000002 6.0999999 1.35
5.8000002 6.0999999 1.45
5.8000002 6.0999999 1.55
5.8000002 6.0999999 1.65
5.8000002 6.0999999 1.75
5.8000002 6.0999999 1.85
5.8000002 6.0999999 1.95
5.8000002 6.0999999 2.05
5.8000002 6.0999999 2.1500001
5.8000002 6.0999999 2.25
5.8000002 6.0999999 2.3499999
5.8000002 6.0999999 2.45
5.9000001 5.9000001 -0.44999999
5.9000001 5.9000001 -0.34999999
5.9000001 5.9000001 -0.25
5.9000001 5.9000001 -0.15000001
5.9000001 5.9000001 -0.050000001
5.9000001 5.9000001 0.050000001
5.9000001 5.9000001 0.15000001
5.9000001 5.9000001 0.25
5.9000001 5.9000001 0.34999999
5.9000001 5.9000001 0.44999999
5.9000001 5.9000001 0.55000001
5.9000001 5.9000001 0.64999998
5.9000001 5.9000001 0.75
5.9000001 5.9000001 0.85000002
5.9000001 5.9000001 0.94999999
5.9000001 5.9000001 1.05
5.9000001 5.9000001 1.15
5.9000001 5.9000001 1.25
5.9000001 5.9000001 1.35
5.9000001 5.9000001 1.45
5.9000001 5.9000001 1.55
5.9000001 5.9000001 1.65
5.9000001 5.9000001 1.75
5.9000001 5.9000001 1.85
5.9000001 5.9000001 1.95
5.9000001 5.9000001 2.05
5.9000001 5.9000001 2.1500001
5.9000001 5.9000001 2.25
5.9000001 5.9000001 2.3499999
5.9000001 5.9000001 2.45
5.9000001 6 -0.44999999
5.9000001 6 -0.34999999
5.9000001 6 -0.25
5.9000001 6 -0.15000001
5.9000001 6 -0.050000001
5.9000001 6 0.050000001
5.9000001 6 0.15000001
5.9000001 6 0.25
5.9000001 6 0.34999999
5.9000001 6 0.44999999
5.9000001 6 0.55000001
5.9000001 6 0.64999998
5.9000001 6 0.75
5.9000001 6 0.85000002
5.9000001 6 0.94999999
5.9000001 6 1.05
5.9000001 6 1.15
5.9000001 6 1.25
5.9000001 6 1.35
5.9000001 6 1.45
5.9000001 6 1.55
5.9000001 6 1.65
5.9000001 6 1.75
5.9000001 6 1.85
5.9000001 6 1.95
5.9000001 6 2.05
5.9000001 6 2.1500001
5.9000001 6 2.25
5.9000001 6 2.3499999
5.9000001 6 2.45
5.9000001 6.0999999 -0.44999999
5.9000001 6.0999999 -0.34999999
5.9000001 6.0999999 -0.25
5.9000001 6.0999999 -0.15000001
5.9000001 6.0999999 -0.050000001
5.9000001 6.0999999 0.050000001
5.9000001 6.0999999 0.15000001
5.9000001 6.0999999 0.25
5.9000001 6.0999999 0.34999999
5.9000001 6.0999999 0.44999999
5.9000001 6.0999999 0.55000001
5.9000001 6.0999999 0.64999998
5.9000001 6.0999999 0.75
5.9000001 6.0999999 0.85000002
5.9000001 6.0999999 0.94999999
5.9000001 6.0999999 1.05
5.9000001 6.0999999 1.15
5.9000001 6.0999999 1.25
5.9000001 6.0999999 1.35
5.9000001 6.0999999 1.45
5.9000001 6.0999999 1.55
5.9000001 6.0999999 1.65
5.9000001 6.0999999 1.75
5.9000001 6.0999999 1.85
5.9000001 6.0999999 1.95
5.9000001 6.0999999 2.05
5.9000001 6.0999999 2.1500001
5.9000001 6.0999999 2.25
5.9000001 6.0999999 2.3499999
5.9000001 6.0999999 2.45
6 5.9000001 -0.44999999
6 5.9000001 -0.34999999
6 5.9000001 -0.25
6 5.9000001 -0.15000001
6 5.9000001 -0.050000001
6 5.9000001 0.050000001
6 5.9000001 0.15000001
6 5.9000001 0.25
6 5.9000001 0.34999999
6 5.9000001 0.44999999
6 5.9000001 0.55000001
6 5.9000001 0.64999998
6 5.9000001 0.75
6 5.9000001 0.85000002
6 5.9000001 0.94999999
6 5.9000001 1.05
6 5.9000001 1.15
6 5.9000001 1.25
6 5.9000001 1.35
6 5.9000001 1.45
6 5.9000001 1.55
6 5.9000001 1.65
6 5.9000001 1.75
6 5.9000001 1.85
6 5.9000001 1.95
6 5.9000001 2.05
6 5.9000001 2.1500001
6 5.9000001 2.25
6 5.9000001 2.3499999
6 5.9000001 2.45
6 6 -0.44999999
6 6 -0.34999999
6 6 -0.25
6 6 -0.15000001
6 6 -0.050000001
6 6 0.050000001
6 6 0.15000001
6 6 0.25
6 6 0.34999999
6 6 0.44999999
6 6 0.55000001
6 6 0.64999998
6 6 0.75
6 6 0.85000002
6 6 0.94999999
6 6 1.05
6 6 1.15
6 6 1.25
6 6 1.35
6 6 1.45
6 6 1.55
6 6 1.65
6 6 1.75
6 6 1.85
6 6 1.95
6 6 2.05
6 6 2.1500001
6 6 2.25
6 6 2.3499999
6 6 2.45
6 6.0999999 -0.44999999
6 6.0999999 -0.34999999
6 6.0999999 -0.25
6 6.0999999 -0.15000001
6 6.0999999 -0.050000001
6 6.0999999 0.050000001
6 6.0999999 0.15000001
6 6.0999999 0.25
6 6.0999999 0.34999999
6 6.0999999 0.44999999
6 6.0999999 0.55000001
6 6.0999999 0.64999998
6 6.0999999 0.75
6 6.0999999 0.85000002
6 6.0999999 0.94999999
6 6.0999999 1.05
6 6.0999999 1.15
6 6.0999999 1.25
6 6.0999999 1.35
6 6.0999999 1.45
6 6.0999999 1.55
6 6.0999999 1.65
6 6.0999999 1.75
6 6.0999999 1.85
6 6.0999999 1.95
6 6.0999999 2.05
6 6.0999999 2.1500001
6 6.0999999 2.25
6 6.0999999 2.3499999
6 6.0999999 2.45
6.0999999 5.9000001 -0.44999999
6.0999999 5.9000001 -0.34999999
6.0999999 5.9000001 -0.25
6.0999999 5.9000001 -0.15000001
6.0999999 5.9000001 -0.050000001
6.0999999 5.9000001 0.050000001
6.0999999 5.9000001 0.15000001
6.0999999 5.9000001 0.25
6.0999999 5.9000001 0.34999999
6.0999999 5.9000001 0.44999999
6.0999999 5.9000001 0.55000001
6.0999999 5.9000001 0.64999998
6.0999999 5.9000001 0.75
6.0999999 5.9000001 0.85000002
6.0999999 5.9000001 0.94999999
6.0999999 5.9000001 1.05
6.0999999 5.9000001 1.15
6.0999999 5.9000001 1.25
6.0999999 5.9000001 1.35
6.0999999 5.9000001 1.45
6.0999999 5.9000001 1.55
6.0999999 5.9000001 1.65
6.0999999 5.9000001 1.75
6.0999999 5.9000001 1.85
6.0999999 5.9000001 1.95
6.0999999 5.9000001 2.05
6.0999999 5.9000001 2.1500001
6.0999999 5.9000001 2.25
6.0999999 5.9000001 2.3499999
6.0999999 5.9000001 2.45
6.0999999 6 -0.44999999
6.0999999 6 -0.34999999
6.0999999 6 -0.25
6.0999999 6 -0.15000001
6.0999999 6 -0.050000001
6.0999999 6 0.050000001
6.0999999 6 0.15000001
6.0999999 6 0.25
6.0999999 6 0.34999999
6.0999999 6 0.44999999
6.0999999 6 0.55000001
6.0999999 6 0.64999998
6.0999999 6 0.75
6.0999999 6 0.85000002
6.0999999 6 0.94999999
6.0999999 6 1.05
6.0999999 6 1.15
6.0999999 6 1.25
6.0999999 6 1.35
6.0999999 6 1.45
6.0999999 6 1.55
6.0999999 6 1.65
6.0999999 6 1.75
6.0999999 6 1.85
6.0999999 6 1.95
6.0999999 6 2.05
6.0999999 6 2.1500001
6.0999999 6 2.25
6.0999999 6 2.3499999
6.0999999 6 2.45
6.0999999 6.0999999 -0.44999999
6.0999999 6.0999999 -0.34999999
6.0999999 6.0999999 -0.25
6.0999999 6.0999999 -0.15000001
6.0999999 6.0999999 -0.050000001
6.0999999 6.0999999 0.050000001
6.0999999 6.0999999 0.15000001
6.0999999 6.0999999 0.25
6.0999999 6.0999999 0.34999999
6.0999999 6.0999999 0.44999999
6.0999999 6.0999999 0.55000001
6.0999999 6.0999999 0.64999998
6.0999999 6.0999999 0.75
6.0999999 6.0999999 0.85000002
6.0999999 6.0999999 0.94999999
6.0999999 6.0999999 1.05
6.0999999 6.0999999 1.15
6.0999999 6.0999999 1.25
6.0999999 6.0999999 1.35
6.0999999 6.0999999 1.45
6.0999999 6.0999999 1.55
6.0999999 6.0999999 1.65
6.0999999 6.0999999 1.75
6.0999999 6.0999999 1.85
6.0999999 6.0999999 1.95
6.0999999 6.0999999 2.05
6.0999999 6.0999999 2.1500001
6.0999999 6.0999999 2.25
6.0999999 6.0999999 2.3499999
6.0999999 6.0999999 2.45
6.1999998 5.9000001 -0.44999999
6.1999998 5.9000001 -0.34999999
6.1999998 5.9000001 -0.25
6.1999998 5.9000001 -0.15000001
6.1999998 5.9000001 -0.050000001
6.1999998 5.9000001 0.050000001
6.1999998 5.9000001 0.15000001
6.1999998 5.9000001 0.25
6.1999998 5.9000001 0.34999999
6.1999998 5.9000001 0.44999999
6.1999998 5.9000001 0.55000001
6.1999998 5.9000001 0.64999998
6.1999998 5.9000001 0.75
6.1999998 5.9000001 0.85000002
6.1999998 5.9000001 0.94999999
6.1999998 5.9000001 1.05
6.1999998 5.9000001 1.15
6.1999998 5.9000001 1.25
6.1999998 5.9000001 1.35
6.1999998 5.9000001 1.45
6.1999998 5.9000001 1.55
6.1999998 5.9000001 1.65
6.1999998 5.9000001 1.75
6.1999998 5.9000001 1.85
6.1999998 5.9000001 1.95
6.1999998 5.9000001 2.05
6.1999998 5.9000001 2.1500001
6.1999998 5.9000001 2.25
6.1999998 5.9000001 2.3499999
6.1999998 5.9000001 2.45
6.1999998 6 -0.44999999
6.1999998 6 -0.34999999
6.1999998 6 -0.25
6.1999998 6 -0.15000001
6.1999998 6 -0.050000001
6.1999998 6 0.050000001
6.1999998 6 0.15000001
6.1999998 6 0.25
6.1999998 6 0.34999999
6.1999998 6 0.44999999
6.1999998 6 0.55000001
6.1999998 6 0.64999998
6.1999998 6 0.75
6.1999998 6 0.85000002
6.1999998 6 0.94999999
6.1999998 6 1.05
6.1999998 6 1.15
6.1999998 6 1.25
6.1999998 6 1.35
6.1999998 6 1.45
6.1999998 6 1.55
6.1999998 6 1.65
6.1999998 6 1.75
6.1999998 6 1.85
6.1999998 6 1.95
6.1999998 6 2.05
6.1999998 6 2.1500001
6.1999998 6 2.25
6.1999998 6 2.3499999
6.1999998 6 2.45
6.1999998 6.0999999 -0.44999999
6.1999998 6.0999999 -0.34999999
6.1999998 6.0999999 -0.25
6.1999998 6.0999999 -0.15000001
6.1999998 6.0999999 -0.050000001
6.1999998 6.0999999 0.050000001
6.1999998 6.0999999 0.15000001
6.1999998 6.0999999 0.25
6.1999998 6.0999999 0.34999999
6.1999998 6.0999999 0.44999999
6.1999998 6.0999999 0.55000001
6.1999998 6.0999999 0.64999998
6.1999998 6.0999999 0.75
6.1999998 6.0999999 0.85000002
6.1999998 6.0999999 0.94999999
6.1999998 6.0999999 1.05
6.1999998 6.0999999 1.15
6.1999998 6.0999999 1.25
6.1999998 6.0999999 1.35
6.1999998 6.0999999 1.45
6.1999998 6.0999999 1.55
6.1999998 6.0999999 1.65
6.1999998 6.0999999 1.75
6.1999998 6.0999999 1.85
6.1999998 6.0999999 1.95
6.1999998 6.0999999 2.05
6.1999998 6.0999999 2.1500001
6.1999998 6.0999999 2.25
6.1999998 6.0999999 2.3499999
6.1999998 6.0999999 2.45
6.3000002 5.9000001 -0.44999999
6.3000002 5.9000001 -0.34999999
6.3000002 5.9000001 -0.25
6.3000002 5.9000001 -0.15000001
6.3000002 5.9000001 -0.050000001
6.3000002 5.9000001 0.050000001
6.3000002 5.9000001 0.15000001
6.3000002 5.9000001 0.25
6.3000002 5.9000001 0.34999999
6.3000002 5.9000001 0.44999999
6.3000002 5.9000001 0.55000001
6.3000002 5.9000001 0.64999998
6.3000002 5.9000001 0.75
6.3000002 5.9000001 0.85000002
6.3000002 5.9000001 0.94999999
6.3000002 5.9000001 1.05
6.3000002 5.9000001 1.15
6.3000002 5.9000001 1.25
6.3000002 5.9000001 1.35
6.3000002 5.9000001 1.45
6.3000002 5.9000001 1.55
6.3000002 5.9000001 1.65
6.3000002 5.9000001 1.75
6.3000002 5.9000001 1.85
6.3000002 5.9000001 1.95
6.3000002 5.9000001 2.05
6.3000002 5.9000001 2.1500001
6.3000002 5.9000001 2.25
6.3000002 5.9000001 2.3499999
6.3000002 5.9000001 2.45
6.3000002 6 -0.44999999
6.3000002 6 -0.34999999
6.3000002 6 -0.25
6.3000002 6 -0.15000001
6.3000002 6 -0.050000001
6.3000002 6 0.050000001
6.3000002 6 0.15000001
6.3000002 6 0.25
6.3000002 6 0.34999999
6.3000002 6 0.44999999
6.3000002 6 0.55000001
6.3000002 6 0.64999998
6.3000002 6 0.75
6.3000002 6 0.85000002
6.3000002 6 0.94999999
6.3000002 6 1.05
6.3000002 6 1.15
6.3000002 6 1.25
6.3000002 6 1.35
6.3000002 6 1.45
6.3000002 6 1.55
6.3000002 6 1.65
6.3000002 6 1.75
6.3000002 6 1.85
6.3000002 6 1.95
6.3000002 6 2.05
6.3000002 6 2.1500001
6.3000002 6 2.25
6.3000002 6 2.3499999
6.3000002 6 2.45
6.3000002 6.0999999 -0.44999999
6.3000002 6.0999999 -0.34999999
6.3000002 6.0999999 -0.25
6.3000002 6.0999999 -0.15000001
6.3000002 6.0999999 -0.050000001
6.3000002 6.0999999 0.050000001
6.3000002 6.0999999 0.15000001
6.3000002 6.0999999 0.25
6.3000002 6.0999999 0.34999999
6.3000002 6.0999999 0.44999999
6.3000002 6.0999999 0.55000001
6.3000002 6.0999999 0.64999998
6.3000002 6.0999999 0.75
6.3000002 6.0999999 0.85000002
6.3000002 6.0999999 0.94999999
6.3000002 6.0999999 1.05
6.3000002 6.0999999 1.15
6.3000002 6.0999999 1.25
6.3000002 6.0999999 1.35
6.3000002 6.0999999 1.45
6.3000002 6.0999999 1.55
6.3000002 6.0999999 1.65
6.3000002 6.0999999 1.75
6.3000002 6.0999999 1.85
6.3000002 6.0999999 1.95
6.3000002 6.0999999 2.05
6.3000002 6.0999999 2.1500001
6.3000002 6.0999999 2.25
6.3000002 6.0999999 2.3499999
6.3000002 6.0999999 2.45
6.4000001 5.9000001 -0.44999999
6.4000001 5.9000001 -0.34999999
6.4000001 5.9000001 -0.25
6.4000001 5.9000001 -0.15000001
6.4000001 5.9000001 -0.050000001
6.4000001 5.9000001 0.050000001
6.4000001 5.9000001 0.15000001
6.4000001 5.9000001 0.25
6.4000001 5.9000001 0.34999999
6.4000001 5.9000001 0.44999999
6.4000001 5.9000001 0.55000001
6.4000001 5.9000001 0.64999998
6.4000001 5.9000001 0.75
6.4000001 5.9000001 0.85000002
6.4000001 5.9000001 0.94999999
6.4000001 5.9000001 1.05
6.4000001 5.9000001 1.15
6.4000001 5.9000001 1.25
6.4000001 5.9000001 1.35
6.4000001 5.9000001 1.45
6.4000001 5.9000001 1.55
6.4000001 5.9000001 1.65
6.4000001 5.9000001 1.75
6.4000001 5.9000001 1.85
6.4000001 5.9000001 1.95
6.4000001 5.9000001 2.05
6.4000001 5.9000001 2.1500001
6.4000001 5.9000001 2.25
6.4000001 5.9000001 2.3499999
6.4000001 5.9000001 2.45
6.4000001 6 -0.44999999
6.4000001 6 -0.34999999
6.4000001 6 -0.25
6.4000001 6 -0.15000001
6.4000001 6 -0.050000001
6.4000001 6 0.050000001
6.4000001 6 0.15000001
6.4000001 6 0.25
6.4000001 6 0.34999999
6.4000001 6 0.44999999
6.4000001 6 0.55000001
6.4000001 6 0.64999998
6.4000001 6 0.75
6.4000001 6 0.85000002
6.4000001 6 0.94999999
6.4000001 6 1.05
6.4000001 6 1.15
6.4000001 6 1.25
6.4000001 6 1.35
6.4000001 6 1.45
6.4000001 6 1.55
6.4000001 6 1.65
6.4000001 6 1.75
6.4000001 6 1.85
6.4000001 6 1.95
6.4000001 6 2.05
6.4000001 6 2.1500001
6.4000001 6 2.25
6.4000001 6 2.3499999
6.4000001 6 2.45
6.4000001 6.0999999 -0.44999999
6.4000001 6.0999999 -0.34999999
6.4000001 6.0999999 -0.25
6.4000001 6.0999999 -0.15000001
6.4000001 6.0999999 -0.050000001
6.4000001 6.0999999 0.050000001
6.4000001 6.0999999 0.15000001
6.4000001 6.0999999 0.25
6.4000001 6.0999999 0.34999999
6.4000001 6.0999999 0.44999999
6.4000001 6.0999999 0.55000001
6.4000001 6.0999999 0.64999998
6.4000001 6.0999999 0.75
6.4000001 6.0999999 0.85000002
6.4000001 6.0999999 0.94999999
6.4000001 6.0999999 1.05
6.4000001 6.0999999 1.15
6.4000001 6.0999999 1.25
6.4000001 6.0999999 1.35
6.4000001 6.0999999 1.45
6.4000001 6.0999999 1.55
6.4000001 6.0999999 1.65
6.4000001 6.0999999 1.75
6.4000001 6.0999999 1.85
6.4000001 6.0999999 1.95
6.4000001 6.0999999 2.05
6.4000001 6.0999999 2.1500001
6.4000001 6.0999999 2.25
6.4000001 6.0999999 2.3499999
6.4000001 6.0999999 2.45
6.5 5.9000001 -0.44999999
6.5 5.9000001 -0.34999999
6.5 5.9000001 -0.25
6.5 5.9000001 -0.15000001
6.5 5.9000001 -0.050000001
6.5 5.9000001 0.050000001
6.5 5.9000001 0.15000001
6.5 5.9000001 0.25
6.5 5.9000001 0.34999999
6.5 5.9000001 0.44999999
6.5 5.9000001 0.55000001
6.5 5.9000001 0.64999998
6.5 5.9000001 0.75
6.5 5.9000001 0.85000002
6.5 5.9000001 0.94999999
6.5 5.9000001 1.05
6.5 5.9000001 1.15
6.5 5.9000001 1.25
6.5 5.9000001 1.35
6.5 5.9000001 1.45
6.5 5.9000001 1.55
6.5 5.9000001 1.65
6.5 5.9000001 1.75
6.5 5.9000001 1.85
6.5 5.9000001 1.95
6.5 5.9000001 2.05
6.5 5.9000001 2.1500001
6.5 5.9000001 2.25
6.5 5.9000001 2.3499999
6.5 5.9000001 2.45
6.5 6 -0.44999999
6.5 6 -0.34999999
6.5 6 -0.25
6.5 6 -0.15000001
6.5 6 -0.050000001
6.5 6 0.050000001
6.5 6 0.15000001
6.5 6 0.25
6.5 6 0.34999999
6.5 6 0.44999999
6.5 6 0.55000001
6.5 6 0.64999998
6.5 6 0.75
6.5 6 0.85000002
6.5 6 0.94999999
6.5 6 1.05
6.5 6 1.15
6.5 6 1.25
6.5 6 1.35
6.5 6 1.45
6.5 6 1.55
6.5 6 1.65
6.5 6 1.75
6.5 6 1.85
6.5 6 1.95
6.5 6 2.05
6.5 6 2.1500001
6.5 6 2.25
6.5 6 2.3499999
6.5 6 2.45
6.5 6.0999999 -0.44999999
6.5 6.0999999 -0.34999999
6.5 6.0999999 -0.25
6.5 6.0999999 -0.15000001
6.5 6.0999999 -0.050000001
6.5 6.0999999 0.050000001
6.5 6.0999999 0.15000001
6.5 6.0999999 0.25
6.5 6.0999999 0.34999999
6.5 6.0999999 0.44999999
6.5 6.0999999 0.55000001
6.5 6.0999999 0.64999998
6.5 6.0999999 0.75
6.5 6.0999999 0.85000002
6.5 6.0999999 0.94999999
6.5 6.0999999 1.05
6.5 6.0999999 1.15
6.5 6.0999999 1.25
6.5 6.0999999 1.35
6.5 6.0999999 1.45
6.5 6.0999999 1.55
6.5 6.0999999 1.65
6.5 6.0999999 1.75
6.5 6.0999999 1.85
6.5 6.0999999 1.95
6.5 6.0999999 2.05
6.5 6.0999999 2.1500001
6.5 6.0999999 2.25
6.5 6.0999999 2.3499999
6.5 6.0999999 2.45
6.5999999 5.9000001 -0.44999999
6.5999999 5.9000001 -0.34999999
6.5999999 5.9000001 -0.25
6.5999999 5.9000001 -0.15000001
6.5999999 5.9000001 -0.050000001
6.5999999 5.9000001 0.050000001
6.5999999 5.9000001 0.15000001
6.5999999 5.9000001 0.25
6.5999999 5.9000001 0.34999999
6.5999999 5.9000001 0.44999999
6.5999999 5.9000001 0.55000001
6.5999999 5.9000001 0.64999998
6.5999999 5.9000001 0.75
6.5999999 5.9000001 0.85000002
6.5999999 5.9000001 0.94999999
6.5999999 5.9000001 1.05
6.5999999 5.9000001 1.15
6.5999999 5.9000001 1.25
6.5999999 5.9000001 1.35
6.5999999 5.9000001 1.45
6.5999999 5.9000001 1.55
6.5999999 5.9000001 1.65
6.5999999 5.9000001 1.75
6.5999999 5.9000001 1.85
6.5999999 5.9000001 1.95
6.5999999 5.9000001 2.05
6.5999999 5.9000001 2.1500001
6.5999999 5.9000001 2.25
6.5999999 5.9000001 2.3499999
6.5999999 5.9000001 2.45
6.5999999 6 -0.44999999
6.5999999 6 -0.34999999
6.5999999 6 -0.25
6.5999999 6 -0.15000001
6.5999999 6 -0.050000001
6.5999999 6 0.050000001
6.5999999 6 0.15000001
6.5999999 6 0.25
6.5999999 6 0.34999999
6.5999999 6 0.44999999
6.5999999 6 0.55000001
6.5999999 6 0.64999998
6.5999999 6 0.75
6.5999999 6 0.85000002
6.5999999 6 0.94999999
6.5999999 6 1.05
6.5999999 6 1.15
6.5999999 6 1.25
6.5999999 6 1.35
6.5999999 6 1.45
6.5999999 6 1.55
6.5999999 6 1.65
6.5999999 6 1.75
6.5999999 6 1.85
6.5999999 6 1.95
6.5999999 6 2.05
6.5999999 6 2.1500001
6.5999999 6 2.25
6.5999999 6 2.3499999
6.5999999 6 2.45
6.5999999 6.0999999 -0.44999999
6.5999999 6.0999999 -0.34999999
6.5999999 6.0999999 -0.25
6.5999999 6.0999999 -0.15000001
6.5999999 6.0999999 -0.050000001
6.5999999 6.0999999 0.050000001
6.5999999 6.0999999 0.15000001
6.5999999 6.0999999 0.25
6.5999999 6.0999999 0.34999999
6.5999999 6.0999999 0.44999999
6.5999999 6.0999999 0.55000001
6.5999999 6.0999999 0.64999998
6.5999999 6.0999999 0.75
6.5999999 6.0999999 0.85000002
6.5999999 6.0999999 0.94999999
6.5999999 6.0999999 1.05
6.5999999 6.0999999 1.15
6.5999999 6.0999999 1.25
6.5999999 6.0999999 1.35
6.5999999 6.0999999 1.45
6.5999999 6.0999999 1.55
6.5999999 6.0999999 1.65
6.5999999 6.0999999 1.75
6.5999999 6.0999999 1.85
6.5999999 6.0999999 1.95
6.5999999 6.0999999 2.05
6.5999999 6.0999999 2.1500001
6.5999999 6.0999999 2.25
6.5999999 6.0999999 2.3499999
6.5999999 6.0999999 2.45
6.6999998 5.9000001 -0.44999999
6.6999998 5.9000001 -0.34999999
6.6999998 5.9000001 -0.25
6.6999998 5.9000001 -0.15000001
6.6999998 5.9000001 -0.050000001
6.6999998 5.9000001 0.050000001
6.6999998 5.9000001 0.15000001
6.6999998 5.9000001 0.25
6.6999998 5.9000001 0.34999999
6.6999998 5.9000001 0.44999999
6.6999998 5.9000001 0.55000001
6.6999998 5.9000001 0.64999998
6.6999998 5.9000001 0.75
6.6999998 5.9000001 0.85000002
6.6999998 5.9000001 0.94999999
6.6999998 5.9000001 1.05
6.6999998 5.9000001 1.15
6.6999998 5.9000001 1.25
6.6999998 5.9000001 1.35
6.6999998 5.9000001 1.45
6.6999998 5.9000001 1.55
6.6999998 5.9000001 1.65
6.6999998 5.9000001 1.75
6.6999998 5.9000001 1.85
6.6999998 5.9000001 1.95
6.6999998 5.9000001 2.05
6.6999998 5.9000001 2.1500001
6.6999998 5.9000001 2.25
6.6999998 5.9000001 2.3499999
6.6999998 5.9000001 2.45
6.6999998 6 -0.44999999
6.6999998 6 -0.34999999
6.6999998 6 -0.25
6.6999998 6 -0.15000001
6.6999998 6 -0.050000001
6.6999998 6 0.050000001
6.6999998 6 0.15000001
6.6999998 6 0.25
6.6999998 6 0.34999999
6.6999998 6 0.44999999
6.6999998 6 0.55000001
6.6999998 6 0.64999998
6.6999998 6 0.75
6.6999998 6 0.85000002
6.6999998 6 0.94999999
6.6999998 6 1.05
6.6999998 6 1.15
6.6999998 6 1.25
6.6999998 6 1.35
6.6999998 6 1.45
6.6999998 6 1.55
6.6999998 6 1.65
6.6999998 6 1.75
6.6999998 6 1.85
6.6999998 6 1.95
6.6999998 6 2.05
6.6999998 6 2.1500001
6.6999998 6 2.25
6.6999998 6 2.3499999
6.6999998 6 2.45
6.6999998 6.0999999 -0.44999999
6.6999998 6.0999999 -0.34999999
6.6999998 6.0999999 -0.25
6.6999998 6.0999999 -0.15000001
6.6999998 6.0999999 -0.050000001
6.6999998 6.0999999 0.050000001
6.6999998 6.0999999 0.15000001
6.6999998 6.0999999 0.25
6.6999998 6.0999999 0.34999999
6.6999998 6.0999999 0.44999999
6.6999998 6.0999999 0.55000001
6.6999998 6.0999999 0.64999998
6.6999998 6.0999999 0.75
6.6999998 6.0999999 0.85000002
6.6999998 6.0999999 0.94999999
6.6999998 6.0999999 1.05
6.6999998 6.0999999 1.15
6.6999998 6.0999999 1.25
6.6999998 6.0999999 1.35
6.6999998 6.0999999 1.45
6.6999998 6.0999999 1.55
6.6999998 6.0999999 1.65
6.6999998 6.0999999 1.75
6.6999998 6.0999999 1.85
6.6999998 6.0999999 1.95
6.6999998 6.0999999 2.05
6.6999998 6.0999999 2.1500001
6.6999998 6.0999999 2.25
6.6999998 6.0999999 2.3499999
6.6999998 6.0999999 2.45
6.8000002 5.9000001 -0.44999999
6.8000002 5.9000001 -0.34999999
6.8000002 5.9000001 -0.25
6.8000002 5.9000001 -0.15000001
6.8000002 5.9000001 -0.050000001
6.8000002 5.9000001 0.050000001
6.8000002 5.9000001 0.15000001
6.8000002 5.9000001 0.25
6.8000002 5.9000001 0.34999999
6.8000002 5.9000001 0.44999999
6.8000002 5.9000001 0.55000001
6.8000002 5.9000001 0.64999998
6.8000002 5.9000001 0.75
6.8000002 5.9000001 0.85000002
6.8000002 5.9000001 0.94999999
6.8000002 5.9000001 1.05
6.8000002 5.9000001 1.15
6.8000002 5.9000001 1.25
6.8000002 5.9000001 1.35
6.8000002 5.9000001 1.45
6.8000002 5.9000001 1.55
6.8000002 5.9000001 1.65
6.8000002 5.9000001 1.75
6.8000002 5.9000001 1.85
6.8000002 5.9000001 1.95
6.8000002 5.9000001 2.05
6.8000002 5.9000001 2.1500001
6.8000002 5.9000001 2.25
6.8000002 5.9000001 2.3499999
6.8000002 5.9000001 2.45
6.8000002 6 -0.44999999
6.8000002 6 -0.34999999
6.8000002 6 -0.25
6.8000002 6 -0.15000001
6.8000002 6 -0.050000001
6.8000002 6 0.050000001
6.8000002 6 0.15000001
6.8000002 6 0.25
6.8000002 6 0.34999999
6.8000002 6 0.44999999
6.8000002 6 0.55000001
6.8000002 6 0.64999998
6.8000002 6 0.75
6.8000002 6 0.85000002
6.8000002 6 0.94999999
6.8000002 6 1.05
6.8000002 6 1.15
6.8000002 6 1.25
6.8000002 6 1.35
6.8000002 6 1.45
6.8000002 6 1.55
6.8000002 6 1.65
6.8000002 6 1.75
6.8000002 6 1.85
6.8000002 6 1.95
6.8000002 6 2.05
6.8000002 6 2.1500001
6.8000002 6 2.25
6.8000002 6 2.3499999
6.8000002 6 2.45
6.8000002 6.0999999 -0.44999999
6.8000002 6.0999999 -0.34999999
6.8000002 6.0999999 -0.25
6.8000002 6.0999999 -0.15000001
6.8000002 6.0999999 -0.050000001
6.8000002 6.0999999 0.050000001
6.8000002 6.0999999 0.15000001
6.8000002 6.0999999 0.25
6.8000002 6.0999999 0.34999999
6.8000002 6.0999999 0.44999999
6.8000002 6.0999999 0.55000001
6.8000002 6.0999999 0.64999998
6.8000002 6.0999999 0.75
6.8000002 6.0999999 0.85000002
6.8000002 6.0999999 0.94999999
6.8000002 6.0999999 1.05
6.8000002 6.0999999 1.15
6.8000002 6.0999999 1.25
6.8000002 6.0999999 1.35
6.8000002 6.0999999 1.45
6.8000002 6.0999999 1.55
6.8000002 6.0999999 1.65
6.8000002 6.0999999 1.75
6.8000002 6.0999999 1.85
6.8000002 6.0999999 1.95
6.8000002 6.0999999 2.05
6.8000002 6.0999999 2.1500001
6.8000002 6.0999999 2.25
6.8000002 6.0999999 2.3499999
6.8000002 6.0999999 2.45
6.9000001 5.9000001 -0.44999999
6.9000001 5.9000001 -0.34999999
6.9000001 5.9000001 -0.25
6.9000001 5.9000001 -0.15000001
6.9000001 5.9000001 -0.050000001
6.9000001 5.9000001 0.050000001
6.9000001 5.9000001 0.15000001
6.9000001 5.9000001 0.25
6.9000001 5.9000001 0.34999999
6.9000001 5.9000001 0.44999999
6.9000001 5.9000001 0.55000001
6.9000001 5.9000001 0.64999998
6.9000001 5.9000001 0.75
6.9000001 5.9000001 0.85000002
6.9000001 5.9000001 0.94999999
6.9000001 5.9000001 1.05
6.9000001 5.9000001 1.15
6.9000001 5.9000001 1.25
6.9000001 5.9000001 1.35
6.9000001 5.9000001 1.45
6.9000001 5.9000001 1.55
6.9000001 5.9000001 1.65
6.9000001 5.9000001 1.75
6.9000001 5.9000001 1.85
6.9000001 5.9000001 1.95
6.9000001 5.9000001 2.05
6.9000001 5.9000001 2.1500001
6.9000001 5.9000001 2.25
6.9000001 5.9000001 2.3499999
6.9000001 5.9000001 2.45
6.9000001 6 -0.44999999
6.9000001 6 -0.34999999
6.9000001 6 -0.25
6.9000001 6 -0.15000001
6.9000001 6 -0.050000001
6.9000001 6 0.050000001
6.9000001 6 0.15000001
6.9000001 6 0.25
6.9000001 6 0.34999999
6.9000001 6 0.44999999
6.9000001 6 0.55000001
6.9000001 6 0.64999998
6.9000001 6 0.75
6.9000001 6 0.85000002
6.9000001 6 0.94999999
6.9000001 6 1.05
6.9000001 6 1.15
6.9000001 6 1.25
6.9000001 6 1.35
6.9000001 6 1.45
6.9000001 6 1.55
6.9000001 6 1.65
6.9000001 6 1.75
6.9000001 6 1.85
6.9000001 6 1.95
6.9000001 6 2.05
6.9000001 6 2.1500001
6.9000001 6 2.25
6.9000001 6 2.3499999
6.9000001 6 2.45
6.9000001 6.0999999 -0.44999999
6.9000001 6.0999999 -0.34999999
6.9000001 6.0999999 -0.25
6.9000001 6.0999999 -0.15000001
6.9000001 6.0999999 -0.050000001
6.9000001 6.0999999 0.050000001
6.9000001 6.0999999 0.15000001
6.9000001 6.0999999 0.25
6.9000001 6.0999999 0.34999999
6.9000001 6.0999999 0.44999999
6.9000001 6.0999999 0.55000001
6.9000001 6.0999999 0.64999998
6.9000001 6.0999999 0.75
6.9000001 6.0999999 0.85000002
6.9000001 6.0999999 0.94999999
6.9000001 6.0999999 1.05
6.9000001 6.0999999 1.15
6.9000001 6.0999999 1.25
6.9000001 6.0999999 1.35
6.9000001 6.0999999 1.45
6.9000001 6.0999999 1.55
6.9000001 6.0999999 1.65
6.9000001 6.0999999 1.75
6.9000001 6.0999999 1.85
6.9000001 6.0999999 1.95
6.9000001 6.0999999 2.05
6.9000001 6.0999999 2.1500001
6.9000001 6.0999999 2.25
6.9000001 6.0999999 2.3499999
6.9000001 6.0999999 2.45
7 5.9000001 -0.44999999
7 5.9000001 -0.34999999
7 5.9000001 -0.25
7 5.9000001 -0.15000001
7 5.9000001 -0.050000001
7 5.9000001 0.050000001
7 5.9000001 0.15000001
7 5.9000001 0.25
7 5.9000001 0.34999999
7 5.9000001 0.44999999
7 5.9000001 0.55000001
7 5.9000001 0.64999998
7 5.9000001 0.75
7 5.9000001 0.85000002
7 5.9000001 0.94999999
7 5.9000001 1.05
7 5.9000001 1.15
7 5.9000001 1.25
7 5.9000001 1.35
7 5.9000001 1.45
7 5.9000001 1.55
7 5.9000001 1.65
7 5.9000001 1.75
7 5.9000001 1.85
7 5.9000001 1.95
7 5.9000001 2.05
7 5.9000001 2.1500001
7 5.9000001 2.25
7 5.9000001 2.3499999
7 5.9000001 2.45
7 6 -0.44999999
7 6 -0.34999999
7 6 -0.25
7 6 -0.15000001
7 6 -0.050000001
7 6 0.050000001
7 6 0.15000001
7 6 0.25
7 6 0.34999999
7 6 0.44999999
7 6 0.55000001
7 6 0.64999998
7 6 0.75
7 6 0.85000002
7 6 0.94999999
7 6 1.05
7 6 1.15
7 6 1.25
7 6 1.35
7 6 1.45
7 6 1.55
7 6 1.65
7 6 1.75
7 6 1.85
7 6 1.95
7 6 2.05
7 6 2.1500001
7 6 2.25
7 6 2.3499999
7 6 2.45
7 6.0999999 -0.44999999
7 6.0999999 -0.34999999
7 6.0999999 -0.25
7 6.0999999 -0.15000001
7 6.0999999 -0.050000001
7 6.0999999 0.050000001
7 6.0999999 0.15000001
7 6.0999999 0.25
7 6.0999999 0.34999999
7 6.0999999 0.44999999
7 6.0999999 0.55000001
7 6.0999999 0.64999998
7 6.0999999 0.75
7 6.0999999 0.85000002
7 6.0999999 0.94999999
7 6.0999999 1.05
7 6.0999999 1.15
7 6.0999999 1.25
7 6.0999999 1.35
7 6.0999999 1.45
7 6.0999999 1.55
7 6.0999999 1.65
7 6.0999999 1.75
7 6.0999999 1.85
7 6.0999999 1.95
7 6.0999999 2.05
7 6.0999999 2.1500001
7 6.0999999 2.25
7 6.0999999 2.3499999
7 6.0999999 2.45
7.0999999 5.9000001 -0.44999999
7.0999999 5.9000001 -0.34999999
7.0999999 5.9000001 -0.25
7.0999999 5.9000001 -0.15000001
7.0999999 5.9000001 -0.050000001
7.0999999 5.9000001 0.050000001
7.0999999 5.9000001 0.15000001
7.0999999 5.9000001 0.25
7.0999999 5.9000001 0.34999999
7.0999999 5.9000001 0.44999999
7.0999999 5.9000001 0.55000001
7.0999999 5.9000001 0.64999998
7.0999999 5.9000001 0.75
7.0999999 5.9000001 0.85000002
7.0999999 5.9000001 0.94999999
7.0999999 5.9000001 1.05
7.0999999 5.9000001 1.15
7.0999999 5.9000001 1.25
7.0999999 5.9000001 1.35
7.0999999 5.9000001 1.45
7.0999999 5.9000001 1.55
7.0999999 5.9000001 1.65
7.0999999 5.9000001 1.75
7.0999999 5.9000001 1.85
7.0999999 5.9000001 1.95
7.0999999 5.9000001 2.05
7.0999999 5.9000001 2.1500001
7.0999999 5.9000001 2.25
7.0999999 5.9000001 2.3499999
7.0999999 5.9000001 2.45
7.0999999 6 -0.44999999
7.0999999 6 -0.34999999
7.0999999 6 -0.25
7.0999999 6 -0.15000001
7.0999999 6 -0.050000001
7.0999999 6 0.050000001
7.0999999 6 0.15000001
7.0999999 6 0.25
7.0999999 6 0.34999999
7.0999999 6 0.44999999
7.0999999 6 0.55000001
7.0999999 6 0.64999998
7.0999999 6 0.75
7.0999999 6 0.85000002
7.0999999 6 0.94999999
7.0999999 6 1.05
7.0999999 6 1.15
7.0999999 6 1.25
7.0999999 6 1.35
7.0999999 6 1.45
7.0999999 6 1.55
7.0999999 6 1.65
7.0999999 6 1.75
7.0999999 6 1.85
7.0999999 6 1.95
7.0999999 6 2.05
7.0999999 6 2.1500001
7.0999999 6 2.25
7.0999999 6 2.3499999
7.0999999 6 2.45
7.0999999 6.0999999 -0.44999999
7.0999999 6.0999999 -0.34999999
7.0999999 6.0999999 -0.25
7.0999999 6.0999999 -0.15000001
7.0999999 6.0999999 -0.050000001
7.0999999 6.0999999 0.050000001
7.0999999 6.0999999 0.15000001
7.0999999 6.0999999 0.25
7.0999999 6.0999999 0.34999999
7.0999999 6.0999999 0.44999999
7.0999999 6.0999999 0.55000001
7.0999999 6.0999999 0.64999998
7.0999999 6.0999999 0.75
7.0999999 6.0999999 0.85000002
7.0999999 6.0999999 0.94999999
7.0999999 6.0999999 1.05
7.0999999 6.0999999 1.15
7.0999999 6.0999999 1.25
7.0999999 6.0999999 1.35
7.0999999 6.0999999 1.45
7.0999999 6.0999999 1.55
7.0999999 6.0999999 1.65
7.0999999 6.0999999 1.75
7.0999999 6.0999999 1.85
7.0999999 6.0999999 1.95
7.0999999 6.0999999 2.05
7.0999999 6.0999999 2.1500001
7.0999999 6.0999999 2.25
7.0999999 6.0999999 2.3499999
7.0999999 6.0999999 2.45
7.1999998 5.9000001 -0.44999999
7.1999998 5.9000001 -0.34999999
7.1999998 5.9000001 -0.25
7.1999998 5.9000001 -0.15000001
7.1999998 5.9000001 -0.050000001
7.1999998 5.9000001 0.050000001
7.1999998 5.9000001 0.15000001
7.1999998 5.9000001 0.25
7.1999998 5.9000001 0.34999999
7.1999998 5.9000001 0.44999999
7.1999998 5.9000001 0.55000001
7.1999998 5.9000001 0.64999998
7.1999998 5.9000001 0.75
7.1999998 5.9000001 0.85000002
7.1999998 5.9000001 0.94999999
7.1999998 5.9000001 1.05
7.1999998 5.9000001 1.15
7.1999998 5.9000001 1.25
7.1999998 5.9000001 1.35
7.1999998 5.9000001 1.45
7.1999998 5.9000001 1.55
7.1999998 5.9000001 1.65
7.1999998 5.9000001 1.75
7.1999998 5.9000001 1.85
7.1999998 5.9000001 1.95
7.1999998 5.9000001 2.05
7.1999998 5.9000001 2.1500001
7.1999998 5.9000001 2.25
7.1999998 5.9000001 2.3499999
7.1999998 5.9000001 2.45
7.1999998 6 -0.44999999
7.1999998 6 -0.34999999
7.1999998 6 -0.25
7.1999998 6 -0.15000001
7.1999998 6 -0.050000001
7.1999998 6 0.050000001
7.1999998 6 0.15000001
7.1999998 6 0.25
7.1999998 6 0.34999999
7.1999998 6 0.44999999
7.1999998 6 0.55000001
7.1999998 6 0.64999998
7.1999998 6 0.75
7.1999998 6 0.85000002
7.1999998 6 0.94999999
7.1999998 6 1.05
7.1999998 6 1.15
7.1999998 6 1.25
7.1999998 6 1.35
7.1999998 6 1.45
7.1999998 6 1.55
7.1999998 6 1.65
7.1999998 6 1.75
7.1999998 6 1.85
7.1999998 6 1.95
7.1999998 6 2.05
7.1999998 6 2.1500001
7.1999998 6 2.25
7.1999998 6 2.3499999
7.1999998 6 2.45
7.1999998 6.0999999 -0.44999999
7.1999998 6.0999999 -0.34999999
7.1999998 6.0999999 -0.25
7.1999998 6.0999999 -0.15000001
7.1999998 6.0999999 -0.050000001
7.1999998 6.0999999 0.050000001
7.1999998 6.0999999 0.15000001
7.1999998 6.0999999 0.25
7.1999998 6.0999999 0.34999999
7.1999998 6.0999999 0.44999999
7.1999998 6.0999999 0.55000001
7.1999998 6.0999999 0.64999998
7.1999998 6.0999999 0.75
7.1999998 6.0999999 0.85000002
7.1999998 6.0999999 0.94999999
7.1999998 6.0999999 1.05
7.1999998 6.0999999 1.15
7.1999998 6.0999999 1.25
7.1999998 6.0999999 1.35
7.1999998 6.0999999 1.45
7.1999998 6.0999999 1.55
7.1999998 6.0999999 1.65
7.1999998 6.0999999 1.75
7.1999998 6.0999999 1.85
7.1999998 6.0999999 1.95
7.1999998 6.0999999 2.05
7.1999998 6.0999999 2.1500001
7.1999998 6.0999999 2.25
7.1999998 6.0999999 2.3499999
7.1999998 6.0999999 2.45
7.3000002 5.9000001 -0.44999999
7.3000002 5.9000001 -0.34999999
7.3000002 5.9000001 -0.25
7.3000002 5.9000001 -0.15000001
7.3000002 5.9000001 -0.050000001
7.3000002 5.9000001 0.050000001
7.3000002 5.9000001 0.15000001
7.3000002 5.9000001 0.25
7.3000002 5.9000001 0.34999999
7.3000002 5.9000001 0.44999999
7.3000002 5.9000001 0.55000001
7.3000002 5.9000001 0.64999998
7.3000002 5.9000001 0.75
7.3000002 5.9000001 0.85000002
7.3000002 5.9000001 0.94999999
7.3000002 5.9000001 1.05
7.3000002 5.9000001 1.15
7.3000002 5.9000001 1.25
7.3000002 5.9000001 1.35
7.3000002 5.9000001 1.45
7.3000002 5.9000001 1.55
7.3000002 5.9000001 1.65
7.3000002 5.9000001 1.75
7.3000002 5.9000001 1.85
7.3000002 5.9000001 1.95
7.3000002 5.9000001 2.05
7.3000002 5.9000001 2.1500001
7.3000002 5.9000001 2.25
7.3000002 5.9000001 2.3499999
7.3000002 5.9000001 2.45
7.3000002 6 -0.44999999
7.3000002 6 -0.34999999
7.3000002 6 -0.25
7.3000002 6 -0.15000001
7.3000002 6 -0.050000001
7.3000002 6 0.050000001
7.3000002 6 0.15000001
7.3000002 6 0.25
7.3000002 6 0.34999999
7.3000002 6 0.44999999
7.3000002 6 0.55000001
7.3000002 6 0.64999998
7.3000002 6 0.75
7.3000002 6 0.85000002
7.3000002 6 0.94999999
7.3000002 6 1.05
7.3000002 6 1.15
7.3000002 6 1.25
7.3000002 6 1.35
7.3000002 6 1.45
7.3000002 6 1.55
7.3000002 6 1.65
7.3000002 6 1.75
7.3000002 6 1.85
7.3000002 6 1.95
7.3000002 6 2.05
7.3000002 6 2.1500001
7.3000002 6 2.25
7.3000002 6 2.3499999
7.3000002 6 2.45
7.3000002 6.0999999 -0.44999999
7.3000002 6.0999999 -0.34999999
7.3000002 6.0999999 -0.25
7.3000002 6.0999999 -0.15000001
7.3000002 6.0999999 -0.050000001
7.3000002 6.0999999 0.050000001
7.3000002 6.0999999 0.15000001
7.3000002 6.0999999 0.25
7.3000002 6.0999999 0.34999999
7.3000002 6.0999999 0.44999999
7.3000002 6.0999999 0.55000001
7.3000002 6.0999999 0.64999998
7.3000002 6.0999999 0.75
7.3000002 6.0999999 0.85000002
7.3000002 6.0999999 0.94999999
7.3000002 6.0999999 1.05
7.3000002 6.0999999 1.15
7.3000002 6.0999999 1.25
7.3000002 6.0999999 1.35
7.3000002 6.0999999 1.45
7.3000002 6.0999999 1.55
7.3000002 6.0999999 1.65
7.3000002 6.0999999 1.75
7.3000002 6.0999999 1.85
7.3000002 6.0999999 1.95
7.3000002 6.0999999 2.05
7.3000002 6.0999999 2.1500001
7.3000002 6.0999999 2.25
7.3000002 6.0999999 2.3499999
7.3000002 6.0999999 2.45
7.4000001 5.9000001 -0.44999999
7.4000001 5.9000001 -0.34999999
7.4000001 5.9000001 -0.25
7.4000001 5.9000001 -0.15000001
7.4000001 5.9000001 -0.050000001
7.4000001 5.9000001 0.050000001
7.4000001 5.9000001 0.15000001
7.4000001 5.9000001 0.25
7.4000001 5.9000001 0.34999999
7.4000001 5.9000001 0.44999999
7.4000001 5.9000001 0.55000001
7.4000001 5.9000001 0.64999998
7.4000001 5.9000001 0.75
7.4000001 5.9000001 0.85000002
7.4000001 5.9000001 0.94999999
7.4000001 5.9000001 1.05
7.4000001 5.9000001 1.15
7.4000001 5.9000001 1.25
7.4000001 5.9000001 1.35
7.4000001 5.9000001 1.45
7.4000001 5.9000001 1.55
7.4000001 5.9000001 1.65
7.4000001 5.9000001 1.75
7.4000001 5.9000001 1.85
7.4000001 5.9000001 1.95
7.4000001 5.9000001 2.05
7.4000001 5.9000001 2.1500001
7.4000001 5.9000001 2.25
7.4000001 5.9000001 2.3499999
7.4000001 5.9000001 2.45
7.4000001 6 -0.44999999
7.4000001 6 -0.34999999
7.4000001 6 -0.25
7.4000001 6 -0.15000001
7.4000001 6 -0.050000001
7.4000001 6 0.050000001
7.4000001 6 0.15000001
7.4000001 6 0.25
7.4000001 6 0.34999999
7.4000001 6 0.44999999
7.4000001 6 0.55000001
7.4000001 6 0.64999998
7.4000001 6 0.75
7.4000001 6 0.85000002
7.4000001 6 0.94999999
7.4000001 6 1.05
7.4000001 6 1.15
7.4000001 6 1.25
7.4000001 6 1.35
7.4000001 6 1.45
7.4000001 6 1.55
7.4000001 6 1.65
7.4000001 6 1.75
7.4000001 6 1.85
7.4000001 6 1.95
7.4000001 6 2.05
7.4000001 6 2.1500001
7.4000001 6 2.25
7.4000001 6 2.3499999
7.4000001 6 2.45
7.4000001 6.0999999 -0.44999999
7.4000001 6.0999999 -0.34999999
7.4000001 6.0999999 -0.25
7.4000001 6.0999999 -0.15000001
7.4000001 6.0999999 -0.050000001
7.4000001 6.0999999 0.050000001
7.4000001 6.0999999 0.15000001
7.4000001 6.0999999 0.25
7.4000001 6.0999999 0.34999999
7.4000001 6.0999999 0.44999999
7.4000001 6.0999999 0.55000001
7.4000001 6.0999999 0.64999998
7.4000001 6.0999999 0.75
7.4000001 6.0999999 0.85000002
7.4000001 6.0999999 0.94999999
7.4000001 6.0999999 1.05
7.4000001 6.0999999 1.15
7.4000001 6.0999999 1.25
7.4000001 6.0999999 1.35
7.4000001 6.0999999 1.45
7.4000001 6.0999999 1.55
7.4000001 6.0999999 1.65
7.4000001 6.0999999 1.75
7.4000001 6.0999999 1.85
7.4000001 6.0999999 1.95
7.4000001 6.0999999 2.05
7.4000001 6.0999999 2.1500001
7.4000001 6.0999999 2.25
7.4000001 6.0999999 2.3499999
7.4000001 6.0999999 2.45
7.5 5.9000001 -0.44999999
7.5 5.9000001 -0.34999999
7.5 5.9000001 -0.25
7.5 5.9000001 -0.15000001
7.5 5.9000001 -0.050000001
7.5 5.9000001 0.050000001
7.5 5.9000001 0.15000001
7.5 5.9000001 0.25
7.5 5.9000001 0.34999999
7.5 5.9000001 0.44999999
7.5 5.9000001 0.55000001
7.5 5.9000001 0.64999998
7.5 5.9000001 0.75
7.5 5.9000001 0.85000002
7.5 5.9000001 0.94999999
7.5 5.9000001 1.05
7.5 5.9000001 1.15
7.5 5.9000001 1.25
7.5 5.9000001 1.35
7.5 5.9000001 1.45
7.5 5.9000001 1.55
7.5 5.9000001 1.65
7.5 5.9000001 1.75
7.5 5.9000001 1.85
7.5 5.9000001 1.95
7.5 5.9000001 2.05
7.5 5.9000001 2.1500001
7.5 5.9000001 2.25
7.5 5.9000001 2.3499999
7.5 5.9000001 2.45
7.5 6 -0.44999999
7.5 6 -0.34999999
7.5 6 -0.25
7.5 6 -0.15000001
7.5 6 -0.050000001
7.5 6 0.050000001
7.5 6 0.15000001
7.5 6 0.25
7.5 6 0.34999999
7.5 6 0.44999999
7.5 6 0.55000001
7.5 6 0.64999998
7.5 6 0.75
7.5 6 0.85000002
7.5 6 0.94999999
7.5 6 1.05
7.5 6 1.15
7.5 6 1.25
7.5 6 1.35
7.5 6 1.45
7.5 6 1.55
7.5 6 1.65
7.5 6 1.75
7.5 6 1.85
7.5 6 1.95
7.5 6 2.05
7.5 6 2.1500001
7.5 6 2.25
7.5 6 2.3499999
7.5 6 2.45
7.5 6.0999999 -0.44999999
7.5 6.0999999 -0.34999999
7.5 6.0999999 -0.25
7.5 6.0999999 -0.15000001
7.5 6.0999999 -0.050000001
7.5 6.0999999 0.050000001
7.5 6.0999999 0.15000001
7.5 6.0999999 0.25
7.5 6.0999999 0.34999999
7.5 6.0999999 0.44999999
7.5 6.0999999 0.55000001
7.5 6.0999999 0.64999998
7.5 6.0999999 0.75
7.5 6.0999999 0.85000002
7.5 6.0999999 0.94999999
7.5 6.0999999 1.05
7.5 6.0999999 1.15
7.5 6.0999999 1.25
7.5 6.0999999 1.35
7.5 6.0999999 1.45
7.5 6.0999999 1.55
7.5 6.0999999 1.65
7.5 6.0999999 1.75
7.5 6.0999999 1.85
7.5 6.0999999 1.95
7.5 6.0999999 2.05
7.5 6.0999999 2.1500001
7.5 6.0999999 2.25
7.5 6.0999999 2.3499999
7.5 6.0999999 2.45
7.5999999 5.9000001 -0.44999999
7.5999999 5.9000001 -0.34999999
7.5999999 5.9000001 -0.25
7.5999999 5.9000001 -0.15000001
7.5999999 5.9000001 -0.050000001
7.5999999 5.9000001 0.050000001
7.5999999 5.9000001 0.15000001
7.5999999 5.9000001 0.25
7.5999999 5.9000001 0.34999999
7.5999999 5.9000001 0.44999999
7.5999999 5.9000001 0.55000001
7.5999999 5.9000001 0.64999998
7.5999999 5.9000001 0.75
7.5999999 5.9000001 0.85000002
7.5999999 5.9000001 0.94999999
7.5999999 5.9000001 1.05
7.5999999 5.9000001 1.15
7.5999999 5.9000001 1.25
7.5999999 5.9000001 1.35
7.5999999 5.9000001 1.45
7.5999999 5.9000001 1.55
7.5999999 5.9000001 1.65
7.5999999 5.9000001 1.75
7.5999999 5.9000001 1.85
7.5999999 5.9000001 1.95
7.5999999 5.9000001 2.05
7.5999999 5.9000001 2.1500001
7.5999999 5.9000001 2.25
7.5999999 5.9000001 2.3499999
7.5999999 5.9000001 2.45
7.5999999 6 -0.44999999
7.5999999 6 -0.34999999
7.5999999 6 -0.25
7.5999999 6 -0.15000001
7.5999999 6 -0.050000001
7.5999999 6 0.050000001
7.5999999 6 0.15000001
7.5999999 6 0.25
7.5999999 6 0.34999999
7.5999999 6 0.44999999
7.5999999 6 0.55000001
7.5999999 6 0.64999998
7.5999999 6 0.75
7.5999999 6 0.85000002
7.5999999 6 0.94999999
7.5999999 6 1.05
7.5999999 6 1.15
7.5999999 6 1.25
7.5999999 6 1.35
7.5999999 6 1.45
7.5999999 6 1.55
7.5999999 6 1.65
7.5999999 6 1.75
7.5999999 6 1.85
7.5999999 6 1.95
7.5999999 6 2.05
7.5999999 6 2.1500001
7.5999999 6 2.25
7.5999999 6 2.3499999
7.5999999 6 2.45
7.5999999 6.0999999 -0.44999999
7.5999999 6.0999999 -0.34999999
7.5999999 6.0999999 -0.25
7.5999999 6.0999999 -0.15000001
7.5999999 6.0999999 -0.050000001
7.5999999 6.0999999 0.050000001
7.5999999 6.0999999 0.15000001
7.5999999 6.0999999 0.25
7.5999999 6.0999999 0.34999999
7.5999999 6.0999999 0.44999999
7.5999999 6.0999999 0.55000001
7.5999999 6.0999999 0.64999998
7.5999999 6.0999999 0.75
7.5999999 6.0999999 0.85000002
7.5999999 6.0999999 0.94999999
7.5999999 6.0999999 1.05
7.5999999 6.0999999 1.15
7.5999999 6.0999999 1.25
7.5999999 6.0999999 1.35
7.5999999 6.0999999 1.45
7.5999999 6.0999999 1.55
7.5999999 6.0999999 1.65
7.5999999 6.0999999 1.75
7.5999999 6.0999999 1.85
7.5999999 6.0999999 1.95
7.5999999 6.0999999 2.05
7.5999999 6.0999999 2.1500001
7.5999999 6.0999999 2.25
7.5999999 6.0999999 2.3499999
7.5999999 6.0999999 2.45
7.6999998 5.9000001 -0.44999999
7.6999998 5.9000001 -0.34999999
7.6999998 5.9000001 -0.25
7.6999998 5.9000001 -0.15000001
7.6999998 5.9000001 -0.050000001
7.6999998 5.9000001 0.050000001
7.6999998 5.9000001 0.15000001
7.6999998 5.9000001 0.25
7.6999998 5.9000001 0.34999999
7.6999998 5.9000001 0.44999999
7.6999998 5.9000001 0.55000001
7.6999998 5.9000001 0.64999998
7.6999998 5.9000001 0.75
7.6999998 5.9000001 0.85000002
7.6999998 5.9000001 0.94999999
7.6999998 5.9000001 1.05
7.6999998 5.9000001 1.15
7.6999998 5.9000001 1.25
7.6999998 5.9000001 1.35
7.6999998 5.9000001 1.45
7.6999998 5.9000001 1.55
7.6999998 5.9000001 1.65
7.6999998 5.9000001 1.75
7.6999998 5.9000001 1.85
7.6999998 5.9000001 1.95
7.6999998 5.9000001 2.05
7.6999998 5.9000001 2.1500001
7.6999998 5.9000001 2.25
7.6999998 5.9000001 2.3499999
7.6999998 5.9000001 2.45
7.6999998 6 -0.44999999
7.6999998 6 -0.34999999
7.6999998 6 -0.25
7.6999998 6 -0.15000001
7.6999998 6 -0.050000001
7.6999998 6 0.050000001
7.6999998 6 0.15000001
7.6999998 6 0.25
7.6999998 6 0.34999999
7.6999998 6 0.44999999
7.6999998 6 0.55000001
7.6999998 6 0.64999998
7.6999998 6 0.75
7.6999998 6 0.85000002
7.6999998 6 0.94999999
7.6999998 6 1.05
7.6999998 6 1.15
7.6999998 6 1.25
7.6999998 6 1.35
7.6999998 6 1.45
7.6999998 6 1.55
7.6999998 6 1.65
7.6999998 6 1.75
7.6999998 6 1.85
7.6999998 6 1.95
7.6999998 6 2.05
7.6999998 6 2.1500001
7.6999998 6 2.25
7.6999998 6 2.3499999
7.6999998 6 2.45
7.6999998 6.0999999 -0.44999999
7.6999998 6.0999999 -0.34999999
7.6999998 6.0999999 -0.25
7.6999998 6.0999999 -0.15000001
7.6999998 6.0999999 -0.050000001
7.6999998 6.0999999 0.050000001
7.6999998 6.0999999 0.15000001
7.6999998 6.0999999 0.25
7.6999998 6.0999999 0.34999999
7.6999998 6.0999999 0.44999999
7.6999998 6.0999999 0.55000001
7.6999998 6.0999999 0.64999998
7.6999998 6.0999999 0.75
7.6999998 6.0999999 0.85000002
7.6999998 6.0999999 0.94999999
7.6999998 6.0999999 1.05
7.6999998 6.0999999 1.15
7.6999998 6.0999999 1.25
7.6999998 6.0999999 1.35
7.6999998 6.0999999 1.45
7.6999998 6.0999999 1.55
7.6999998 6.0999999 1.65
7.6999998 6.0999999 1.75
7.6999998 6.0999999 1.85
7.6999998 6.0999999 1.95
7.6999998 6.0999999 2.05
7.6999998 6.0999999 2.1500001
7.6999998 6.0999999 2.25
7.6999998 6.0999999 2.3499999
7.6999998 6.0999999 2.45
7.8000002 5.9000001 -0.44999999
7.8000002 5.9000001 -0.34999999
7.8000002 5.9000001 -0.25
7.8000002 5.9000001 -0.15000001
7.8000002 5.9000001 -0.050000001
7.8000002 5.9000001 0.050000001
7.8000002 5.9000001 0.15000001
7.8000002 5.9000001 0.25
7.8000002 5.9000001 0.34999999
7.8000002 5.9000001 0.44999999
7.8000002 5.9000001 0.55000001
7.8000002 5.9000001 0.64999998
7.8000002 5.9000001 0.75
7.8000002 5.9000001 0.85000002
7.8000002 5.9000001 0.94999999
7.8000002 5.9000001 1.05
7.8000002 5.9000001 1.15
7.8000002 5.9000001 1.25
7.8000002 5.9000001 1.35
7.8000002 5.9000001 1.45
7.8000002 5.9000001 1.55
7.8000002 5.9000001 1.65
7.8000002 5.9000001 1.75
7.8000002 5.9000001 1.85
7.8000002 5.9000001 1.95
7.8000002 5.9000001 2.05
7.8000002 5.9000001 2.1500001
7.8000002 5.9000001 2.25
7.8000002 5.9000001 2.3499999
7.8000002 5.9000001 2.45
7.8000002 6 -0.44999999
7.8000002 6 -0.34999999
7.8000002 6 -0.25
7.8000002 6 -0.15000001
7.8000002 6 -0.050000001
7.8000002 6 0.050000001
7.8000002 6 0.15000001
7.8000002 6 0.25
7.8000002 6 0.34999999
7.8000002 6 0.44999999
7.8000002 6 0.55000001
7.8000002 6 0.64999998
7.8000002 6 0.75
7.8000002 6 0.85000002
7.8000002 6 0.94999999
7.8000002 6 1.05
7.8000002 6 1.15
7.8000002 6 1.25
7.8000002 6 1.35
7.8000002 6 1.45
7.8000002 6 1.55
7.8000002 6 1.65
7.8000002 6 1.75
7.8000002 6 1.85
7.8000002 6 1.95
7.8000002 6 2.05
7.8000002 6 2.1500001
7.8000002 6 2.25
7.8000002 6 2.3499999
7.8000002 6 2.45
7.8000002 6.0999999 -0.44999999
7.8000002 6.0999999 -0.34999999
7.8000002 6.0999999 -0.25
7.8000002 6.0999999 -0.15000001
7.8000002 6.0999999 -0.050000001
7.8000002 6.0999999 0.050000001
7.8000002 6.0999999 0.15000001
7.8000002 6.0999999 0.25
7.8000002 6.0999999 0.34999999
7.8000002 6.0999999 0.44999999
7.8000002 6.0999999 0.55000001
7.8000002 6.0999999 0.64999998
7.8000002 6.0999999 0.75
7.8000002 6.0999999 0.85000002
7.8000002 6.0999999 0.94999999
7.8000002 6.0999999 1.05
7.8000002 6.0999999 1.15
7.8000002 6.0999999 1.25
7.8000002 6.0999999 1.35
7.8000002 6.0999999 1.45
7.8000002 6.0999999 1.55
7.8000002 6.0999999 1.65
7.8000002 6.0999999 1.75
7.8000002 6.0999999 1.85
7.8000002 6.0999999 1.95
7.8000002 6.0999999 2.05
7.8000002 6.0999999 2.1500001
7.8000002 6.0999999 2.25
7.8000002 6.0999999 2.3499999
7.8000002 6.0999999 2.45
7.9000001 6.0999999 -0.44999999
7.9000001 6.0999999 -0.34999999
7.9000001 6.0999999 -0.25
7.9000001 6.0999999 -0.15000001
7.9000001 6.0999999 -0.050000001
7.9000001 6.0999999 0.050000001
7.9000001 6.0999999 0.15000001
7.9000001 6.0999999 0.25
7.9000001 6.0999999 0.34999999
7.9000001 6.0999999 0.44999999
7.9000001 6.0999999 0.55000001
7.9000001 6.0999999 0.64999998
7.9000001 6.0999999 0.75
7.9000001 6.0999999 0.85000002
7.9000001 6.0999999 0.94999999
7.9000001 6.0999999 1.05
7.9000001 6.0999999 1.15
7.9000001 6.0999999 1.25
7.9000001 6.0999999 1.35
7.9000001 6.0999999 1.45
7.9000001 6.0999999 1.55
7.9000001 6.0999999 1.65
7.9000001 6.0999999 1.75
7.9000001 6.0999999 1.85
7.9000001 6.0999999 1.95
7.9000001 6.0999999 2.05
7.9000001 6.0999999 2.1500001
7.9000001 6.0999999 2.25
7.9000001 6.0999999 2.3499999
7.9000001 6.0999999 2.45
8 6.0999999 -0.44999999
8 6.0999999 -0.34999999
8 6.0999999 -0.25
8 6.0999999 -0.15000001
8 6.0999999 -0.050000001
8 6.0999999 0.050000001
8 6.0999999 0.15000001
8 6.0999999 0.25
8 6.0999999 0.34999999
8 6.0999999 0.44999999
8 6.0999999 0.55000001
8 6.0999999 0.64999998
8 6.0999999 0.75
8 6.0999999 0.85000002
8 6.0999999 0.94999999
8 6.0999999 1.05
8 6.0999999 1.15
8 6.0999999 1.25
8 6.0999999 1.35
8 6.0999999 1.45
8 6.0999999 1.55
8 6.0999999 1.65
8 6.0999999 1.75
8 6.0999999 1.85
8 6.0999999 1.95
8 6.0999999 2.05
8 6.0999999 2.1500001
8 6.0999999 2.25
8 6.0999999 2.3499999
8 6.0999999 2.45
